{"gf":[0.2725623093466113,0.2985698223379073,0.32818389778092344,0.36123932461072567,0.39811925396772563,0.4392544648798423,0.4851289207263377,0.5362861818268738,0.5933366753478968,0.6569658412753017,0.7274376906533887],"ts":[0.0,0.1,0.2,0.30000000000000004,0.4,0.5,0.6000000000000001,0.7000000000000001,0.8,0.9,1.0]}