{"gf":[1.0000000001760168,0.9994918588586691,0.9980221865237742,0.9955280673244156,0.9921143957588656,0.9877888860667265,0.9825754922563026,0.976563287225715,0.969803958839608,0.9623474681216692,0.9542875945896554,0.9456985724423154,0.9366428882510756,0.9272129286008508,0.9174894473975861,0.9075348657721802,0.8974303357689044,0.8872496699373325,0.8770444857451848,0.8668761580876903,0.8568017966747556,0.8468551194028932,0.8370729113784148,0.827490628380612,0.8181216675055494,0.8089780941860211,0.8000737896376905,0.7914040241457089,0.7829603625083433,0.7747394074407427,0.7667240170627178,0.7588924863110471,0.7512310213434131,0.7437175189247619,0.7363253292303231,0.7290377329454909,0.7218348646280667,0.7146925931660626,0.7075974766335353,0.7005371523827014,0.6934950983471742,0.686464806732713,0.6794437575818604,0.6724250171149296,0.6654096747968979,0.6584043428105347,0.6514106762984222,0.6444354271763344,0.63749125151521,0.6305852782906305,0.6237264183504091],"ts":[0.0,0.1,0.2,0.30000000000000004,0.4,0.5,0.6000000000000001,0.7000000000000001,0.8,0.9,1.0,1.1,1.2000000000000002,1.3,1.4000000000000001,1.5,1.6,1.7000000000000002,1.8,1.9000000000000001,2.0,2.1,2.2,2.3000000000000003,2.4000000000000004,2.5,2.6,2.7,2.8000000000000003,2.9000000000000004,3.0,3.1,3.2,3.3000000000000003,3.4000000000000004,3.5,3.6,3.7,3.8000000000000003,3.9000000000000004,4.0,4.1000000000000005,4.2,4.3,4.4,4.5,4.6000000000000005,4.7,4.800000000000001,4.9,5.0]}