{"bd":[1,1,2,4,7,10,15,14,19,19,24,21,26,22,27,24,29,26,32,28,34,31,38,32,39,33,40,33,39,33,40,35,43,37,44,38,46,40,47,41,48,41,48,41,49,42,49,42,50,43,50,44,51,44,51,45,52,45,53,46,54,46,54,47,55,47,55,48,56,49,57,50,58,50,58,51,59,53,61,54,63,55,64,56,65,56,65,56,65,56,65,56,65,56,65,56,65,56,65,58,67,58,67,58,67,59,68,59,68,59,68,59,68,61,70,61,70,61,70,61,70,61,70,61,70,61,70,62,71,62,72,63,72,63,72,63,72,63,72,64,73,64,73,64,73,64,73,64,73,64,73,64,73,65,74,65,74,65,74,65,74,66,75,67,76,67,76,67,76,67,76,67,76,67,76,67,76,67,76,67,76,67,76,67,76,67,77,68,77,68,78,68,78,68,77,68,78,68,78,68,78,68,78,68,78,69,78,69,79,69,79,69,80,70,80,70,79,70,80,70,79,70,80,70,79,70,80,70,80,70,80,70,80,70,80,70,80,70,80,70,80,70,80,70,80,70,80,70,80,70,80,70,80,70,80,70,80,70,80,70,80,70,80,70,80,70,80,70,80,70,80,70,80,70,80,70,80,70,80,70,80,70,80,70,80,70,80,70,80,70,80,70,80,70,80,70,80,70,80,70,80,70,80,70,80,70,80,70,80,70,80,70,80,70,80,70,80,70,80,70,80,70,80,70,80,70,80,70,80,70,80,70,80,70,80,70,80,70,80,70,80,70,80,70,80,70,80,70,80,70,80,70,80,70,80,70,80,70,80,70,80,70,80,70,80,70,80,70,80,70,80,70,80,70,80,70,80,70,80,70,80,70,80,70,80,70,80,70,80,70,80,70,80,70,80,70,80,70,80,70,80,70,80,70,79,69,79,69,79,69,79,69,79,69,78,69,78,69,79,69,79,69,79,69,79,69,79,69,79,69,79,69,79,69,79,69,79,69,78,68,77,68,77,68,78,68,78,68,78,68,77,68,77,68,77,68,77,68,77,68,77,68,77,68,77,68,77,68,77,68,77,68,77,68,77,68,77,68,77,68,77,68,77,68,77,68,77,68,77,68,77,68,77,68,77,68,77,68,77,68,76,68,76,67,76,67,76,68,76,67,76,67,76,67,76,67,76,67,76,67,76,67,75,67,75,66,75,66,75,66,75,66,75,67,74,66,74,65,74,65,74,65,74,65,74,65,74,65,74,65,74,66,74,66,74,66,73,65,73,65,73,65,73,65,73,64,72,63,71,63,71,62,71,62,71,63,71,62,70,62,70,61,70,62,70,62,70,61,70,61,70,61,70,61,70,61,70,61,70,61,70,61,70,61,70,61,70,61,70,61,70,61,70,61,70,61,70,61,69,60,69,60,69,60,68,60,68,59,68,59,68,59,68,59,68,59,67,58,67,58,66,58,66,57,66,57,66,57,65,57,65,56,65,56,64,56,63,54,63,54,63,54,63,54,62,53,61,52,60,52,59,51,59,50,59,50,59,50,59,50,58,50,58,49,58,49,56,48,56,47,56,47,54,46,54,46,53,45,53,44,52,44,52,44,52,44,52,44,52,44,51,44,51,44,51,44,51,44,50,43,49,42,49,42,48,41,48,41,48,41,47,40,46,39,46,39,46,39,45,38,45,38,44,37,43,36,42,35,41,34,40,33,40,33,40,33,39,32,38,31,37,31,37,30,36,29,36,29,36,29,36,29,36,29,34,28,33,27,31,26,31,26,29,23,27,22,27,22,26,21,24,19,23,18,18,13,14,10,7,4,2,1,1,1],"gf":[0.5098120860858414,0.5013612261331607,0.4933424353745655,0.4857186834663146,0.4784568317486575,0.47152729170438396,0.464905438331471,0.4585673281275666,0.4524921030681383,0.4466609066490043,0.44105666256640313,0.4356639443771209,0.4304687570054,0.42545839777969385,0.4206213098007527,0.4159469685857736,0.41142574899321815,0.40704884207179926,0.40280816627123955,0.39869630243399007,0.3947064124719425,0.39083174684933153,0.38706666763287856,0.38340581829430886,0.37984423641382387,0.3763772682355869,0.37300059169902755,0.3697101567100631,0.36650202496962847,0.36337274826353533,0.36031905786869134,0.3573378707882017,0.3544262930496236,0.35158155774577654,0.34880099941610687,0.3460821969980165,0.34342286401151334,0.3408208148386484,0.33827400667244756,0.3357804980187544,0.33333846345300056,0.3309464174306452,0.328602590525606,0.3263053511680692,0.3240533903101201,0.32184516491271714,0.31967949693790165,0.31755499016996735,0.31547063751661075,0.3134251547007865,0.31141764544630807,0.3094469174865226,0.30751208851958634,0.3056114993712606,0.3037449187384734,0.30191039097408073,0.3001078988950467,0.2983364454839412,0.296595401425268,0.29488400287514877,0.29320133937961596,0.29154746881095167,0.289921854592265,0.28832334067579735,0.2867517897626687,0.2852065649757284,0.28368706855778125,0.2822252110137856,0.2807892436567349,0.27937695675958485,0.2780080342752305,0.27666009278846887,0.2753345438049962,0.27403142135994135,0.27275044513265473,0.2714907209991282,0.27025287477616367,0.2690364234417968,0.26784081308742813,0.2666656213644852,0.26551039542445914,0.2643741910072274,0.2632574812632564,0.2621596247284909,0.26108018053160176,0.2600188177406152,0.2589745294077022,0.2579479752863295,0.25693865049844605,0.2559458166586503,0.25496967241076773,0.25400945630084204,0.25306539952744106,0.252136326672282,0.25122264020058366,0.25032351197354946,0.24943935649463608,0.248569702454087,0.24771423278370633,0.2468725211945083,0.24604491275010562,0.2452306876259807,0.2444301885521605,0.24364303648622032,0.24286827263756156,0.24210681717977467,0.24135832205922117,0.24062193572166565,0.2398981864551331,0.23918670003406467,0.2384864568681272,0.23779848777836002,0.23712241049140317,0.23645811521032553,0.23580495427600162,0.2351623067406623,0.234531180169108,0.23391122955274843,0.23330195252759467,0.23270329866001407,0.232115185925814,0.23153737807138494,0.2309693114473615,0.23041131078342092,0.22986342648726094,0.22932573639719828,0.22879713902029242,0.2282785082499285,0.2277695631732606,0.22726937792799973,0.22677883316970765,0.2262976375989773,0.22582485366578176,0.22536137456145255,0.22490715826760008,0.22446120297397595,0.22402441985182672,0.22359646984412035,0.22317644944997392,0.2227653293607785,0.2223626475443662,0.22196773744820023,0.2215814128508292,0.22120338261184325,0.22083272433738788,0.22047042107686876,0.22011619380059097,0.21976907029966566,0.2194300981564298,0.2190989439085777,0.21877466437299525,0.21845843332367385,0.21814998622985582,0.21784852354443326,0.2175545121270283,0.21726809667343508,0.2169882884185224,0.2167161862635655,0.21645136224297765,0.21619309230905198,0.2159419115598893,0.21569799870997317,0.21546056076322626,0.21523014661100182,0.21500683674133347,0.21478992693706267,0.21457987761771188,0.21437687088675417,0.21418008776227704,0.21399010410365166,0.21380701146911896,0.21363008537164194,0.21345981094066177,0.21329638283322333,0.21313894807373993,0.21298836468865645,0.21284378969783335,0.2127057910413305,0.2125744712928122,0.2124490557283825,0.21233032326891815,0.2122174855695773,0.21211127933580692,0.21201092806820682,0.21191719856528923,0.2118293130368633,0.2117479715959209,0.2116723545602853,0.2116032876038258,0.21154000750420932,0.21148318725937537,0.21143197180363324,0.21138723305837198,0.21134815402874052,0.21131546897377887,0.2112882852009362,0.21126753607239465,0.2112524071085209,0.2112436575548129,0.2112403286304116,0.21124332064181808,0.21125189367611832,0.21126680813277945,0.21128714526465014,0.21131387358684975,0.21134667405009774,0.21138438735428655,0.21142875544793116,0.21147943596488622,0.2115360757007846,0.21159760115054366,0.21166575118599654,0.21174028024888408,0.21182082450391543,0.21190623716817425,0.2119983306122264,0.21209684974536805,0.2122014023440203,0.21231080989169182,0.21242696562936086,0.21254957075770617,0.21267822164159075,0.21281179588167198,0.2129522227757362,0.21309913611480202,0.21325215462799316,0.2134101861545536,0.21357514138176448,0.21374664473318486,0.21392438080706172,0.2141073050944314,0.21429735263023741,0.21449418657979483,0.21469750052940037,0.21490629271265857,0.2151222922726386,0.21534558940900503,0.21557559191525286,0.2158111560845458,0.21605359503009008,0.2163017869763801,0.21655627090341092,0.21681649116562762,0.217081245641184,0.2173518571747757,0.21762820527582039,0.21791008933892073,0.21819735386457595,0.2184908157091193,0.21879022850221555,0.2190947734486521,0.2194059619903178,0.2197233154465937,0.22004687103905474,0.22037675398727644,0.2207128863694997,0.22105598547138647,0.2214058952828116,0.22176188237321218,0.22212527990995037,0.22249568323750568,0.2228731698767997,0.22325765414996576,0.2236497973922296,0.2240493214220938,0.22445564785532057,0.22486988361965113,0.2252915751515928,0.22572103628211357,0.2261583524893173,0.22660286880072741,0.2270555811169413,0.22751626431451333,0.2279845175743576,0.2284606047683345,0.22894479857119882,0.22943694689073227,0.2299368360931265,0.2304440699175108,0.2309586299328311,0.23148116135550262,0.23201190862893123,0.23254991264835675,0.23309604328481787,0.23365008709909815,