{"bd":[1,1,2,4,7,10,15,15,20,19,24,21,26,23,28,25,30,26,32,29,35,31,38,32,39,33,39,32,39,33,40,34,41,34,42,37,44,38,45,38,45,40,47,40,47,40,47,42,49,42,49,42,49,42,49,43,50,43,50,43,51,43,51,43,51,43,51,43,51,43,51,43,51,43,51,43,51,43,51,43,51,43,51,43,51,43,51,43,51,43,51,44,52,44,52,44,52,44,52,44,52,44,53,44,53,44,53,44,53,44,53,44,53,44,53,44,53,45,53,44,53,44,53,44,53,44,53,44,53,44,53,44,53,44,53,44,53,44,53,44,53,44,53,44,53,44,53,44,53,44,53,44,53,44,53,44,53,44,53,44,53,44,53,44,53,44,53,44,53,44,52,44,52,43,52,43,52,43,51,43,51,43,51,43,51,43,51,43,51,43,51,43,51,43,51,43,51,43,51,43,51,43,50,42,49,41,49,41,49,41,48,40,48,40,48,40,48,40,48,40,47,40,47,40,47,40,46,39,46,39,46,39,46,39,46,39,45,38,45,38,45,38,45,38,43,37,43,37,43,36,43,36,41,35,41,34,40,33,39,32,39,32,38,31,37,31,36,29,36,29,35,29,34,28,33,27,32,26,32,26,31,25,31,25,28,23,28,23,26,21,24,19,22,17,18,14,14,10,7,4,2,1,1,1],"gf":[0.01969617558999736,0.01868820444845622,0.017772085420415886,0.016937759914860115,0.016176398552809466,0.015480267088695642,0.014842567150657807,0.01425716187035004,0.013718845416969142,0.013222962267193696,0.012765392137790989,0.012342482421160275,0.01195099630715325,0.01158804974032152,0.01125108735791935,0.010937827873655189,0.010646234755091877,0.01037448932857033,0.01012096134639358,0.00988419397627238,0.009662875430682475,0.009455823053958968,0.009261977440423235,0.009080433421176775,0.00891027599852085,0.008750708030604204,0.008601053626422665,0.008460674724828457,0.008329003249086833,0.008205507178340725,0.008089718439081389,0.007981206258922189,0.007879579438686534,0.007784482557452351,0.00769559007112298,0.007612606419886595,0.0075352636337763295,0.007463319218364826,0.007396554186611728,0.007334771019770276,0.007277791395086997,0.007225456382810836,0.007177523685590631,0.007133960412000007,0.0070946550196620715,0.007059446926613573,0.007028328904054511,0.007001154753793778,0.0069779293983709976,0.006958542512260325,0.006943027487959,0.0069312977787078815,0.006923411020523521,0.006919298497716011,0.006919089101976216,0.006922702517890942,0.006930258899214386,0.006941724216164855,0.006957244895149352,0.006976811246579196,0.007000600703473477,0.0070286323888041685,0.007061126669134151,0.007098024653566365,0.007139755797417753,0.007186432209100646,0.00723826927392433,0.007295486355893561,0.007358329416413181,0.007427069800947613,0.007502007882900088,0.007583476042261892,0.007671779356900729,0.007767408582936501,0.007870803456355324,0.007982469158913973,0.008102908879180373,0.008232742488386458,0.008372629043028861,0.008523250393786813,0.008685427638257349,0.008859975421531115,0.009047874583983517,0.00925012962452687,0.009467864514213768,0.009702353150184076,0.00995495191959829,0.01022710369675064,0.010520515992300796,0.010836983545459566,0.011178433098905587,0.011547111348577728,0.01194540429049993,0.012375906574830946,0.012841540709657465,0.013345513271607752,0.013891273036889782,0.014482779878312833,0.015124291377521654,0.015820477222140132,0.01657651023599297,0.01739809736292077,0.018291650201731395,0.01926415821099114,0.020323421450903517,0.021477967503852752,0.022736971490792526,0.024110966525534055,0.025611361245187075,0.027250821627087564,0.02904337744800996,0.031004506147305138,0.03315139453054267,0.03550311378901409,0.038080639412050026,0.040907379008757246,0.04400918941207192,0.047414695430935856,0.05115575242379826,0.05526742692901392,0.059788896796417676,0.06476355781699082,0.07023958051725894,0.07627041104106885,0.08291560703189366,0.09024120496352826,0.09832054164193385,0.10723527837132878,0.11707620523482118,0.12794435494397158,0.13995200033775804,0.15322438169227826,0.1679007582188147,0.18413638111245761,0.2021040548047439,0.22199679479323353,0.24402938338236232,0.26844147380386135,0.2955005134346905,0.32550499141008127,0.358788097671644,0.3957220414245249,0.43672267059290043,0.48225468090040835,0.5328376701096538,0.5890528625414637,0.651550661616176,0.7210590240433736,0.7983932904135592,0.8844669016493476,0.9803038244100026],"ts":[0.0,0.1,0.2,0.30000000000000004,0.4,0.5,0.6000000000000001,0.7000000000000001,0.8,0.9,1.0,1.1,1.2000000000000002,1.3,1.4000000000000001,1.5,1.6,1.7000000000000002,1.8,1.9000000000000001,2.0,2.1,2.2,2.3000000000000003,2.4000000000000004,2.5,2.6,2.7,2.8000000000000003,2.9000000000000004,3.0,3.1,3.2,3.3000000000000003,3.4000000000000004,3.5,3.6,3.7,3.8000000000000003,3.9000000000000004,4.0,4.1000000000000005,4.2,4.3,4.4,4.5,4.6000000000000005,4.7,4.800000000000001,4.9,5.0,5.1000000000000005,5.2,5.300000000000001,5.4,5.5,5.6000000000000005,5.7,5.800000000000001,5.9,6.0,6.1000000000000005,6.2,6.300000000000001,6.4,6.5,6.6000000000000005,6.7,6.800000000000001,6.9,7.0,7.1000000000000005,7.2,7.300000000000001,7.4,7.5,7.6000000000000005,7.7,7.800000000000001,7.9,8.0,8.1,8.200000000000001,8.3,8.4,8.5,8.6,8.700000000000001,8.8,8.9,9.0,9.1,9.200000000000001,9.3,9.4,9.5,9.600000000000001,9.700000000000001,9.8,9.9,10.0,10.100000000000001,10.200000000000001,10.3,10.4,10.5,10.600000000000001,10.700000000000001,10.8,10.9,11.0,11.100000000000001,11.200000000000001,11.3,11.4,11.5,11.600000000000001,11.700000000000001,11.8,11.9,12.0,12.100000000000001,12.200000000000001,12.3,12.4,12.5,12.600000000000001,12.700000000000001,12.8,12.9,13.0,13.100000000000001,13.200000000000001,13.3,13.4,13.5,13.600000000000001,13.700000000000001,13.8,13.9,14.0,14.100000000000001,14.200000000000001,14.3,14.4,14.5,14.600000000000001,14.700000000000001,14.8,14.9,15.0]}