{"bd":[1,1,2,4,7,10,15,14,19,19,24,22,27,24,29,25,31,28,33,29,35,31,39,32,39,33,40,33,39,32,39,33,41,35,43,36,43,37,44,39,46,39,46,40,47,40,47,40,47,40,47,41,48,41,48,43,51,44,51,45,53,46,54,46,54,47,55,47,55,48,56,48,56,48,56,49,57,50,58,51,59,51,60,52,61,52,61,53,62,53,62,53,62,53,62,54,63,54,63,54,63,55,64,56,65,56,65,56,65,56,65,56,65,56,65,56,65,56,65,56,65,56,65,57,65,57,66,57,66,57,66,57,66,57,66,57,66,57,66,57,66,57,66,57,66,57,66,57,66,57,66,57,66,57,66,57,66,57,66,57,66,57,66,57,66,57,66,57,66,57,66,57,66,57,66,57,66,57,66,57,66,57,66,57,66,57,66,57,66,57,66,57,66,57,66,57,66,57,66,57,66,57,66,57,66,57,66,57,66,57,66,57,66,57,66,57,66,57,66,57,66,57,66,57,66,57,66,57,66,57,66,57,66,57,66,57,66,57,66,57,66,57,66,57,66,57,66,57,66,57,66,57,66,57,66,57,66,57,66,57,65,57,65,56,65,56,65,57,65,57,65,57,65,57,64,56,64,56,64,56,64,56,64,56,64,56,64,55,64,55,64,56,64,55,64,55,64,55,64,56,64,55,64,56,64,56,64,55,64,56,64,56,64,56,64,56,64,55,64,55,64,55,64,55,64,55,64,55,64,55,63,54,63,54,63,54,63,54,63,54,63,54,63,54,62,53,62,53,60,51,60,51,59,51,59,50,58,50,58,50,58,50,58,49,58,49,57,48,57,48,57,48,56,47,56,47,56,47,56,47,56,47,55,47,55,47,53,47,53,46,53,45,53,44,53,44,53,44,52,44,52,44,52,44,52,44,52,44,51,44,51,44,51,44,51,44,50,42,49,42,48,41,48,41,47,40,47,40,46,39,46,39,46,39,45,38,45,38,45,38,44,37,43,36,43,36,40,34,40,33,40,33,40,33,39,32,39,32,37,30,36,29,36,29,36,29,36,29,36,29,36,29,34,28,33,27,32,26,31,25,30,24,29,23,26,21,26,21,26,21,24,19,23,18,18,13,14,10,7,4,2,1,1,1],"gf":[0.5034468737226444,0.4952027300545529,0.4873925820047548,0.47997940845833525,0.47293009422477067,0.4662150790090614,0.45980955279895397,0.45368961772584293,0.44783440097948424,0.442224993939028,0.4368443382527362,0.4316769828790226,0.42670892798574467,0.42192746682802074,0.4173210304723324,0.4128790988578379,0.4085920464121783,0.40445105597511744,0.4004480556844442,0.39657562338390784,0.39282693721867196,0.38919511337359464,0.38567473357478665,0.38226035040462397,0.37894696412439627,0.3757299429202803,0.3726049625054974,0.36956799555528824,0.3666151884989995,0.3637431039780287,0.36094846209992176,0.35822818323369815,0.35557935232260524,0.3529992593380965,0.35048534556082117,0.3480351347696562,0.345646379486369,0.34331692582743517,0.3410447572671825,0.33882797572924317,0.3366647391355379,0.3345535265673273,0.3324925809150313,0.3304801944570292,0.3285150287918803,0.32659560459232984,0.3247207108062464,0.32288895594701283,0.3210992589379575,0.3193503490573613,0.31764129099808536,0.31597090866002087,0.31433838285489485,0.3127426202666942,0.3111829024261466,0.3096582001776391,0.30816782567471046,0.30671080714367444,0.30528635387099423,0.30389333017397535,0.3025314945494148,0.301200738170518,0.2999001742481801,0.298629141722649,0.2973869988007473,0.2961730820653348,0.2949868123531511,0.293827642484066,0.29269460850439455,0.2915880742838723,0.2905075456333033,0.2894524798614301,0.2884223915618497,0.2874168268966109,0.2864353496477682,0.28547715406609037,0.2845428837837727,0.28363224068127063,0.28278976610112694,0.2819686500292507,0.28116875959664217,0.28039108623361075,0.2796353240846603,0.2789011341322071,0.2781876473244017,0.2774954713192903,0.27682394920879577,0.2761728902614898,0.27554143615333987,0.27493024325770726,0.27433891101845564,0.2737670658065397,0.2732140846309179,0.2726799929427904,0.27216507743286855,0.27166898377590076,0.2711913448390719,0.27073181818230935,0.2702895656910179,0.2698655800224123,0.26945960676601893,0.2690712425283664,0.2686997268057613,0.26834569629308636,0.2680089004159026,0.26768859637967174,0.26738539744530365,0.2670989925381489,0.2668286273639519,0.266575083038531,0.26633807405685195,0.2661170424708675,0.26591200071678367,0.26572346669610486,0.2655511874491368,0.2653948844897258,0.2652538403247545,0.26512912553922524,0.26502048660690286,0.26492727130434757,0.2648500059170654,0.26478797301788515,0.26474173057032124,0.2647110736102256,0.2646958752944215,0.26469542418219283,0.2647105765133702,0.264741311332052,0.2647869868332706,0.2648482039213629,0.26492439189540395,0.26501613398101065,0.26512286739532404,0.2652452073106358,0.2653826022640577,0.26553566523047106,0.2657038620789353,0.26588781448560345,0.26608699256568935,0.2663019907833776,0.26653232056005716,0.26677865031940723,0.2670408079280465,0.2673182077020488,0.2676119786687219,0.2679219086551608,0.26824801192882236,0.2685898270519925,0.26894818975440266,0.26932325042251537,0.2697148348911468,0.270122526861409,0.2705472604080273,0.2709888733054314,0.27144726972622685,0.27192267041061896,0.272415166751791,0.27292499255504904,0.2734520457306289,0.2739960384921313,0.2745576737304003,0.2751368617927173,0.27573358926067115,0.27634817108019205,0.27698074098126285,0.277631490585328,0.27830070131812795,0.2789886786920577,0.27969548764477004,0.280421223635889,0.2811661332502415,0.2819302338394053,0.28271560431159604,0.28352076164635387,0.28434648575106586,0.28519286884906025,0.28606034741334907,0.2869491301003735,0.28786211102013515,0.2887969922265323,0.2897550449895795,0.2907363421369683,0.2917434764993616,0.29277518991345614,0.2938318796782206,0.2949131500701751,0.29602003609607874,0.2971531344662262,0.298312226068148,0.29949867656016604,0.3007128500478955,0.3019551154737016,0.3032261296813316,0.3045263993940275,0.3058606944055542,0.3072260279531106,0.30862351569140406,0.3100541571635199,0.3115192634885624,0.3130187431778335,0.3145575452685197,0.316133145290339,0.3177473122732766,0.3194012531541875,0.32109592864777176,0.3228330516466434,0.3246182433657705,0.32644782269696365,0.32832330691900896,0.33024578311669095,0.33221982487935986,0.33424507453170355,0.33632303611768016,0.3384558704099999,0.34064546967076365,0.34289340124893225,0.3452070055774287,0.3475835425123975,0.3500260827103296,0.3525375134414081,0.3551209015196491,0.35777979818846956,0.36051638413434883,0.3633356243881779,0.3662416607667265,0.3692395047055659,0.37233126719819476,0.3755227117678262,0.37881697495338257,0.3822215057560439,0.3857419696229302,0.3893834957605977,0.3931538498272288,0.39706035814777496,0.40110973744053474,0.4053123249315419,0.40967728972591505,0.4142152577966625,0.41893858189754113,0.42386032233773174,0.4289943851148314,0.43435765672037335,0.43996727621654913,0.4458419059275547,0.4520030030684835,0.4584747541065634,0.4652841005074382,0.4724610140006913,0.48003920345738527,0.4880561795206857,0.4965531262773556],