{"bd":[1,1,2,4,8,11,17,18,25,23,31,27,35,29,37,29,37,31,38,31,41,33,43,37,46,37,46,37,46,37,46,37,46,37,46,37,45,36,45,36,45,36,45,36,45,36,45,36,45,36,46,36,46,36,45,36,44,36,44,34,43,34,43,33,41,32,41,32,41,32,41,32,40,32,40,31,40,31,39,30,38,29,38,29,36,28,35,27,32,25,29,22,28,21,23,17,16,11,7,4,2,1,1,1],"gf":[0.5002316208671915,0.49420891332475625,0.4886434131238304,0.4834984788384199,0.47874166747706554,0.47434426385358586,0.47028108782595635,0.4665292092419491,0.46306859267046785,0.459881361972749,0.4569516314617717,0.4542652841336378,0.4518097850692993,0.44957402557349396,0.4475481695180591,0.44572353706812295,0.44409251898140906,0.4426484537702353,0.4413855693526498,0.44029892545780985,0.4393843375481909,0.43863832912264156,0.4380581206298022,0.4376415723196252,0.4373872007604768,0.4372941124457858,0.4373620852390029,0.43759138876241416,0.437983002789654,0.43853847103135735,0.4392599615320375,0.4401502930018753,0.44121290673801833,0.442452104208662,0.44387287926746644,0.4454810531912051,0.4472833385468972,0.44928742113042125,0.45150203655666626,0.4539371037566328,0.45660383129315624,0.4595148105905635,0.4626843601914536,0.4661285272782729,0.46986532921513074,0.47391508002221994,0.47830065370188934,0.4830478223232083,0.48818560283406504,0.49374678431987934,0.49976837913280847],"ts":[0.0,0.1,0.2,0.30000000000000004,0.4,0.5,0.6000000000000001,0.7000000000000001,0.8,0.9,1.0,1.1,1.2000000000000002,1.3,1.4000000000000001,1.5,1.6,1.7000000000000002,1.8,1.9000000000000001,2.0,2.1,2.2,2.3000000000000003,2.4000000000000004,2.5,2.6,2.7,2.8000000000000003,2.9000000000000004,3.0,3.1,3.2,3.3000000000000003,3.4000000000000004,3.5,3.6,3.7,3.8000000000000003,3.9000000000000004,4.0,4.1000000000000005,4.2,4.3,4.4,4.5,4.6000000000000005,4.7,4.800000000000001,4.9,5.0]}