{"bd":[1,1,2,4,8,13,20,23,35,31,43,37,50,42,55,45,59,46,60,48,61,54,70,60,75,64,80,67,83,70,88,71,89,74,93,78,99,81,102,83,103,87,108,91,112,96,117,97,118,99,120,102,124,103,125,103,126,105,127,106,129,109,132,111,135,114,138,115,140,117,143,118,145,120,147,121,147,122,149,123,151,126,154,127,155,130,158,130,158,131,159,134,162,136,164,139,167,140,169,142,171,143,172,146,175,146,176,149,179,149,179,151,181,153,183,155,184,156,186,158,188,158,188,158,188,159,189,159,189,160,190,160,190,161,192,162,192,163,193,164,195,167,198,168,199,168,199,169,200,169,201,170,202,171,204,172,203,172,204,172,205,174,207,176,208,176,208,176,210,177,211,177,211,177,211,178,211,178,212,178,212,178,212,178,212,178,212,178,213,178,213,178,213,178,214,178,213,178,213,178,214,179,214,178,214,178,214,178,213,178,213,178,213,179,213,178,214,179,214,179,214,179,215,179,215,179,215,179,215,179,215,179,215,179,215,179,215,179,215,179,215,179,215,179,215,179,215,179,215,179,215,179,215,179,215,179,215,179,215,179,216,179,216,179,216,179,216,179,216,179,216,179,216,179,216,179,216,179,216,179,216,179,216,179,216,179,215,179,215,178,215,178,215,178,215,178,215,178,215,178,215,178,215,178,215,178,215,178,215,178,215,178,215,178,215,178,215,178,215,178,215,178,215,178,214,178,212,177,212,176,212,176,211,175,211,175,211,175,211,174,210,174,210,174,209,172,208,172,208,172,207,172,205,171,205,170,204,169,204,169,204,169,204,169,205,169,204,169,204,168,202,168,202,168,202,167,202,167,202,167,200,167,200,167,200,167,198,166,198,165,195,163,194,162,194,161,194,161,194,161,194,161,193,161,192,160,191,159,190,159,190,157,190,157,190,157,190,157,187,156,186,154,182,152,183,151,182,151,181,150,181,150,181,150,181,150,178,149,178,147,176,146,174,145,174,145,174,144,173,142,173,142,172,142,170,141,170,140,170,140,169,139,166,138,166,136,166,136,164,135,163,134,161,133,159,131,157,129,157,128,156,128,156,127,156,127,154,126,152,124,150,122,149,122,148,121,146,120,144,117,141,114,140,113,138,111,137,110,135,108,133,108,133,106,129,105,126,102,125,101,124,100,122,97,122,97,121,97,118,95,117,94,116,94,114,91,109,88,109,88,108,87,105,84,104,83,101,80,100,79,99,78,94,73,94,73,92,71,91,71,88,70,88,70,87,69,83,68,80,65,76,61,74,59,68,55,63,50,60,46,58,45,58,44,56,44,52,40,50,38,46,34,38,27,32,23,20,13,8,4,2,1,1,1],"gf":[0.5009057466749295,0.49230239159974737,0.48414732913617714,0.4764027258869807,0.4690348647878735,0.4620136215974126,0.4553120265701428,0.4489058796710616,0.44277347511173903,0.43689522301228817,0.4312534554849469,0.42583220096064,0.42061713069923623,0.41559493166323325,0.41075368297647347,0.4060824369025475,0.40157119475726055,0.39721090814932497,0.39299316067338197,0.3889102335645719,0.38495504110409484,0.3811210404928415,0.37740218867666236,0.37379289349518263,0.3702879642310028,0.3668823070544391,0.36357160789120363,0.3603515984322224,0.35721843526132147,0.3541685063400493,0.3511983939418323,0.34830489182728447,0.3454849900142623,0.3427358499080566,0.34005480174556274,0.33743920879185124,0.33488679035514307,0.33239538516360206,0.329962907796845,0.32758737351870154,0.32526690188466345,0.3229997099258004,0.3207840892469811,0.3186183996547056,0.3165011197805605,0.31443076165647377,0.312405917433612,0.31042523929956745,0.30848742181893685,0.30659131459421624,0.30473578049121364,0.3029197083120752,0.3011420632753643,0.29940176652105094,0.297697930467672,0.29602962419842804,0.2943959544461848,0.2927960759439129,0.2912291724838625,0.28969447166649515,0.2881912141443638,0.28671868365937253,0.28527616907841996,0.2838630376908759,0.2824786158025823,0.28112194648748473,0.2797926609068901,0.2784902131705159,0.27721402341389306,0.27596352454645123,0.2747381851314329,0.27353751816986693,0.27236101868222395,0.27120824756366635,0.2700787294013743,0.2689720388048858,0.2678877474378265,0.266825362401991,0.2657846232109467,0.26476514903356085,0.26376658215046733,0.2627884963190531,0.26183060334651315,0.26089254911807774,0.2599740229215935,0.25907469427566954,0.25819430202184324,0.25733251020517794,0.25648907494950807,0.25566368987122473,0.25485607425818596,0.2540659013978179,0.2532929846213601,0.25253709619942893,0.25179792673010115,0.2510753477406927,0.2503691299737364,0.24967899117059744,0.2490048125555675,0.24834630399106558,0.24770329144267061,0.2470756375782131,0.24646318157601818,0.24586569794462332,0.2452830624367871,0.24471506692234296,0.24416159198561985,0.24362245333914412,0.2430975109416536,0.24258661451618604,0.24208967749647597,0.24160655162978256,0.2411371102264749,0.24068119975205912,0.24023868507857238,0.2398094553558566,0.23939337307410058,0.23899033130510552,0.23860028279555268,0.23822313184109253,0.2378587526882728,0.23750696596016813,0.23716779707425906,0.23684113671712853,0.2365268269905562,0.23622486499740017,0.23593520315833072,0.23565767345943606,0.23539225660566254,0.23513886806719156,0.2348974893219639,0.2346679871078429,0.23445034095748918,0.23424452897686698,0.23405043256963587,0.23386805538176056,0.23369736207177266,0.23353825517138033,0.23339075559340258,0.2332547745359217,0.23313033416257078,0.23301734574300978,0.2329158452323402,0.23282573597339778,0.23274707729315622,0.23267976783965516,0.23262386835480564,0.2325792933632501,0.23254609473739316,0.2325242302455678,0.23251367250736066,0.2325144857299959,0.23252662362247367,0.23255006564883288,0.23258489110961983,0.23263106029743844,0.23268859406305084,0.23275747401913352,0.2328377869359982,0.23292952642364032,0.23303264460386403,0.2331472606642374,0.23327336369948876,0.23341098876344454,0.23356018097999784,0.2337209633755431,0.23389337567981464,0.23407746983152594,0.23427330467272658,0.23448091307519586,0.23470035179745943,0.23493170685713408,0.23517492890212427,0.23543020452599703,0.23569757074019657,0.23597702439453092,0.2362686830089786,0.23657264894141575,0.2368889752627768,0.23721770724786884,0.23755896604566018,0.2379127572662483,0.23827923623438482,0.2386585234002287,0.23905064719839392,0.23945579418244903,0.23987399599646883,0.24030545540036577,0.2407502007117663,0.24120844439179598,0.2416802637850221,0.24216581267918677,0.2426651445000422,0.24317845691683218,0.2437058958068533,0.24424758002382174,0.2448037649486761,0.24537451324969117,0.24596008498477615,0.2465605955484632,0.24717619373101601,0.24780714412112056,0.24845360096728455,0.24911571774718153,0.24979372898196703,0.25048781324941577,0.25119821387204483,0.2519251244931768,0.25266875334370553,0.2534293471246184,0.2542071371294286,0.2550023685299178,0.2558152979646726,0.25664622559446626,0.2574954331769331,0.2583632037747802,0.25924982264989027,0.2601555982624804,0.26108084470459825,0.2620258966446358,0.2629910356451684,0.26397663527871,0.26498304263839506,0.2660106036266704,0.2670597451500711,0.26813078738146146,0.26922418676731474,0.27034032270949004,0.271479631488075,0.27264263913462594,0.2738296870278591,0.2750414029034636,0.27627818292678996,0.27754062852791783,0.2788292262431118,0.28014460325104323,0.2814872482737307,0.2828578386669364,0.28425689528452214,0.2856851479201267,0.2871431853203309,0.2886317490010915,0.2901515964212633,0.2917034851055143,0.29328820554537904,0.29490657944801385,0.29655946667793,0.2982477555028779,0.2999723467813032,0.3017342186090555,0.30353439273409144,0.3053739468938292,0.30725399197615405,0.3091756887762162,0.31114025226403547,0.31314891330967515,0.3152030354217334,0.3173040284956976,0.31945331656690795,0.3216524885113738,0.3239031187542369,0.3262069416538354,0.32856570323945195,0.3309813770867245,0.33345592570308846,0.3359915077928533,0.33859032690344704,0.3412547500206706,0.34398733708179957,0.34679070703104703,0.34966771366731597,0.3526213705963257,0.355654884714309,0.3587716930489858,0.3619754826712011,0.3652701954379215,0.3686599933711518,0.37214941569879617,0.37574335386222224,0.379447014328333,0.3832660307062729,0.38720647009199594,0.3912749399983461,0.395478576133616,0.39982515255805734,0.4043230846644438,0.4089816359464359,0.41381086066872286,0.4188217729456816,0.4240264670303276,0.4294382204127125,