{"bd":[1,1,2,4,8,13,20,23,35,31,43,37,50,42,55,45,59,46,60,48,61,54,70,60,75,64,80,67,83,70,88,71,89,74,93,78,99,81,102,83,103,87,108,91,112,96,117,97,118,99,120,102,124,103,125,103,126,105,127,106,129,109,132,111,135,114,138,115,140,117,143,118,145,120,147,121,147,122,149,123,151,126,154,127,155,130,158,130,158,131,159,134,162,136,164,139,167,140,169,142,171,143,172,146,175,146,176,149,179,149,179,151,181,153,183,155,184,156,186,158,188,158,188,158,188,159,189,159,189,160,190,160,190,161,192,162,192,163,193,164,195,167,198,168,199,168,199,169,200,169,201,170,202,171,204,172,203,172,204,172,205,174,207,176,208,176,208,176,210,177,211,177,211,177,211,178,211,178,212,178,212,178,212,178,212,178,212,178,213,178,213,178,213,178,214,178,213,178,213,178,214,179,214,178,214,178,214,178,213,178,213,178,213,179,213,178,214,179,214,179,214,179,215,179,215,179,215,179,215,179,215,179,215,179,215,179,215,179,215,179,215,179,215,179,215,179,215,179,215,179,215,179,215,179,215,179,215,179,215,179,216,179,216,179,216,179,216,179,216,179,216,179,216,179,216,179,216,179,216,179,216,179,216,179,216,179,215,179,215,178,215,178,215,178,215,178,215,178,215,178,215,178,215,178,215,178,215,178,215,178,215,178,215,178,215,178,215,178,215,178,215,178,215,178,214,178,212,177,212,176,212,176,211,175,211,175,211,175,211,174,210,174,210,174,209,172,208,172,208,172,207,172,205,171,205,170,204,169,204,169,204,169,204,169,205,169,204,169,204,168,202,168,202,168,202,167,202,167,202,167,200,167,200,167,200,167,198,166,198,165,195,163,194,162,194,161,194,161,194,161,194,161,193,161,192,160,191,159,190,159,190,157,190,157,190,157,190,157,187,156,186,154,182,152,183,151,182,151,181,150,181,150,181,150,181,150,178,149,178,147,176,146,174,145,174,145,174,144,173,142,173,142,172,142,170,141,170,140,170,140,169,139,166,138,166,136,166,136,164,135,163,134,161,133,159,131,157,129,157,128,156,128,156,127,156,127,154,126,152,124,150,122,149,122,148,121,146,120,144,117,141,114,140,113,138,111,137,110,135,108,133,108,133,106,129,105,126,102,125,101,124,100,122,97,122,97,121,97,118,95,117,94,116,94,114,91,109,88,109,88,108,87,105,84,104,83,101,80,100,79,99,78,94,73,94,73,92,71,91,71,88,70,88,70,87,69,83,68,80,65,76,61,74,59,68,55,63,50,60,46,58,45,58,44,56,44,52,40,50,38,46,34,38,27,32,23,20,13,8,4,2,1,1,1],"gf":[0.01945751956015946,0.018421288344750878,0.01747765241099617,0.01661639082891334,0.015828553522299612,0.015106291503223327,0.014442709741566499,0.013831742768275037,0.013268039081736543,0.012746882404205124,0.012264101031318154,0.01181600035548912,0.011399304160298489,0.011011100047803824,0.010648798134310562,0.0103100842913401,0.009992897014611032,0.00969538714523685,0.00941589917614966,0.009152952781044894,0.008905208259762692,0.00867146148337902,0.008450625198800224,0.00824171801758867,0.008043850693317547,0.007856214050401208,0.007678078386129245,0.0075087706630071116,0.00734768574425473,0.007194271895495204,0.0070480228353155035,0.006908473766718393,0.006775199436470389,0.006647808098949478,0.006525944278214362,0.006409268328224634,0.006297472977140091,0.006190282755040431,0.0060874374066482,0.005988695884269866,0.005893834561545218,0.005802643179090043,0.005714931691334545,0.0056305218382981075,0.005549248743467609,0.005470954513956878,0.005395493477453609,0.005322719955432297,0.005252516406527121,0.00518476543761615,0.005119351737716929,0.00505616993548301,0.004995123591099552,0.00493611798644117,0.004879068484479471,0.004823892430420811,0.004770511914378957,0.004718855351622773,0.00466885299894841,0.004620439730000249,0.004573554696106804,0.004528139720996885,0.004484141005997769,0.004441504675984742,0.004400183405256837,0.004360129676177475,0.004321298862657052,0.004283648516761947,0.004247139254206999,0.004211732635541384,0.004177393406681597,0.004144085810376843,0.004111778763074466,0.004080440089541968,0.004050040175269336,0.004020550845331715,0.003991945345619642,0.00396419829383882,0.003937285342586246,0.003911183854503451,0.003885869623669552,0.0038613227146660953,0.0038375226771454525,0.0038144500072832123,0.003792085036453424,0.003770410684054927,0.003749410195906535,0.003729067056168363,0.003709365740427353,0.0036902913330679804,0.0036718294213065245,0.0036539663557516007,0.0036366893261930125,0.0036199857709413217,0.003603843747089849,0.003588251326123584,0.0035731988375438707,0.0035586748819601767,0.0035446701066342524,0.0035311754064320687,0.0035181811630818232,0.0035056781805987004,0.0034936592794180816,0.0034821162635040024,0.003471041290748998,0.003460427787197682,0.0034502702641073836,0.0034405609370549697,0.0034312949840064636,0.0034224632184180056,0.003414062377165618,0.0034060882426280056,0.0033985339547718475,0.0033913960390187805,0.0033846702147723013,0.0033783531460263023,0.0033724407190654027,0.0033669296777871136,0.003361817787444375,0.003357102594032966,0.003352781888838158,0.0033488529276132334,0.003345313543100793,0.0033421618728476663,0.0033393955852535546,0.003337014406745895,0.003335015409331887,0.0033333984429536377,0.0033321625843312406,0.0033313078192232655,0.0033308329487806627,0.0033307377511236163,0.003331023048592719,0.0033316877498814103,0.0033327326672972675,0.0033341584005776065,0.0033359663679110377,0.003338156650475267,0.0033407294584187775,0.00334368893619695,0.003347036967894602,0.003350776334857774,0.0033549103275107017,0.0033594411442935024,0.003364372262033582,0.0033697052893307137,0.0033754446276871896,0.0033815924441059205,0.003388155295688831,0.003395136119682288,0.003402539801645534,0.0034103720772460174,0.0034186385715509974,0.0034273429230664305,0.0034364927211625014,0.003446094905663516,0.0034561550934762548,0.0034666802675984297,0.003477677601848212,0.0034891544567856735,0.0035011196297995706,0.003513582124513075,0.003526550641656368,0.0035400348488152573,0.0035540463010957026,0.0035685938451419574,0.003583689872590379,0.0035993464852114424,0.003615575514146068,0.003632389857897751,0.0036498041901214316,0.0036678338915222476,0.0036864922317450784,0.0037057968349090884,0.0037257650026335624,0.003746412828813241,0.0037677609233214312,0.003789827890084431,0.0038126352751089716,0.0038362047118646733,0.0038605611820596657,0.0038857276873310092,0.003911731626003764,0.003938598728533303,0.003966359708023401,0.003995044062640845,0.004024684922612797,0.004055316885684515,0.004086976826659058,0.004119702847130718,0.0041535368922857,0.004188519413491884,0.004224700172625182,0.004262127235156857,0.004300854717339414,0.004340936078259102,0.004382429300561179,0.004425401371454682,0.004469920249474196,0.004516056620869947,0.004563887685356956,0.004613495022628125,0.004664969170190508,0.0047184047124552006,0.004773901313302992,0.004831571116324066,0.004891530306061999,0.004953901338717819,0.0050188219672822046,0.00508643788247818,0.005156907987405986,0.0052303993630886956,0.005307094510252173,0.0053871887810801366,0.005470895140760431,0.005558446655369261,0.005650090528496562,0.0057460952715735975,0.00584675578458471,0.00595238760625036,0.006063333969304151,0.006179967176239492,0.006302692889322594,0.006431951805654284,0.0065682241210458835,0.006712031969279629,0.006863943124758139,0.007024575698043773,0.007194606782859785,0.007374774921748782,0.007565884088634633,0.0077688155595116585,0.007984531628827061,0.008214086426554638,0.008458629835484514,0.008719423901396859,0.00899785089986297,0.009295424225424299,0.009613804097647673,0.009954813739689278,0.010320449525881887,0.010712910792436345,0.0111346085009828,0.011588194942091389,0.012076586374129207,0.012602990594397956,0.013170936170557423,0.013784310089119357,0.014447394132857755,0.015164906074752155,0.015942041270386637,0.01678453207951377,0.017698702071615627,0.01869152890720802,0.01977071656843559,0.020944767006932898,0.022223078789331722,0.023616028661633284,0.025135093060127702,0.026792957510222117,0.02860365678115284,0.030582715161055124,0.03274732117185635,0.03511649866580794,0.03771131983682358,0.04055512429211902,0.043673781863548165,0.047095963974145005,0.050853464688952583,