{"bd":[1,1,2,4,8,13,20,23,35,32,44,37,49,42,56,45,59,48,62,52,66,56,72,61,77,64,79,67,83,69,87,71,89,75,93,77,97,80,101,82,102,85,106,88,109,90,111,91,113,95,117,96,118,100,122,101,123,103,125,104,127,106,129,109,133,111,135,113,138,114,139,115,141,116,143,119,146,120,147,121,150,124,152,125,153,128,156,128,156,128,156,128,156,130,158,131,159,134,162,135,164,137,165,138,167,139,168,141,171,142,172,143,173,145,175,146,176,147,177,148,178,150,179,151,181,151,181,152,182,153,183,153,183,153,183,153,183,153,183,153,183,153,183,153,183,153,183,153,184,153,183,153,184,154,183,155,185,155,187,155,186,155,186,156,186,156,186,155,187,155,187,155,186,155,187,156,188,156,188,156,189,156,189,156,188,156,188,156,189,156,189,157,189,157,190,157,191,157,191,157,191,157,191,157,191,157,191,157,191,157,191,157,191,157,191,157,191,157,191,157,191,157,191,157,191,157,191,157,190,157,190,157,190,157,190,157,190,157,190,157,190,157,190,157,190,157,191,157,190,157,190,157,191,157,188,156,188,155,189,155,188,155,188,155,188,155,188,155,188,154,187,154,187,154,187,154,188,154,187,154,186,154,186,153,186,153,186,153,186,153,185,153,185,153,185,153,185,153,185,153,185,153,184,153,184,153,183,152,183,152,183,152,183,152,182,152,182,151,181,151,181,151,181,151,180,151,178,149,177,148,177,147,177,147,177,147,177,146,175,145,174,143,172,143,172,143,172,143,171,143,171,141,169,140,168,139,168,138,167,137,167,137,167,137,165,135,164,135,163,133,162,133,161,132,160,131,160,130,158,130,158,130,156,129,156,127,155,127,153,125,151,124,151,124,149,122,149,121,148,121,145,120,143,117,142,116,140,113,138,112,137,111,136,110,134,109,133,108,128,104,127,103,126,101,124,100,121,98,119,96,118,95,117,94,115,93,113,91,111,89,108,87,106,85,103,82,99,78,97,76,96,75,92,71,90,69,90,69,89,69,86,68,86,68,85,67,81,66,78,64,75,61,73,58,67,53,62,50,60,46,59,45,58,44,57,44,53,40,50,38,46,34,38,27,32,23,20,13,8,4,2,1,1,1],"gf":[0.5008840812508887,0.4923687842150221,0.4843046956106011,0.4766537177280596,0.4693819018343988,0.46245892086145857,0.4558576274358334,0.44955366553716763,0.4435251854554526,0.4377524784047095,0.4322177677406293,0.42690498469928606,0.421799698100131,0.41688853575635576,0.41215952785853527,0.40760164502689833,0.4032048534454079,0.39896004684010866,0.39485875778765517,0.39089325066313646,0.3870564056152825,0.38334165486067867,0.3797429314001684,0.37625461956187406,0.3728715140155488,0.3695885275560606,0.3664013231786909,0.36330571624638835,0.36029769294167385,0.3573736764737017,0.35453027012090377,0.35176426678708256,0.34907265699804324,0.34645261530437277,0.34390147984307917,0.3414167080262342,0.3389959491627937,0.3366369768941342,0.3343377307956182,0.33209623032530233,0.32991059277313595,0.3277790264395521,0.3256998642932332,0.3236714456725314,0.32169224095762955,0.3197608045039775,0.31787575580086136,0.3160357814323631,0.314239619400272,0.3124860842107372,0.3107740182583781,0.3091023636908089,0.3074700581122469,0.3058761112026541,0.3043195750159051,0.3027995335850349,0.30131511964550045,0.299865496172984,0.298449857726699,0.2970674184760204,0.29571742676507595,0.29439920347030646,0.29311207945184886,0.29185534838919747,0.2906283911826021,0.28943055246643695,0.28826131579735426,0.28712004689966764,0.28600617855541005,0.28491927997009975,0.2838588328581654,0.28282435916658716,0.28181540674740235,0.28083151934019107,0.2798722754166145,0.2789371916815535,0.2780259877198004,0.2771382701802175,0.27627363628834106,0.2754317731219372,0.27461231480918524,0.27381491936868535,0.27303931055661246,0.2722851473626203,0.27155213959055047,0.27084000908866024,0.2701484732746152,0.2694772775357838,0.268826178220831,0.2681948876836941,0.2675832301350064,0.2669909692528853,0.2664178490553844,0.2658637206009791,0.26532842385895095,0.26481170602875037,0.26431336677482026,0.2638332785243245,0.2633712228087352,0.2629271017503295,0.2625007280204089,0.26209192883773486,0.2617006258924565,0.2613266445749879,0.26096989655059727,0.2606301846826444,0.26030746954946,0.26000163191090325,0.25971254453542897,0.2594401342242967,0.25918431912369333,0.2589450157284622,0.25872209932823476,0.2585155572112338,0.25832532142229675,0.2581512627893567,0.25799337440139153,0.2578516488565561,0.25772595235784057,0.2576163143578907,0.2575226456043992,0.257444976092672,0.2573832307221349,0.25733744080426774,0.25730752055498574,0.25729354981580405,0.2572954488001605,0.2573132217919706,0.25734695624909953,0.2573965876880159,0.25746215230743535,0.2575436500728237,0.25764116285484506,0.2577547109272044,0.2578842485235412,0.25802992790156626,0.258191776516766,0.2583697556426504,0.25856404270037125,0.258774676857239,0.25900162995207493,0.25924508972060284,0.25950512228483646,0.2597817395715396,0.2600750784379066,0.260385265887702,0.26071233584643727,0.2610564393927537,0.26141772293539034,0.2617962216045692,0.26219215819258357,0.2626056302358179,0.26303681826161335,0.26348579589509125,0.2639528126636232,0.2644379522219486,0.2649414666677024,0.2654634763974638,0.26600424254493366,0.266563887068344,0.2671427083156186,0.267740851849372,0.26835852571936586,0.26899603226773344,0.26965357392683026,0.2703313972576464,0.27102973322364143,0.27174893964112423,0.272489266330431,0.2732509328747285,0.274034323924834,0.27483973687223734,0.2756674087580792,0.27651779743725263,0.27739122200727284,0.2782879714753195,0.27920852533936985,0.2801532553103314,0.2811225066048468,0.28211676631258553,0.2831364571262512,0.2841820698633776,0.28525401296274816,0.2863528060186733,0.28747901311108964,0.28863311775930733,0.28981572960900476,0.2910273654186533,0.2922687046723494,0.2935402981051726,0.2948428731450217,0.29617705668674377,0.29754360516570033,0.2989432250608817,0.30037668906990367,0.3018448652277871,0.3033485642180411,0.3048886430211201,0.3064660169085692,0.3080816200079108,0.309736455648901,0.3114315789210975,0.3131680873873334,0.3149471208360909,0.3167698351578145,0.3186375154206672,0.3205515067824362,0.3225131976461938,0.3245240043336104,0.3265855014626443,0.32869931218769033,0.3308670777722025,0.3330906336804983,0.33537181580533915,0.3377126688994693,0.34011525806127507,0.34258188932436157,0.34511489609123697,0.34771679829200375,0.3503902666342356,0.3531381141716286,0.35596336700363557,0.35886924277152465,0.36185919146424467,0.36493686648339735,0.3681062166988776,0.3713714538352642,0.37473705199105184,0.37820792874614434,0.38178928853297467,0.3854868100711869,0.3893065770883653,0.39325522739686863,0.3973399217032903,0.4015684592816417,0.4059493189381107,0.41049173900411107,0.4152058327237123,0.4201026491083567,0.42519432896258946,0.43049421077797634,0.43601700092124007,0.44177890433006933,0.4477978635305773,0.454093759109061,0.4606886616139744,0.4676071421636418,0.4748766098258522,0.48252766843331957,0.49059461575830177,0.4991159187491113],