{"bd":[1,1,2,4,8,11,17,18,27,23,31,28,36,31,39,33,41,36,46,38,47,40,50,43,52,44,53,45,55,45,56,45,58,46,59,48,61,49,62,50,63,51,64,51,64,51,64,54,67,54,67,54,67,56,70,56,70,56,70,56,70,56,70,56,70,56,70,56,70,56,70,56,70,56,70,57,70,57,70,58,71,58,71,58,71,58,71,58,71,58,71,58,71,58,71,58,71,58,71,58,71,58,70,57,70,57,70,57,69,56,70,56,70,56,70,56,69,56,69,56,69,56,68,56,67,54,67,53,67,53,67,53,67,53,66,53,66,53,65,53,64,51,61,49,61,48,61,48,60,47,60,47,59,47,59,46,58,45,57,45,55,43,55,42,52,42,52,42,52,41,50,39,48,37,44,35,42,33,42,33,42,33,41,32,39,30,37,29,35,27,29,23,27,20,23,17,16,11,7,4,2,1,1,1],"gf":[0.5004998114313546,0.4930641737323802,0.4860835167385334,0.4795197900390349,0.4733390195321849,0.4675110198475609,0.4620094370860512,0.4568094721862402,0.4518895889510071,0.4472302995669742,0.4428140214918003,0.43862492676135917,0.4346486996924254,0.43087237663859407,0.42728419720740424,0.42387346802182435,0.42063042148806096,0.41754618173803554,0.4146126372574831,0.4118223946016523,0.40916866671050417,0.40664518950168593,0.4042462849815178,0.4019667213575805,0.3998017084149939,0.39774683133766575,0.39579800501010326,0.3939514776877023,0.3922038302549216,0.3905518962716355,0.3889931041919645,0.38752448916113463,0.38614351179363593,0.3848478437468152,0.38363542989678767,0.382504317846526,0.3814527943864441,0.380479194515115,0.3795822183885278,0.3787605335261276,0.37801295220699044,0.37733848982304574,0.3767361393488403,0.37620505640081253,0.37574455786272215,0.37535396862334075,0.37503265566811866,0.374780314912448,0.37459664387845526,0.37448139840071837,0.3744344367633142,0.374455690920688,0.37454522014672803,0.37470316615443366,0.37492978166212165,0.3752253847333637,0.37559043576979234,0.3760254530885484,0.37653107235034,0.37710800555216073,0.3777571059679403,0.37847932322389316,0.3792755715022044,0.3801472690736299,0.3810956526222355,0.38212223613235424,0.3832286223593255,0.38441655200841157,0.38568795079053053,0.3870449170266137,0.3884897120830107,0.3900247930375312,0.3916528789452918,0.3933768781089043,0.39519995561522997,0.3971255944445632,0.3991575065237114,0.4012998103190051,0.40355693981590673,0.4059336891093995,0.40843530742767975,0.4110675478478464,0.4138366552495011,0.41674927770710124,0.4198131242282566,0.4230363833858407,0.42642781854311446,0.4299972477749415,0.433755443355382,0.43771428012375957,0.44188688757836525,0.44628766834536615,0.4509326052098835,0.4558394995010579,0.46102808263426703,0.46652028474243534,0.47234054938656655,0.478516162910578,0.48507772736391813,0.49205955990854644,0.4995001885686454],"ts":[0.0,0.1,0.2,0.30000000000000004,0.4,0.5,0.6000000000000001,0.7000000000000001,0.8,0.9,1.0,1.1,1.2000000000000002,1.3,1.4000000000000001,1.5,1.6,1.7000000000000002,1.8,1.9000000000000001,2.0,2.1,2.2,2.3000000000000003,2.4000000000000004,2.5,2.6,2.7,2.8000000000000003,2.9000000000000004,3.0,3.1,3.2,3.3000000000000003,3.4000000000000004,3.5,3.6,3.7,3.8000000000000003,3.9000000000000004,4.0,4.1000000000000005,4.2,4.3,4.4,4.5,4.6000000000000005,4.7,4.800000000000001,4.9,5.0,5.1000000000000005,5.2,5.300000000000001,5.4,5.5,5.6000000000000005,5.7,5.800000000000001,5.9,6.0,6.1000000000000005,6.2,6.300000000000001,6.4,6.5,6.6000000000000005,6.7,6.800000000000001,6.9,7.0,7.1000000000000005,7.2,7.300000000000001,7.4,7.5,7.6000000000000005,7.7,7.800000000000001,7.9,8.0,8.1,8.200000000000001,8.3,8.4,8.5,8.6,8.700000000000001,8.8,8.9,9.0,9.1,9.200000000000001,9.3,9.4,9.5,9.600000000000001,9.700000000000001,9.8,9.9,10.0]}