{"bd":[1,1,2,4,8,11,17,18,27,23,31,27,35,32,40,35,43,37,47,40,49,42,52,44,53,45,55,46,57,49,62,50,63,50,63,52,65,52,65,55,68,56,69,58,71,60,73,60,74,61,74,62,77,64,78,65,79,67,81,67,81,68,82,68,82,68,82,70,84,70,85,71,87,72,87,72,87,72,87,72,87,72,88,72,88,74,89,74,90,74,90,74,90,74,91,74,91,75,91,75,92,75,92,75,92,75,92,75,92,75,92,75,92,75,92,75,92,76,92,76,93,76,93,76,93,76,93,76,93,76,93,76,93,76,93,76,93,76,93,76,93,76,93,76,93,76,93,76,93,76,93,76,93,76,93,76,93,76,93,76,93,76,92,75,92,75,92,75,91,75,91,75,91,75,91,74,91,74,91,74,91,74,91,74,90,74,88,73,87,71,87,71,86,70,84,69,84,68,83,68,83,68,83,68,83,68,82,67,82,67,81,66,80,66,80,65,79,65,78,64,77,63,77,63,77,63,75,63,75,62,74,61,74,60,71,59,70,58,70,56,69,56,69,55,68,55,67,55,65,53,63,51,63,50,59,46,58,46,58,45,58,45,55,43,53,42,52,41,52,41,51,41,50,39,47,38,44,35,44,35,42,33,41,32,41,32,38,30,36,28,31,24,27,20,23,17,16,11,7,4,2,1,1,1],"gf":[0.019810841260740644,0.01879404268413654,0.017869953489553538,0.017028366683244017,0.01626033431212528,0.015558023500069025,0.014914655781331422,0.014324086067071152,0.013781003117352378,0.013280700887290922,0.012819023976521076,0.012392289697763039,0.01199723897627068,0.011630974532369453,0.011290919299443985,0.010974768987511254,0.010680479282308357,0.010406215819605236,0.01015034568559477,0.009911397625839488,0.009688054549861847,0.009479130630354382,0.009283560153238484,0.009100381745368613,0.008928727383292843,0.008767814523499031,0.008616814067728757,0.008475138501067011,0.008342223267550332,0.008217537943982507,0.008100597360635101,0.007990964183844242,0.007888238730376496,0.007792056360190712,0.007702088443736332,0.007618034422247945,0.007539615853767547,0.007466577218435509,0.007398693114512937,0.007335782876225139,0.007277664355557493,0.00722416685505602,0.00717513821052363,0.007130460748458666,0.007090030019723101,0.00705372881431669,0.007021490767312959,0.006993244352863462,0.006968925875907471,0.006948493479409727,0.006931909430314649,0.006919155961920578,0.00691021824356554,0.006905103562009683,0.006903824362955746,0.006906413570020111,0.00691290761871979,0.006923356920822656,0.006937835607837499,0.006956419917548614,0.006979196898886817,0.007006294684246287,0.00703783598291226,0.007073972674598431,0.007114860072881754,0.007160707229362605,0.007211695231900581,0.0072680630323172,0.007330045725181701,0.007397928498376614,0.00747200929858784,0.0075526344276796555,0.007640161313089712,0.007735009379181813,0.007837620011057358,0.007948502585432338,0.008068179781856616,0.008197257954085237,0.008336365049616766,0.00848623040734292,0.008647634007459102,0.008821421603376203,0.009008549284451953,0.009210032725836512,0.009427018677366724,0.009660735046953738,0.009912557336677424,0.010183966649445507,0.01047662181041435,0.010792312918986392,0.011133037210502154,0.011500966575713624,0.011898512026480682,0.012328280759872294,0.01279320315432107,0.013296460853698342,0.013841589821301046,0.014432445616250553,0.01507331609014079,0.015768885978596492,0.01652435814223926,0.017345434612553935,0.018238454166302893,0.01921035983977647,0.020268860054970392,0.021422432661030385,0.022680482182884067,0.024053357488498222,0.0255525400486766,0.027190703570747644,0.028981877409430916,0.03094155277266014,0.03308692111715067,0.03543700198931368,0.038012853116812614,0.04083782557403307,0.04393775661268785,0.047341328479688825,0.05108031926893712,0.05518998534815919,0.05970944332003369,0.0646821016341939,0.07015616123663072,0.07618515194399142,0.08282853466299585,0.09015236086637676,0.09823007114434394,0.10714329525142091,0.11698283704776519,0.1278496754906284,0.1398562460535265,0.15312767978254024,0.1678033139042175,0.18403834784361367,0.20200568931689072,0.22189808247893975,0.2439304136237794,0.26834235994835426,0.29540133107406313,0.32540576353679923,0.3586888525060367,0.3956227219715114,0.43662313397370245,0.4821547727816259,0.5327371838361888,0.5889515100843247,0.6514480222937361,0.7209546078672376,0.7982864357240632,0.8843567632900748,0.9801891587392594],"ts":[0.0,0.1,0.2,0.30000000000000004,0.4,0.5,0.6000000000000001,0.7000000000000001,0.8,0.9,1.0,1.1,1.2000000000000002,1.3,1.4000000000000001,1.5,1.6,1.7000000000000002,1.8,1.9000000000000001,2.0,2.1,2.2,2.3000000000000003,2.4000000000000004,2.5,2.6,2.7,2.8000000000000003,2.9000000000000004,3.0,3.1,3.2,3.3000000000000003,3.4000000000000004,3.5,3.6,3.7,3.8000000000000003,3.9000000000000004,4.0,4.1000000000000005,4.2,4.3,4.4,4.5,4.6000000000000005,4.7,4.800000000000001,4.9,5.0,5.1000000000000005,5.2,5.300000000000001,5.4,5.5,5.6000000000000005,5.7,5.800000000000001,5.9,6.0,6.1000000000000005,6.2,6.300000000000001,6.4,6.5,6.6000000000000005,6.7,6.800000000000001,6.9,7.0,7.1000000000000005,7.2,7.300000000000001,7.4,7.5,7.6000000000000005,7.7,7.800000000000001,7.9,8.0,8.1,8.200000000000001,8.3,8.4,8.5,8.6,8.700000000000001,8.8,8.9,9.0,9.1,9.200000000000001,9.3,9.4,9.5,9.600000000000001,9.700000000000001,9.8,9.9,10.0,10.100000000000001,10.200000000000001,10.3,10.4,10.5,10.600000000000001,10.700000000000001,10.8,10.9,11.0,11.100000000000001,11.200000000000001,11.3,11.4,11.5,11.600000000000001,11.700000000000001,11.8,11.9,12.0,12.100000000000001,12.200000000000001,12.3,12.4,12.5,12.600000000000001,12.700000000000001,12.8,12.9,13.0,13.100000000000001,13.200000000000001,13.3,13.4,13.5,13.600000000000001,13.700000000000001,13.8,13.9,14.0,14.100000000000001,14.200000000000001,14.3,14.4,14.5,14.600000000000001,14.700000000000001,14.8,14.9,15.0]}