{"bd":[1,1,2,4,7,10,15,13,18,18,23,20,26,23,28,24,30,26,33,28,34,30,37,31,38,32,39,34,40,33,40,36,44,38,46,40,47,40,47,41,49,42,49,44,51,44,51,44,51,44,51,44,51,44,51,45,52,47,55,47,54,48,56,48,57,49,57,50,58,51,59,51,59,51,59,51,59,51,59,52,61,53,62,55,64,56,65,56,65,56,65,56,65,57,66,57,66,57,66,59,67,59,68,60,69,60,69,60,69,61,70,62,71,62,71,62,71,62,71,62,71,62,71,63,71,63,72,63,72,64,73,64,73,64,73,64,73,64,74,65,74,65,74,65,74,65,74,65,74,65,74,65,74,65,74,65,74,65,74,65,74,65,74,65,74,65,75,65,75,65,75,65,74,66,76,66,76,66,76,66,75,66,76,66,75,66,75,66,76,66,76,66,76,66,76,66,76,66,76,66,76,66,75,66,75,66,75,66,75,66,75,66,75,66,75,66,75,66,75,66,75,66,75,66,75,66,75,66,75,66,75,66,75,66,75,66,75,66,75,66,75,66,76,66,76,66,75,66,75,66,75,66,75,66,75,66,76,66,76,66,76,66,76,66,76,66,76,66,76,66,76,66,76,66,76,66,76,66,76,66,76,66,76,66,75,66,75,66,75,65,75,65,75,65,75,65,75,65,75,65,75,65,75,65,75,65,75,65,75,65,75,65,75,65,75,66,75,65,75,65,75,65,75,65,75,65,75,65,75,65,75,65,75,65,75,65,75,66,75,65,75,65,75,65,75,65,75,65,75,66,75,65,75,66,75,65,75,65,75,65,75,65,75,65,74,65,75,65,74,65,74,65,74,65,75,65,74,66,74,66,74,65,74,65,74,65,74,66,74,65,74,65,74,64,72,64,73,64,73,64,72,64,73,63,72,63,72,63,72,63,72,63,72,63,72,63,71,63,71,62,71,63,71,63,71,63,71,62,71,62,71,63,71,62,70,61,70,61,70,61,70,61,69,61,69,60,69,60,68,59,68,59,68,59,68,59,68,59,68,59,68,59,68,59,68,59,68,59,68,59,68,60,68,60,68,60,68,60,68,59,68,59,68,60,68,60,68,59,68,59,68,60,68,59,68,59,68,60,68,59,68,59,68,59,68,60,68,59,68,59,68,59,68,60,68,59,68,59,68,59,68,59,68,59,68,59,68,59,68,59,68,59,67,58,67,58,67,58,67,58,66,57,66,57,66,57,66,57,65,56,65,56,64,55,64,55,64,55,64,55,64,55,62,53,61,52,60,51,60,51,60,51,59,51,59,51,59,50,58,49,58,49,58,49,58,49,58,49,56,48,56,47,54,47,53,45,52,44,52,44,51,44,52,44,52,44,52,44,52,44,51,44,51,44,51,44,50,43,50,43,48,41,48,41,48,41,48,41,47,40,46,39,46,39,46,39,46,39,46,39,46,39,45,38,44,37,43,36,42,35,41,34,41,34,41,34,40,33,39,32,38,32,38,31,37,30,37,30,37,30,37,30,37,30,35,29,34,28,32,27,32,26,30,24,28,23,27,22,26,21,24,19,23,18,18,13,14,10,7,4,2,1,1,1],"gf":[0.019291114866981214,0.018266871377316207,0.017333796973061366,0.016481887202950875,0.01570235518220697,0.014987503103667704,0.014330451028245483,0.01372524303987097,0.013166647178024262,0.012650029310128066,0.01217127510605608,0.011726742133804088,0.011313197298207782,0.010927763958996209,0.010567889686511726,0.010231293857877624,0.009915937938019174,0.009619996914997047,0.009341833146004517,0.009079975329467414,0.0088331002512418,0.008600067990630211,0.008379776750012355,0.008171255664086465,0.007973622921945539,0.007786081827811807,0.007607903137672714,0.007438432794753817,0.0072769776113678145,0.007123075815266833,0.006976241305823345,0.006836013368872403,0.006701973359822468,0.006573736387755062,0.0064509473619417034,0.006333278690617591,0.006220428919795128,0.006112154099453666,0.006008192564242915,0.005908304117173629,0.005812267627853819,0.005719800465801369,0.005630764307587209,0.005545006151235259,0.0054622944998447,0.005382534942372817,0.005305519102166334,0.005231172258500077,0.0051592963671552635,0.005089839886175679,0.005022612279991376,0.004957582747357385,0.004894566310643752,0.004833550535413745,0.004774353239736207,0.004717000736904592,0.004661299541761599,0.00460727403584782,0.004554769262752621,0.004503730643854461,0.0044540840329994665,0.004405758520596778,0.004358679737022251,0.004312788586567197,0.004268083964926449,0.004224466034378001,0.004181873502979925,0.004140245907983818,0.004099515606876115,0.004060701127557142,0.004022832885605587,0.003987223634305311,0.003952503795223148,0.003918705302428749,0.0038858182268842545,0.003853821040329101,0.003822669744091235,0.00379236645734577,0.0037628805123108154,0.0037341857412333933,0.0037062521577198764,0.0036790521397160204,0.0036525727033149226,0.003626786240743756,0.0036016685289385272,0.0035771903596685094,0.003553317718501423,0.0035300569097324623,0.0035073850590200276,0.003485272927039113,0.0034637158468165227,0.0034426945793462347,0.003422176677940017,0.0034021835653035844,0.0033827072852285318,0.0033638093654468934,0.003345402234871318,0.0033274931285482245,0.0033100640765888027,0.003293102910307098,0.0032765700910435897,0.0032604715778816436,0.0032447986710090614,0.0032295162762582337,0.0032146574339631897,0.0032002409284466594,0.0031862480165442716,0.003172661972149793,0.0031594491705923657,0.003146621239736232,0.00313415602173607,0.003121955306032211,0.0031101363861701747,0.003098697467625068,0.0030876242257254064,0.0030769003403614452,0.0030665134709517514,0.003056404165587312,0.0030466348406342483,0.0030371477465080104,0.0030280021755851516,0.003019149983054029,0.0030106099341509203,0.0030023595404786163,0.0029944228930320945,0.0029867380162029184,0.002979367762394261,0.002972263950823471,0.0029654505508690155,0.002958926303568961,0.0029526269758117455,0.002946627944789738,0.00294091183640156,0.002935455664585735,0.0029302198450854053,0.0029252779871131816,0.002920595054927262,0.002916152614248057,0.002911965173778434,0.0029080546273915144,0.002904362168353253,0.0029009478693675034,0.0028977770049022785,0.002894820868114966,0.002892109439258881,0.002889674825091285,0.0028875007754241315,0.0028855135178053205,0.002883788919912421,0.002882325095096507,0.002881041745642766,0.0028800336375052497,0.0028792872084633992,0.0028787589277882667,0.0028784409944406053,0.0028783753426486576,0.002878572615498548,0.002878969561011781,0.0028796137079645477,0.0028805259854783266,0.0028816318908702057,0.00288300868210837,0.002884623915223434,0.0028864565924200634,0.0028885551674126047,0.0028908818695768685,0.002893448734549505,0.0028962877515219766,0.002899340166185047,0.00290266827852824,0.0029062137052818294,0.0029100224135135064,0.0029140977202437384,0.0029184096435584225,0.0029229900478139298,0.002927805001126107,0.002932901210161476,0.0029382361706120127,0.002943858031582713,0.0029497302467679917,0.002955887543123611,0.0029622999888456675,0.0029690028549135034,0.002975959169074503,0.002983220760661674,0.002990749574171567,0.002998582704260894,0.0030066902841680058,0.0030151099940641667,0.003023830901738813,0.003032823186931312,0.0030421566954133374,0.0030517774520233297,0.003061745182998068,0.0030720102595630655,0.003082597742421395,0.003093540289352597,0.0031048242231804337,0.0031164339530092857,0.0031284064345043503,0.0031407412097120484,0.0031534267650739564,0.0031665112696511997,0.0031799690835836152,0.0031937806460603456,0.003208022673186848,0.0032226500740412303,0.003237704602342785,0.003253200841388034,0.003269082264046025,0.0032854439668963532,0.0033022396390015364,0.0033195066510262063,0.003337232394521315,0.0033554735851281906,0.0033742142855731996,0.0033934200816805138,0.003413175952173688,0.0034334719851557114,0.003454313689192833,0.003475711783956628,0.0034976953676298496,0.0035202778096871043,0.0035434721989175957,0.0035673018439173515,0.00359178169824433,0.0036169259684868337,0.0036427522623260506,0.003669303784388986,0.0036965982334522546,0.003724608658763402,0.0037534203250710065,0.0037830346964272277,0.0038134881974615535,0.0038448426938811468,0.0038771114529666953,0.003910308216855988,0.00394444751331445,0.0039794805760941685,0.004015648551660143,0.00405293902312411,0.004091362818039446,0.004130986226657583,0.004171841689858298,0.00421397031038067,0.004257451424421319,0.004302336246074151,0.0043486297296805735,0.004396489260033455,0.004445982317116303,0.004497148710591891,0.004550138927844071,0.0046050421144940195,0.0046618763881699585,0.004720755406883658,0.004781842668669684,0.004845196036366821,0.004911008723038931,0.004979409450875285,0.005050507366692957,0.0051244287285535355,0.005201422897045773,0.005281664610684728,0.005365352859130999,0.005452687422380708,0.005543770077076464,0.005639002333433933,0.005738600652666544,0.005842859773639263,0.005952092239098273,0.006066566100191177,0.006186761950565815,0.0063130913377729735,0.006445965861428284,0.006585837369075648,