{"bd":[1,1,2,4,8,11,17,18,27,24,32,30,38,33,41,35,44,38,47,43,53,46,56,48,57,49,58,49,61,49,62,50,63,51,64,53,66,55,68,57,70,58,71,60,73,62,76,65,79,66,80,67,81,68,82,68,82,69,83,70,84,70,84,72,87,73,88,75,90,78,93,79,94,79,95,79,94,79,95,82,99,82,99,83,100,83,100,84,101,86,103,87,103,87,104,89,106,89,106,89,106,89,106,89,106,91,108,92,109,92,109,92,109,94,110,95,112,95,112,96,113,96,113,96,113,96,113,96,113,96,113,97,114,98,115,98,115,98,116,98,116,98,116,98,116,98,116,98,116,99,117,99,117,99,118,99,117,100,118,100,119,100,119,100,119,100,119,100,118,100,119,100,119,100,119,100,119,100,118,100,118,101,119,101,119,101,118,101,119,101,120,101,120,101,119,101,119,101,119,101,120,101,120,101,119,101,120,101,119,101,120,101,120,101,120,101,120,101,120,101,120,101,119,100,119,100,119,100,118,100,119,100,119,100,119,100,119,100,119,100,119,100,119,100,119,100,119,100,119,100,119,100,119,100,119,100,119,100,119,100,119,100,119,100,118,100,118,100,118,100,118,100,116,99,116,97,114,97,114,97,114,97,114,97,114,97,113,97,113,96,113,96,113,95,113,95,113,95,113,95,113,95,114,95,113,95,113,95,113,95,112,94,112,94,112,94,112,94,112,94,112,94,112,94,112,94,112,94,112,94,111,93,110,93,110,92,110,92,110,92,110,92,110,92,109,92,109,91,109,91,107,90,107,90,107,90,107,90,106,89,106,89,105,89,104,87,101,84,101,84,100,83,100,83,100,83,100,83,99,83,99,83,98,82,97,81,97,81,97,81,97,81,95,79,93,78,92,76,92,76,92,76,91,75,91,75,91,75,91,75,90,74,89,74,86,72,84,71,84,69,83,69,83,69,82,68,80,67,80,66,79,65,79,65,76,63,76,63,76,62,74,61,73,60,72,58,71,58,69,57,68,56,66,53,64,51,63,50,62,49,59,47,58,46,57,46,57,46,54,44,54,44,51,41,48,39,47,38,45,36,43,34,42,33,41,32,39,30,36,28,33,25,30,23,24,18,16,11,7,4,2,1,1,1],"gf":[0.019496336100260723,0.01846420296798429,0.017524478532518827,0.01666696585941974,0.015882724446207485,0.015163925658097677,0.014503792697357113,0.013896181897349381,0.01333578002370944,0.012817878267466878,0.012338318833857997,0.011893409064559156,0.011479883135226849,0.01109483671757439,0.010735684539524079,0.010400113093802078,0.010086062421813159,0.009791695380811162,0.00951536357031601,0.009255585105241928,0.009011032355009359,0.008780503641836883,0.00856291890320925,0.008357300529279634,0.008162763131517427,0.007978396825081035,0.00780353861800332,0.007637539785004415,0.007479791746946354,0.00732974198795857,0.0071868796317089995,0.0070507436682219924,0.006920905173720542,0.006796970781172214,0.006678577741977273,0.006565398460174951,0.006457126628025624,0.006353476503932309,0.006254181432759382,0.006159005265819667,0.0060677210780128886,0.005980141411813975,0.0058960708849355205,0.00581532548250632,0.005737720318306885,0.005663094566059904,0.00559132922634439,0.005522294199624374,0.00545585231481389,0.005391910521955728,0.005330352909807103,0.005271073693506187,0.005213971258274499,0.005158972814815466,0.005105974699817946,0.005054936702959804,0.005005742010710652,0.004958334644722762,0.004912635467557564,0.00486859524767203,0.004826140561785158,0.004785229425091719,0.004745793773155368,0.004707795931872556,0.004671169700786399,0.004635886738727199,0.004601890483617361,0.0045691464406861625,0.004537610510618281,0.004507235750493204,0.0044779886159312145,0.0044498541393037236,0.004422798479083211,0.004396800451954454,0.004371830983960481,0.004347871543565786,0.0043248894800286255,0.004302857408418265,0.00428176762515435,0.004261596743322153,0.004242313735077626,0.004223920697714433,0.004206377660276228,0.004189675333061664,0.004173780939078488,0.0041587072247841386,0.004144422177178572,0.0041309235753672745,0.004118189699676359,0.004106220733656313,0.004094989768503652,0.004084502651192619,0.004074740544727422,0.004065702555527845,0.004057370653854005,0.004049754151673676,0.0040428303688200135,0.004036608498153154,0.004031071043937991,0.004026228498050159,0.004022061572533837,0.004018581541620988,0.004015770881779651,0.004013648851529518,0.004012195685111748,0.004011414550509296,0.004011317026178799,0.0040118888856869655,0.004013142844519329,0.004015070034404049,0.004017682032898646,0.004020981072464287,0.004024965586185422,0.0040296479217205965,0.004035018068586954,0.004041097473471717,0.004047884207219179,0.004055392446468147,0.004063621513635047,0.004072594758573799,0.004082299196594678,0.004092767357219384,0.004103992878659949,0.004115999013785601,0.004128784970006989,0.004142375277570497,0.0041567854852074156,0.004172041050628108,0.0041881408960494325,0.004205120810642703,0.0042229857912986415,0.004241775696991715,0.004261491118731813,0.004282181081145323,0.004303853748861754,0.004326554029261889,0.004350293633312783,0.004375108735326464,0.00440103923934552,0.004428121224291338,0.004456424562268056,0.004485978893946032,0.004516808548767591,0.004548979344773529,0.004582520054347827,0.004617497458901877,0.00465396467449542,0.004691990729278931,0.004731624952205842,0.004772954685911088,0.0048160435177536445,0.004860982544798989,0.004907847010580664,0.004956748417532669,0.005007765291827417,0.005061012513032371,0.005116601289808005,0.005174671009913006,0.00523534007362475,0.005298773474087801,0.005365105997178413,0.005434524974483029,0.005507194858572451,0.0055833319577590435,0.0056631167429341414,0.005746792951869892,0.005834611676540113,0.005926852357673029,0.0060237846282667285,0.006125733888419471,0.006233046539719968,0.006346094194801191,0.006465253867886357,0.006591008774966831,0.006723804946429988,0.006864183702358592,0.007012692300751518,0.007169971274184819,0.007336679215847149,0.00751356805779309,0.007701421432944666,0.007901146173412149,0.00811367869179517,0.008340088529790105,0.008581511508649326,0.008839220537838116,0.009114587831469054,0.009409139762603578,0.00972452567907374,0.010062582241766224,0.010425284716510877,0.01081485302865437,0.011233675440574145,0.011684425025166595,0.012170001999023126,0.012693627787284606,0.013258822457875555,0.01386946794444674,0.014529837302080186,0.01524465810570775,0.01601912567032855,0.016858974604922014,0.01777052412236518,0.018760745199685257,0.019837348575071072,0.021008829521555007,0.022284587801505988,0.02367499432930059,0.025191523078184043,0.02684687114151508,0.028655055743303657,0.030631608572991142,0.03279372179599298,0.03516042945421832,0.0377527881442513,0.040594149611364844,0.043710365723273664,0.04713012008597401,0.05088519622514747,0.055010869438792645,0.059546250566867735,0.0645347640360224,0.07002461866058904,0.07606935431294155,0.08272842448136487,0.09006790037257252,0.09816121337087082,0.1070900012917672,0.11694509240176024,0.12782750110658914,0.13984964432553132,0.15313664408406766,0.16782783999870887,0.18407843820877254,0.20206137411076217,0.22196940836049386,0.24401741774046942,0.26844508315588717,0.2955198142011749,0.32554006199034874,0.3588390140603262,0.3957888193955422,0.436805235457676,0.48235295507304354,0.532951548703021,0.5891821657872269,0.6516950775656134,0.7212182101436897,0.7985668027078645,0.8846541059839544,0.9805036638997393],