{"bd":[1,1,2,4,8,13,19,22,33,29,41,33,45,36,47,39,52,41,54,45,59,47,61,47,61,47,61,49,64,50,65,50,65,50,64,49,65,50,65,49,65,49,65,49,65,51,65,50,65,50,65,50,65,50,64,49,64,49,63,47,62,46,61,46,59,44,59,44,59,43,57,42,55,41,55,41,54,40,54,40,51,39,51,38,48,35,46,34,45,34,42,31,36,25,29,20,19,13,8,4,2,1,1,1],"gf":[0.5002311938684934,0.49420807745987044,0.4886422686617501,0.48349713774778214,0.47874025586627283,0.4743428804274865,0.47027951060642664,0.46652750400885123,0.46306674653710167,0.4598793613408592,0.456949459495675,0.4542629316488213,0.45180724328783617,0.44957128865003104,0.4475452410756258,0.4457204332454499,0.44408925238864194,0.44264504473716004,0.44138205463754276,0.44029534018063965,0.4393807243428131,0.4386347484563991,0.43805463768506075,0.43763826498236524,0.43738413261728953,0.4372913547219304,0.4373596480216902,0.4375893291088069,0.4379813177523405,0.43853714701701046,0.4392589795523091,0.44014963134947893,0.4412126022051652,0.4424521130726841,0.4438731595677002,0.4454815603892587,0.44728402638327935,0.44928824305449233,0.45150295742182134,0.45393808805622793,0.4566048466028562,0.45951588146928457,0.4626854419860637,0.46612956941950046,0.4698663143031396,0.4739159932353066,0.47830147978830556,0.4830485352610675,0.4881862083707512,0.4937472836173328,0.49976880613150665],"ts":[0.0,0.1,0.2,0.30000000000000004,0.4,0.5,0.6000000000000001,0.7000000000000001,0.8,0.9,1.0,1.1,1.2000000000000002,1.3,1.4000000000000001,1.5,1.6,1.7000000000000002,1.8,1.9000000000000001,2.0,2.1,2.2,2.3000000000000003,2.4000000000000004,2.5,2.6,2.7,2.8000000000000003,2.9000000000000004,3.0,3.1,3.2,3.3000000000000003,3.4000000000000004,3.5,3.6,3.7,3.8000000000000003,3.9000000000000004,4.0,4.1000000000000005,4.2,4.3,4.4,4.5,4.6000000000000005,4.7,4.800000000000001,4.9,5.0]}