{"bd":[1,1,2,4,7,10,15,13,18,18,23,20,25,22,28,24,29,24,30,26,33,29,36,30,37,31,36,30,37,31,38,33,41,34,41,37,44,40,47,41,48,42,49,42,49,43,50,44,51,44,51,44,51,44,51,44,51,44,52,46,53,46,53,46,54,46,54,48,56,48,56,48,56,49,57,51,59,52,60,52,60,52,61,53,61,53,61,53,62,53,62,55,64,55,64,56,65,56,65,56,64,55,64,55,64,55,64,55,64,56,65,56,65,56,65,57,66,57,66,57,66,57,66,57,66,57,66,57,66,57,66,57,66,57,66,57,66,57,66,57,66,57,66,57,66,57,66,57,66,57,66,57,66,57,66,57,66,57,66,57,66,57,66,57,66,57,66,57,66,57,66,57,66,57,66,57,66,57,66,57,66,57,66,57,66,57,66,57,66,57,66,57,66,57,66,57,66,57,66,57,65,57,65,56,65,56,65,56,65,56,65,56,65,56,65,56,64,56,64,56,64,56,64,55,64,55,64,55,64,55,64,55,64,55,64,55,64,55,64,56,64,55,64,55,63,55,63,54,63,54,63,54,63,54,63,54,63,54,63,54,63,54,62,53,61,53,61,53,60,52,60,51,59,50,58,50,58,49,57,49,56,48,55,47,55,47,55,46,54,45,54,45,54,45,54,45,53,45,53,45,52,44,51,44,51,44,51,44,51,43,52,44,51,43,50,42,49,41,49,41,47,40,47,40,48,40,46,39,46,39,46,39,46,39,46,39,46,39,45,38,44,37,44,37,43,37,42,35,42,35,41,34,40,34,40,33,39,32,38,31,38,31,36,29,36,29,36,29,36,29,35,28,34,28,33,27,33,27,31,25,30,24,29,23,26,21,26,21,26,21,24,19,22,17,18,13,14,10,7,4,2,1,1,1],"gf":[0.019424433791918463,0.018408567487382066,0.01748411067911687,0.016641032504409053,0.01587052475564604,0.015164870062562867,0.014517175025129418,0.013921470062113967,0.013372511595047962,0.012865655656609732,0.012396783735948247,0.01196224739469226,0.011558808710459348,0.011183590862030027,0.010834036638328078,0.010507865152603574,0.010203038646150013,0.009917731473414992,0.009650306521184135,0.00939929629793302,0.009163377919653421,0.008941361170900657,0.00873222528143013,0.008534942200581371,0.0083486461892354,0.008172549862252654,0.008005922587378443,0.007848130954019959,0.007698573264871202,0.0075567172606777625,0.007422068951111389,0.0072941747501628655,0.007172621428221892,0.007057026142581215,0.006947039974847736,0.0068423410501165655,0.006742633005944657,0.006647643580685769,0.006557122121251106,0.006470842482239143,0.00638859436257213,0.006310174969821211,0.006235286088516745,0.006163869656008672,0.006095764998523495,0.006030753793897758,0.005968770280329407,0.005909625818376404,0.005853266728718342,0.005799512932580598,0.005748335965460868,0.00569956863259456,0.005653188782951092,0.005609032135959539,0.005567100662571412,0.005527234717047351,0.005489454353000879,0.005453607314241435,0.005419727563086896,0.005387701394913301,0.0053575523268972036,0.00532916135155119,0.005302513941129522,0.005277590572552658,0.0052543233110393306,0.005232653420414082,0.005212572785056914,0.005194049092353731,0.005177065429556145,0.005161587132426507,0.005147592837604195,0.005135051838301419,0.005123943852182471,0.0051142517921631495,0.005105962012285114,0.0050990586268671026,0.005093532304306003,0.005089373528038285,0.0050865744726968755,0.005085045311288654,0.005084943738152255,0.005086282843529487,0.005089042071944587,0.00509323994161485,0.005098872972357502,0.005105950897694904,0.00511448292925447,0.00512444708724932,0.00513587413604837,0.005148842839407731,0.005163371223035857,0.005179516125113909,0.005197286946397137,0.005216639646907799,0.0052376982344717014,0.00526050891050307,0.005285085986561894,0.005311510047469099,0.00533979158427212,0.005370043257759331,0.005402308076120962,0.005436647317403707,0.005473182781530975,0.005511977357819097,0.005553081914665805,0.005596663291709906,0.0056427969411882925,0.005691600636338706,0.005743208517114443,0.0057977568621829035,0.005855393972959115,0.005916294595935368,0.00598058628451715,0.00604852038380168,0.006120297012415634,0.006196095460146922,0.006276190802881058,0.0063608569711654465,0.006450340280062032,0.006544985793543687,0.0066451394249196685,0.006751123557192032,0.006863392873877001,0.006982325134839107,0.0071084482051930525,0.007242231402580111,0.007384273104149545,0.007535147707433597,0.0076955670265527855,0.007866228907207014,0.008047932829146353,0.008241574310197794,0.008448085031334611,0.008668503259339476,0.008903992042854239,0.00915579652870914,0.009425300338728257,0.00971400106378668,0.010023565750543037,0.01035581418977282,0.01071275114956067,0.011096631539476367,0.011509839984874478,0.011954985025377255,0.012435023186127213,0.01295314692858835,0.013512749756699234,0.014117737103894266,0.014772492158607443,0.015481840912537247,0.01625086528509473,0.01708528257908187,0.017991468909642077,0.018976377533078532,0.02004781156600191,0.021214202158113357,0.022485024286223107,0.023870636066563148,0.02538250707722241,0.027033238054105353,0.02883683740362992,0.030808806951723892,0.032966308862380465,0.03532837855605619,0.0379160655689812,0.04075277677411171,0.04386426793025301,0.047279343300265314,0.05102979727016385,0.05515085231306969,0.059681609728739426,0.06466558030284589,0.07015101927379416,0.07619140495178545,0.08284618461978799,0.09018145864877164,0.09827060877541641,0.10719533385392783,0.11704639672398265,0.12792487330226096,0.13994324276639608,0.1532265636465034,0.167914175037097,0.18416134984195062,0.20214098307739545,0.22204590942376531,0.24409094468921336,0.2685158794847428,0.29558809161519334,0.3256061229184567,0.3589032646042164,0.39585158004688004,0.4368669054323899,0.4824138968685305,0.5330122364066471,0.589243100986036,0.6517568918789571,0.7212815243007749,0.7986322962340153,0.8847224201302554,0.9805755662080815],"ts":[0.0,0.1,0.2,0.30000000000000004,0.4,0.5,0.6000000000000001,0.7000000000000001,0.8,0.9,1.0,1.1,1.2000000000000002,1.3,1.4000000000000001,1.5,1.6,1.7000000000000002,1.8,1.9000000000000001,2.0,2.1,2.2,2.3000000000000003,2.4000000000000004,2.5,2.6,2.7,2.8000000000000003,2.9000000000000004,3.0,3.1,3.2,3.3000000000000003,3.4000000000000004,3.5,3.6,3.7,3.8000000000000003,3.9000000000000004,4.0,4.1000000000000005,4.2,4.3,4.4,4.5,4.6000000000000005,4.7,4.800000000000001,4.9,5.0,5.1000000000000005,5.2,5.300000000000001,5.4,5.5,5.6000000000000005,5.7,5.800000000000001,5.9,6.0,6.1000000000000005,6.2,6.300000000000001,6.4,6.5,6.6000000000000005,6.7,6.800000000000001,6.9,7.0,7.1000000000000005,7.2,7.300000000000001,7.4,7.5,7.6000000000000005,7.7,7.800000000000001,7.9,8.0,8.1,8.200000000000001,8.3,8.4,8.5,8.6,8.700000000000001,8.8,8.9,9.0,9.1,9.200000000000001,9.3,9.4,9.5,9.600000000000001,9.700000000000001,9.8,9.9,10.0,10.100000000000001,10.200000000000001,10.3,10.4,10.5,10.600000000000001,10.700000000000001,10.8,10.9,11.0,11.100000000000001,11.200000000000001,11.3,11.4,11.5,11.600000000000001,11.700000000000001,11.8,11.9,12.0,12.100000000000001,12.200000000000001,12.3,12.4,12.5,12.600000000000001,12.700000000000001,12.8,12.9,13.0,13.100000000000001,13.200000000000001,13.3,13.4,13.5,13.600000000000001,13.700000000000001,13.8,13.9,14.0,14.100000000000001,14.200000000000001,14.3,14.4,14.5,14.600000000000001,14.700000000000001,14.8,14.9,15.0,15.100000000000001,15.200000000000001,15.3,15.4,15.5,15.600000000000001,15.700000000000001,15.8,15.9,16.0,16.1,16.2,16.3,16.400000000000002,16.5,16.6,16.7,16.8,16.900000000000002,17.0,17.1,17.2,17.3,17.400000000000002,17.5,17.6,17.7,17.8,17.900000000000002,18.0,18.1,18.2,18.3,18.400000000000002,18.5,18.6,18.7,18.8,18.900000000000002,19.0,19.1,19.200000000000003,19.3,19.400000000000002,19.5,19.6,19.700000000000003,19.8,19.900000000000002,20.0]}