{"bd":[1,1,2,4,8,13,20,23,35,31,44,36,48,41,55,45,59,47,61,48,65,54,69,59,75,63,79,67,83,69,87,72,90,75,94,76,95,77,97,80,100,81,102,85,107,90,112,91,113,91,113,95,117,98,120,99,122,101,123,102,125,103,126,103,126,105,129,108,132,109,134,112,139,112,138,114,140,116,143,117,144,120,147,121,148,122,150,125,153,125,153,126,154,126,154,127,155,127,155,129,156,129,157,130,158,130,158,131,159,132,161,132,161,133,163,134,163,134,163,134,164,135,164,135,165,136,166,136,166,136,166,137,166,138,167,138,167,138,167,138,167,138,167,138,167,138,167,138,167,139,167,138,167,138,167,138,167,138,167,138,167,138,167,138,167,138,167,138,167,138,167,138,167,138,167,138,167,138,167,138,167,138,167,138,167,138,167,138,167,138,167,138,166,137,166,137,166,137,166,137,166,137,166,136,166,136,166,136,166,136,166,136,166,136,166,136,166,136,166,136,166,136,166,136,166,136,166,136,166,137,164,135,164,134,164,134,164,134,163,133,162,133,161,131,161,131,161,131,161,132,161,131,161,131,160,131,159,130,159,129,159,129,158,128,157,128,156,127,155,127,155,127,154,126,153,125,152,124,151,123,151,123,149,122,149,121,148,120,146,120,146,119,145,118,145,118,144,117,141,114,139,112,139,112,138,112,137,111,135,110,134,108,133,107,132,106,128,103,127,102,126,102,124,100,123,99,121,98,119,96,117,95,116,93,113,91,112,90,110,88,108,86,106,86,103,81,100,79,99,78,97,76,95,74,92,72,91,71,91,71,90,71,88,70,86,70,83,67,80,64,76,61,72,57,67,53,61,48,59,45,58,44,57,43,56,43,51,39,49,37,46,34,37,26,32,23,20,13,8,4,2,1,1,1],"gf":[0.019605424746356168,0.018576410401652272,0.0176400799399403,0.016786209138220425,0.01600584536801503,0.015291137665387347,0.014635189559827084,0.01403193468630004,0.01347602042912855,0.012962730526355515,0.012487893430083916,0.012047814813390938,0.011639219890787247,0.011259197310455537,0.010905157943047725,0.01057478818255432,0.01026602751782798,0.009977031154873228,0.009706148368074225,0.00945189372284132,0.009212932826450922,0.008988063619713795,0.008776202568830329,0.008576369132388476,0.008387675746299797,0.008209318999309607,0.008040571895970449,0.007880771122461702,0.0077293113174486845,0.007585630048609497,0.007449230411794532,0.007319654407810265,0.007196479955123804,0.0070793199459014055,0.0069678215048047994,0.0068616526550197045,0.006760512134142669,0.0066641242208784765,0.006572233290384698,0.006484603439506808,0.006401012721754244,0.006321260643360106,0.006245161737342443,0.0061725412040162944,0.0061032366651037895,0.006037097811287646,0.005973984960249901,0.005913768103053196,0.005856325856737259,0.005801545499597365,0.005749323048673164,0.005699562942575263,0.005652157694251017,0.005607046668218501,0.005564137356220191,0.005523357125543054,0.005484637295439396,0.00544791327558677,0.005413125942137373,0.005380218040434517,0.005349137252348879,0.005319836091407348,0.005292270662443995,0.005266399456612018,0.0052421841578043655,0.0052195900739074015,0.005198584414954041,0.005179137934815957,0.005161223592921417,0.0051448178779099395,0.00512989785012388,0.005116445718550448,0.005104444333341458,0.005093879515555505,0.0050847389686659705,0.005077013737185177,0.005070695738151708,0.005065778417235534,0.005062259510855037,0.005060136968192123,0.005059411945385011,0.00506008735560467,0.00506216915589774,0.005065665823262555,0.0050705871429116865,0.005076945916355282,0.005084757846060019,0.0050940417260960345,0.005104817047735277,0.0051171073802758205,0.005130939439448777,0.005146342457546599,0.005163349671242185,0.005181997490893019,0.00520232599187845,0.0052243787369418895,0.005248201561349374,0.005273849715205693,0.005301380347683969,0.005330855210998431,0.005362340614332279,0.00539591097317607,0.005431645143838927,0.005469629060572066,0.005509954458364337,0.005552723021317987,0.005598045082328719,0.005646037588120797,0.005696828509363596,0.005750555796662274,0.005807369425063887,0.005867430472499818,0.005930915628041645,0.005998015857364124,0.006068937215531397,0.006143902567549519,0.006223154808527327,0.006306959177736706,0.006395602081470008,0.006489394594506848,0.00658867322615272,0.006693808999171702,0.006805201516892152,0.006923286121835881,0.00704853796147485,0.007181475403810874,0.007322658544519488,0.00747270717251291,0.007632292154813204,0.007802147193539339,0.007983071303356909,0.00817594286530519,0.008381719086067782,0.008601449728202568,0.008836283941790075,0.009087477149462479,0.00935640787438938,0.009644587452677595,0.009953672650518455,0.010285480260195292,0.010642007842987446,0.01102545022298705,0.011438217386125441,0.011882957476194405,0.012362581735172221,0.01288029689093643,0.01343962940144121,0.01404446284028482,0.014699074229459508,0.01540817902839718,0.016176971837672444,0.017011183450484704,0.017917133391937463,0.018901798632094877,0.01997287636420445,0.021138870834731094,0.022409171156825083,0.023794157777954843,0.025305301927127197,0.026955291003186613,0.028758153849222746,0.030729416253328416,0.03288626010286182,0.03524771077450987,0.03783483569197174,0.04067097607309634,0.04378199588690891,0.047196566945449145,0.05094648026452314,0.05506699752538783,0.0595972426020955,0.06458063572338632,0.0700653785677424,0.07610499890415859,0.08275895776744695,0.09009332417113396,0.09818153081334167,0.10710522215430328,0.1169552011144857,0.12783247964556207,0.13984947217402843,0.15313130884057927,0.1678173297287489,0.1840627368820776,0.2020404605235819,0.22194324598641946,0.2439859912619792,0.2684083749500685,0.29547780119285194,0.3254927137119669,0.35878631115367915,0.3957307242522121,0.43674172107176423,0.48228398998093464,0.5328770919304918,0.5891021671516785,0.6516094805562538,0.721126944211181,0.798469720046374,0.8845510648950324,0.9803945752536438],"ts":[0.0,0.1,0.2,0.30000000000000004,0.4,0.5,0.6000000000000001,0.7000000000000001,0.8,0.9,1.0,1.1,1.2000000000000002,1.3,1.4000000000000001,1.5,1.6,1.7000000000000002,1.8,1.9000000000000001,2.0,2.1,2.2,2.3000000000000003,2.4000000000000004,2.5,2.6,2.7,2.8000000000000003,2.9000000000000004,3.0,3.1,3.2,3.3000000000000003,3.4000000000000004,3.5,3.6,3.7,3.8000000000000003,3.9000000000000004,4.0,4.1000000000000005,4.2,4.3,4.4,4.5,4.6000000000000005,4.7,4.800000000000001,4.9,5.0,5.1000000000000005,5.2,5.300000000000001,5.4,5.5,5.6000000000000005,5.7,5.800000000000001,5.9,6.0,6.1000000000000005,6.2,6.300000000000001,6.4,6.5,6.6000000000000005,6.7,6.800000000000001,6.9,7.0,7.1000000000000005,7.2,7.300000000000001,7.4,7.5,7.6000000000000005,7.7,7.800000000000001,7.9,8.0,8.1,8.200000000000001,8.3,8.4,8.5,8.6,8.700000000000001,8.8,8.9,9.0,9.1,9.200000000000001,9.3,9.4,9.5,9.600000000000001,9.700000000000001,9.8,9.9,10.0,10.100000000000001,10.200000000000001,10.3,10.4,10.5,10.600000000000001,10.700000000000001,10.8,10.9,11.0,11.100000000000001,11.200000000000001,11.3,11.4,11.5,11.600000000000001,11.700000000000001,11.8,11.9,12.0,12.100000000000001,12.200000000000001,12.3,12.4,12.5,12.600000000000001,12.700000000000001,12.8,12.9,13.0,13.100000000000001,13.200000000000001,13.3,13.4,13.5,13.600000000000001,13.700000000000001,13.8,13.9,14.0,14.100000000000001,14.200000000000001,14.3,14.4,14.5,14.600000000000001,14.700000000000001,14.8,14.9,15.0,15.100000000000001,15.200000000000001,15.3,15.4,15.5,15.600000000000001,15.700000000000001,15.8,15.9,16.0,16.1,16.2,16.3,16.400000000000002,16.5,16.6,16.7,16.8,16.900000000000002,17.0,17.1,17.2,17.3,17.400000000000002,17.5,17.6,17.7,17.8,17.900000000000002,18.0,18.1,18.2,18.3,18.400000000000002,18.5,18.6,18.7,18.8,18.900000000000002,19.0,19.1,19.200000000000003,19.3,19.400000000000002,19.5,19.6,19.700000000000003,19.8,19.900000000000002,20.0]}