{"bd2":[1,1,2,4,8,8,15,25,40,32,48,53,60,57,60,60,60,60,60,60,60,60,60,60,60,60,60,60,60,60,60,60,60,60,60,60,60,60,60,60,60,60,60,60,60,60,60,60,60,60,60,60,60,60,60,60,60,60,60,60,60,60,60,60,60,60,60,60,60,60,60,60,60,60,60,60,60,60,60,60,60,60,60,60,60,60,60,60,60,60,60,60,60,60,60,60,60,60,60,60,60,60,60,60,60,60,60,60,60,60,60,60,60,60,60,60,60,60,60,60,60,60,60,60,60,60,60,60,60,60,60,60,60,60,60,60,60,60,60,60,60,60,60,60,60,60,60,60,60,60,60,60,60,60,60,60,60,60,60,60,60,60,60,60,60,60,60,60,60,60,60,60,60,60,60,60,60,60,60,60,60,60,60,60,60,60,60,60,60,60,60,60,60,60,60,60,60,60,60,60,60,60,60,60,60,60,60,60,60,60,60,60,60,60,60,60,60,60,60,60,60,60,60,60,60,60,60,60,60,60,60,60,60,60,60,60,60,60,60,60,60,60,60,60,60,60,60,60,60,60,60,60,60,60,60,60,60,60,60,60,60,60,60,60,60,60,60,60,60,60,60,60,60,60,60,60,60,60,60,60,60,60,60,60,60,60,60,60,60,60,60,60,60,60,60,60,60,60,60,60,60,60,60,60,60,60,60,60,60,60,60,60,60,60,60,60,60,60,60,60,60,60,60,60,60,60,60,60,60,60,60,60,60,60,60,60,60,60,60,60,60,60,60,60,60,60,60,60,60,60,60,60,60,60,60,60,60,60,60,60,60,60,60,60,60,60,60,60,60,60,60,60,60,60,60,60,60,60,60,60,60,60,60,60,60,60,60,60,60,60,60,60,60,60,60,60,60,60,60,51,32,16,8,4,2,1],"bd1":[2,4,2,4,8,4,4,8,16,12,12,24,48,36,28,52,60,54,35,54,60,56,38,57,60,57,39,58,60,56,40,59,60,58,42,58,60,58,42,59,60,58,43,60,60,58,43,60,60,58,44,60,60,58,44,60,60,58,44,60,60,58,45,60,60,58,45,60,60,58,45,60,60,58,44,60,60,58,47,60,60,58,47,60,60,58,45,60,60,58,47,60,60,58,47,60,60,58,46,60,60,58,47,60,60,58,46,60,60,57,46,60,60,57,46,60,60,57,46,60,60,56,46,60,60,57,46,60,60,56,47,60,60,57,48,60,60,57,47,60,60,57,47,60,60,58,48,60,60,57,47,60,60,57,47,60,60,57,46,60,60,57,47,60,60,57,47,60,60,57,47,60,60,57,46,60,60,56,46,60,60,56,46,60,60,56,46,60,60,56,46,60,60,56,46,60,60,58,47,60,60,57,46,60,60,57,46,60,60,57,46,60,60,57,46,60,60,57,46,60,60,57,46,60,60,57,46,60,60,57,47,60,60,57,46,60,60,58,46,60,60,58,46,60,60,58,46,60,60,58,46,60,60,58,46,60,60,58,46,60,60,58,46,60,60,58,46,60,60,58,46,60,60,58,46,60,60,58,45,60,60,58,45,60,60,58,45,60,60,58,45,60,60,58,45,60,60,58,45,60,60,58,45,60,60,58,46,60,60,58,44,60,60,58,44,60,60,58,44,60,60,58,44,60,60,58,44,60,60,58,44,60,60,58,44,60,60,58,44,60,60,58,43,60,60,58,43,60,60,58,42,60,60,57,42,60,60,57,41,60,60,57,41,60,60,57,41,60,60,57,40,59,60,56,40,59,60,56,38,59,60,56,38,59,60,56,38,59,60,54,36,54,60,48,26,32,32,16,8,8,8,4,2,2,2,1],"ts":[0.05,0.1,0.15000000000000002,0.2,0.25,0.30000000000000004,0.35000000000000003,0.4,0.45,0.5,0.55,0.6000000000000001,0.65,0.7000000000000001,0.75,0.8,0.8500000000000001,0.9,0.9500000000000001,1.0,1.05,1.1,1.1500000000000001,1.2000000000000002,1.25,1.3,1.35,1.4000000000000001,1.4500000000000002,1.5,1.55,1.6,1.6500000000000001,1.7000000000000002,1.75,1.8,1.85,1.9000000000000001,1.9500000000000002,2.0,2.0500000000000003,2.1,2.15,2.2,2.25,2.3000000000000003,2.35,2.4000000000000004,2.45,2.5,2.5500000000000003,2.6,2.6500000000000004,2.7,2.75,2.8000000000000003,2.85,2.9000000000000004,2.95,3.0,3.0500000000000003,3.1,3.1500000000000004,3.2,3.25,3.3000000000000003,3.35,3.4000000000000004,3.45,3.5,3.5500000000000003,3.6,3.6500000000000004,3.7,3.75,3.8000000000000003,3.85,3.9000000000000004,3.95,4.0,4.05,4.1000000000000005,4.15,4.2,4.25,4.3,4.3500000000000005,4.4,4.45,4.5,4.55,4.6000000000000005,4.65,4.7,4.75,4.800000000000001,4.8500000000000005,4.9,4.95,5.0,5.050000000000001],"gt":[{"re":0.9986046247094241,"im":0.0007664257034527897},{"re":0.9938958965603821,"im":0.05773815627609439},{"re":0.9822678734021261,"im":0.11424450032303658},{"re":0.9637845287633189,"im":0.1696822228336025},{"re":0.9385759879519696,"im":0.2234488719038776},{"re":0.9068456436425444,"im":0.27495626268400586},{"re":0.8688592907059864,"im":0.3236221203188516},{"re":0.8249523407809471,"im":0.3688914275692893},{"re":0.7755240212831066,"im":0.41023627953814934},{"re":0.7210295536360004,"im":0.44716343392300534},{"re":0.6619947385728537,"im":0.4792146745002505},{"re":0.5989926980436356,"im":0.5059999032836483},{"re":0.5326471501056234,"im":0.5271558929807156},{"re":0.46361755798917365,"im":0.5424183570384181},{"re":0.3926064947462419,"im":0.5515449882422244},{"re":0.3203498571298529,"im":0.5543848575106559},{"re":0.24759176399164107,"im":0.5508554977458882},{"re":0.1750876424416528,"im":0.5409524625484478},{"re":0.10359136977021496,"im":0.5247518986134677},{"re":0.03384557425200729,"im":0.5024083430200892},{"re":-0.033428307171038105,"im":0.47414904897392735},{"re":-0.0974790668840726,"im":0.4402825970099202},{"re":-0.15767940918655357,"im":0.40121390315419686},{"re":-0.21344341170896702,"im":0.35735151127774284},{"re":-0.2641631041160337,"im":0.3091362568038107},{"re":-0.30947799413323185,"im":0.25720521169450916},{"re":-0.349005443653424,"im":0.20217120544470166},{"re":-0.38230935796390797,"im":0.14453622740640834},{"re":-0.40900493200394067,"im":0.08501285541564094},{"re":-0.42878979459631417,"im":0.024348281576379922},{"re":-0.4414799431928289,"im":-0.036672225546915765},{"re":-0.4470141019030828,"im":-0.09720612158552368},{"re":-0.44544550372150643,"im":-0.15646244606894058},{"re":-0.43692663416131555,"im":-0.2135821088413571},{"re":-0.42175916780276657,"im":-0.26781197225337244},{"re":-0.40027387873804693,"im":-0.31842234815682563},{"re":-0.37301161951308304,"im":-0.3646661220070068},{"re":-0.34058794889348143,"im":-0.405911158860198},{"re":-0.3037319273277364,"im":-0.441650431558605},{"re":-0.2632241723519959,"im":-0.47151239854603083},{"re":-0.21986850242855768,"im":-0.49525018418918665},{"re":-0.17447681438222112,"im":-0.5127222729364473},{"re":-0.12868477194198916,"im":-0.5240232946667449},{"re":-0.08204510918966444,"im":-0.5298247922649663},{"re":-0.03558683585790451,"im":-0.5295307670141741},{"re":0.010299202175559914,"im":-0.5232592356241198},{"re":0.05491267634833279,"im":-0.5112350821109416},{"re":0.09759162892071081,"im":-0.49375727415242804},{"re":0.13772282511574344,"im":-0.47119567440157983},{"re":0.1747540618045551,"im":-0.4439858770739477},{"re":0.20820543729088772,"im":-0.41261723964593705},{"re":0.23767306569706603,"im":-0.3776142875005514},{"re":0.2628148331783126,"im":-0.3395170457923128},{"re":0.2833503229501974,"im":-0.29895891995044926},{"re":0.29911269091888804,"im":-0.25658756899567414},{"re":0.31000090489316845,"im":-0.21296877146141358},{"re":0.31595975925508946,"im":-0.16865947496578132},{"re":0.31696947211503756,"im":-0.12421113164847253},{"re":0.3130969812473796,"im":-0.07941343119952449},{"re":0.3041740170474209,"im":-0.03588487499516849},{"re":0.29062437975641386,"im":0.006100447712083201},{"re":0.2726945194415574,"im":0.04605837759168827},{"re":0.250665108395732,"im":0.08351070569776844},{"re":0.22481794653448894,"im":0.11804276447233361},{"re":0.19556576931695294,"im":0.14916164936293289},{"re":0.16347121338543028,"im":0.1764343472478686},{"re":0.12881767791728127,"im":0.19956415925144017},{"re":0.09230211744397462,"im":0.21827449498425333},{"re":0.054597714192272495,"im":0.232512677763869},{"re":0.016184973786455913,"im":0.24214385177714323},{"re":-0.022355608813248152,"im":0.24715287074876102},{"re":-0.060460100347881476,"im":0.24757496132113407},{"re":-0.09762923984288793,"im":0.24351192800320282},{"re":-0.13330012290156684,"im":0.23513002906400857},{"re":-0.16687246643140322,"im":0.22268057689675955},{"re":-0.19800256301420405,"im":0.20635789494688314},{"re":-0.22632049934333667,"im":0.18651198034857414},{"re":-0.25140601786206185,"im":0.16363060458392598},{"re":-0.2729204915350663,"im":0.13807460595545748},{"re":-0.2906455997468934,"im":0.1103631429723071},{"re":-0.3044425828441505,"im":0.08097344817106476},{"re":-0.3142399225796147,"im":0.0503873632547532},{"re":-0.32002509886594427,"im":0.019050216503485783},{"re":-0.32183022945771034,"im":-0.012595492971618017},{"re":-0.3197420624517606,"im":-0.04413228515545429},{"re":-0.31388049377216465,"im":-0.07515945070547178},{"re":-0.3044069148399534,"im":-0.10529968888214862},{"re":-0.29151884152468427,