{"bd2":[2,4,4,8,16,20,20,20,20,20,20,20,20,20,20,20,20,20,20,20,20,20,20,20,20,20,20,20,20,20,20,20,20,20,20,20,20,20,20,20,20,20,20,20,20,20,20,20,20,20,20,20,20,20,20,20,20,20,20,20,20,20,20,20,20,20,20,20,20,20,20,20,20,20,20,20,20,20,20,20,20,20,20,20,20,20,20,20,20,20,20,20,20,20,20,20,20,20,16,8,4,4,2,1],"taus":[0.1,0.2,0.30000000000000004,0.4,0.5,0.6000000000000001,0.7000000000000001,0.8,0.9,1.0,1.1,1.2000000000000002,1.3,1.4000000000000001,1.5,1.6,1.7000000000000002,1.8,1.9000000000000001,2.0,2.1,2.2,2.3000000000000003,2.4000000000000004,2.5,2.6,2.7,2.8000000000000003,2.9000000000000004,3.0,3.1,3.2,3.3000000000000003,3.4000000000000004,3.5,3.6,3.7,3.8000000000000003,3.9000000000000004,4.0,4.1000000000000005,4.2,4.3,4.4,4.5,4.6000000000000005,4.7,4.800000000000001,4.9,5.0,5.1000000000000005],"gtau":[0.1738053765855027,0.16259319499852193,0.15265111775058204,0.1437938942794653,0.13586993823110202,0.12875503265888638,0.12234672576684072,0.11655994286079586,0.11132361755902972,0.10657813467370457,0.10227366854955246,0.09836888958885252,0.09482897941396091,0.09162496412208013,0.08873311546270923,0.08613432482045158,0.08381362839381631,0.08175992604681499,0.07996589538004417,0.07842805677723448,0.07714630826662998,0.07612399506355495,0.07536952390403513,0.07489594270926225,0.07472154635786511,0.07487047430793003,0.07537109434658376,0.07625289874284286,0.07755158211281146,0.0793159600137666,0.08160850586458401,0.08450632617338327,0.08810462825055813,0.0925180109903128,0.09787843017259183,0.10426178645659283,0.11204279726632703,0.12144851209414177,0.132845640523863,0.14667033398358617,0.16347580961165595,0.18396577011708612,0.20904018482143089,0.239857675218257,0.2779195567751177,0.32518474363664,0.38422761847012016,0.45845686223973836,0.55242093856845,0.672230077897001,0.8261946234144972],"nn2":[0.697517002753621,0.5729588575996378,0.5559308460914704,0.5426292081149342,0.5322072840414034,0.5240183931044597,0.5175662623573153,0.5124694201432456,0.5084340544009354,0.5052327188408712,0.5026807802417371,0.5006481790731353,0.49902461466335485,0.4977206884598042,0.496669684464139,0.4958190757331336,0.4951274730903006,0.4945622695006255,0.4940979183166198,0.49371453394786996,0.4933966928832725,0.4931325071489797,0.49291350162391306,0.49273399033111054,0.49259175884874673,0.4924889498778038,0.492432161619891,0.49243007585187015,0.4924906800050076,0.4926205590817356,0.49282701770101206,0.493119796587316,0.4935120523009308,0.49402058004436594,0.49466376099723247,0.4954569864083041,0.4964069939958599,0.49753856972946714,0.4989104469626777,0.5005936060327948,0.5026759206764795,0.505267829082796,0.5085088069457188,0.512576312133369,0.517697570343366,0.5241651142399657,0.5323572589493122,0.5427650959319058,0.5560276409208118,0.5729820342143577],"bd1":[1,1,1,2,2,4,4,8,8,16,16,20,19,20,20,20,20,20,20,20,20,20,20,20,20,20,20,20,20,20,20,20,20,20,20,20,20,20,20,20,20,20,20,20,20,20,20,20,20,20,20,20,20,20,20,20,20,20,20,20,20,20,20,20,20,20,20,20,20,20,20,20,20,20,20,20,20,20,20,20,20,20,20,20,20,20,20,20,20,20,20,20,20,20,16,16,8,8,4,4,2,2,1,1],"nn":[0.8297890581252623,0.80495865145053,0.7834737640226428,0.7666944212346863,0.7535145501249116,0.7431130437340503,0.7348638282633547,0.7282890000816278,0.7230215366686731,0.7187837055492481,0.7153529404917168,0.7125625904393252,0.7102821164996518,0.7084078512478847,0.7068589191509087,0.7055721708731774,0.7044983104149579,0.7035989082687705,0.7028441345051339,0.7022112092804556,0.7016824842860162,0.7012444986468199,0.7008877621824199,0.7006059395230674,0.7003967407480813,0.7002630023698979,0.7002125991165759,0.7002564701769554,0.7004045904912818,0.7006640399119358,0.701042491944992,0.7015506130306302,0.7022031967117396,0.7030194746310151,0.7040203679150138,0.7052218209675815,0.7066316519788424,0.7082774344827645,0.7102303440864425,0.7125764230658173,0.7154224003562285,0.7189027613532741,0.7231878347823393,0.7284951351436828,0.7351046854620668,0.7433791521608186,0.7537912401310488,0.7669605411496018,0.7837038103001928,0.8051035039209604]}