{"bd2":[1,1,2,4,8,8,16,20,20,20,20,20,20,20,20,20,20,20,20,20,20,20,20,20,20,20,20,20,20,20,20,20,20,20,20,20,20,20,20,20,20,20,20,20,20,20,20,20,20,20,20,20,20,20,20,20,20,20,20,20,20,20,20,20,20,20,20,20,20,20,20,20,20,20,20,20,20,20,20,20,20,20,20,20,20,20,20,20,20,20,20,20,20,20,20,20,20,20,20,20,20,20,20,20,20,20,20,20,20,20,20,20,20,20,20,20,20,20,20,20,20,20,20,20,20,20,20,20,20,20,20,20,20,20,20,20,20,20,20,20,20,20,20,20,20,20,20,20,20,20,20,20,20,20,20,20,20,20,20,20,20,20,20,20,20,20,20,20,20,20,20,20,20,20,20,20,20,20,20,20,20,20,20,20,20,20,20,20,20,20,20,20,20,20,20,20,20,20,20,20,20,20,20,20,20,20,20,20,20,20,20,20,20,20,20,20,20,20,20,20,20,20,20,20,20,20,20,20,20,20,20,20,20,20,20,20,20,20,20,20,20,20,20,20,20,20,20,20,20,20,20,20,20,20,20,20,20,20,20,20,20,20,20,20,20,20,20,20,20,20,20,20,20,20,20,20,20,20,20,20,20,20,20,20,20,20,20,20,20,20,20,20,20,20,20,20,20,20,20,20,20,20,20,20,20,20,20,20,20,20,20,20,20,20,20,20,20,20,20,20,20,20,20,20,20,20,20,20,20,20,20,20,20,20,20,20,20,20,20,20,20,20,20,20,20,20,20,20,20,20,20,20,20,20,20,20,20,20,20,20,20,20,20,20,20,20,20,20,20,20,20,20,20,20,20,20,20,20,20,20,20,20,20,20,20,20,20,20,20,20,20,20,20,20,20,20,20,20,20,20,20,16,8,4,2,1],"bd1":[2,4,2,4,8,4,4,8,16,16,12,20,20,18,18,20,20,19,19,20,20,18,18,20,20,19,19,20,20,18,18,20,20,19,19,20,20,18,18,20,20,19,19,20,20,18,18,20,20,19,19,20,20,18,18,20,20,19,19,20,20,18,18,20,20,19,19,20,20,18,18,20,20,19,19,20,20,18,18,20,20,19,19,20,20,18,18,20,20,19,19,20,20,18,18,20,20,19,19,20,20,18,18,20,20,19,19,20,20,18,18,20,20,19,19,20,20,18,18,20,20,20,19,20,20,18,18,20,20,20,19,20,20,18,18,20,20,20,19,20,20,18,18,20,20,19,18,20,20,18,18,20,20,18,17,20,20,18,17,20,20,19,18,20,20,18,17,20,20,20,19,20,20,18,17,20,20,20,19,20,20,18,17,20,20,20,19,20,20,18,17,20,20,20,18,20,20,18,18,20,20,20,18,20,20,18,17,20,20,20,18,20,20,18,17,20,20,20,18,20,20,18,17,20,20,20,18,20,20,18,17,20,20,20,19,20,20,18,17,20,20,19,18,20,20,18,17,20,20,18,17,20,20,18,17,20,20,18,17,20,20,18,17,20,20,18,17,20,20,19,18,20,20,18,17,20,20,19,18,20,20,18,18,20,20,18,18,20,20,18,18,20,20,18,17,20,20,18,17,20,20,18,17,20,20,18,17,20,20,19,19,20,20,18,18,20,20,19,19,20,20,18,18,20,20,19,19,20,20,18,18,20,20,19,19,20,20,18,18,20,20,19,19,20,20,18,17,20,20,20,18,20,20,18,17,20,20,20,18,20,20,18,17,20,20,20,18,20,20,18,17,20,20,20,18,20,20,18,17,20,20,20,18,20,20,18,18,20,20,18,18,20,20,18,18,20,20,16,8,8,8,4,2,2,2,1],"ts":[0.05,0.1,0.15000000000000002,0.2,0.25,0.30000000000000004,0.35000000000000003,0.4,0.45,0.5,0.55,0.6000000000000001,0.65,0.7000000000000001,0.75,0.8,0.8500000000000001,0.9,0.9500000000000001,1.0,1.05,1.1,1.1500000000000001,1.2000000000000002,1.25,1.3,1.35,1.4000000000000001,1.4500000000000002,1.5,1.55,1.6,1.6500000000000001,1.7000000000000002,1.75,1.8,1.85,1.9000000000000001,1.9500000000000002,2.0,2.0500000000000003,2.1,2.15,2.2,2.25,2.3000000000000003,2.35,2.4000000000000004,2.45,2.5,2.5500000000000003,2.6,2.6500000000000004,2.7,2.75,2.8000000000000003,2.85,2.9000000000000004,2.95,3.0,3.0500000000000003,3.1,3.1500000000000004,3.2,3.25,3.3000000000000003,3.35,3.4000000000000004,3.45,3.5,3.5500000000000003,3.6,3.6500000000000004,3.7,3.75,3.8000000000000003,3.85,3.9000000000000004,3.95,4.0,4.05,4.1000000000000005,4.15,4.2,4.25,4.3,4.3500000000000005,4.4,4.45,4.5,4.55,4.6000000000000005,4.65,4.7,4.75,4.800000000000001,4.8500000000000005,4.9,4.95,5.0,5.050000000000001],"gt":[{"re":0.9998988679673999,"im":-0.01162916234436185},{"re":1.000407663690684,"im":0.036123720915506106},{"re":0.9944129622415471,"im":0.08398034247255363},{"re":0.9819379689534913,"im":0.13144912243631235},{"re":0.9629889450061999,"im":0.17787239751704578},{"re":0.9378221047298995,"im":0.22229705009012735},{"re":0.906288142848323,"im":0.26470342188638024},{"re":0.8690449201704457,"im":0.30392244909141736},{"re":0.826056326859432,"im":0.3398830103971431},{"re":0.7782001145699784,"im":0.37161049150604475},{"re":0.7255584039805191,"im":0.3989927434943847},{"re":0.6691765367924846,"im":0.4213087037510445},{"re":0.6092713898214284,"im":0.43842882645311587},{"re":0.5469615398374299,"im":0.4499440094979586},{"re":0.4825830240650069,"im":0.45576383828622186},{"re":0.4171812529413621,"im":0.4558728420914318},{"re":0.35136963519374415,"im":0.45022544501232403},{"re":0.28585011255929876,"im":0.4386445267772177},{"re":0.22137677820916418,"im":0.4216413359436489},{"re":0.15869443862606028,"im":0.3991688032976671},{"re":0.09832905863761938,"im":0.3717839165063566},{"re":0.04100379477521424,"im":0.33957047270824425},{"re":-0.012916898095187248,"im":0.30317635840283447},{"re":-0.06278215371375497,"im":0.2627787661994048},{"re":-0.10837339057371281,"im":0.2191066761862866},{"re":-0.1459092161364807,"im":0.17011509525319357},{"re":-0.1781112221378322,"im":0.11888357139847658},{"re":-0.20477824187657148,"im":0.0660418352718649},{"re":-0.22566000505208308,"im":0.012181572403591997},{"re":-0.240630881171936,"im":-0.042058215312819835},{"re":-0.2496303881949375,"im":-0.09602729964572188},{"re":-0.26961663686821347,"im":-0.12125000108054454},{"re":-0.27190606141310236,"im":-0.1689190015727346},{"re":-0.2670420215582029,"im":-0.21757328976011417},{"re":-0.25683029816856623,"im":-0.26406636483362617},{"re":-0.24140748984195956,"im":-0.30789789500078996},{"re":-0.2210327269463124,"im":-0.3484938263954949},{"re":-0.19601024059738598,"im":-0.3853345561696773},{"re":-0.16669077682060823,"im":-0.4179218463211728},{"re":-0.1335332719048572,"im":-0.44582522776952255},{"re":-0.09699817128857165,"im":-0.4686228259705711},{"re":-0.057513489473892204,"im":-0.48614381191060424},{"re":-0.016164725148114876,"im":-0.4976938379945011},{"re":0.026756772525590857,"im":-0.5034041565663588},{"re":0.07164031224532397,"im":-0.5048213824609501},{"re":0.11772376420566454,"im":-0.5000944555640836},{"re":0.16426746969835793,"im":-0.48866346645399866},{"re":0.21037563804801132,"im":-0.4704188241128206},{"re":0.25517719857693444,"im":-0.4451193492149593},{"re":0.297764095162174,"im":-0.41304720957585395},{"re":0.3371703305976641,"im":-0.3741915284210362},{"re":0.37257573033442604,"im":-0.32919857586911905},{"re":0.4029344871279023,"im":-0.2783511524605029},{"re":0.4276908886206281,"im":-0.2226924145429272},{"re":0.44545735920698337,"im":-0.16400221221489994},{"re":0.45654731675842347,"im":-0.10245056530713793},{"re":0.4601962278215365,"im":-0.038801358356276655},{"re":0.45656724386387326,"im":0.0257859560711405},{"re":0.4451778736992086,"im":0.09022330299079719},{"re":0.4266576969185202,"im":0.15351166895647575},{"re":0.4007872429746614,"im":0.21426490782101634},{"re":0.3685379051674761,"im":0.2718907014736216},{"re":0.3302425210818587,"im":0.3248452988661523},{"re":0.2869352001177146,"im":0.37179234668902406},{"re":0.23924986609959387,"im":0.4131286000816414},{"re":0.1918984313840995,"im":0.4502304057111438},{"re":0.1411802928704902,"im":0.48495926956303875},{"re":0.08719180083628647,"im":0.5136775349625364},{"re":0.030055081575832157,"im":0.5365913123661034},{"re":-0.0288912567708382,"im":0.5528079206259684},{"re":-0.08939679950436293,"im":0.5625366225719969},{"re":-0.15009908669005637,"im":0.5652436559999565},{"re":-0.21065817432602776,"im":0.5611444335600252},{"re":-0.2697473463336461,"im":0.550003266246526},{"re":-0.32698623671390675,"im":0.5322094753659495},{"re":-0.38115022621569455,"im":0.5078565801967558},{"re":-0.4318247388115641,"im":0.47730323718192164},{"re":-0.4779877131104741,"im":0.4409941678716267},{"re":-0.5192099283458885,"im":0.399303022794859},{"re":-0.5546747199719616,"im":0.35298414621441576},{"re":-0.584102000075054,"im":0.30242538261979923},{"re":-0.6072185053220561,"im":0.249772237714299},{"re":-0.6236646419563523,"im":0.19411434292192778},{"re":-0.6328047527915251,"im":0.13666098888745234},{"re":-0.6346083271197595,"im":0.0775151500525079},{"re":-0.6281216143079319,"im":0.017294569168455433},{"re":-0.6141200884747698,"im":-0.042905196898164064},{"re":-0.5925390237781454,"im":-0.10167668385827061},{"re":-0.564611342980373,