{"bd2":[1,1,2,4,8,16,31,39,66,55,80,63,80,75,80,80,80,80,80,80,80,80,80,80,80,80,80,80,80,80,80,80,80,80,80,80,80,80,80,80,80,80,80,80,80,80,80,80,80,80,80,80,80,80,80,80,80,80,80,80,80,80,80,80,80,80,80,80,80,80,80,80,80,80,80,80,80,80,80,80,80,80,80,80,80,80,80,80,80,80,80,80,80,80,80,80,80,80,80,80,80,80,80,80,80,80,80,80,80,80,80,80,80,80,80,80,80,80,80,80,80,80,80,80,80,80,80,80,80,80,80,80,80,80,80,80,80,80,80,80,80,80,80,80,80,80,80,80,80,80,80,80,80,80,80,80,80,80,80,80,80,80,80,80,80,80,80,80,80,80,80,80,80,80,80,80,80,80,80,80,80,80,80,80,80,79,80,75,80,67,80,57,80,53,62,37,31,16,8,4,2,1,1,1],"taus":[0.05,0.1,0.15000000000000002,0.2,0.25,0.30000000000000004,0.35000000000000003,0.4,0.45,0.5,0.55,0.6000000000000001,0.65,0.7000000000000001,0.75,0.8,0.8500000000000001,0.9,0.9500000000000001,1.0,1.05,1.1,1.1500000000000001,1.2000000000000002,1.25,1.3,1.35,1.4000000000000001,1.4500000000000002,1.5,1.55,1.6,1.6500000000000001,1.7000000000000002,1.75,1.8,1.85,1.9000000000000001,1.9500000000000002,2.0,2.0500000000000003,2.1,2.15,2.2,2.25,2.3000000000000003,2.35,2.4000000000000004,2.45,2.5,2.5500000000000003,2.6,2.6500000000000004,2.7,2.75,2.8000000000000003,2.85,2.9000000000000004,2.95,3.0,3.0500000000000003,3.1,3.1500000000000004,3.2,3.25,3.3000000000000003,3.35,3.4000000000000004,3.45,3.5,3.5500000000000003,3.6,3.6500000000000004,3.7,3.75,3.8000000000000003,3.85,3.9000000000000004,3.95,4.0,4.05,4.1000000000000005,4.15,4.2,4.25,4.3,4.3500000000000005,4.4,4.45,4.5,4.55,4.6000000000000005,4.65,4.7,4.75,4.800000000000001,4.8500000000000005,4.9,4.95,5.0,5.050000000000001],"gtau":[0.3295418411638923,0.3162431111809037,0.3037227850100318,0.2919269067422687,0.2808061496119526,0.27031535231783005,0.26041310912802534,0.2510614068547839,0.24222530267940032,0.23387263771986597,0.22597378191354744,0.218501406417367,0.21143028017440613,0.20473708790044884,0.19840026684725365,0.19239986042409923,0.18671738650744915,0.18133571905160928,0.17623898054236056,0.17141244781299117,0.16684246358719027,0.16251635873149975,0.15842238141051612,0.15454963311247277,0.15088801087297207,0.1474281552915236,0.14416140304067698,0.1410797446958666,0.13817578646458856,0.13544271582201384,0.13287427014662348,0.13046470971329188,0.12820879298691834,0.12610175496158219,0.1241392880800613,0.1223175257629553,0.12063302835010765,0.11908277082400005,0.11766413414799134,0.1163748960248509,0.11521322547075095,0.1141776795465757,0.11326720323869163,0.11248112751464527,0.11181917334155594,0.11128145379016363,0.11086848438538276,0.11058118525673012,0.11042089845196032,0.11038939665336482,0.11048889914830046,0.11072209069569003,0.11109213946526335,0.11160272226964715,0.11225805027508243,0.1130628979496441,0.1140226348311239,0.11514326394653562,0.11643146184865179,0.1178946222768716,0.11954090832703049,0.12137930580254351,0.12341968450513979,0.12567286587890625,0.12815069605211768,0.13086612890080268,0.1338333157099876,0.13706770574192034,0.1405861549685854,0.14440704876463584,0.14855043579829869,0.15303817722503515,0.15789411073857265,0.16314423298421388,0.16881690173580643,0.17494306009591587,0.18155648549916048,0.18869406701415048,0.19639611378878505,0.20470669855834403,0.21367404194810138,0.22335094104072212,0.23379524946358074,0.24507041503650492,0.2572460841093489,0.27039877920434785,0.28461266313302896,0.2999804003018038,0.3166041292319971,0.3345965630143227,0.3540822362214211,0.37519892035095354,0.39809923691152216,0.42295248964870275,0.449946761478477,0.4792913123950772,0.5112193286901096,0.5459910818821663,0.5838975657646989,0.6252646938624695,0.6704581588361077],"bd1":[2,4,2,4,4,8,8,16,16,32,26,48,28,56,28,56,30,60,34,68,34,68,36,72,40,76,40,76,42,76,46,80,44,80,46,80,46,80,46,80,48,80,48,80,48,80,48,80,48,80,48,80,48,80,48,80,48,80,48,80,48,80,48,80,48,80,48,80,48,80,48,80,48,80,48,80,48,80,48,80,48,80,48,80,48,80,48,80,50,80,50,80,50,80,50,80,50,80,50,80,50,80,50,80,50,80,50,80,50,80,50,80,48,80,48,80,48,80,48,80,48,80,48,80,48,80,50,80,48,80,48,80,48,80,48,80,48,80,48,80,48,80,48,80,48,80,48,80,48,80,48,80,46,80,46,80,46,80,46,80,46,80,46,80,44,80,44,80,42,76,40,76,38,74,37,72,36,72,36,72,36,68,34,68,34,64,32,64,32,60,30,56,28,48,24,32,16,16,8,8,4,4,2,1],"nn":[0.6020778139463453,0.5857946797643963,0.5711695407503512,0.5580239371654465,0.5461993436825799,0.5355548843231622,0.5259653163003052,0.5173192500884831,0.509517577307125,0.5024720814614283,0.49610420967402474,0.49034398623347125,0.4851290512760217,0.48040380977592345,0.4761186783032879,0.47222941801934726,0.46869655208255157,0.46548479868099435,0.46256267442308674,0.459902034360839,0.45747771984971697,0.455267231863342,0.4532504433564358,0.4514093435781705,0.4497278107374995,0.4481914104097238,0.4467872156732726,0.4455036478452599,0.44433033473961925,0.44325798508360914,0.4422782765090314,0.44138375615018927,0.4405677522155684,0.4398242958878797,0.4391480514422431,0.4385342519810067,0.43797864264449604,0.43747746794329706,0.4370273772582873,0.4366254020674461,0.43626892044691473,0.435955664562513,0.43568365524829245,0.43545118965138274,0.4352568312614526,0.435099391978419,0.43497791455922297,0.4348916646468619,0.43484012253196613,0.4348229784251679,0.43484012943059147,0.434891677985533,0.4349779331401466,0.4350994134528611,0.43525685363216193,0.4354512107222195,0.4356836755192305,0.4359556846319483,0.43626893697927516,0.4366254115445592,0.4370273887422946,0.43747747604571574,0.437978636381045,0.4385342215628185,0.4391480092395921,0.4398242458985404,0.4405676952963389,0.44138369286231033,0.4422782071787161,0.44325791013584526,0.4443302544976348,0.44550356302645383,0.4467871263665402,0.44819131574248733,0.44972772253457827,0.4514092579548564,0.4532503616234558,0.4552671538653903,0.4574776453808663,0.4599019630895837,0.4625626059976809,0.4654847331356671,0.46869648871984637,0.4722293562627756,0.4761186145406945,0.48040374052653767,0.4851289736072809,0.4903438957481871,0.49610410132737937,0.5024719498629002,0.5095174170757925,0.5173190559829486,0.5259650840973963,0.5355546117954249,0.546199032299778,0.5580235940793162,0.5711691814041308,0.5857943311708923,0.6020775185727854]}