{"bd2":[2,4,4,8,16,32,40,40,38,40,40,40,40,40,40,40,40,40,40,40,40,40,40,40,40,40,40,40,40,40,40,40,40,40,40,40,40,40,40,40,40,40,40,40,40,40,40,40,40,40,40,40,40,40,40,40,40,40,40,40,40,40,40,40,40,40,40,40,40,40,40,40,40,40,40,40,40,40,40,40,40,40,40,40,40,40,40,40,40,40,40,40,40,40,40,40,40,32,16,8,4,4,2,1],"taus":[0.1,0.2,0.30000000000000004,0.4,0.5,0.6000000000000001,0.7000000000000001,0.8,0.9,1.0,1.1,1.2000000000000002,1.3,1.4000000000000001,1.5,1.6,1.7000000000000002,1.8,1.9000000000000001,2.0,2.1,2.2,2.3000000000000003,2.4000000000000004,2.5,2.6,2.7,2.8000000000000003,2.9000000000000004,3.0,3.1,3.2,3.3000000000000003,3.4000000000000004,3.5,3.6,3.7,3.8000000000000003,3.9000000000000004,4.0,4.1000000000000005,4.2,4.3,4.4,4.5,4.6000000000000005,4.7,4.800000000000001,4.9,5.0,5.1000000000000005],"gtau":[0.3298255262700685,0.30501611512179616,0.2829785818536538,0.2633477120118356,0.24581653966531158,0.23012588576994475,0.21605614675755236,0.20342065321354985,0.19206032341019122,0.1818393179100359,0.17264149759377947,0.16436752789436282,0.15693250687397306,0.15026402264238087,0.14430056427494659,0.13899023158392204,0.13428968804685928,0.13016332540259934,0.12658256733305026,0.12352524818172489,0.12097521237030691,0.11892228646688546,0.11736216407859562,0.11629652669562542,0.11573318987171712,0.11568640093078704,0.11617716703975614,0.11723398569285594,0.11889353444720326,0.1212016626497381,0.12421461513910455,0.12800057162978667,0.13264143090443392,0.1382350984922033,0.1448982088738335,0.15276920815887127,0.16201111238509744,0.17282290900189445,0.18543778806147954,0.20013604410331537,0.21725106328200722,0.23718276174051475,0.2604122144346347,0.2875202202988276,0.3192107405955131,0.3563407530858326,0.39995843864849867,0.45135243175670275,0.5121159927115727,0.5842300465679732,0.6701744737299316],"nn2":[0.6198522066444994,0.5441146999604296,0.5179634451925287,0.49671815931617547,0.479409305439534,0.46526762432595675,0.45368131284676755,0.4441626570315505,0.43632196550711366,0.42984715725191447,0.4244877433028672,0.42004223187578327,0.4163482060949576,0.413274498143455,0.41071501185099835,0.40858385095488403,0.40681149905225295,0.4053419016330255,0.4041301802891286,0.4031408648841476,0.4023458323472386,0.40172268376860076,0.4012539510470791,0.4009266291457073,0.40073171734863505,0.4006640160881533,0.40072169590807116,0.4009064699702847,0.40122354989768844,0.4016818526226202,0.4022943851460897,0.40307873534979716,0.4040577750433759,0.4052605979345411,0.40672369903676303,0.4084921606790319,0.4106181032411747,0.413169761729711,0.4162347725062465,0.4199198036667172,0.4243565379722786,0.42970791169170064,0.43617600187574385,0.44401201276847435,0.45352894690811124,0.46511769196525676,0.4792675331289027,0.4965923378690291,0.517864050254894,0.5440556949625248],"bd1":[1,1,1,2,2,4,4,8,8,16,16,32,21,40,24,40,26,40,27,40,28,40,28,40,29,40,29,40,30,40,30,40,31,40,31,40,31,40,31,40,31,40,31,40,31,40,31,40,31,40,31,40,31,40,31,40,31,40,32,40,32,40,32,40,32,40,32,40,32,40,31,40,31,40,31,40,31,40,31,40,30,40,30,40,29,40,29,40,26,40,24,40,21,32,16,16,8,8,4,4,2,2,1,1],"nn":[0.6701766320411465,0.6344564160389607,0.6054632984453244,0.5818486862616061,0.5625473212877753,0.5467165213398754,0.5336877851443578,0.5229293124831644,0.5140168914461967,0.5066112238393858,0.5004402159958303,0.49528508609619365,0.4909695252054013,0.4873510988009238,0.4843145290913147,0.48176641572171586,0.47963109504297896,0.47784746451201526,0.47636659579579677,0.47514979546518615,0.47416634208755765,0.4733917028218047,0.47280669936333747,0.4723970287154914,0.4721527786159466,0.47206821730371845,0.47214132317222157,0.4723739792622401,0.4727719222651734,0.4733449637455505,0.4741074051261211,0.4750785624419598,0.4762835218861412,0.47775414802514243,0.47953035006541966,0.48166132750603874,0.4842036069879706,0.4872312479090662,0.4908396910005676,0.4951448969150652,0.5002899123013528,0.506451671165116,0.5138496257257645,0.5227566988450967,0.5335132457291546,0.5465448456665546,0.5623850868517186,0.581704815946301,0.605349755402656,0.6343891139287958]}