{"ns":[0.0,0.4999990973682037],"Ileft":[0.0,0.013401071936683178],"Iright":[0.0,-0.01340093576344704],"ts":[0.0,62.99999999999999]}