{"ns":[0.0,0.4999999879475545],"Ileft":[0.0,0.0028574883388043414],"Iright":[0.0,-0.0028574766203481694],"ts":[0.0,84.0]}