{"ns":[0.0,0.49999909736819637],"Ileft":[0.0,0.010895318267588975],"Iright":[0.0,-0.010895182094352614],"ts":[0.0,62.99999999999999]}