{"ns":[0.0,0.49999909736820886],"Ileft":[0.0,0.015758027624759814],"Iright":[0.0,-0.015757891451523738],"ts":[0.0,62.99999999999999]}