{"ns":[0.0,0.49999907088408396],"Ileft":[0.0,0.008407691015696156],"Iright":[0.0,-0.008407570674612324],"ts":[0.0,62.99999999999999]}