{"ns":[0.0,0.49999907088408313],"Ileft":[0.0,0.0056692317281157225],"Iright":[0.0,-0.005669111387031929],"ts":[0.0,62.99999999999999]}