{"ts_I":[0.06999999999999999],"ns":[0.00024538060011300536,0.0009836495975044835,0.00220736835633971,0.003906942425531182,0.006070715261665406,0.008685074787611456,0.011734571511995386,0.015202046841775469,0.019068770147016967,0.023314583083370213],"Ileft":[0.0035092440120287594],"Iright":[0.0034694595471467383],"bd":[1,1,1,1,2,4,8,16,32,64,128,160,160,160,160,160,160,160,160,160,160,160,160,160,160,160,160,160,160,160,160,160,160,160,160,160,160,160,160,160,160,160,160,160,160,160,160,160,160,160,160,160,160,160,160,160,160,160,160,160,160,160,160,160,160,160,160,160,160,160,160,160,160,160,160,160,160,160,154,122,92,62,32,16,8,4,2,1,1,1,1,1],"ts":[0.06999999999999999,0.13999999999999999,0.20999999999999996,0.27999999999999997,0.35,0.41999999999999993,0.48999999999999994,0.5599999999999999,0.6299999999999999,0.7]}