{"bd2":[1,1,2,4,8,16,32,53,96,98,140,140,140,140,140,140,140,140,140,140,140,140,140,140,140,140,140,140,140,140,140,140,140,140,140,140,140,140,140,140,140,140,140,140,140,140,140,140,140,140,140,140,140,140,140,140,140,140,140,140,140,140,140,140,140,140,140,140,140,140,140,140,140,140,140,140,140,140,140,140,140,140,140,140,140,140,140,140,140,140,140,140,140,140,140,140,140,140,140,140,140,140,140,140,140,140,140,140,140,140,140,140,140,140,140,140,140,140,140,140,140,140,140,140,140,140,140,140,140,140,140,140,140,140,140,140,140,140,140,140,140,140,140,140,140,140,140,140,140,140,140,140,140,140,140,140,140,140,140,140,140,140,140,140,140,140,140,140,140,140,140,140,140,140,140,140,140,140,140,140,140,140,140,140,140,140,140,140,140,140,140,117,140,90,92,51,32,16,8,4,2,1,1,1],"taus":[0.1,0.2,0.30000000000000004,0.4,0.5,0.6000000000000001,0.7000000000000001,0.8,0.9,1.0,1.1,1.2000000000000002,1.3,1.4000000000000001,1.5,1.6,1.7000000000000002,1.8,1.9000000000000001,2.0,2.1,2.2,2.3000000000000003,2.4000000000000004,2.5,2.6,2.7,2.8000000000000003,2.9000000000000004,3.0,3.1,3.2,3.3000000000000003,3.4000000000000004,3.5,3.6,3.7,3.8000000000000003,3.9000000000000004,4.0,4.1000000000000005,4.2,4.3,4.4,4.5,4.6000000000000005,4.7,4.800000000000001,4.9,5.0,5.1000000000000005,5.2,5.300000000000001,5.4,5.5,5.6000000000000005,5.7,5.800000000000001,5.9,6.0,6.1000000000000005,6.2,6.300000000000001,6.4,6.5,6.6000000000000005,6.7,6.800000000000001,6.9,7.0,7.1000000000000005,7.2,7.300000000000001,7.4,7.5,7.6000000000000005,7.7,7.800000000000001,7.9,8.0,8.1,8.200000000000001,8.3,8.4,8.5,8.6,8.700000000000001,8.8,8.9,9.0,9.1,9.200000000000001,9.3,9.4,9.5,9.600000000000001,9.700000000000001,9.8,9.9,10.0,10.100000000000001],"gtau":[0.01056919479915595,0.009180007270278023,0.008607093429669537,0.008204716889712669,0.00786739449779192,0.007565730433792241,0.007288761005303179,0.007031407916222519,0.006790848846756595,0.006565255641723316,0.0063532934314827405,0.006153901038349333,0.005966184909179859,0.00578936704702283,0.0056227520822463625,0.005465710997111017,0.0053176681268292565,0.0051780958926160685,0.005046506265994013,0.0049224480381521475,0.004805502888300073,0.004695282616594762,0.004591426729160555,0.004493600367834502,0.0044014926038310285,0.004314814250057756,0.004233295844715226,0.004156687814302422,0.004084757900402023,0.004017290936859661,0.003954086512171713,0.00389495959200508,0.00383973852196808,0.0037882644178475677,0.003740390660441472,0.003695982337931376,0.0036549151761680223,0.0036170749144913274,0.0035823580829513605,0.00355066901800482,0.0035219219997293435,0.00349603917117706,0.0034729512222739086,0.003452596610941068,0.0034349210696460923,0.0034198779226211236,0.003407427516850333,0.0033975371469870874,0.003390180907663121,0.0033853395773335835,0.003383000532820846,0.0033831577054603385,0.0033858115424661834,0.0033909690243757616,0.0033986436927546876,0.0034088556348651784,0.0034216317246147936,0.003437005629893507,0.003455018000018612,0.003475716620166371,0.0034991566511236557,0.003525400868002081,0.0035545199746501712,0.0035865929221671187,0.0036217072989465074,0.003659959521935587,0.0037014555969762937,0.003746312074045992,0.003794655674574049,0.003846625620749951,0.003902373584037783,0.0039620654375219205,0.004025884602737997,0.004094033882215347,0.004166742504179778,0.004244273230693821,0.0043269389018348,0.004415123922066164,0.004509328587373857,0.004610239426971305,0.004718852305253297,0.004836685639975083,0.0049661513967852134,0.00511119664917079,0.005278430812757824,0.005479080360095784,0.005732412742598954,0.006071723083162289,0.0065548233963787965,0.007282456036237458,0.008430699961389891,0.010308200921540084,0.013457812420112313,0.018838539710833768,0.028155948245353658,0.04447694136061332,0.0734273423255068,0.1257428232176113,0.22376307354961503,0.42484572496619283,0.989430805200844],"bd1":[2,4,2,4,4,8,8,16,16,32,32,64,64,128,128,140,140,140,140,140,140,140,140,140,140,140,140,140,140,140,140,140,140,140,140,140,140,140,140,140,140,140,140,140,140,140,140,140,140,140,140,140,140,140,140,140,140,140,140,140,140,140,140,140,140,140,140,140,140,140,140,140,140,140,140,140,140,140,140,140,140,140,140,140,140,140,140,140,140,140,140,140,140,140,140,140,140,140,140,140,140,140,140,140,140,140,140,140,140,140,140,140,140,140,140,140,140,140,140,140,140,140,140,140,140,140,140,140,140,140,140,140,140,140,140,140,140,140,140,140,140,140,140,140,140,140,140,140,140,140,140,140,140,140,140,140,140,140,140,140,140,140,140,140,140,140,140,140,140,140,140,140,140,140,140,140,140,140,140,140,140,140,140,140,140,140,140,140,140,140,128,128,64,64,32,32,16,16,8,8,4,4,2,1],"nn":[0.989430805200844,0.9845508227442586,0.9820302898347879,0.980680950541266,0.9799463440549222,0.979542042741844,0.9793174508936091,0.9791914306765414,0.9791198214481295,0.979078424870164,0.979053912515642,0.9790389108223935,0.9790293234070345,0.9790228629457314,0.9790182459281366,0.9790147468129079,0.9790119517654061,0.9790096213056244,0.9790076145411962,0.9790058461369372,0.9790042632257403,0.9790028318010721,0.9790015288029815,0.9790003375725513,0.9789992448347863,0.9789982398382784,0.9789973150478416,0.9789964633481566,0.9789956790600538,0.978994956563811,0.9789942914496232,0.9789936790739722,0.9789931157557791,0.9789925982917403,0.9789921237470235,0.9789916894071561,0.9789912931574836,0.978990932259764,0.9789906052931788,0.978990310406368,0.9789900458867368,0.9789898103560204,0.9789896026452509,0.978989421497229,0.9789892662135403,0.9789891361114242,0.9789890305366766,0.9789889489479404,0.9789888909260337,0.9789888561962157,0.9789888445795689,0.9789888560416536,0.9789888906285157,0.9789889485026351,0.9789890299491408,0.9789891353838921,0.9789892652987002,0.978989420351919,0.9789896013100571,0.9789898090572402,0.9789900446295017,0.9789903092147426,0.9789906041478055,0.9789909310206223,0.9789912917327229,0.9789916883508184,0.9789921225339638,0.9789925972195094,0.9789931147005444,0.978993677900798,0.9789942901219854,0.9789949556060036,0.9789956780379031,0.9789964624591204,0.9789973137200986,0.978998238439344,0.978999242700432,0.9790003355067299,0.97900152725906,0.9790028305439524,0.9790042618413646,0.9790058442892595,0.9790076122562964,0.9790096190016502,0.9790119495395048,0.9790147446899937,0.9790182438631818,0.9790228611921752,0.9790293221404329,0.9790389104297323,0.9790539125060422,0.9790784250967784,0.9791198215182081,0.9791914295162845,0.9793174470955256,0.9795420352546308,0.9799463336034523,0.9806809394787042,0.9820302809198912,0.9845508223475042]}