{"bd2":[2,4,4,4,4,8,8,8,16,32,32,32,50,50,50,50,50,50,50,50,50,50,50,50,50,50,50,50,50,50,50,50,50,32,32,32,16,8,8,8,4,2,2,2,2,1,1,1],"taus":[0.1,0.2,0.30000000000000004,0.4,0.5,0.6000000000000001,0.7000000000000001,0.8,0.9,1.0,1.1],"gtau":[0.4053326990480237,0.3959886433315226,0.39305153832142203,0.3956377074033987,0.4035727073181082,0.4170275427344522,0.43642954969038733,0.4624713889283367,0.49620116068881437,0.5392678152206974,0.5946673009519763],"bd1":[1,1,1,1,1,2,2,4,4,8,8,16,16,32,32,50,50,50,50,50,50,50,50,50,50,50,50,50,50,50,50,50,50,50,50,50,32,32,16,16,8,8,4,4,2,2,1,1],"nn":[0.5946673009519763,0.5757631206698471,0.5619185703848844,0.5524688141884244,0.5469691016589588,0.5451636884584781,0.546969100128696,0.5524688124155295,0.5619185685425202,0.575763118688257]}