{"bd2":[2,4,4,4,4,8,8,8,16,32,32,32,64,98,98,98,176,156,156,156,200,192,192,192,200,200,200,200,200,200,200,200,200,200,200,200,200,200,200,200,200,200,200,200,200,200,200,200,200,200,200,200,200,200,200,200,200,200,200,200,200,200,200,200,200,200,200,200,200,200,200,200,200,200,200,200,200,200,200,200,200,200,200,200,200,200,200,200,200,200,200,200,200,200,200,200,200,200,200,200,200,200,200,200,200,200,200,200,200,200,200,200,200,200,200,200,200,200,200,200,200,200,200,200,200,200,200,200,200,200,200,200,200,200,200,200,200,200,200,200,200,200,200,200,200,200,200,200,200,200,200,200,200,200,200,200,200,200,200,200,200,200,200,200,200,200,200,200,200,200,200,200,200,200,200,200,200,200,200,200,200,194,194,194,200,158,158,158,170,98,98,98,64,32,32,32,16,8,8,8,4,2,2,2,2,1,1,1],"taus":[0.1,0.2,0.30000000000000004,0.4,0.5,0.6000000000000001,0.7000000000000001,0.8,0.9,1.0,1.1,1.2000000000000002,1.3,1.4000000000000001,1.5,1.6,1.7000000000000002,1.8,1.9000000000000001,2.0,2.1,2.2,2.3000000000000003,2.4000000000000004,2.5,2.6,2.7,2.8000000000000003,2.9000000000000004,3.0,3.1,3.2,3.3000000000000003,3.4000000000000004,3.5,3.6,3.7,3.8000000000000003,3.9000000000000004,4.0,4.1000000000000005,4.2,4.3,4.4,4.5,4.6000000000000005,4.7,4.800000000000001,4.9,5.0,5.1000000000000005],"gtau":[0.3708808120680911,0.3412031652937072,0.31579183690731405,0.2934345132510428,0.27351497522312707,0.25564672333933164,0.2395556065292732,0.22503190790124009,0.21190735835579583,0.20004272924789518,0.18932050239667156,0.17964021860311039,0.1709153543537685,0.16307113056000816,0.1560429191487046,0.14977505730891089,0.14421996284266625,0.1393374558638219,0.13509425754470306,0.13146362867746475,0.12842512976852347,0.1259644892705735,0.12407357295614173,0.12275045163819116,0.1219995679437516,0.12183200359384037,0.12226585459280274,0.12332672229824493,0.12504833069257018,0.12747328641503233,0.1306539977556089,0.13465377603230974,0.13954814730119902,0.14542640900156983,0.15239347482262003,0.1605720632609043,0.17010530187407943,0.1811598426582034,0.19392958781979275,0.2086402633346,0.2255550081495487,0.24498139543300432,0.26728042996557905,0.2928784354745528,0.32228340153263263,0.35610866715241113,0.3951096867333808,0.44024656320921635,0.4928042725854463,0.5546665422539051,0.6291191879319089],"bd1":[1,1,1,1,1,2,2,4,4,8,8,16,16,32,32,64,64,128,116,200,179,200,200,200,200,200,200,200,200,200,200,200,200,200,200,200,200,200,200,200,200,200,200,200,200,200,200,200,200,200,200,200,200,200,200,200,200,200,200,200,200,200,200,200,200,200,200,200,200,200,200,200,200,200,200,200,200,200,200,200,200,200,200,200,200,200,200,200,200,200,200,200,200,200,200,200,200,200,200,200,200,200,200,200,200,200,200,200,200,200,200,200,200,200,200,200,200,200,200,200,200,200,200,200,200,200,200,200,200,200,200,200,200,200,200,200,200,200,200,200,200,200,200,200,200,200,200,200,200,200,200,200,200,200,200,200,200,200,200,200,200,200,200,200,200,200,200,200,200,200,200,200,200,200,200,200,200,200,200,200,200,200,200,200,200,200,200,200,200,200,200,200,122,128,64,64,32,32,16,16,8,8,4,4,2,2,1,1],"nn":[0.6291191879319088,0.5904840597834942,0.5590232428590157,0.5333231626242371,0.5122671641816448,0.4949675086832726,0.4807154017601959,0.4689430555445751,0.459194393933319,0.45110220355466213,0.44437019334302913,0.43875884306246615,0.43407420074746766,0.4301589901208058,0.42688554196522127,0.4241501593941294,0.4218686187065459,0.41997258901574164,0.41840677465077225,0.41712664167614144,0.4160966158367382,0.41528866452718727,0.41468119458578684,0.41425821340640046,0.4140087139371118,0.41392625466908267,0.41400871520661353,0.4142582160001188,0.4146811985702219,0.41528866998033764,0.4160966228240753,0.4171266502873517,0.4184067850002658,0.41997260121421565,0.4218686328280768,0.4241501745629814,0.42688555507906206,0.4301589966965744,0.4340742013657706,0.4387588394221276,0.44437018559727254,0.4511021917297863,0.4591943780917699,0.46894303578303137,0.4807153784010255,0.49496748220743725,0.5122671355044599,0.5333231334575563,0.5590232163144957,0.5904840415077428]}