{"bd2":[1,1,2,4,8,16,31,43,71,64,98,79,122,91,136,105,154,113,164,125,177,133,190,139,198,144,200,148,200,154,200,160,200,163,200,169,200,173,200,179,200,183,200,182,200,187,200,192,200,194,200,198,200,200,200,200,200,200,200,200,200,200,200,200,200,200,200,200,200,200,200,200,200,200,200,200,200,200,200,200,200,200,200,200,200,200,200,200,200,200,200,200,200,200,200,200,200,200,200,200,200,200,200,200,200,200,200,200,200,200,200,200,200,200,200,200,200,200,200,200,200,200,200,200,200,200,200,200,200,200,200,200,200,200,200,200,200,200,200,200,200,200,200,200,200,200,200,200,200,200,200,200,200,200,200,200,200,200,200,200,200,200,200,200,200,200,200,200,200,200,200,200,200,200,200,200,200,200,200,200,200,200,200,200,200,200,200,200,200,200,200,200,200,200,200,200,200,200,200,200,200,200,200,200,200,200,200,200,200,200,200,200,200,200,200,200,200,200,200,200,200,200,200,200,200,200,200,200,200,200,200,200,200,200,200,200,200,200,200,200,200,200,200,200,200,200,200,200,200,200,200,200,200,200,200,200,200,200,200,200,200,200,200,200,200,200,200,200,200,200,200,200,200,200,200,200,200,200,200,200,200,200,200,200,200,200,200,200,200,200,200,200,200,200,200,200,200,200,200,200,200,200,200,200,200,200,200,200,200,200,200,200,200,200,200,200,200,200,200,200,200,200,200,200,200,200,200,200,200,200,200,200,200,200,200,200,200,200,200,200,200,200,200,200,200,200,200,194,200,190,200,187,200,180,200,175,200,169,200,164,200,164,200,160,200,156,200,154,200,144,200,141,195,137,185,129,177,123,172,121,164,113,155,106,146,99,137,92,124,82,106,72,87,55,64,37,31,16,8,4,2,1,1,1],"taus":[0.05,0.1,0.15000000000000002,0.2,0.25,0.30000000000000004,0.35000000000000003,0.4,0.45,0.5,0.55,0.6000000000000001,0.65,0.7000000000000001,0.75,0.8,0.8500000000000001,0.9,0.9500000000000001,1.0,1.05,1.1,1.1500000000000001,1.2000000000000002,1.25,1.3,1.35,1.4000000000000001,1.4500000000000002,1.5,1.55,1.6,1.6500000000000001,1.7000000000000002,1.75,1.8,1.85,1.9000000000000001,1.9500000000000002,2.0,2.0500000000000003,2.1,2.15,2.2,2.25,2.3000000000000003,2.35,2.4000000000000004,2.45,2.5,2.5500000000000003,2.6,2.6500000000000004,2.7,2.75,2.8000000000000003,2.85,2.9000000000000004,2.95,3.0,3.0500000000000003,3.1,3.1500000000000004,3.2,3.25,3.3000000000000003,3.35,3.4000000000000004,3.45,3.5,3.5500000000000003,3.6,3.6500000000000004,3.7,3.75,3.8000000000000003,3.85,3.9000000000000004,3.95,4.0,4.05,4.1000000000000005,4.15,4.2,4.25,4.3,4.3500000000000005,4.4,4.45,4.5,4.55,4.6000000000000005,4.65,4.7,4.75,4.800000000000001,4.8500000000000005,4.9,4.95,5.0,5.050000000000001,5.1000000000000005,5.15,5.2,5.25,5.300000000000001,5.3500000000000005,5.4,5.45,5.5,5.550000000000001,5.6000000000000005,5.65,5.7,5.75,5.800000000000001,5.8500000000000005,5.9,5.95,6.0,6.050000000000001,6.1000000000000005,6.15,6.2,6.25,6.300000000000001,6.3500000000000005,6.4,6.45,6.5,6.550000000000001,6.6000000000000005,6.65,6.7,6.75,6.800000000000001,6.8500000000000005,6.9,6.95,7.0,7.050000000000001,7.1000000000000005,7.15,7.2,7.25,7.300000000000001,7.3500000000000005,7.4,7.45,7.5,7.550000000000001,7.6000000000000005,7.65,7.7,7.75,7.800000000000001,7.8500000000000005,7.9,7.95,8.0,8.05,8.1,8.15,8.200000000000001,8.25,8.3,8.35,8.4,8.450000000000001,8.5,8.55,8.6,8.65,8.700000000000001,8.75,8.8,8.85,8.9,8.950000000000001,9.0,9.05,9.1,9.15,9.200000000000001,9.25,9.3,9.35,9.4,9.450000000000001,9.5,9.55,9.600000000000001,9.65,9.700000000000001,9.75,9.8,9.850000000000001,9.9,9.950000000000001,10.0,10.05],"gtau":[0.012647830186999925,0.011466082953599365,0.010842261697306734,0.010428076180517007,0.010111037375724491,0.009846011439687509,0.009612172834387539,0.009398897224613557,0.00920032478131328,0.009013008816680006,0.008834805767048233,0.008664313668812686,0.00850057089882548,0.00834288858387878,0.008190752236214023,0.008043762206861241,0.00790159947074923,0.007763998141181648,0.007630732635285268,0.007501606771798911,0.0073764447382867445,0.007255088575521833,0.00713739417158321,0.007023228585775603,0.006912467287457618,0.006804993657850207,0.006700697015702021,0.006599475183965889,0.006501228280885923,0.006405861848312121,0.006313286395198901,0.0062234149717597005,0.006136165214383419,0.006051455379957384,0.005969214252201888,0.005889366665293325,0.005811842279212077,0.005736573569512328,0.005663495533520157,0.005592545479856355,0.005523662606896531,0.005456788959542656,0.005391869414887068,0.005328850051982945,0.0052676791876991955,0.005208306426470863,0.005150682175678557,0.005094763125945696,0.005040500214007418,0.004987852007496726,0.004936777044798546,0.004887235186967857,0.0048391873685616725,0.004792596270427184,0.004747426159721493,0.004703642149547542,0.004661210589687656,0.004620099412869562,0.004580277815048204,0.004541715334530155,0.004504382842099428,0.004468252574008458,0.004433298640387669,0.0043994949226827465,0.00436681673658277,0.004335240321247703,0.00430474277879507,0.0042753020832888905,0.0042468970760870415,0.004219507441738679,0.004193113683734914,0.004167697101873338,0.004143239767934638,0.0041197245039758775,0.004097134863873528,0.004075455112297026,0.004054670203000354,0.004034765767896387,0.004015728091696747,0.003997544104012588,0.003980201362094733,0.003963688035551068,0.003947992893045088,0.003933105292952818,0.0039190151680166116,0.003905713014214535,0.003893189885693613,0.003881437378097198,0.0038704476226579894,0.0038602132750203736,0.0038507275123323007,0.003841984021353049,0.00383397699075459,0.003826701112947458,0.003820151565807486,0.0038143240183527586,0.0038092146181532525,0.0038048199929128605,0.0038011372420240623,0.003798163940136857,0.0037958981240064785,0.0037943383036565014,0.0037934834473063064,0.003793332990948115,0.0037938868303392004,0.0037951453278306864,0.0037971093047026124,0.0037997800507372586,0.0038031593169911924,0.0038072493252176323,0.00381205276592466,0.00381757280288158,0.0038238130768368495,0.003830777708265417,0.0038384713037556734,0.0038468989608430168,0.0038560662728670267,0.0038659793362379184,0.0038766447560422634,0.003888069656693771,0.0039002616848540705,0.003913229021289822,0.003926980397819983,0.003941525101144483,0.003956872977483386,0.003973034451685546,0.003990020546355499,0.004007842888603064,0.004026513727320839,0.004046045952109866,0.004066453115882701,0.004087749441908412,0.0041099498681090975,0.004133070062182949,0.004157126458058478,0.004182136293733791,0.004208117653372713,0.004235089516208819,0.004263071804100802,0.00429208541129664,0.004322152206026848,0.0043532950532502845,0.004385538636585465,0.0044189100383870425,0.004453436106263967,0.004489145629225272,0.004526072344169099,0.0045642496155950205,0.004603714809242483,0.004644508850471508,0.004686677793259399,0.004730273171865863,0.004775353498097945,0.004821985727501075,0.004870247634645257,0.004920230828519549,0.004972044561883474,0.0050258206087006,0.005081719603541288,0.005139939180856757,0.005200724599458662,0.005264382799409648,0.005331299362346546,0.005401962763602876,0.005476994786044212,0.0055571899074218,0.005643570180568313,0.005737439946342628,0.005840486485030445,0.005954886382843325,0.006083454013901108,0.0062298332147442195,0.006398747332204915,0.006596325263281451,0.006830525680976469,0.007111691302088816,0.007453273291613639,0.007872776118526595,0.008392993824520082,0.00904362494190377,0.009863417991625281,0.01090290598507116,0.012228095073409264,0.013925263845634374,0.01610738022391509,0.018922448173267322,0.02256484417809971,0.027290385851056545,0.03343674397780828,0.041451445116546075,0.05193079449637856,0.06567529839652432,0.0837710095016092,0.1077139401299023,0.13961148216216515,0.18253323734671972,0.2411826900953072,0.32334415585875254,0.4434951924143323,0.6337344352246728,0.9873521698130001],