{"bd2":[2,4,4,4,4,8,8,8,16,26,26,26,46,38,38,38,50,38,38,38,50,38,38,38,50,42,42,42,50,42,42,42,50,42,42,42,50,42,42,42,50,42,42,42,50,42,42,42,50,44,44,44,50,46,46,46,50,46,46,46,50,46,46,46,50,46,46,46,50,48,48,48,50,50,50,50,50,50,50,50,50,50,50,50,50,50,50,50,50,50,50,50,50,50,50,50,50,50,50,50,50,50,50,50,50,50,50,50,50,50,50,50,50,50,50,50,50,50,50,50,50,50,50,50,50,50,50,50,50,50,50,50,50,50,50,50,50,50,50,50,50,50,50,50,50,50,50,50,50,50,50,50,50,50,50,50,50,50,50,50,50,50,50,50,50,50,50,50,50,50,50,50,50,50,50,50,50,50,50,50,50,50,50,50,50,50,50,50,50,50,50,50,50,50,50,50,50,50,50,50,50,50,50,50,50,50,50,50,50,50,50,50,50,50,50,50,50,50,50,50,50,50,50,50,50,50,50,50,50,50,50,50,50,50,50,50,50,50,50,50,50,50,50,50,50,50,50,50,50,50,50,50,50,48,48,48,50,48,48,48,50,48,48,48,50,46,46,46,50,46,46,46,50,42,42,42,50,42,42,42,50,42,42,42,50,42,42,42,50,42,42,42,50,42,42,42,50,42,42,42,50,40,40,40,50,40,40,40,50,38,38,38,40,26,26,26,16,8,8,8,4,2,2,2,2,1,1,1],"taus":[0.0125,0.025,0.037500000000000006,0.05,0.0625,0.07500000000000001,0.08750000000000001,0.1,0.1125,0.125,0.1375,0.15000000000000002,0.1625,0.17500000000000002,0.1875,0.2,0.21250000000000002,0.225,0.23750000000000002,0.25,0.2625,0.275,0.28750000000000003,0.30000000000000004,0.3125,0.325,0.3375,0.35000000000000003,0.36250000000000004,0.375,0.3875,0.4,0.41250000000000003,0.42500000000000004,0.4375,0.45,0.4625,0.47500000000000003,0.48750000000000004,0.5,0.5125000000000001,0.525,0.5375,0.55,0.5625,0.5750000000000001,0.5875,0.6000000000000001,0.6125,0.625,0.6375000000000001,0.65,0.6625000000000001,0.675,0.6875,0.7000000000000001,0.7125,0.7250000000000001,0.7375,0.75,0.7625000000000001,0.775,0.7875000000000001,0.8,0.8125,0.8250000000000001,0.8375,0.8500000000000001,0.8625,0.875,0.8875000000000001,0.9,0.9125000000000001,0.925,0.9375,0.9500000000000001,0.9625,0.9750000000000001,0.9875,1.0,1.0125],"gtau":[0.001922174178839699,0.0018915048096844387,0.0018670757147612922,0.0018472931733390324,0.0018310506330791055,0.0018175656745856332,0.0018062709952479754,0.0017967491664170724,0.0017886794891826827,0.0017818271241259087,0.0017760067604122931,0.0017711148699022232,0.001767050547583494,0.0017636347956068725,0.0017608856288298602,0.0017588211442640808,0.0017572355738213088,0.0017562330385991177,0.001755843363688759,0.0017563964007039476,0.0017571165364937088,0.0017594503818323586,0.00176123124493989,0.0017636853013163266,0.001766945277215311,0.0017711679739511352,0.0017765392215185086,0.0017832799670457053,0.0017916534208844755,0.0018019736236860294,0.0018146160236517952,0.0018300300239943003,0.001848754295252975,0.0018714342949558527,0.0018988444825429039,0.001931913846480627,0.001971757093779451,0.00201971198451785,0.002077384119607454,0.002146701004549288,0.002229977338458066,0.0023299943235175887,0.0024500921196570283,0.002594284826248598,0.0027673968613361284,0.002975228626774491,0.003224755794311428,0.0035243699496620216,0.0038841694256933497,0.0043163106069251216,0.004835433068516834,0.005459174515039924,0.006208794610852973,0.007109931652250878,0.008193523630166009,0.009496922951833851,0.011065259416078476,0.012953100384110385,0.015226507861998915,0.01796568913656165,0.021267664389849245,0.025253307477969958,0.030060857068299023,0.03586655697527313,0.04288313300847866,0.051370594893162924,0.06164803100187254,0.07410693553360498,0.0892307349341598,0.10761816696685761,0.1300155080474264,0.1573535245175712,0.1908084392778416,0.2318662024934109,0.2824330039191594,0.3449716261705279,0.4227045985084967,0.5199095266800551,0.6423615840733066,0.7980134605103547,0.9980778258211603],"bd1":[1,1,1,1,1,2,2,4,4,8,8,16,16,32,32,50,50,50,50,50,50,50,50,50,50,50,50,50,50,50,50,50,50,50,50,50,50,50,50,50,50,50,50,50,50,50,50,50,50,50,50,50,50,50,50,50,50,50,50,50,50,50,50,50,50,50,50,50,50,50,50,50,50,50,50,50,50,50,50,50,50,50,50,50,50,50,50,50,50,50,50,50,50,50,50,50,50,50,50,50,50,50,50,50,50,50,50,50,50,50,50,50,50,50,50,50,50,50,50,50,50,50,50,50,50,50,50,50,50,50,50,50,50,50,50,50,50,50,50,50,50,50,50,50,50,50,50,50,50,50,50,50,50,50,50,50,50,50,50,50,50,50,50,50,50,50,50,50,50,50,50,50,50,50,50,50,50,50,50,50,50,50,50,50,50,50,50,50,50,50,50,50,50,50,50,50,50,50,50,50,50,50,50,50,50,50,50,50,50,50,50,50,50,50,50,50,50,50,50,50,50,50,50,50,50,50,50,50,50,50,50,50,50,50,50,50,50,50,50,50,50,50,50,50,50,50,50,50,50,50,50,50,50,50,50,50,50,50,50,50,50,50,50,50,50,50,50,50,50,50,50,50,50,50,50,50,50,50,50,50,50,50,50,50,50,50,50,50,50,50,50,50,50,50,50,50,50,50,50,50,50,50,50,50,50,50,50,50,50,50,50,50,50,50,50,50,32,32,16,16,8,8,4,4,2,2,1,1],"nn":[0.9980778258211603,0.9977355278743881,0.9974584259779109,0.9972334996251057,0.9970505029305514,0.9969013158728955,0.9967794663809075,0.9966797699151354,0.9965980578010605,0.9965309634364825,0.9964757608798828,0.9964302572792645,0.996392620221211,0.9963614132797773,0.9963354471774831,0.9963137292574975,0.9962954922787959,0.9962800781111362,0.9962669443034731,0.9962552531596551,0.9962452783822419,0.9962364258432533,0.9962288991315943,0.9962224762841122,0.9962169808356733,0.9962122703506007,0.9962082284768241,0.9962047592135231,0.9962017829313982,0.9961992333867449,0.996197055404276,0.9961952030508927,0.9961936380968928,0.996192328918334,0.9961912494773403,0.9961903785635241,0.9961896991705864,0.9961891980112241,0.9961888651808115,0.9961886939129465,0.9961886803256423,0.9961888230924474,0.9961891238219784,0.9961895868582576,0.9961902195217286,0.9961910322359367,0.9961920387807016,0.9961932566630107,0.9961947075895953,0.996196418134275,0.996198420583263,0.9962007539536972,0.9962034653179431,0.9962066115311802,0.9962102607851144,0.9962144963679854,0.9962194213206637,0.9962251643280914,0.9962318447290532,0.9962393313672191,0.9962478491973218,0.9962571869641571,0.9962680492457585,0.9962807800711396,0.9962958063443205,0.9963136163210217,0.9963348862755279,0.9963604019787724,0.9963911359686728,0.9964282793390979,0.9964733098026565,0.9965280469049347,0.9965947378686626,0.9966761179241626,0.9967755840004513,0.9968973490244792,0.9970466512677373,0.997230029314139,0.9974556782802371,0.9977339199107104]}