{"bd2":[1,1,2,4,8,16,32,63,121,151,200,200,200,200,200,200,200,200,200,200,200,200,200,200,200,200,200,200,200,200,200,200,200,200,200,200,200,200,200,200,200,200,200,200,200,200,200,200,200,200,200,200,200,200,200,200,200,200,200,200,200,200,200,200,200,200,200,200,200,200,200,200,200,200,200,200,200,200,200,200,200,200,200,200,200,200,200,200,200,200,200,200,200,141,119,61,32,16,8,4,2,1,1,1],"taus":[0.2,0.4,0.6000000000000001,0.8,1.0,1.2000000000000002,1.4000000000000001,1.6,1.8,2.0,2.2,2.4000000000000004,2.6,2.8000000000000003,3.0,3.2,3.4000000000000004,3.6,3.8000000000000003,4.0,4.2,4.4,4.6000000000000005,4.800000000000001,5.0,5.2,5.4,5.6000000000000005,5.800000000000001,6.0,6.2,6.4,6.6000000000000005,6.800000000000001,7.0,7.2,7.4,7.6000000000000005,7.800000000000001,8.0,8.200000000000001,8.4,8.6,8.8,9.0,9.200000000000001,9.4,9.600000000000001,9.8,10.0,10.200000000000001],"gtau":[0.006099665287792381,0.00525643261230415,0.004850273636710586,0.0045152792106364584,0.004223020662124441,0.00396487347744629,0.0037359248109863014,0.0035325293061573343,0.0033517121318321734,0.0031909595142847608,0.0030481177018109296,0.002921330670815178,0.0028089953336606116,0.0027097265556997163,0.002622328680897639,0.0025457718784404506,0.002479172328994282,0.0024217755763378873,0.002372942560944323,0.0023321379644432962,0.0022989205651601434,0.002272935379032482,0.002253907391397962,0.002241636742982192,0.002235995241925514,0.0022369241464105607,0.002244433146098783,0.0022586005347929755,0.002279574570770053,0.0023075760558201254,0.0023429022031566746,0.0023859318754335963,0.002437132333759238,0.0024970676798758097,0.0025664092595708817,0.0026459485258195008,0.002736613431006002,0.0028394913869442037,0.002955868699115316,0.003087321062379836,0.0032359801974359338,0.003405435746422158,0.003603972159218694,0.003856469468796465,0.004248652795725449,0.005092867417236141,0.007554435357854733,0.016054195298560177,0.04783943041082501,0.17665929978253747,0.9939003347122076],"bd1":[2,4,2,4,4,8,8,16,16,32,32,64,64,126,118,200,172,200,196,200,200,200,200,200,200,200,200,200,200,200,200,200,200,200,200,200,200,200,200,200,200,200,200,200,200,200,200,200,200,200,200,200,200,200,200,200,200,200,200,200,200,200,200,200,200,200,200,200,200,200,200,200,200,200,200,200,200,200,200,200,200,200,200,200,200,200,200,200,182,200,118,126,64,64,32,32,16,16,8,8,4,4,2,1],"nn":[0.9939003347122075,0.9893040069954877,0.9882230745099132,0.9879542786597423,0.9878843288521785,0.9878644696449673,0.9878576562884311,0.9878544756563018,0.9878524688978618,0.9878509575396911,0.9878497305267031,0.9878487056657336,0.9878478401805344,0.9878471059817654,0.9878464821683126,0.9878459523254719,0.9878455032788469,0.9878451243687153,0.987844806956289,0.987844544060195,0.987844330064542,0.9878441605350312,0.9878440320328453,0.987843942001705,0.9878438886757723,0.9878438710146521,0.9878438886723473,0.9878439420066502,0.9878440320329919,0.9878441605355747,0.9878443300653039,0.987844544060417,0.9878448069614857,0.9878451243744755,0.9878455032810894,0.9878459523298139,0.9878464821715769,0.9878471059868076,0.9878478401856734,0.9878487056677024,0.987849730529241,0.9878509575420642,0.9878524688996355,0.9878544756571911,0.9878576562890091,0.9878644696450747,0.9878843288522174,0.987954278659939,0.9882230745091015,0.9893040069923501]}