{"bd2":[2,4,4,4,4,8,8,8,16,32,32,32,54,80,80,80,84,112,112,112,96,116,116,116,96,124,124,124,104,124,124,124,104,132,132,132,104,132,132,132,106,132,132,132,106,132,132,132,106,132,132,132,104,124,124,124,104,124,124,124,96,116,116,116,96,112,112,112,84,84,84,84,54,32,32,32,16,8,8,8,4,4,4,4,2,1,1,1],"taus":[0.05,0.1,0.15000000000000002,0.2,0.25,0.30000000000000004,0.35000000000000003,0.4,0.45,0.5,0.55,0.6000000000000001,0.65,0.7000000000000001,0.75,0.8,0.8500000000000001,0.9,0.9500000000000001,1.0,1.05],"gtau":[0.0016997048846150624,0.0016387138679775308,0.0016091696955648634,0.0015926279606922136,0.0015836504829372549,0.0015813946925615483,0.0015881369138118293,0.0016103376532754829,0.0016621866416372114,0.001773496929877609,0.00200639432892526,0.002490412662497027,0.003496553598487929,0.005594766782458314,0.009992768194296703,0.01927830054729604,0.0390924973064408,0.08208605914306293,0.1780661087445363,0.40401314293866286,0.998300295115385],"nn2":[0.404436377057489,0.17776946841668664,0.17014718043549082,0.16706619329511643,0.16562160764441705,0.16487403327432273,0.1644606966310345,0.16422349405099268,0.1640880269938,0.16401802015483513,0.1639963217065435,0.164018058938796,0.16408826968359166,0.16422389164105652,0.16446127165061217,0.1648747119956467,0.16562199685273402,0.16706599677727524,0.17014690807320815,0.17777046189086046],"bd1":[1,1,1,1,1,2,2,4,4,8,8,16,16,32,32,64,64,128,128,150,150,150,150,150,150,150,150,150,150,150,150,150,150,150,150,150,150,150,150,150,150,150,150,150,150,150,150,150,150,150,150,150,150,150,150,150,150,150,150,150,150,150,150,150,150,150,150,150,150,150,150,150,128,128,64,64,32,32,16,16,8,8,4,4,2,2,1,1],"nn":[0.9983009176951162,0.9973784486802194,0.9969664299531122,0.9967768869791099,0.9966882081833502,0.9966463029432546,0.9966263602388857,0.9966168927143054,0.9966124829315333,0.9966105302207717,0.9966099542916226,0.9966104787034983,0.9966123797039715,0.9966168124510282,0.9966263045155902,0.9966462408274851,0.9966881958937877,0.9967769067895574,0.996966442453641,0.9973786618957952]}