{"bd2":[1,1,2,4,8,15,28,28,40,34,40,35,40,40,40,40,40,40,40,40,40,40,40,40,40,40,40,40,40,39,40,37,40,35,40,28,28,15,8,4,2,1,1,1],"taus":[0.05,0.1,0.15000000000000002,0.2,0.25,0.30000000000000004,0.35000000000000003,0.4,0.45,0.5,0.55,0.6000000000000001,0.65,0.7000000000000001,0.75,0.8,0.8500000000000001,0.9,0.9500000000000001,1.0,1.05],"gtau":[0.44668314256049646,0.43749665381007874,0.43029511350063004,0.42477983548316167,0.4207789069171601,0.41818864803410105,0.4169466902500767,0.417018352007115,0.41838922106280185,0.4210611147499705,0.42504997198597755,0.4303850349746234,0.43710904516449517,0.44527942259123204,0.454970620268215,0.46627813880932106,0.4793251748787883,0.49427397101765636,0.5113459039467505,0.5308602121664283,0.5533168574395035],"bd1":[2,4,2,4,4,8,8,16,16,32,32,40,40,40,40,40,40,40,40,40,40,40,40,40,40,40,40,40,40,40,40,40,40,40,32,32,16,16,8,8,4,4,2,1],"nn":[0.5533168574395035,0.5430438082469823,0.5341474619571639,0.5265229364442814,0.5200817196146781,0.5147499217228471,0.5104669486939919,0.5071844805233163,0.5048656913838926,0.5034846725397234,0.5030260342972832,0.5034846724300809,0.504865691159161,0.5071844801736564,0.510466948207618,0.514749921092154,0.520081718792395,0.5265229355588921,0.5341474611102891,0.5430438075486905]}