{"bd2":[1,1,2,4,8,15,25,22,35,26,40,30,44,30,45,30,46,32,48,32,50,32,50,33,51,33,51,33,51,33,52,33,52,33,52,34,52,34,52,34,52,34,52,34,51,33,50,32,50,32,50,33,51,33,51,33,51,33,51,33,47,31,46,30,46,30,46,30,44,30,41,28,36,24,33,21,23,13,8,4,2,1,1,1],"taus":[0.025,0.05,0.07500000000000001,0.1,0.125,0.15000000000000002,0.17500000000000002,0.2,0.225,0.25,0.275,0.30000000000000004,0.325,0.35000000000000003,0.375,0.4,0.42500000000000004,0.45,0.47500000000000003,0.5,0.525,0.55,0.5750000000000001,0.6000000000000001,0.625,0.65,0.675,0.7000000000000001,0.7250000000000001,0.75,0.775,0.8,0.8250000000000001,0.8500000000000001,0.875,0.9,0.925,0.9500000000000001,0.9750000000000001,1.0,1.0250000000000001],"gtau":[0.018615564072157115,0.01805118068976063,0.017908148598551433,0.018045712060778867,0.018396343966151384,0.01892794791953682,0.019627630860663027,0.020494089897060877,0.021533964225803538,0.022759797629451194,0.02418935164236827,0.025845000256432132,0.027753936432951452,0.029948387110810673,0.03246607369718955,0.03535083914919609,0.038653424667232164,0.042432549345254686,0.04675605878847446,0.05170245084770292,0.05736265752842267,0.06384217262084994,0.07126369530757386,0.07977039575798366,0.0895299941512175,0.10073992464638486,0.11363397581969428,0.12849102067758997,0.14564663012111131,0.16550902601538858,0.1885815353465914,0.21549473936660726,0.247054590338774,0.2843176487516463,0.32870646951349264,0.3822096358395975,0.44772849039748835,0.5297159778343732,0.6354437987435028,0.7777232496083153,0.9813844359278429],"bd1":[2,4,2,4,4,8,8,16,16,32,32,64,64,100,100,100,100,100,100,100,100,100,100,100,100,100,100,100,100,100,100,100,100,100,100,100,100,100,100,100,100,100,100,100,100,100,100,100,100,100,100,100,100,100,100,100,100,100,100,100,100,100,100,100,100,100,100,100,100,100,100,100,64,64,32,32,16,16,8,8,4,4,2,1],"nn":[0.981384435927843,0.9796809026540103,0.9782395962907295,0.9770113298810544,0.9759596190319386,0.9750562937654641,0.9742789893190985,0.973609598999878,0.9730332609510822,0.9725376608698242,0.9721125343488648,0.9717492972977618,0.9714407673881941,0.9711809487168842,0.970964863719698,0.9707884214866216,0.970648315026528,0.9705419362467159,0.9704673184205743,0.9704230883931245,0.9704084343562093,0.970423087641744,0.9704673167613113,0.9705419335524713,0.9706483116313264,0.9707884180745775,0.9709648592610357,0.9711809430509932,0.9714407600812406,0.9717492884174344,0.9721125239744459,0.9725376495843473,0.9730332497664347,0.9736095888985498,0.9742789812367944,0.9750562885889293,0.9759596171608744,0.9770113310943574,0.9782395998380006,0.9796809077379799]}