{"bd2":[2,4,4,4,4,8,8,8,16,26,26,26,46,38,38,38,58,38,38,38,58,40,40,40,64,42,42,42,66,42,42,42,66,42,42,42,66,46,46,46,70,46,46,46,70,46,46,46,70,48,48,48,72,48,48,48,72,52,52,52,76,58,58,58,82,58,58,58,82,58,58,58,82,58,58,58,82,58,58,58,82,58,58,58,82,58,58,58,82,58,58,58,82,58,58,58,82,58,58,58,82,58,58,58,82,58,58,58,82,58,58,58,82,58,58,58,82,58,58,58,82,58,58,58,82,58,58,58,82,58,58,58,82,58,58,58,82,58,58,58,82,58,58,58,82,58,58,58,82,58,58,58,82,58,58,58,82,58,58,58,82,58,58,58,82,58,58,58,82,58,58,58,82,58,58,58,82,58,58,58,82,58,58,58,82,58,58,58,82,58,58,58,80,56,56,56,80,56,56,56,80,56,56,56,80,56,56,56,80,56,56,56,80,56,56,56,80,56,56,56,80,56,56,56,80,56,56,56,80,56,56,56,80,56,56,56,80,56,56,56,78,54,54,54,78,54,54,54,74,50,50,50,72,48,48,48,72,48,48,48,72,48,48,48,70,46,46,46,70,46,46,46,68,44,44,44,66,42,42,42,66,44,44,44,66,44,44,44,68,44,44,44,68,44,44,44,66,44,44,44,64,42,42,42,60,40,40,40,56,38,38,38,40,26,26,26,16,8,8,8,4,2,2,2,2,1,1,1],"taus":[0.0125,0.025,0.037500000000000006,0.05,0.0625,0.07500000000000001,0.08750000000000001,0.1,0.1125,0.125,0.1375,0.15000000000000002,0.1625,0.17500000000000002,0.1875,0.2,0.21250000000000002,0.225,0.23750000000000002,0.25,0.2625,0.275,0.28750000000000003,0.30000000000000004,0.3125,0.325,0.3375,0.35000000000000003,0.36250000000000004,0.375,0.3875,0.4,0.41250000000000003,0.42500000000000004,0.4375,0.45,0.4625,0.47500000000000003,0.48750000000000004,0.5,0.5125000000000001,0.525,0.5375,0.55,0.5625,0.5750000000000001,0.5875,0.6000000000000001,0.6125,0.625,0.6375000000000001,0.65,0.6625000000000001,0.675,0.6875,0.7000000000000001,0.7125,0.7250000000000001,0.7375,0.75,0.7625000000000001,0.775,0.7875000000000001,0.8,0.8125,0.8250000000000001,0.8375,0.8500000000000001,0.8625,0.875,0.8875000000000001,0.9,0.9125000000000001,0.925,0.9375,0.9500000000000001,0.9625,0.9750000000000001,0.9875,1.0,1.0125],"gtau":[0.0018043030754063248,0.0017792299154701227,0.001759219958126595,0.0017429532649289685,0.0017295139735375323,0.0017182523314914822,0.0017086986362592855,0.0017005080923118334,0.0016934244991803965,0.0016872559108258697,0.001681857858951265,0.001677121583747142,0.0016729661151677038,0.0016693325933601322,0.001666179547918422,0.0016634812028399227,0.001661225224554085,0.0016594116104305715,0.0016580523436770516,0.001657171499560158,0.0016568057512087173,0.001657005964428877,0.0016578381800062963,0.0016593860798565071,0.0016617532667442079,0.0016650678211556345,0.0016694858743495527,0.001675196436646121,0.0016824267694732613,0.0016914563090039219,0.0017026123181097914,0.0017162964257959453,0.0017329890018506957,0.001753267135886804,0.0017778287177203866,0.0018075124439517018,0.0018433134123084654,0.0018864339115941564,0.0019383294387075745,0.0020007088788555464,0.0020756766764563057,0.002165742095160494,0.0022739269972723384,0.002403857500640546,0.0025599051140474233,0.0027473228657738675,0.002972461449735232,0.003242886299124371,0.0035677952420360877,0.003958246031096255,0.004427572893730105,0.004991865310426854,0.005670543154400977,0.006487068374504414,0.00746979852856116,0.008653044718808435,0.010078353114713948,0.011796082403562103,0.013867339509687894,0.016366368483020022,0.019383501202795528,0.02302882099826796,0.02743672489733924,0.03277163509667986,0.039235184357779306,0.04707531249265701,0.05659786354368582,0.06818147314906269,0.08229688193293748,0.09953220756292612,0.1206264142039835,0.1465142503155233,0.17838742747359596,0.21777935785886612,0.2666847175915828,0.32773175968273105,0.40443653572458954,0.5015880421306208,0.625849243987487,0.7867267960006757,0.9981956969245936],"bd1":[1,1,1,1,1,2,2,4,4,8,8,16,16,32,32,64,64,128,128,255,215,300,287,300,300,300,300,300,300,300,300,300,300,300,300,300,300,300,300,300,300,300,300,300,300,300,300,300,300,300,300,300,300,300,300,300,300,300,300,300,300,300,300,300,300,300,300,300,300,300,300,300,300,300,300,300,300,300,300,300,300,300,300,300,300,300,300,300,300,300,300,300,300,300,300,300,300,300,300,300,300,300,300,300,300,300,300,300,300,300,300,300,300,300,300,300,300,300,300,300,300,300,300,300,300,300,300,300,300,300,300,300,300,300,300,300,300,300,300,300,300,300,300,300,300,300,300,300,300,300,300,300,300,300,300,300,300,300,300,300,300,300,300,300,300,300,300,300,300,300,300,300,300,300,300,300,300,300,300,300,300,300,300,300,300,300,300,300,300,300,300,300,300,300,300,300,300,300,300,300,300,300,300,300,300,300,300,300,300,300,300,300,300,300,300,300,300,300,300,300,300,300,300,300,300,300,300,300,300,300,300,300,300,300,300,300,300,300,300,300,300,300,300,300,300,300,300,300,300,300,300,300,300,300,300,300,300,300,300,300,300,300,300,300,300,300,300,300,300,300,300,300,300,300,300,300,300,300,300,300,300,300,300,300,300,300,300,300,300,300,300,300,300,300,300,300,300,300,300,300,300,300,300,300,300,300,300,300,300,300,222,256,128,128,64,64,32,32,16,16,8,8,4,4,2,2,1,1],"nn":[0.9981956969245938,0.9978674490131896,0.9976021778381056,0.9973868826513238,0.9972115369038901,0.9970683143436907,0.9969510465819434,0.9968548332685816,0.9967757559993113,0.9967106645981199,0.996657015025456,0.9966127449955993,0.9965761773257457,0.9965459442403432,0.9965209278498751,0.9965002124629532,0.9964830467505363,0.9964688132909783,0.9964570040369592,0.996447200481002,0.9964390574334964,0.9964322901855939,0.9964266634002394,0.9964219827188133,0.9964180874400563,0.9964148445531821,0.9964121438764824,0.9964098947019273,0.9964080220083221,0.9964064629755475,0.9964051677454906,0.9964040943581556,0.9964032087535201,0.9964024836281326,0.9964018830140428,0.9964014000308667,0.9964010209731834,0.996400736484811,0.9964005327695125,0.9964004167487183,0.9964003844156444,0.9964004349195738,0.9964005612430905,0.996400769102466,0.9964010617968975,0.9964014465987047,0.9964019186880088,0.9964025113685181,0.9964032411922484,0.9964041300679759,0.9964052057350286,0.9964065011140398,0.996408059084812,0.9964099308884743,0.9964121784692948,0.9964148773346707,0.9964181185563391,0.9964220120485382,0.9964266907818086,0.9964323152310253,0.996439080031437,0.9964472204026708,0.996457021173594,0.9964688273776805,0.9964830575775314,0.9965002198365422,0.996520931625565,0.9965459443029661,0.9965761735717079,0.9966127374473055,0.9966570037274333,0.9967106497042084,0.996775737823304,0.9968548122797988,0.9969510235045721,0.9970682901854604,0.9972115130395247,0.9973868609110174,0.9976021605569875,0.9978674389725148]}