{"bd2":[2,4,4,4,4,8,8,8,16,26,26,26,46,42,42,42,66,50,50,50,78,56,56,56,86,58,58,58,88,58,58,58,88,58,58,58,90,62,62,62,94,62,62,62,98,62,62,62,98,64,64,64,100,64,64,64,100,64,64,64,102,64,64,64,102,64,64,64,102,66,66,66,102,66,66,66,102,66,66,66,102,66,66,66,102,66,66,66,102,66,66,66,100,64,64,64,100,64,64,64,100,64,64,64,100,64,64,64,100,64,64,64,100,64,64,64,92,62,62,62,90,58,58,58,90,58,58,58,88,58,58,58,88,58,58,58,86,58,58,58,76,52,52,52,70,46,46,46,66,42,42,42,46,26,26,26,16,8,8,8,4,2,2,2,2,1,1,1],"taus":[0.025,0.05,0.07500000000000001,0.1,0.125,0.15000000000000002,0.17500000000000002,0.2,0.225,0.25,0.275,0.30000000000000004,0.325,0.35000000000000003,0.375,0.4,0.42500000000000004,0.45,0.47500000000000003,0.5,0.525,0.55,0.5750000000000001,0.6000000000000001,0.625,0.65,0.675,0.7000000000000001,0.7250000000000001,0.75,0.775,0.8,0.8250000000000001,0.8500000000000001,0.875,0.9,0.925,0.9500000000000001,0.9750000000000001,1.0,1.0250000000000001],"gtau":[0.001744935686463439,0.0017025763461975126,0.0016748009804213237,0.001655392627163222,0.0016411745697006918,0.0016304186963447857,0.0016221550371283593,0.0016158483571035484,0.0016112420077236441,0.0016082846209983198,0.0016071076135447382,0.0016080346385519086,0.0016116239982640697,0.0016187449382416392,0.0016306990360746205,0.001649385631621892,0.0016775830459617837,0.0017193104295803985,0.0017803924152596127,0.001869268095035832,0.0019981597789657446,0.0021847850345314713,0.002454847144589137,0.0028456769717288724,0.0034115644395467312,0.004231591559301997,0.005421160879876045,0.0071490805924914755,0.009662957146846372,0.01332718574930685,0.018680444385082352,0.026523309956873593,0.03805401468251415,0.0550824423372096,0.08037561410185116,0.1182335197685408,0.1754880700417475,0.2633311565992285,0.40089823478757713,0.622943272226155,0.9982550643135366],"bd1":[1,1,1,1,1,2,2,4,4,8,8,16,16,32,32,64,64,128,128,150,150,150,150,150,150,150,150,150,150,150,150,150,150,150,150,150,150,150,150,150,150,150,150,150,150,150,150,150,150,150,150,150,150,150,150,150,150,150,150,150,150,150,150,150,150,150,150,150,150,150,150,150,150,150,150,150,150,150,150,150,150,150,150,150,150,150,150,150,150,150,150,150,150,150,150,150,150,150,150,150,150,150,150,150,150,150,150,150,150,150,150,150,150,150,150,150,150,150,150,150,150,150,150,150,150,150,150,150,150,150,150,150,150,150,150,150,150,150,150,150,150,150,150,150,150,150,150,150,150,150,150,150,128,128,64,64,32,32,16,16,8,8,4,4,2,2,1,1],"nn":[0.9982550643135367,0.9976773767234047,0.9972981429438527,0.9970459715532081,0.9968767804093016,0.99676252116337,0.9966849790413311,0.9966321535170697,0.9965960558844388,0.9965713272128699,0.9965543514862145,0.9965426781313579,0.9965346410646757,0.9965291048382948,0.9965252920058066,0.9965226759994703,0.9965208940978927,0.9965197080584243,0.9965189581645089,0.9965185443608832,0.9965184120911433,0.9965185440910409,0.9965189577775075,0.9965197081960887,0.9965208961449616,0.9965226763191427,0.9965252938755684,0.9965291081392625,0.9965346463864743,0.9965426843332221,0.9965543574540372,0.9965713317996897,0.9965960583808496,0.9966321537142233,0.9966849769235605,0.9967625181926286,0.9968767780255703,0.9970459713718017,0.9972981458534881,0.9976773813205794]}