{"bd2":[2,4,4,8,16,32,46,64,62,80,70,92,70,92,70,96,72,100,74,100,77,100,80,100,82,100,84,100,88,100,88,100,88,100,88,100,88,100,88,100,88,100,88,100,88,100,88,100,88,100,88,100,88,100,88,100,84,100,82,100,80,100,78,100,72,96,72,96,70,92,70,92,70,80,62,64,46,32,16,8,4,4,2,1],"taus":[0.025,0.05,0.07500000000000001,0.1,0.125,0.15000000000000002,0.17500000000000002,0.2,0.225,0.25,0.275,0.30000000000000004,0.325,0.35000000000000003,0.375,0.4,0.42500000000000004,0.45,0.47500000000000003,0.5,0.525,0.55,0.5750000000000001,0.6000000000000001,0.625,0.65,0.675,0.7000000000000001,0.7250000000000001,0.75,0.775,0.8,0.8250000000000001,0.8500000000000001,0.875,0.9,0.925,0.9500000000000001,0.9750000000000001,1.0,1.0250000000000001],"gtau":[0.34426453838638854,0.3437948492861795,0.3437502074739572,0.3440976853719409,0.3448149886896697,0.3458870880737172,0.34730413274227234,0.34906010682668576,0.3511519363879502,0.35357888092246886,0.35634211077274763,0.3594444098159659,0.36288996505093907,0.36668421815559965,0.37083376248131633,0.3753462743897939,0.38023047137890253,0.38549609194736634,0.3911538938356789,0.3972156685779864,0.4036942712980306,0.41060366552361693,0.417958983564976,0.4257766037853123,0.4340742469449664,0.44287109482718684,0.45218793562882115,0.46204734228391675,0.4724738921617647,0.4834944397191457,0.4951384582444829,0.5074384732154182,0.5204306195417804,0.5341553695196187,0.5486585010059395,0.5639924114727015,0.5802179430321175,0.5974069845325433,0.6156462954861619,0.6350433271568451,0.6557354616136115],"nn2":[0.6401134929484862,0.6203550342689994,0.6156798495162968,0.6113538828916508,0.6073557886016387,0.6036679965726397,0.6002755636738177,0.5971655177803793,0.5943264591967315,0.5917483046789368,0.589422114752381,0.58733997208443,0.5854948926657055,0.5838807589672501,0.5824922684798118,0.5813248936442251,0.5803748502835298,0.5796390729544632,0.5791151959310146,0.5788015390906093,0.5786970981527547,0.5788015390242761,0.5791151958337296,0.5796390728360676,0.5803748501419089,0.5813248935268597,0.5824922684067204,0.5838807589226188,0.5854948926554947,0.5873399720868736,0.5894221147820702,0.5917483047430243,0.5943264592820291,0.5971655178668385,0.600275563745117,0.6036679966134578,0.6073557886070688,0.6113538828516262,0.6156798494049935,0.6203550339653853],"bd1":[1,1,1,2,2,4,4,8,8,16,16,32,31,59,46,81,59,100,69,100,75,100,81,100,86,100,90,100,91,100,93,100,93,100,93,100,95,100,95,100,96,100,96,100,96,100,95,100,95,100,95,100,94,100,92,100,92,100,88,100,84,100,80,100,71,100,64,98,55,81,45,59,31,32,16,16,8,8,4,4,2,2,1,1],"nn":[0.6557354639662395,0.650598530987531,0.6458168398032267,0.6413745051431587,0.6372569172341792,0.6334506540518519,0.6299434037848477,0.6267238985404314,0.6237818569370577,0.6211079336843003,0.6186936754324842,0.6165314818604779,0.6146145716059908,0.6129369523410461,0.6114933948154143,0.6102794104477025,0.6092912324765378,0.6085258000270081,0.6079807454287535,0.6076543844208006,0.6075457092099016,0.6076543843963043,0.6079807453854306,0.6085258000098943,0.6092912324719232,0.6102794104315982,0.6114933947880783,0.6129369523271458,0.6146145715831915,0.6165314818398422,0.6186936753878663,0.6211079336448548,0.6237818568993959,0.6267238984913701,0.629943403743722,0.6334506540083247,0.6372569171953035,0.6413745051485431,0.645816839788434,0.6505985309569874]}