{"bd2":[2,4,4,4,4,8,8,8,16,32,32,32,64,104,104,104,190,174,174,174,296,224,224,224,300,264,264,264,300,292,292,292,300,300,300,300,300,300,300,300,300,300,300,300,300,300,300,300,300,300,300,300,300,300,300,300,300,300,300,300,300,300,300,300,300,300,300,300,300,300,300,300,300,300,300,300,300,300,300,300,300,300,300,300,300,300,300,300,300,300,300,300,300,300,300,300,300,300,300,300,300,300,300,300,300,300,300,300,300,300,300,300,300,300,300,300,300,300,300,300,300,300,300,300,300,300,300,300,300,300,300,300,300,300,300,300,300,300,300,300,300,300,300,300,300,300,300,300,300,300,300,300,300,300,300,300,300,300,300,300,300,300,300,300,300,300,300,300,300,300,300,300,300,300,300,300,300,300,300,300,300,300,300,300,300,300,300,300,300,300,300,300,300,300,300,300,300,300,300,300,300,300,300,300,300,300,300,300,300,300,300,300,300,300,300,300,300,300,300,300,300,300,300,300,300,300,300,300,300,300,300,300,300,300,300,300,300,300,300,300,300,300,300,300,300,300,300,300,300,300,300,300,300,300,300,300,300,300,300,300,300,300,300,300,300,300,300,300,300,300,300,300,300,300,300,300,300,300,300,300,300,300,300,300,300,300,300,300,300,300,300,300,300,300,300,300,300,300,300,300,300,300,300,300,300,300,300,300,300,300,300,300,300,300,300,300,300,300,300,300,300,300,300,300,300,300,300,300,300,300,300,300,300,300,300,300,300,300,300,300,300,300,300,300,300,300,300,300,300,300,300,300,300,300,300,300,300,300,300,300,300,300,300,300,300,300,300,300,300,300,300,300,300,296,296,296,300,270,270,270,300,232,232,232,290,176,176,176,182,100,100,100,64,32,32,32,16,8,8,8,4,2,2,2,2,1,1,1],"taus":[0.1,0.2,0.30000000000000004,0.4,0.5,0.6000000000000001,0.7000000000000001,0.8,0.9,1.0,1.1,1.2000000000000002,1.3,1.4000000000000001,1.5,1.6,1.7000000000000002,1.8,1.9000000000000001,2.0,2.1,2.2,2.3000000000000003,2.4000000000000004,2.5,2.6,2.7,2.8000000000000003,2.9000000000000004,3.0,3.1,3.2,3.3000000000000003,3.4000000000000004,3.5,3.6,3.7,3.8000000000000003,3.9000000000000004,4.0,4.1000000000000005,4.2,4.3,4.4,4.5,4.6000000000000005,4.7,4.800000000000001,4.9,5.0,5.1000000000000005,5.2,5.300000000000001,5.4,5.5,5.6000000000000005,5.7,5.800000000000001,5.9,6.0,6.1000000000000005,6.2,6.300000000000001,6.4,6.5,6.6000000000000005,6.7,6.800000000000001,6.9,7.0,7.1000000000000005,7.2,7.300000000000001,7.4,7.5,7.6000000000000005,7.7,7.800000000000001,7.9,8.0,8.1,8.200000000000001,8.3,8.4,8.5,8.6,8.700000000000001,8.8,8.9,9.0,9.1,9.200000000000001,9.3,9.4,9.5,9.600000000000001,9.700000000000001,9.8,9.9,10.0,10.100000000000001],"gtau":[0.37351357394419055,0.3429778628985061,0.3167095412180122,0.2934861885251962,0.2726854939287665,0.25391609372176566,0.2368992913510875,0.22142074803539016,0.20730728014018246,0.1944143073424099,0.18261840663868925,0.17181255508075807,0.16190290038100882,0.1528064559149625,0.14444938774376967,0.13676568669321826,0.12969612466938973,0.12318740132539328,0.11719143898947358,0.11166478808998213,0.10656812195101562,0.1018657995101517,0.09752548572066584,0.09351781840862478,0.08981611628173852,0.08639611832250013,0.0832357545792233,0.08031494067281018,0.07761539344597686,0.07512046515136257,0.07281499933073828,0.07068519626463936,0.06871849449911038,0.0669034636449694,0.0652297089298851,0.06368778442433573,0.0622691158996539,0.06096593124294467,0.05977119919625576,0.05867857332601916,0.05768234340268954,0.05677739211377482,0.055959157367903294,0.055223599679871456,0.05456717295827437,0.05398680382810584,0.05347987076035523,0.05304419032314258,0.05267800710691006,0.052379988003915634,0.0521492209466489,0.05198521818743716,0.05188792442469999,0.051857729892614064,0.05189548890731231,0.05200254420576508,0.05218075760380647,0.05243254764430803,0.05276093455432473,0.053169595866481144,0.05366292712392795,0.05424611786999031,0.054925237558713376,0.0557073350084981,0.05660055431883668,0.057614267654371484,0.05875922809834341,0.06004774556701638,0.0614938882809981,0.06311371432578988,0.0649255373235713,0.06695023044923175,0.06921157543807903,0.07173666396739102,0.07455635418955395,0.07770580092683184,0.08122506030746106,0.0851597858918886,0.08956203006498589,0.0944911677107766,0.1000149622912458,0.10621079838765675,0.11316710928793379,0.12098503743022362,0.12978037152048028,0.13968581388000836,0.15085365342459314,0.16345893365150865,0.1777032429033549,0.19381929991385183,0.21207657715706027,0.2327883324458528,0.25632059959709064,0.28310405595394267,0.31365032763692874,0.34857560470883997,0.38863729721349966,0.43479638567543966,0.48833730445122225,0.5511410625361006,0.6264864260558094],"bd1":[1,1,1,1,1,2,2,4,4,8,8,16,16,32,32,64,64,128,114,221,176,300,237,300,292,300,300,300,300,300,300,300,300,300,300,300,300,300,300,300,300,300,300,300,300,300,300,300,300,300,300,300,300,300,300,300,300,300,300,300,300,300,300,300,300,300,300,300,300,300,300,300,300,300,300,300,300,300,300,300,300,300,300,300,300,300,300,300,300,300,300,300,300,300,300,300,300,300,300,300,300,300,300,300,300,300,300,300,300,300,300,300,300,300,300,300,300,300,300,300,300,300,300,300,300,300,300,300,300,300,300,300,300,300,300,300,300,300,300,300,300,300,300,300,300,300,300,300,300,300,300,300,300,300,300,300,300,300,300,300,300,300,300,300,300,300,300,300,300,300,300,300,300,300,300,300,300,300,300,300,300,300,300,300,300,300,300,300,300,300,300,300,300,300,300,300,300,300,300,300,300,300,300,300,300,300,300,300,300,300,300,300,300,300,300,300,300,300,300,300,300,300,300,300,300,300,300,300,300,300,300,300,300,300,300,300,300,300,300,300,300,300,300,300,300,300,300,300,300,300,300,300,300,300,300,300,300,300,300,300,300,300,300,300,300,300,300,300,300,300,300,300,300,300,300,300,300,300,300,300,300,300,300,300,300,300,300,300,300,300,300,300,300,300,300,300,300,300,300,300,300,300,300,300,300,300,300,300,300,300,300,300,300,300,300,300,300,300,300,300,300,300,300,300,300,300,300,300,300,300,300,300,300,300,300,300,300,300,300,300,300,300,300,300,300,300,300,300,300,300,300,300,300,300,300,300,300,300,300,300,300,300,300,300,300,300,300,300,300,300,300,300,300,300,300,300,300,300,300,300,300,300,300,300,300,300,300,300,276,300,194,240,122,128,64,64,32,32,16,16,8,8,4,4,2,2,1,1],