{"bd2":[2,4,4,8,16,32,40,40,38,40,40,40,40,40,40,40,40,40,40,40,40,40,40,40,40,40,40,40,40,40,40,40,40,40,40,40,40,40,40,40,40,40,40,40,40,40,40,40,40,40,40,40,40,40,40,40,40,40,40,40,40,40,40,40,40,40,40,40,40,40,40,40,40,40,40,40,40,40,40,40,40,40,40,40,40,40,40,40,40,40,40,40,40,40,40,40,40,40,40,40,40,40,40,40,40,40,40,40,40,40,40,40,40,40,40,40,40,40,40,40,40,40,40,40,40,40,40,40,40,40,40,40,40,40,40,40,40,40,40,40,40,40,40,40,40,40,40,40,40,40,40,40,40,40,40,40,40,40,40,40,40,40,40,40,40,40,40,40,40,40,40,40,40,40,40,40,40,40,40,40,40,40,40,40,40,40,40,40,40,40,40,40,40,40,40,40,40,40,40,40,40,40,40,40,40,40,40,40,40,40,40,40,40,40,40,40,40,40,40,40,40,40,40,40,40,40,40,40,40,40,40,40,40,40,40,40,40,40,40,40,40,40,40,40,40,40,40,40,40,40,40,40,40,40,40,40,40,40,40,40,40,40,40,40,40,40,40,40,40,40,40,40,40,40,40,40,40,40,40,40,40,40,40,40,40,40,40,40,40,40,40,40,40,40,40,40,40,40,40,40,40,40,40,40,40,40,40,40,40,40,40,40,40,40,40,40,40,40,40,40,40,40,40,40,40,40,40,40,40,40,40,40,40,40,40,40,40,40,40,40,40,40,40,40,40,40,40,40,40,40,40,40,40,40,40,40,40,40,40,40,40,40,40,40,40,40,40,40,40,40,40,40,40,40,40,40,40,40,40,40,40,40,38,40,38,40,38,40,38,40,38,40,38,40,38,40,40,32,16,8,4,4,2,1],"taus":[0.05,0.1,0.15000000000000002,0.2,0.25,0.30000000000000004,0.35000000000000003,0.4,0.45,0.5,0.55,0.6000000000000001,0.65,0.7000000000000001,0.75,0.8,0.8500000000000001,0.9,0.9500000000000001,1.0,1.05,1.1,1.1500000000000001,1.2000000000000002,1.25,1.3,1.35,1.4000000000000001,1.4500000000000002,1.5,1.55,1.6,1.6500000000000001,1.7000000000000002,1.75,1.8,1.85,1.9000000000000001,1.9500000000000002,2.0,2.0500000000000003,2.1,2.15,2.2,2.25,2.3000000000000003,2.35,2.4000000000000004,2.45,2.5,2.5500000000000003,2.6,2.6500000000000004,2.7,2.75,2.8000000000000003,2.85,2.9000000000000004,2.95,3.0,3.0500000000000003,3.1,3.1500000000000004,3.2,3.25,3.3000000000000003,3.35,3.4000000000000004,3.45,3.5,3.5500000000000003,3.6,3.6500000000000004,3.7,3.75,3.8000000000000003,3.85,3.9000000000000004,3.95,4.0,4.05,4.1000000000000005,4.15,4.2,4.25,4.3,4.3500000000000005,4.4,4.45,4.5,4.55,4.6000000000000005,4.65,4.7,4.75,4.800000000000001,4.8500000000000005,4.9,4.95,5.0,5.050000000000001,5.1000000000000005,5.15,5.2,5.25,5.300000000000001,5.3500000000000005,5.4,5.45,5.5,5.550000000000001,5.6000000000000005,5.65,5.7,5.75,5.800000000000001,5.8500000000000005,5.9,5.95,6.0,6.050000000000001,6.1000000000000005,6.15,6.2,6.25,6.300000000000001,6.3500000000000005,6.4,6.45,6.5,6.550000000000001,6.6000000000000005,6.65,6.7,6.75,6.800000000000001,6.8500000000000005,6.9,6.95,7.0,7.050000000000001,7.1000000000000005,7.15,7.2,7.25,7.300000000000001,7.3500000000000005,7.4,7.45,7.5,7.550000000000001,7.6000000000000005,7.65,7.7,7.75,7.800000000000001,7.8500000000000005,7.9,7.95,8.0,8.05,8.1,8.15,8.200000000000001,8.25,8.3,8.35,8.4,8.450000000000001,8.5,8.55,8.6,8.65,8.700000000000001,8.75,8.8,8.85,8.9,8.950000000000001,9.0,9.05,9.1,9.15,9.200000000000001,9.25,9.3,9.35,9.4,9.450000000000001,9.5,9.55,9.600000000000001,9.65,9.700000000000001,9.75,9.8,9.850000000000001,9.9,9.950000000000001,10.0,10.05],"gtau":[0.41803651874014097,0.40086011050519266,0.3851375285920176,0.37056115572795484,0.3569401950001726,0.34414476032879815,0.3320800500171362,0.32067306150492486,0.3098651742734448,0.2996077550154138,0.2898594027880865,0.2805924929452112,0.271771712538545,0.2633700368435563,0.25536271174206543,0.24772677753501982,0.2404410867087817,0.2334861081854826,0.22684378587321943,0.2204973979834808,0.21443138302127823,0.20863121971177337,0.20308332261508574,0.19777495731732167,0.1926941712686853,0.18782973031832384,0.18317105432677153,0.17870817907847017,0.1744316800233858,0.1703326616300263,0.16640272968412595,0.1626339555046615,0.15901972224067817,0.15555248387311804,0.15222534121830003,0.14903193716811747,0.14596625510984348,0.14302258577271543,0.1401955279987627,0.1374799497519292,0.13487097552841187,0.13236394991546513,0.12995444282971386,0.1276382360149468,0.12541134491032035,0.12327002899121517,0.12121081515404487,0.11923044167210001,0.11732575553382046,0.11549372631216023,0.11373141805300488,0.11203602194131244,0.11040485689986403,0.1088353898852948,0.1073252036030703,0.1058719998443961,0.10447361317614097,0.10312796666401959,0.1018330568176435,0.10058687112940888,0.09938745938682408,0.09823320142178396,0.09712256100743946,0.09605405330135132,0.09502632866019063,0.09403817035884869,0.09308831556501707,0.09217552297119348,0.09129859063714323,0.09045637865503857,0.08964786984312112,0.0888720757446493,0.08812806047967159,0.08741493640940555,0.08673185530377026,0.08607806126080543,0.08545279519201386,0.08485533577228437,0.08428500345041491,0.08374114646966847,0.08322320554959055,0.08273059579809519,0.08226279546565124,0.08181928449070852,0.08139963505671613,0.08100340403087149,0.08063018507442624,0.0802795922340249,0.0799513337462355,0.07964508113546956,0.0793605473043655,0.07909745326803697,0.0788556213979988,0.07863483503961514,0.07843491040385518,0.07825568137970629,0.07809707933732253,0.07795899581081071,0.07784135172039153,0.07774409829054893,0.0776672554773058,0.07761081594501264,0.07757482373174325,0.07755934994115105,0.07756449011723422,0.0775903691223199,0.07763714049910189,0.07770498575728436,0.07779411758548224,0.07790478698558499,0.07803724783464393,0.07819183261400049,0.07836887091360414,0.07856871469538293,0.07879181895502456,0.07903860937678087,0.0793095586601389,0.0796052136956239,0.07992613997764116,0.08027293461102047,0.08064627248553792,0.08104684491178721,0.08147541920636055,0.08193278736147278,0.08241982609862414,0.08293743990995767,0.08348662312791758,0.08406840292717263,0.08468390460684783,0.08533429433259732,0.08602084208307438,0.08674486576243144,0.08750779638913174,0.08831112344649474,0.08915645710326167,0.09004547286782412,0.0909799901492843,0.09196189944627312,0.09299322968382279,0.09407612600356254,0.09521286333211026,0.09640585577607873,0.0976576627519133,0.09897099953411774,0.10034874747518584,0.1017939656255889,0.10330990171190736,0.10489998533382885,0.10656786213368939,0.10831741282093803,0.11015275563803062,0.11207825473973093,0.11409853779928247,0.11621852068598346,0.11844344219726043,0.12077885109614744,0.12323061455755607,0.12580499119922278,0.1285086567888863,0.13134868438369388,0.13433256517468634,0.13746827213808074,0.1407642980376467,0.1442296872733131,0.14787406273653048,0.15170766432122207,0.1557413943133323,0.15998685577713812,0.16445640635396175,0.1691632150995003,0.17412132351466034,0.17934570906798208,0.18485239484490992,0.19065830504399936,0.1967816888712457,0.2032420211348421,0.2100600820637303,0.21725813164348903,0.22486007617893733,0.23289142762291226,0.24137961269474412,0.25035406583927916,0.2598464095150671,0.2698906535676604,0.28052339942745946,0.2917840150543736,0.3037145433526577,0.3163583768310911,0.32976552433140427,0.3440018505437391,0.35912790440393844,0.3752126972602372,0.3923334503367814,0.4105777559036333,0.4300465263376008,0.4508584114068973,0.4731567938912577,0.49712144715756984,0.522989442358174,0.5510959900737064,0.5819634812598591],