{"bd2":[2,4,4,8,16,32,40,40,38,40,38,40,38,40,38,40,40,32,16,8,4,4,2,1],"taus":[0.1,0.2,0.30000000000000004,0.4,0.5,0.6000000000000001,0.7000000000000001,0.8,0.9,1.0,1.1],"gtau":[0.10147694643734596,0.10058590168075178,0.10680462395665931,0.11933720204743092,0.13939856532984146,0.16975064920601476,0.2152573458276982,0.28438808226232726,0.3926790092604335,0.5716855117592448,0.898523053562654],"nn2":[0.5794463387421458,0.3957681222436827,0.3818431335914071,0.37546858073236733,0.37247533790039167,0.37158266313032534,0.37247533725510057,0.3754685789756371,0.3818431302911076,0.39576811831239994],"bd1":[1,1,1,2,2,4,4,8,8,16,16,32,32,32,16,16,8,8,4,4,2,2,1,1],"nn":[0.8985230535626533,0.8884941968613146,0.8819654393576962,0.8778667807443216,0.8756070523632339,0.8748847514715635,0.8756070513790047,0.8778667779876111,0.8819654341942673,0.8884941908065711]}