{"bd2":[1,1,2,4,8,16,32,64,122,140,140,140,140,140,140,140,140,140,140,140,140,140,140,140,140,140,140,140,140,140,140,140,140,140,140,140,140,140,140,140,140,140,140,140,140,140,140,140,140,140,140,140,140,140,140,140,140,140,140,140,140,140,140,140,140,140,140,140,140,140,140,140,140,140,140,140,140,140,140,140,140,140,140,140,140,140,140,140,140,140,140,140,140,139,119,61,32,16,8,4,2,1,1,1],"taus":[0.2,0.4,0.6000000000000001,0.8,1.0,1.2000000000000002,1.4000000000000001,1.6,1.8,2.0,2.2,2.4000000000000004,2.6,2.8000000000000003,3.0,3.2,3.4000000000000004,3.6,3.8000000000000003,4.0,4.2,4.4,4.6000000000000005,4.800000000000001,5.0,5.2,5.4,5.6000000000000005,5.800000000000001,6.0,6.2,6.4,6.6000000000000005,6.800000000000001,7.0,7.2,7.4,7.6000000000000005,7.800000000000001,8.0,8.200000000000001,8.4,8.6,8.8,9.0,9.200000000000001,9.4,9.600000000000001,9.8,10.0,10.200000000000001],"gtau":[0.43899193229826755,0.3699819550392012,0.3163111317186782,0.27274234138723685,0.23684751050953554,0.20704918311126067,0.18218935055158042,0.16137218369006248,0.14388663426490164,0.12916031268656958,0.11672852413977046,0.10621198049475941,0.09729982199782898,0.08973666553297065,0.08331228476280092,0.07785342377691169,0.07321721648604254,0.0692859026281734,0.06596255529836445,0.06316764181251268,0.060836267908517525,0.058915976223769005,0.05736502469728232,0.05615106332474156,0.05525017049012228,0.05464624021015352,0.05433065486112951,0.05430228430156308,0.0545678116436887,0.055142445205197885,0.05605099840290258,0.05732955037528101,0.05902768355995667,0.06121147056946322,0.06396754435418132,0.06740806957742697,0.07167792018834321,0.07696341501593017,0.08350382006088287,0.09160677811788648,0.10166760355102039,0.1141954703070606,0.12984739926385405,0.1494736996374653,0.17417927244785214,0.20540826255137626,0.24506595185591878,0.29570789341815223,0.3608781535220543,0.44590127018967834,0.5610080677017324],"bd1":[2,4,2,4,4,8,8,16,16,32,32,64,64,128,112,140,138,140,140,140,140,140,140,140,140,140,140,140,140,140,140,140,140,140,140,140,140,140,140,140,140,140,140,140,140,140,140,140,140,140,140,140,140,140,140,140,140,140,140,140,140,140,140,140,140,140,140,140,140,140,140,140,140,140,140,140,140,140,140,140,140,140,140,140,140,140,140,140,140,140,118,128,64,64,32,32,16,16,8,8,4,4,2,1],"nn":[0.5610080677017323,0.4862265061490347,0.4359348672255849,0.4017361772742133,0.37822324662528695,0.36187300626143354,0.3503691562591932,0.3421762400197664,0.33626815693854367,0.33195353945218387,0.32876259263073626,0.32637324597290013,0.32456268711574904,0.32317531223323714,0.32210141953873395,0.32126292604193196,0.32060373734344444,0.3200832060197171,0.3196716565435816,0.3193473001937936,0.31909409891960694,0.31890027747317423,0.3187572939109528,0.3186591107861,0.31860172632722755,0.3185828480237771,0.31860173266203135,0.31865912075571307,0.31875730279426007,0.31890027779864055,0.3190940799938162,0.31934725488663807,0.3196715737641146,0.3200830775283478,0.3206035563804975,0.32126269935515955,0.3221011640700201,0.3231750410950661,0.32456241016893655,0.3263729722150584,0.3287623556397453,0.331953361501407,0.3362680340328468,0.342176142085905,0.3503690116557363,0.36187269764816815,0.3782226260634803,0.40173511842833026,0.4359333918554115,0.48622504475974865]}