{"bd2":[2,4,4,4,4,8,8,8,16,32,32,32,58,88,88,88,98,128,128,128,112,140,140,140,112,132,132,132,98,88,88,88,58,32,32,32,16,8,8,8,4,4,4,4,2,1,1,1],"taus":[0.1,0.2,0.30000000000000004,0.4,0.5,0.6000000000000001,0.7000000000000001,0.8,0.9,1.0,1.1],"gtau":[0.40533271587630176,0.3959886240531352,0.393051474797466,0.3956376167422954,0.4035726170704244,0.4170274513107923,0.4364294462913075,0.4624712968533574,0.49620106894103655,0.5392677447033617,0.5946672841236982],"nn2":[0.557726478056932,0.5097250982375233,0.4956819484421728,0.4865151197967256,0.4812773415575563,0.4795701755859625,0.4812773415725511,0.48651511991162477,0.4956819485566761,0.5097250975138917],"bd1":[1,1,1,1,1,2,2,4,4,8,8,16,16,32,32,64,64,128,128,150,150,150,150,150,150,150,150,150,150,150,150,150,128,128,64,64,32,32,16,16,8,8,4,4,2,2,1,1],"nn":[0.5946672881917312,0.5757631115580883,0.5619185626383342,0.5524688080373606,0.5469690970938714,0.5451636849267021,0.5469690966096353,0.5524688078040442,0.5619185625237987,0.5757631115239608]}