{"bd2":[2,4,4,8,16,32,40,40,38,40,38,40,38,40,38,40,40,32,16,8,4,4,2,1],"taus":[0.1,0.2,0.30000000000000004,0.4,0.5,0.6000000000000001,0.7000000000000001,0.8,0.9,1.0,1.1],"gtau":[0.01864937736220169,0.018691689360515643,0.021976692387052292,0.0283600312177566,0.039466789687396545,0.05844036698965065,0.09093093151119164,0.14740728176522483,0.2491343144536165,0.4498495630813762,0.9813506226377983],"nn2":[0.4529835186833028,0.2488531818150764,0.2183013243745735,0.21137493818540457,0.2092266597828871,0.20870279911630973,0.20922665965834636,0.2113749379269857,0.21830132392434892,0.24885318111351595],"bd1":[1,1,1,2,2,4,4,8,8,16,16,32,32,32,16,16,8,8,4,4,2,2,1,1],"nn":[0.9813506226378039,0.9760925617454901,0.9732084662585451,0.9716254312901831,0.9708334151394742,0.9705930054029004,0.9708334147221026,0.9716254303300237,0.9732084646686143,0.9760925597958323]}