{"bd2":[1,1,2,4,8,16,32,54,97,99,163,135,217,163,250,180,250,201,250,232,250,242,250,250,250,250,250,250,250,250,250,250,250,250,250,250,250,250,250,250,250,250,250,250,250,250,250,250,250,250,250,250,250,250,250,250,250,250,250,250,250,250,250,250,250,250,250,250,250,250,250,250,250,250,250,250,250,250,250,250,250,250,250,250,250,250,250,250,250,250,250,250,250,250,250,250,250,250,250,250,250,250,250,250,250,250,250,250,250,250,250,250,250,250,250,250,250,250,250,250,250,250,250,250,250,250,250,250,250,250,250,250,250,250,250,250,250,250,250,250,250,250,250,250,250,250,250,250,250,250,250,250,250,250,250,250,250,250,250,250,250,250,250,250,250,250,250,250,250,250,250,250,250,250,250,250,250,237,250,221,250,206,250,189,250,168,245,156,219,140,195,121,149,91,92,51,32,16,8,4,2,1,1,1],"taus":[0.1,0.2,0.30000000000000004,0.4,0.5,0.6000000000000001,0.7000000000000001,0.8,0.9,1.0,1.1,1.2000000000000002,1.3,1.4000000000000001,1.5,1.6,1.7000000000000002,1.8,1.9000000000000001,2.0,2.1,2.2,2.3000000000000003,2.4000000000000004,2.5,2.6,2.7,2.8000000000000003,2.9000000000000004,3.0,3.1,3.2,3.3000000000000003,3.4000000000000004,3.5,3.6,3.7,3.8000000000000003,3.9000000000000004,4.0,4.1000000000000005,4.2,4.3,4.4,4.5,4.6000000000000005,4.7,4.800000000000001,4.9,5.0,5.1000000000000005,5.2,5.300000000000001,5.4,5.5,5.6000000000000005,5.7,5.800000000000001,5.9,6.0,6.1000000000000005,6.2,6.300000000000001,6.4,6.5,6.6000000000000005,6.7,6.800000000000001,6.9,7.0,7.1000000000000005,7.2,7.300000000000001,7.4,7.5,7.6000000000000005,7.7,7.800000000000001,7.9,8.0,8.1,8.200000000000001,8.3,8.4,8.5,8.6,8.700000000000001,8.8,8.9,9.0,9.1,9.200000000000001,9.3,9.4,9.5,9.600000000000001,9.700000000000001,9.8,9.9,10.0,10.100000000000001],"gtau":[0.42929464762436875,0.392257516716288,0.36034927167691194,0.3321548977363232,0.3069486998467644,0.2842674455232819,0.26377533211855786,0.24520960661921778,0.22835477213950606,0.21302874688392284,0.19907466519641956,0.18635560847631163,0.17475098224221886,0.16415388283114205,0.1544690949523154,0.14561151317177906,0.13750486277582671,0.13008063642707707,0.1232772013771437,0.11703903035500772,0.11131604229507942,0.10606302488042052,0.10123912888960873,0.09680742247369069,0.09273449677131586,0.08899011560624531,0.08554690378503343,0.0823800687630218,0.07946715233624545,0.07678780836939247,0.07432360367636119,0.07205783957290492,0.06997539189964393,0.06806256811127441,0.06630697794221495,0.06469741924602643,0.06322377420461621,0.06187691755425055,0.06064863414256817,0.059531546027771116,0.05851904697527804,0.05760524621828987,0.05678491659535105,0.056053452325772204,0.05540683018296301,0.05484157784251014,0.054354747342306525,0.05394389381894673,0.053607059061927836,0.053342760346591855,0.053149984095472995,0.05302818447380927,0.052977287039714,0.05299769781917407,0.053090317262245404,0.0532565610314125,0.05349838581576107,0.05381832210829127,0.054219514686471244,0.05470577023731812,0.05528161405864077,0.055952356069280354,0.056724167908901175,0.057604171235722486,0.05860053990340058,0.05972261700426404,0.06098104846696976,0.0623879358776696,0.06395701084822247,0.06570383350172435,0.06764601837432725,0.06980349181855025,0.07219878509267261,0.07485736760064653,0.0778080264186168,0.0810832984921592,0.08471996303593947,0.0887596028597095,0.09324924482128108,0.09824209153113682,0.10379835805791139,0.10998623041505366,0.11688296563291443,0.12457615750190602,0.13316519719578365,0.14276296687047432,0.1534978058034982,0.16551582106261087,0.17898361344627717,0.1940915308487668,0.21105761000126344,0.23013244335165148,0.2516053447435535,0.27581243673364625,0.3031477612359874,0.3340795082314659,0.36917568726643474,0.40914911525877773,0.45494733177479424,0.5079664701917485,0.5707053523756312],"bd1":[2,4,2,4,4,8,8,16,16,32,32,64,62,124,104,192,144,250,180,250,202,250,220,250,228,250,236,250,244,250,248,250,248,250,250,250,250,250,250,250,250,250,250,250,250,250,250,250,250,250,250,250,250,250,250,250,250,250,250,250,250,250,250,250,250,250,250,250,250,250,250,250,250,250,250,250,250,250,250,250,250,250,250,250,250,250,250,250,250,250,250,250,250,250,250,250,250,250,250,250,250,250,250,250,250,250,250,250,250,250,250,250,250,250,250,250,250,250,250,250,250,250,250,250,250,250,250,250,250,250,250,250,250,250,250,250,250,250,250,250,250,250,250,250,250,250,250,250,250,250,250,250,250,250,250,250,250,250,250,250,250,250,250,250,250,250,250,250,250,250,250,250,250,250,246,250,240,250,236,250,228,250,222,250,210,250,184,250,146,196,106,124,62,64,32,32,16,16,8,8,4,4,2,1],"nn":[0.5707053523756311,0.5296808389811509,0.4961365972282154,0.4686279341566022,0.44600616314935515,0.42735250456272494,0.4119291403966016,0.39914176163604875,0.38851042592018337,0.37964665935860076,0.3722353506904113,0.3660203709086433,0.3607931131524162,0.3563833349468599,0.3526518233557727,0.3494845082080843,0.34678772871190905,0.344484420832736,0.3425110412058354,0.34081508117717185,0.3393530546285385,0.338088866617306,0.336992488713099,0.33603888153262285,0.3352071169472213,0.33447966183582145,0.3338417926027944,0.3332811156738802,0.33278717438932875,0.33235112579161147,0.3319654748187067,0.33162385463739497,0.33132084608677254,0.33105182695971624,0.33081284842150044,0.3306005314173699,0.3304119808966843,0.3302447142940125,0.3300966023104585,0.3299658182236,0.32985079761187247,0.32975020237389074,0.329662893632468,0.3295879052526044,0.32952442591328457,0.3294717816143983,0.32942942345949044,0.3293969150986956,0.3293739256835701,0.3293602236490808,0.32935567147525185,0.32936022355513817,0.3293739257543451,0.329396914703149,0.3294294229759707,0.32947178117586107,0.32952442509669777,0.32958790440236113,0.32966289283398376,0.32975020180858594,0.32985079685104585,0.32996581778446676,0.33009660211529096,0.33024471451285287,0.3304119813782925,0.3306005322126489,0.330812849514678,0.33105182830151697,0.3313208476384724,0.3316238564792924,0.3319654768221735,0.3323511280278447,0.3327871767727547,0.3332811181802384,0.3338417951763327,0.3344796644478163,0.33520711955090415,0.33603888407160204,0.3369924911254501,0.3380888688256235,0.3393530565597665,0.34081508276259304,0.34251104235746294,0.3444844214678351,0.3467877287660593,0.3494845076200425,0.35265182209465795,0.356383333019903,0.3607931106168841,0.36602036788513514,0.3722353473821751,0.37964665606740566,0.38851042305485384,0.39914175970369375,0.4119291399688192,0.4273525061921334,0.4460061672128279,0.46862794059501756,0.4961366051337509,0.5296808455696584]}