{"bd2":[2,4,4,4,4,8,8,8,16,32,32,32,64,122,122,122,234,276,276,276,300,300,300,300,300,300,300,300,300,300,300,300,300,300,300,300,300,300,300,300,300,300,300,300,300,300,300,300,300,300,300,300,300,300,300,300,300,300,300,300,300,300,300,300,300,300,300,300,300,300,300,300,300,300,300,300,300,300,300,300,300,300,300,300,300,300,300,300,300,300,300,300,300,300,300,300,300,300,300,300,300,300,300,300,300,300,300,300,300,300,300,300,300,300,300,300,300,300,300,300,300,300,300,300,300,300,300,300,300,300,300,300,300,300,300,300,300,300,300,300,300,300,300,300,300,300,300,300,300,300,300,300,300,300,300,300,300,300,300,300,300,300,300,300,300,300,300,300,300,300,300,300,300,300,300,300,300,300,300,300,300,300,300,300,300,276,276,276,238,122,122,122,64,32,32,32,16,8,8,8,4,2,2,2,2,1,1,1],"taus":[0.2,0.4,0.6000000000000001,0.8,1.0,1.2000000000000002,1.4000000000000001,1.6,1.8,2.0,2.2,2.4000000000000004,2.6,2.8000000000000003,3.0,3.2,3.4000000000000004,3.6,3.8000000000000003,4.0,4.2,4.4,4.6000000000000005,4.800000000000001,5.0,5.2,5.4,5.6000000000000005,5.800000000000001,6.0,6.2,6.4,6.6000000000000005,6.800000000000001,7.0,7.2,7.4,7.6000000000000005,7.800000000000001,8.0,8.200000000000001,8.4,8.6,8.8,9.0,9.200000000000001,9.4,9.600000000000001,9.8,10.0,10.200000000000001],"gtau":[0.380639473170422,0.32434215683288115,0.2805088823304366,0.24471718765882178,0.2149838796677352,0.19006082912566002,0.16905033017986057,0.15126503608227887,0.13616104747296193,0.12329975623870214,0.11232332351862678,0.10293759206301759,0.09489951431480746,0.08800756098784876,0.08209422369098765,0.07702006021544677,0.072668915176892,0.06894405953469301,0.06576506406291982,0.06306526838369665,0.060789741339899256,0.05889365408447127,0.057341007538154104,0.05610367215273443,0.055160712701638456,0.05449798461713394,0.05410800195848284,0.05399009172675633,0.05415086560454221,0.05460505981191759,0.05537681702278227,0.05650151646312617,0.058028292702820485,0.0600234387336126,0.06257495150661281,0.06579856640288113,0.0698457440661399,0.07491422971517685,0.08126201864050973,0.08922585932826449,0.09924584013390261,0.11189821230185307,0.12793951311484847,0.14836650152979183,0.17449889732411977,0.2080965621121474,0.2515325955355234,0.3080680171705772,0.38234647998156923,0.4815199720305758,0.619360526829578],"bd1":[1,1,1,1,1,2,2,4,4,8,8,16,16,32,32,64,64,128,126,248,221,300,300,300,300,300,300,300,300,300,300,300,300,300,300,300,300,300,300,300,300,300,300,300,300,300,300,300,300,300,300,300,300,300,300,300,300,300,300,300,300,300,300,300,300,300,300,300,300,300,300,300,300,300,300,300,300,300,300,300,300,300,300,300,300,300,300,300,300,300,300,300,300,300,300,300,300,300,300,300,300,300,300,300,300,300,300,300,300,300,300,300,300,300,300,300,300,300,300,300,300,300,300,300,300,300,300,300,300,300,300,300,300,300,300,300,300,300,300,300,300,300,300,300,300,300,300,300,300,300,300,300,300,300,300,300,300,300,300,300,300,300,300,300,300,300,300,300,300,300,300,300,300,300,300,300,300,300,300,300,300,300,300,300,300,300,300,300,300,300,232,252,128,128,64,64,32,32,16,16,8,8,4,4,2,2,1,1],"nn":[0.6193605268295782,0.547058338537123,0.49873362566747903,0.4660452660040984,0.4436712826127764,0.4281715575919584,0.4172999377271866,0.4095764762299113,0.4040174380195496,0.39996310701575444,0.3969670373152237,0.394724280795978,0.3930245364376168,0.39172134835314293,0.3907117091931569,0.38992245348574167,0.38930111322904554,0.38880972520746554,0.38842060684122537,0.3881134524770255,0.3878733273490319,0.38768927266493786,0.3875533380922755,0.3874599125898628,0.38740527224247734,0.3873872901390624,0.3874052745984759,0.38745991719573664,0.38755334474545317,0.3876892810046748,0.3878733372917455,0.38811346385850726,0.3884206192225873,0.3888097382653295,0.38930112657957566,0.38992246696127586,0.3907117226604668,0.3917213618702326,0.3930245506329104,0.394724296643497,0.39696705582980435,0.39996312920128724,0.40401746467607214,0.4095765075011295,0.4172999723334965,0.4281715922590033,0.44367131169344826,0.4660452819355003,0.49873362212772754,0.5470583193948955]}