{"bd2":[2,4,4,4,4,8,8,8,16,26,26,26,46,42,42,42,66,50,50,50,78,56,56,56,86,58,58,58,88,58,58,58,88,58,58,58,90,62,62,62,94,62,62,62,98,62,62,62,98,64,64,64,100,64,64,64,100,64,64,64,102,64,64,64,102,64,64,64,102,66,66,66,102,66,66,66,102,66,66,66,102,66,66,66,102,66,66,66,102,66,66,66,100,64,64,64,100,64,64,64,100,64,64,64,100,64,64,64,100,64,64,64,100,64,64,64,92,62,62,62,90,58,58,58,90,58,58,58,88,58,58,58,88,58,58,58,86,58,58,58,76,52,52,52,70,46,46,46,66,42,42,42,46,26,26,26,16,8,8,8,4,2,2,2,2,1,1,1],"taus":[0.025,0.05,0.07500000000000001,0.1,0.125,0.15000000000000002,0.17500000000000002,0.2,0.225,0.25,0.275,0.30000000000000004,0.325,0.35000000000000003,0.375,0.4,0.42500000000000004,0.45,0.47500000000000003,0.5,0.525,0.55,0.5750000000000001,0.6000000000000001,0.625,0.65,0.675,0.7000000000000001,0.7250000000000001,0.75,0.775,0.8,0.8250000000000001,0.8500000000000001,0.875,0.9,0.925,0.9500000000000001,0.9750000000000001,1.0,1.0250000000000001],"gtau":[0.0017445954168494788,0.0017022146091490802,0.00167443269958512,0.0016550222306780137,0.001640805102282136,0.0016300518488581812,0.0016217914451959422,0.0016154879284663347,0.0016108836385139089,0.0016079265400926735,0.0016067485909968852,0.001607671725321037,0.0016112548081811946,0.001618365961688213,0.0016303076219783424,0.0016489813304247155,0.0016771583933390263,0.001718863228061056,0.0017799196479598893,0.0018687629646742423,0.0019976124174025684,0.0021841791903737416,0.0024541579048632666,0.002844866457924257,0.0034105788904599697,0.0042303524622376,0.0054195402681681965,0.00714689978740794,0.009659945804397378,0.013322976735743066,0.018674494692277794,0.02651483727133275,0.038041930784110105,0.05506528017989003,0.08035154912754752,0.11820040863773858,0.1754439333482177,0.26327582779161074,0.4008376108361145,0.6228967145835895,0.9982554045831505],"bd1":[1,1,1,1,1,2,2,4,4,8,8,16,16,32,32,64,64,128,128,200,200,200,200,200,200,200,200,200,200,200,200,200,200,200,200,200,200,200,200,200,200,200,200,200,200,200,200,200,200,200,200,200,200,200,200,200,200,200,200,200,200,200,200,200,200,200,200,200,200,200,200,200,200,200,200,200,200,200,200,200,200,200,200,200,200,200,200,200,200,200,200,200,200,200,200,200,200,200,200,200,200,200,200,200,200,200,200,200,200,200,200,200,200,200,200,200,200,200,200,200,200,200,200,200,200,200,200,200,200,200,200,200,200,200,200,200,200,200,200,200,200,200,200,200,200,200,200,200,200,200,200,200,128,128,64,64,32,32,16,16,8,8,4,4,2,2,1,1],"nn":[0.9982554045831505,0.9976778238291287,0.9972986754041964,0.997046566560394,0.996877418772132,0.9967631882517379,0.9966856641352022,0.9966328494713417,0.9965967583224998,0.9965720334441588,0.9965550600432209,0.9965433901547547,0.9965353586068351,0.996529831361269,0.996526026879437,0.9965234190381196,0.9965216496485827,0.9965204744512096,0.9965197333270093,0.996519325849292,0.9965191968104142,0.9965193286076104,0.9965197387321908,0.9965204825666286,0.9965216587825116,0.9965234243952736,0.9965260307405117,0.9965298366437662,0.9965353698090332,0.9965434043367127,0.9965550739714414,0.9965720450054563,0.9965967678049431,0.9966328568918937,0.9966856695806493,0.9967631918994355,0.9968774207883401,0.9970465671600035,0.9972986749006638,0.9976778227764864]}