{"bd2":[1,1,2,4,8,16,31,43,71,63,97,75,119,87,132,98,148,105,157,117,169,125,183,136,197,146,209,154,221,162,230,171,242,175,249,178,250,181,250,184,250,187,250,192,250,192,250,196,250,202,250,207,250,210,250,215,250,221,250,228,250,234,250,239,250,240,250,242,250,245,250,250,250,250,250,250,250,250,250,250,250,250,250,250,250,250,250,250,250,250,250,250,250,250,250,250,250,250,250,250,250,250,250,250,250,250,250,250,250,250,250,250,250,250,250,250,250,250,250,250,250,250,250,250,250,250,250,250,250,250,250,250,250,250,250,250,250,250,250,250,250,250,250,250,250,250,250,250,250,250,250,250,250,250,250,250,250,250,250,250,250,250,250,250,250,250,250,250,250,250,250,250,250,250,250,250,250,250,250,250,250,250,250,250,250,250,250,250,250,250,250,250,250,250,250,250,250,250,250,250,250,250,250,250,250,250,250,250,250,250,250,250,250,250,250,250,250,250,250,250,250,250,250,250,250,250,250,250,250,250,250,250,250,250,250,250,250,250,250,250,250,250,250,250,250,250,250,250,250,250,250,250,250,250,250,250,250,250,250,250,250,250,250,250,250,250,250,250,250,250,250,250,250,250,250,250,250,250,250,250,250,250,250,250,250,250,250,250,250,250,250,250,250,250,250,250,250,250,250,250,250,250,250,250,250,250,250,250,250,250,250,250,250,250,250,250,250,250,250,250,250,250,250,250,250,250,250,250,250,245,250,243,250,240,250,235,250,229,250,228,250,222,250,216,250,210,250,201,250,198,250,194,250,191,250,185,250,181,250,176,250,175,245,172,240,170,232,164,218,155,209,148,202,143,192,137,181,127,175,124,164,114,156,107,146,100,138,93,124,82,106,71,87,55,64,37,31,16,8,4,2,1,1,1],"taus":[0.05,0.1,0.15000000000000002,0.2,0.25,0.30000000000000004,0.35000000000000003,0.4,0.45,0.5,0.55,0.6000000000000001,0.65,0.7000000000000001,0.75,0.8,0.8500000000000001,0.9,0.9500000000000001,1.0,1.05,1.1,1.1500000000000001,1.2000000000000002,1.25,1.3,1.35,1.4000000000000001,1.4500000000000002,1.5,1.55,1.6,1.6500000000000001,1.7000000000000002,1.75,1.8,1.85,1.9000000000000001,1.9500000000000002,2.0,2.0500000000000003,2.1,2.15,2.2,2.25,2.3000000000000003,2.35,2.4000000000000004,2.45,2.5,2.5500000000000003,2.6,2.6500000000000004,2.7,2.75,2.8000000000000003,2.85,2.9000000000000004,2.95,3.0,3.0500000000000003,3.1,3.1500000000000004,3.2,3.25,3.3000000000000003,3.35,3.4000000000000004,3.45,3.5,3.5500000000000003,3.6,3.6500000000000004,3.7,3.75,3.8000000000000003,3.85,3.9000000000000004,3.95,4.0,4.05,4.1000000000000005,4.15,4.2,4.25,4.3,4.3500000000000005,4.4,4.45,4.5,4.55,4.6000000000000005,4.65,4.7,4.75,4.800000000000001,4.8500000000000005,4.9,4.95,5.0,5.050000000000001,5.1000000000000005,5.15,5.2,5.25,5.300000000000001,5.3500000000000005,5.4,5.45,5.5,5.550000000000001,5.6000000000000005,5.65,5.7,5.75,5.800000000000001,5.8500000000000005,5.9,5.95,6.0,6.050000000000001,6.1000000000000005,6.15,6.2,6.25,6.300000000000001,6.3500000000000005,6.4,6.45,6.5,6.550000000000001,6.6000000000000005,6.65,6.7,6.75,6.800000000000001,6.8500000000000005,6.9,6.95,7.0,7.050000000000001,7.1000000000000005,7.15,7.2,7.25,7.300000000000001,7.3500000000000005,7.4,7.45,7.5,7.550000000000001,7.6000000000000005,7.65,7.7,7.75,7.800000000000001,7.8500000000000005,7.9,7.95,8.0,8.05,8.1,8.15,8.200000000000001,8.25,8.3,8.35,8.4,8.450000000000001,8.5,8.55,8.6,8.65,8.700000000000001,8.75,8.8,8.85,8.9,8.950000000000001,9.0,9.05,9.1,9.15,9.200000000000001,9.25,9.3,9.35,9.4,9.450000000000001,9.5,9.55,9.600000000000001,9.65,9.700000000000001,9.75,9.8,9.850000000000001,9.9,9.950000000000001,10.0,10.05],"gtau":[0.013425914554593382,0.012188551050292835,0.011523454519123595,0.011079871134918675,0.01074027137628047,0.010456685758116126,0.010206776131576304,0.009979084135470903,0.009767267890734455,0.009567588247137522,0.00937771602250044,0.009196126516675347,0.009021774933373982,0.008853913196758571,0.0086919837272645,0.008535554651502979,0.008384279872077622,0.008237872641300313,0.008096089963690328,0.007958719978987353,0.00782557479818911,0.0076964849929375785,0.007571295881241509,0.0074498646384449285,0.007332058280331434,0.007217752216794637,0.007106828989005778,0.006999177375207635,0.006894691722749509,0.006793271425240199,0.0066948204569131885,0.006599246950801318,0.006506462855951037,0.00641638364759167,0.006328928206745848,0.006244019138505938,0.0061615811760353766,0.006081542711387241,0.006003834498248011,0.005928389805313882,0.0058551442986341335,0.005784036057128225,0.005715005523723612,0.005647995468526722,0.005582950189804111,0.005519816475670211,0.005458542926125537,0.005399080004557804,0.005341379871754078,0.005285396883048084,0.0052310858830182825,0.00517840415013738,0.005127310538236552,0.005077765284244358,0.005029730024816163,0.004983167744584428,0.004938042632336722,0.004894320588381748,0.004851968601550683,0.004810954335200825,0.004771247839013211,0.004732819050873178,0.004695639639344757,0.004659682238359031,0.004624920491129175,0.004591329037230853,0.004558883487586147,0.004527560398336995,0.004497337244530932,0.004468192391391913,0.004440105068195741,0.004413055342783706,0.004387024097006501,0.0043619930040852,0.00433794451145549,0.0043148618286378195,0.004292728920289523,0.0042715304873906105,0.004251251902919101,0.004231879107749691,0.004213398891027134,0.004195798639495313,0.004179066396701095,0.004163190800534233,0.004148161008839176,0.004133966948903394,0.004120599043516448,0.004108048287129014,0.0040963062552372975,0.004085365091338776,0.004075217492792576,0.004065856700131228,0.004057276490451894,0.00404947116659856,0.004042435551984477,0.004036164987367831,0.0040306553254834026,0.004025902927034048,0.004021904656194114,0.004018657877369904,0.004016160452570267,0.004014410737536645,0.004013407580387781,0.0040131503192452804,0.0040136387827036536,0.0040148732881961,0.00401685464281467,0.00401958414464321,0.004023063584159235,0.004027295247777113,0.004032281918005973,0.004038026878918975,0.00404453392026724,0.0040518073397904485,0.004059851951266418,0.004068673087190827,0.004078276607459392,0.004088668904664104,0.0040998569114141644,0.00411184810801087,0.004124650531498293,0.004138272787946101,0.004152724062083001,0.004168014130734609,0.004184153366980877,0.004201152745390464,0.004219023857069309,0.0042377789452541885,0.004257430931706424,0.004277993469074801,0.004299480929827506,0.0043219083460769,0.004345291485659778,0.004369646931302802,0.0043949921099368,0.004421345258800464,0.004448725627100819,0.00447715345411943,0.004506649825366653,0.004537237161214603,0.004568939055835786,0.004601780459223197,0.0046357878420493345,0.0046709893970424505,0.004707415291839886,0.004745098026451656,0.0047840724990023415,0.00482437725261201,0.004866053756179432,0.004909148872944348,0.004953714695449928,0.004999810181645103,0.005047502829979667,0.005096870834043141,0.005148005838352161,0.005201016534546391,0.005256033238544275,0.005313213269359817,0.005372748660909188,0.00543487674968974,0.0054998912697462815,0.005568159423371866,0.0056401423094644115,0.0057164222645516,0.005797737410339693,0.005885026094560578,0.005979485223406598,0.0060826452274304246,0.006196466745267979,0.006323465851622869,0.006466875988567687,0.006630857479010532,0.006820768719472662,0.007043517347349904,0.007308015153422038,0.007625767690085223,0.008011638913825907,0.008484843556769673,0.009070235779753428,0.009799985204528515,0.010715758018230858,0.011871561033057426,0.01333745733479972,0.015204432014722997,0.01759078333010381,0.02065054474763882,0.024584626062126795,0.029655763773718723,0.03620857993216267,0.044696953311960934,0.0557220387960975,0.07008622687750614,0.08887229463406339,0.11356455121483626,0.1462452215966578,0.1899374002879443,0.24926275683799534,0.3318577087164521,0.451891419532768,0.6405632372532373,0.9865740854454066],