{"bd2":[2,4,4,8,16,32,58,88,98,128,112,136,112,132,98,88,58,32,16,8,4,4,2,1],"taus":[0.1,0.2,0.30000000000000004,0.4,0.5,0.6000000000000001,0.7000000000000001,0.8,0.9,1.0,1.1],"gtau":[0.3445702420418387,0.34516607954498646,0.3514920095640659,0.36317579086839125,0.38042904568716424,0.4037830197350246,0.43404231274628347,0.47232417955654926,0.5201825481931661,0.5799106944506137,0.6554297579581613],"nn2":[0.5974005186107411,0.5324209241275135,0.5194534477085803,0.5110453657838687,0.5062574087705795,0.5046992061303015,0.5062574087705675,0.5110453657838401,0.5194534477085289,0.5324209241274565],"bd1":[1,1,1,2,2,4,4,8,8,16,16,32,32,32,16,16,8,8,4,4,2,2,1,1],"nn":[0.6554297579581513,0.6369688607435149,0.6234980412457106,0.6143292983620826,0.6090034262403738,0.6072567944815308,0.6090034262403746,0.6143292983620755,0.623498041245671,0.6369688607434681]}