{"bd2":[2,4,4,4,4,8,8,8,16,26,26,26,46,42,42,42,66,50,50,50,78,56,56,56,86,58,58,58,88,58,58,58,88,58,58,58,90,62,62,62,94,62,62,62,98,62,62,62,98,64,64,64,100,64,64,64,100,64,64,64,102,64,64,64,102,64,64,64,102,66,66,66,102,66,66,66,102,66,66,66,102,66,66,66,102,66,66,66,102,66,66,66,100,64,64,64,100,64,64,64,100,64,64,64,100,64,64,64,100,64,64,64,100,64,64,64,92,62,62,62,90,58,58,58,90,58,58,58,88,58,58,58,88,58,58,58,86,58,58,58,76,52,52,52,70,46,46,46,66,42,42,42,46,26,26,26,16,8,8,8,4,2,2,2,2,1,1,1],"taus":[0.025,0.05,0.07500000000000001,0.1,0.125,0.15000000000000002,0.17500000000000002,0.2,0.225,0.25,0.275,0.30000000000000004,0.325,0.35000000000000003,0.375,0.4,0.42500000000000004,0.45,0.47500000000000003,0.5,0.525,0.55,0.5750000000000001,0.6000000000000001,0.625,0.65,0.675,0.7000000000000001,0.7250000000000001,0.75,0.775,0.8,0.8250000000000001,0.8500000000000001,0.875,0.9,0.925,0.9500000000000001,0.9750000000000001,1.0,1.0250000000000001],"gtau":[0.0017796402643979964,0.0017366121975570775,0.0017082745331845738,0.0016884377228514567,0.0016739068664562964,0.001662933607867642,0.0016545349793760963,0.0016481712228972876,0.001643588984053671,0.001640749272989758,0.00163980500373261,0.0016411137898493093,0.0016452828309028204,0.001653249158337969,0.0016664050098820875,0.0016867848481490575,0.0017173392097675007,0.0017623319191101543,0.0018279178094833593,0.0019229783970276687,0.0020603341586475235,0.002258503776223159,0.002544260601508313,0.002956355646164405,0.0035509510284430124,0.004409571074108132,0.00565078573299969,0.007447436867966794,0.010052188170427696,0.013835672752188367,0.019343934999639233,0.027385893731794106,0.039168400896349154,0.05650871064016067,0.08217680379938715,0.12046462547678197,0.17817202587306977,0.2664074669663532,0.40410847165498825,0.6255488088164632,0.998220359735602],"bd1":[1,1,1,1,1,2,2,4,4,8,8,16,16,32,32,64,64,128,128,256,256,300,300,300,300,300,300,300,300,300,300,300,300,300,300,300,300,300,300,300,300,300,300,300,300,300,300,300,300,300,300,300,300,300,300,300,300,300,300,300,300,300,300,300,300,300,300,300,300,300,300,300,300,300,300,300,300,300,300,300,300,300,300,300,300,300,300,300,300,300,300,300,300,300,300,300,300,300,300,300,300,300,300,300,300,300,300,300,300,300,300,300,300,300,300,300,300,300,300,300,300,300,300,300,300,300,300,300,300,300,300,300,300,300,300,300,300,300,300,300,300,300,300,300,300,300,300,300,300,300,256,256,128,128,64,64,32,32,16,16,8,8,4,4,2,2,1,1],"nn":[0.9982203597356022,0.9976358201593578,0.9972506107231919,0.9969935092888255,0.9968203756459735,0.9967030267789104,0.9966230979452682,0.9965684492222149,0.9965309715559492,0.9965052064296029,0.996487457923946,0.9964752124450399,0.9964667547807698,0.9964609116095243,0.9964568793056642,0.9964541076113658,0.9964522205845893,0.9964509640797277,0.996450169792807,0.9964497319115069,0.9964495922894269,0.9964497323598035,0.9964501706630945,0.996450965232169,0.99645222177169,0.9964541090489029,0.9964568811973662,0.9964609137925747,0.9964667570904656,0.9964752147761623,0.9964874602447847,0.996505208816526,0.9965309740533042,0.9965684517717611,0.9966231005210774,0.996703029247371,0.9968203778560094,0.996993511050857,0.9972506119015138,0.9976358206901851]}