{"bd2":[2,4,4,4,4,8,8,8,16,26,26,26,46,42,42,42,50,46,46,46,50,50,50,50,50,50,50,50,50,50,50,50,50,50,50,50,50,50,50,50,50,50,50,50,50,50,50,50,50,50,50,50,50,50,50,50,50,50,50,50,50,50,50,50,50,50,50,50,50,50,50,50,50,50,50,50,50,50,50,50,50,50,50,50,50,50,50,50,50,50,50,50,50,50,50,50,50,50,50,50,50,50,50,50,50,50,50,50,50,50,50,50,50,50,50,50,50,50,50,50,50,50,50,50,50,50,50,50,50,50,50,50,50,50,50,50,50,50,50,50,50,50,50,50,50,46,46,46,50,42,42,42,46,26,26,26,16,8,8,8,4,2,2,2,2,1,1,1],"taus":[0.025,0.05,0.07500000000000001,0.1,0.125,0.15000000000000002,0.17500000000000002,0.2,0.225,0.25,0.275,0.30000000000000004,0.325,0.35000000000000003,0.375,0.4,0.42500000000000004,0.45,0.47500000000000003,0.5,0.525,0.55,0.5750000000000001,0.6000000000000001,0.625,0.65,0.675,0.7000000000000001,0.7250000000000001,0.75,0.775,0.8,0.8250000000000001,0.8500000000000001,0.875,0.9,0.925,0.9500000000000001,0.9750000000000001,1.0,1.0250000000000001],"gtau":[0.0017905477257151722,0.0017472498084268497,0.0017188948311664123,0.00169907204634026,0.0016845600471586445,0.001673614200344772,0.0016652873929246677,0.0016590379213151211,0.001654673547282402,0.001652050828706792,0.0016514041698100872,0.0016530066515143607,0.0016574312479924788,0.0016657049002988355,0.0016789650135894667,0.0016995483872477909,0.0017305151741612373,0.0017760356270872762,0.0018422829550067423,0.0019383250626496084,0.002077129759179775,0.002277438144047161,0.0025663564712916772,0.002982968240018645,0.0035847072383595534,0.004452589723239377,0.005707397561442194,0.00752353787892822,0.010156159253358011,0.01397945717824571,0.01954372968395408,0.027665814868614753,0.03955838779232646,0.0570460606549411,0.0829117900039063,0.12145309259134754,0.17946587670209352,0.26802469308237126,0.40595317207623427,0.6271815870720111,0.9982094522742848],"bd1":[1,1,1,1,1,2,2,4,4,8,8,16,16,32,32,50,50,50,50,50,50,50,50,50,50,50,50,50,50,50,50,50,50,50,50,50,50,50,50,50,50,50,50,50,50,50,50,50,50,50,50,50,50,50,50,50,50,50,50,50,50,50,50,50,50,50,50,50,50,50,50,50,50,50,50,50,50,50,50,50,50,50,50,50,50,50,50,50,50,50,50,50,50,50,50,50,50,50,50,50,50,50,50,50,50,50,50,50,50,50,50,50,50,50,50,50,50,50,50,50,50,50,50,50,50,50,50,50,50,50,50,50,50,50,50,50,50,50,50,50,50,50,50,50,50,50,50,50,50,50,50,50,50,50,50,50,32,32,16,16,8,8,4,4,2,2,1,1],"nn":[0.9982094522742848,0.9976219472471893,0.9972344968449881,0.9969757968581616,0.9968015529269044,0.9966834377789066,0.9966029568109431,0.9965478632426282,0.996509975542336,0.9964838056858422,0.9964656323117198,0.9964529652531473,0.9964441430624844,0.9964379874515087,0.9964338964183933,0.9964311296924986,0.996428731592193,0.9964271024827166,0.9964261333042492,0.9964256646249433,0.9964256017675449,0.9964258958960511,0.9964265419821223,0.9964275908983143,0.9964288572102201,0.9964309695031222,0.9964341960081909,0.9964387181033935,0.9964450671437496,0.9964539815301741,0.996466623708492,0.9964846964438248,0.9965107312184259,0.996548474561627,0.996603427639359,0.9966837749605688,0.9968017445376877,0.9969758284318725,0.9972343809503971,0.9976217604682293]}