{"bd2":[1,1,2,4,8,15,20,20,20,20,20,20,20,20,20,20,20,20,20,20,20,20,20,20,20,20,20,20,20,20,20,20,20,20,20,20,20,15,8,4,2,1,1,1],"taus":[0.05,0.1,0.15000000000000002,0.2,0.25,0.30000000000000004,0.35000000000000003,0.4,0.45,0.5,0.55,0.6000000000000001,0.65,0.7000000000000001,0.75,0.8,0.8500000000000001,0.9,0.9500000000000001,1.0,1.05],"gtau":[0.017412729288935006,0.016758249189291266,0.017232788812829712,0.018401817675552944,0.02020648776309945,0.02272315495675713,0.026110202846196903,0.030601699849810152,0.03651965016796955,0.04429839215968088,0.054521314785608795,0.06797461814099832,0.08572830847038346,0.10926255603938777,0.14067207649499686,0.1830186543387256,0.24100380678275815,0.32242115969962665,0.4417842687643606,0.6311358745291615,0.982587270711065],"bd1":[2,4,2,4,4,8,8,16,16,20,20,20,20,20,20,20,20,20,20,20,20,20,20,20,20,20,20,20,20,20,20,20,20,20,20,20,16,16,8,8,4,4,2,1],"nn":[0.982587270711065,0.9795493104166757,0.9773519862503326,0.9757375014540519,0.9745451488951445,0.9736672751779938,0.9730292745692597,0.9725789473900345,0.9722803022275821,0.9721098140892159,0.9720542149578415,0.9721093133941852,0.972279576031621,0.9725784113036703,0.9730292947851464,0.9736680251236773,0.9745465760091792,0.9757394318873055,0.9773543031138174,0.9795518418447583]}