{"bd2":[2,4,4,8,16,32,54,60,60,60,60,60,60,60,60,60,60,60,60,60,60,60,60,60,60,60,60,60,60,60,60,60,60,60,60,60,54,32,16,8,4,4,2,1],"taus":[0.05,0.1,0.15000000000000002,0.2,0.25,0.30000000000000004,0.35000000000000003,0.4,0.45,0.5,0.55,0.6000000000000001,0.65,0.7000000000000001,0.75,0.8,0.8500000000000001,0.9,0.9500000000000001,1.0,1.05],"gtau":[0.10174855896564343,0.10017775488202446,0.1007731587129044,0.10308523356112242,0.10695500810708981,0.11238217384145974,0.11947442589491748,0.1284302348142054,0.1395388232091357,0.15319182791348893,0.16990571005825864,0.19035675666608118,0.21543319378855313,0.24631263498271636,0.2845792841310691,0.3324067517248941,0.39285505224077966,0.47037890553044254,0.571757556679774,0.7079497331125667,0.8982514410343566],"nn2":[0.7128473269150957,0.5751185118538457,0.5681438623244321,0.5633610664260369,0.5599173047070267,0.5573837761612689,0.5555199190485869,0.5541811487207026,0.553277854304546,0.5527554834316335,0.5525844847634647,0.5527554828988783,0.5532778417782701,0.55418111659843,0.5555198645094966,0.5573837246271993,0.5599173211610352,0.5633612104298221,0.5681440926743697,0.5751178522923509],"bd1":[1,1,1,2,2,4,4,8,8,16,16,32,32,60,60,60,60,60,60,60,60,60,60,60,60,60,60,60,60,60,60,60,32,32,16,16,8,8,4,4,2,2,1,1],"nn":[0.8982518917710034,0.8926333666178248,0.8881024358421749,0.884448161531892,0.881516198868909,0.8791918808593915,0.8773897486024339,0.8760467127462663,0.8751175096701184,0.8745716678831322,0.8743916356846401,0.8745716669649485,0.8751175053652528,0.876046716447095,0.8773897475121986,0.8791918809492325,0.8815161996696778,0.8844481628077981,0.8881024377715092,0.8926333689356317]}