{"bd2":[1,1,2,4,8,15,28,28,47,34,53,35,56,41,60,41,60,41,60,42,60,42,60,42,60,41,60,41,57,38,53,34,52,33,47,28,28,15,8,4,2,1,1,1],"taus":[0.05,0.1,0.15000000000000002,0.2,0.25,0.30000000000000004,0.35000000000000003,0.4,0.45,0.5,0.55,0.6000000000000001,0.65,0.7000000000000001,0.75,0.8,0.8500000000000001,0.9,0.9500000000000001,1.0,1.05],"gtau":[0.01896883528339813,0.01829947925212232,0.01882549352378366,0.020103145434543116,0.022066204336201833,0.02479026027973747,0.028436479016388592,0.033245173257040204,0.03954544586174512,0.047778959758802614,0.05853542339442172,0.07260536168461233,0.09105839697903997,0.11536068671271932,0.14757670548388613,0.19070544383107094,0.24933849661854943,0.33107085723273916,0.45000788811212683,0.6372240955562184,0.9810311647166019],"bd1":[2,4,2,4,4,8,8,16,16,32,32,60,60,60,60,60,60,60,60,60,60,60,60,60,60,60,60,60,60,60,60,60,60,60,32,32,16,16,8,8,4,4,2,1],"nn":[0.981031164716602,0.9778916197572933,0.9756046184473096,0.973913134669271,0.9726559492023545,0.9717245946386365,0.9710437142023176,0.9705605610774982,0.9702387791166662,0.9700546267206089,0.9699946841086033,0.9700546138110006,0.970238756163944,0.9705605281738091,0.9710436728670362,0.9717245372361555,0.9726558863731359,0.9739130790418085,0.9756045747345156,0.9778915919325017]}