{"bd2":[1,1,2,4,8,15,28,28,40,34,40,35,40,40,40,40,40,40,40,40,40,40,40,40,40,40,40,40,40,39,40,37,40,35,40,28,28,15,8,4,2,1,1,1],"taus":[0.05,0.1,0.15000000000000002,0.2,0.25,0.30000000000000004,0.35000000000000003,0.4,0.45,0.5,0.55,0.6000000000000001,0.65,0.7000000000000001,0.75,0.8,0.8500000000000001,0.9,0.9500000000000001,1.0,1.05],"gtau":[0.01745906969176864,0.016818361163907912,0.01728953556406201,0.018452096549882016,0.020250863417692073,0.022762133494843576,0.02614563137680682,0.030634166098310878,0.036552554866041496,0.04433726251480169,0.054574472756404785,0.06805420907584371,0.08585056663066712,0.10944509859377234,0.14092723388038114,0.18334440837169957,0.24134748472754736,0.3227392301653263,0.4419404225186947,0.6309326383482509,0.9825409303082313],"bd1":[2,4,2,4,4,8,8,16,16,32,32,40,40,40,40,40,40,40,40,40,40,40,40,40,40,40,40,40,40,40,40,40,40,40,32,32,16,16,8,8,4,4,2,1],"nn":[0.9825409303082313,0.9795028526126297,0.9773061057768825,0.9756921893456371,0.9744999478123005,0.9736215853072826,0.9729825707959545,0.9725309776844776,0.9722311836471494,0.9720600008742449,0.9720043525455551,0.9720600075024294,0.9722311811374433,0.9725309406007583,0.9729824764192802,0.9736214151586855,0.9744997678508324,0.9756920671462045,0.9773061323966492,0.9795030007063131]}