{"bd2":[2,4,4,4,4,8,8,8,16,26,26,26,46,38,38,38,58,38,38,38,58,40,40,40,64,42,42,42,66,42,42,42,66,42,42,42,66,46,46,46,70,46,46,46,70,46,46,46,70,48,48,48,72,48,48,48,72,52,52,52,76,58,58,58,82,58,58,58,82,58,58,58,82,58,58,58,82,58,58,58,82,58,58,58,82,58,58,58,82,58,58,58,82,58,58,58,82,58,58,58,82,58,58,58,82,58,58,58,82,58,58,58,82,58,58,58,82,58,58,58,82,58,58,58,82,58,58,58,82,58,58,58,82,58,58,58,82,58,58,58,82,58,58,58,82,58,58,58,82,58,58,58,82,58,58,58,82,58,58,58,82,58,58,58,82,58,58,58,82,58,58,58,82,58,58,58,82,58,58,58,82,58,58,58,82,58,58,58,82,58,58,58,80,56,56,56,80,56,56,56,80,56,56,56,80,56,56,56,80,56,56,56,80,56,56,56,80,56,56,56,80,56,56,56,80,56,56,56,80,56,56,56,80,56,56,56,80,56,56,56,78,54,54,54,78,54,54,54,74,50,50,50,72,48,48,48,72,48,48,48,72,48,48,48,70,46,46,46,70,46,46,46,68,44,44,44,66,42,42,42,66,44,44,44,66,44,44,44,68,44,44,44,68,44,44,44,66,44,44,44,64,42,42,42,60,40,40,40,56,38,38,38,40,26,26,26,16,8,8,8,4,2,2,2,2,1,1,1],"taus":[0.0125,0.025,0.037500000000000006,0.05,0.0625,0.07500000000000001,0.08750000000000001,0.1,0.1125,0.125,0.1375,0.15000000000000002,0.1625,0.17500000000000002,0.1875,0.2,0.21250000000000002,0.225,0.23750000000000002,0.25,0.2625,0.275,0.28750000000000003,0.30000000000000004,0.3125,0.325,0.3375,0.35000000000000003,0.36250000000000004,0.375,0.3875,0.4,0.41250000000000003,0.42500000000000004,0.4375,0.45,0.4625,0.47500000000000003,0.48750000000000004,0.5,0.5125000000000001,0.525,0.5375,0.55,0.5625,0.5750000000000001,0.5875,0.6000000000000001,0.6125,0.625,0.6375000000000001,0.65,0.6625000000000001,0.675,0.6875,0.7000000000000001,0.7125,0.7250000000000001,0.7375,0.75,0.7625000000000001,0.775,0.7875000000000001,0.8,0.8125,0.8250000000000001,0.8375,0.8500000000000001,0.8625,0.875,0.8875000000000001,0.9,0.9125000000000001,0.925,0.9375,0.9500000000000001,0.9625,0.9750000000000001,0.9875,1.0,1.0125],"gtau":[0.0018077210021453993,0.00178262401250417,0.0017625821793105729,0.0017462776111598676,0.001732797454915763,0.0017214946191072091,0.0017119014471687621,0.0017036742933739073,0.001696557372914298,0.0016903592921558744,0.0016849357141561867,0.0016801783897125563,0.0016760069471099786,0.0016723611258254065,0.0016691987498934494,0.0016664941345270689,0.0016642329489392994,0.0016624145142781815,0.0016610512502342888,0.0016601669366684013,0.0016597986524620018,0.0016599982870676622,0.0016608375705878212,0.001662400352691265,0.0016647869562969688,0.0016681241299287858,0.0016725600036840156,0.0016782915646174682,0.0016855470869311434,0.0016946033329766402,0.0017057936555728835,0.0017195191573588838,0.0017362619903242133,0.0017566015056944652,0.0017812338450476526,0.0018109952743091508,0.0018468904649977563,0.0018901257645656106,0.0019421503297227674,0.002004706163028435,0.002079886949325733,0.002170209491228207,0.002278699912081047,0.0024089975357492813,0.002565480435539847,0.002753417007945984,0.0029791491824357683,0.003250313960933328,0.0035761115111338985,0.00396763051166121,0.004438241505323762,0.0050040756920226095,0.005684606002069888,0.006503354773635971,0.007488756093689867,0.00867521027145864,0.010104372156865138,0.011826729346464636,0.013903555228490738,0.016409237716616468,0.0194343468129486,0.023089218550655467,0.027508547925031226,0.032857103136901135,0.039336916277028115,0.047196381766121655,0.056741832913437665,0.06835248114989613,0.08249964092280378,0.09977197837277609,0.12090892295547599,0.14684543840169087,0.17877299742369573,0.21822392178239525,0.26719029286454576,0.3282950795963571,0.40504443031606524,0.502209307754036,0.6264202730113686,0.7871254959795062,0.9981922789978546],"bd1":[1,1,1,1,1,2,2,4,4,8,8,16,16,32,32,64,64,128,128,200,200,200,200,200,200,200,200,200,200,200,200,200,200,200,200,200,200,200,200,200,200,200,200,200,200,200,200,200,200,200,200,200,200,200,200,200,200,200,200,200,200,200,200,200,200,200,200,200,200,200,200,200,200,200,200,200,200,200,200,200,200,200,200,200,200,200,200,200,200,200,200,200,200,200,200,200,200,200,200,200,200,200,200,200,200,200,200,200,200,200,200,200,200,200,200,200,200,200,200,200,200,200,200,200,200,200,200,200,200,200,200,200,200,200,200,200,200,200,200,200,200,200,200,200,200,200,200,200,200,200,200,200,200,200,200,200,200,200,200,200,200,200,200,200,200,200,200,200,200,200,200,200,200,200,200,200,200,200,200,200,200,200,200,200,200,200,200,200,200,200,200,200,200,200,200,200,200,200,200,200,200,200,200,200,200,200,200,200,200,200,200,200,200,200,200,200,200,200,200,200,200,200,200,200,200,200,200,200,200,200,200,200,200,200,200,200,200,200,200,200,200,200,200,200,200,200,200,200,200,200,200,200,200,200,200,200,200,200,200,200,200,200,200,200,200,200,200,200,200,200,200,200,200,200,200,200,200,200,200,200,200,200,200,200,200,200,200,200,200,200,200,200,200,200,200,200,200,200,200,200,200,200,200,200,200,200,200,200,200,200,200,200,128,128,64,64,32,32,16,16,8,8,4,4,2,2,1,1],"nn":[0.9981922789978546,0.9978635508927393,0.997597851277076,0.9973821891084175,0.997206537628133,0.9970630656345498,0.9969455977707214,0.9968492262723148,0.9967700257021985,0.9967048394185543,0.9966511177477488,0.9966067933901827,0.9965701844983096,0.9965399193992194,0.9965148792279479,0.9964941463333516,0.996476968393663,0.9964627273805001,0.9964509145366213,0.9964411110299713,0.9964329714756541,0.9964262103479047,0.9964205833650837,0.9964158987525087,0.9964119964509125,0.9964087450835721,0.9964060368169915,0.996403780500792,0.9964019010811979,0.9964003366286472,0.9963990361234503,0.996397957524656,0.9963970663102335,0.9963963343393366,0.9963957387530431,0.9963952612177553,0.9963948872795978,0.9963946060517361,0.9963944097522994,0.9963942930267904,0.9963942527758778,0.9963942880566389,0.9963944000941486,0.9963945922945908,0.9963948703825855,0.9963952426137598,0.9963957200790671,0.9963963171216563,0.9963970518566859,0.9963979467999509,0.9963990297624362,0.9964003348160699,0.9964019037270065,0.996403787488851,0.9964060482112979,0.9964087606350879,0.9964120124407065,0.9964159125427311,0.9964205870700418,0.9964262085965643,0.9964329726624621,0.9964411147990557,0.99645091991793,0.9964627332134259,0.9964769743093813,0.9964941488271762,0.9965148741522752,0.9965399054316822,0.9965701606666703,0.9966067608003645,0.996651077252067,0.9967047917000796,0.9967699717963439,0.9968491677039636,0.9969455366277147,0.9970630046708797,0.9972064801894783,0.9973821391152284,0.9975978132299991,0.9978635296093992]}