{"bd2":[1,1,2,4,8,16,31,43,71,67,101,82,120,92,120,104,120,114,120,120,120,120,120,120,120,120,120,120,120,120,120,120,120,120,120,120,120,120,120,120,120,120,120,120,120,120,120,120,120,120,120,120,120,120,120,120,120,120,120,120,120,120,120,120,120,120,120,120,120,120,120,120,120,120,120,120,120,120,120,120,120,120,120,120,120,120,120,120,120,120,120,120,120,120,120,120,120,120,120,120,120,120,120,120,120,120,120,120,120,120,120,120,120,120,120,120,120,120,120,120,120,120,120,120,120,120,120,120,120,120,120,120,120,120,120,120,120,120,120,120,120,120,120,120,120,120,120,120,120,120,120,120,120,120,120,120,120,120,120,120,120,120,120,120,120,120,120,120,120,120,120,120,120,120,120,120,120,120,120,120,120,120,120,120,120,120,120,120,120,120,120,120,120,120,120,120,120,120,120,120,120,120,120,120,120,120,120,120,120,120,120,120,120,120,120,120,120,120,120,120,120,120,120,120,120,120,120,120,120,120,120,120,120,120,120,120,120,120,120,120,120,120,120,120,120,120,120,120,120,120,120,120,120,120,120,120,120,120,120,120,120,120,120,120,120,120,120,120,120,120,120,120,120,120,120,120,120,120,120,120,120,120,120,120,120,120,120,120,120,120,120,120,120,120,120,120,120,120,120,120,120,120,120,120,120,120,120,120,120,120,120,120,120,120,120,120,120,120,120,120,120,120,120,120,120,120,120,120,120,120,120,120,120,120,120,120,120,120,120,120,120,120,120,120,120,120,120,120,120,120,120,120,120,120,120,120,120,120,120,120,120,120,120,120,120,120,120,120,120,120,120,120,120,120,120,114,120,110,120,105,120,97,120,97,120,88,120,83,118,76,105,70,87,55,64,37,31,16,8,4,2,1,1,1],"taus":[0.05,0.1,0.15000000000000002,0.2,0.25,0.30000000000000004,0.35000000000000003,0.4,0.45,0.5,0.55,0.6000000000000001,0.65,0.7000000000000001,0.75,0.8,0.8500000000000001,0.9,0.9500000000000001,1.0,1.05,1.1,1.1500000000000001,1.2000000000000002,1.25,1.3,1.35,1.4000000000000001,1.4500000000000002,1.5,1.55,1.6,1.6500000000000001,1.7000000000000002,1.75,1.8,1.85,1.9000000000000001,1.9500000000000002,2.0,2.0500000000000003,2.1,2.15,2.2,2.25,2.3000000000000003,2.35,2.4000000000000004,2.45,2.5,2.5500000000000003,2.6,2.6500000000000004,2.7,2.75,2.8000000000000003,2.85,2.9000000000000004,2.95,3.0,3.0500000000000003,3.1,3.1500000000000004,3.2,3.25,3.3000000000000003,3.35,3.4000000000000004,3.45,3.5,3.5500000000000003,3.6,3.6500000000000004,3.7,3.75,3.8000000000000003,3.85,3.9000000000000004,3.95,4.0,4.05,4.1000000000000005,4.15,4.2,4.25,4.3,4.3500000000000005,4.4,4.45,4.5,4.55,4.6000000000000005,4.65,4.7,4.75,4.800000000000001,4.8500000000000005,4.9,4.95,5.0,5.050000000000001,5.1000000000000005,5.15,5.2,5.25,5.300000000000001,5.3500000000000005,5.4,5.45,5.5,5.550000000000001,5.6000000000000005,5.65,5.7,5.75,5.800000000000001,5.8500000000000005,5.9,5.95,6.0,6.050000000000001,6.1000000000000005,6.15,6.2,6.25,6.300000000000001,6.3500000000000005,6.4,6.45,6.5,6.550000000000001,6.6000000000000005,6.65,6.7,6.75,6.800000000000001,6.8500000000000005,6.9,6.95,7.0,7.050000000000001,7.1000000000000005,7.15,7.2,7.25,7.300000000000001,7.3500000000000005,7.4,7.45,7.5,7.550000000000001,7.6000000000000005,7.65,7.7,7.75,7.800000000000001,7.8500000000000005,7.9,7.95,8.0,8.05,8.1,8.15,8.200000000000001,8.25,8.3,8.35,8.4,8.450000000000001,8.5,8.55,8.6,8.65,8.700000000000001,8.75,8.8,8.85,8.9,8.950000000000001,9.0,9.05,9.1,9.15,9.200000000000001,9.25,9.3,9.35,9.4,9.450000000000001,9.5,9.55,9.600000000000001,9.65,9.700000000000001,9.75,9.8,9.850000000000001,9.9,9.950000000000001,10.0,10.05],"gtau":[0.012652832315908464,0.01147410179053799,0.010851028854836858,0.010436684096541584,0.010119216573945074,0.009853711704746566,0.009619427674742359,0.009405762482411326,0.009206861186815157,0.009019270038015703,0.008840832171184339,0.008670135544211349,0.00850621472841077,0.008348370678798345,0.008196089970866514,0.008048969616398761,0.007906688993582251,0.0077689784587357666,0.007635616692456511,0.007506399873367183,0.007381152671852569,0.007259715976210746,0.007141945111849758,0.0070277076017994395,0.006916875465026392,0.006809331122112347,0.006704967453210967,0.006603680362183532,0.006505372211025066,0.006409945459440331,0.006317309956208744,0.006227379721634159,0.006140072544025495,0.0060553092813020295,0.0059730136561075235,0.005893112323386768,0.005815534651298096,0.0057402130286798095,0.005667083562835596,0.005596085724705647,0.005527160124850909,0.00546024657730289,0.005395287302763261,0.005332227825323303,0.005271016328508999,0.005211603069113577,0.005153940115652493,0.005097981277729216,0.005043681779155611,0.00499099831118791,0.0049398891549691844,0.004890314065285815,0.004842234229576573,0.004795612220403534,0.004750411954033427,0.004706598654520598,0.0046641388118879,0.004623000135916731,0.004583151509161146,0.004544562969823196,0.004507205654414987,0.004471051759854759,0.004436074531838052,0.0044022482283980514,0.004369548104329706,0.004337950384229063,0.004307432225701066,0.004277971687865758,0.004249547686703911,0.004222139948645786,0.004195728961037349,0.004170295952748778,0.004145822870529694,0.004122292410639437,0.004099688036555521,0.004077994005178305,0.004057195346155664,0.004037277848670976,0.004018228033141746,0.004000033073183061,0.003982680600664374,0.003966158366811418,0.0039504541358193115,0.003935556994184475,0.00392145827008767,0.003908147599596917,0.0038956156375379077,0.003883854876255696,0.003872857627662704,0.003862616498040037,0.003853124628656553,0.003844375687407562,0.0038363638720843537,0.003829083873888242,0.003822530855963847,0.0038167004607519476,0.0038115888054563924,0.0038071924864463836,0.00380350858137533,0.003800534631784696,0.003798268669475287,0.0037967091847362013,0.0037958551411743095,0.003795705968400235,0.0037962615662402595,0.0037975222953295054,0.0037994889845314106,0.003802162918003446,0.0038055458557280136,0.0038096400248185634,0.0038144481220185387,0.0038199733216269485,0.003826219264980485,0.0038331900821803253,0.00384089037942732,0.003849325269954911,0.003858500358970709,0.00386842175256794,0.0038790960770060546,0.0038905304619626852,0.0039027325526065177,0.003915710529487498,0.003929473105219077,0.003944029522429456,0.003959389542080829,0.003975563472999744,0.003992562185021953,0.00401039717842138,0.0040290807717181295,0.004048626607564121,0.004069049827461486,0.004090361521556236,0.004112577534804355,0.004135714794386573,0.004159789320278554,0.004184818173239251,0.0042108193504792075,0.004237811739930838,0.004265815200042595,0.004294850672762844,0.004324940198032655,0.004356106915229709,0.004388375307469429,0.004421771431482816,0.004456323100410444,0.004492060049660452,0.004529014200065263,0.004567220027488938,0.004606715068853038,0.00464754056079716,0.004689742263543665,0.00473337152081205,0.004778486614051887,0.004825154508690658,0.0048734531093213955,0.004923474163094391,0.004975327056615657,0.005029143677353854,0.005085084759887969,0.005143348091327311,0.00520417915701979,0.005267884968278723,0.005334852024361756,0.005405569598287182,0.005480660086058956,0.005560918678600024,0.0056473651245800855,0.005741309894084353,0.005844440280780649,0.005958934158570794,0.006087608700848436,0.006234112535454568,0.0064031745856613686,0.0066009295118342765,0.006835344779430568,0.007116775198668657,0.007458654574288468,0.007878552504558212,0.008399270389181989,0.009050543584602699,0.009871143103964156,0.010911668701583452,0.012238204689084358,0.013937148923233972,0.016121560170445033,0.0189395755399448,0.02258586308212455,0.027316478678521206,0.033469475088837644,0.04149282129901298,0.05198348200219263,0.06574272454122784,0.08385820227968568,0.10782679805843706,0.13975786007751734,0.18272302025366557,0.241427160063606,0.3236516315759922,0.4438541621410144,0.6340566619111844,0.9873471676840916],