{"bd2":[2,4,4,4,4,8,8,8,16,32,32,32,64,122,122,122,200,200,200,200,200,200,200,200,200,200,200,200,200,200,200,200,200,200,200,200,200,200,200,200,200,200,200,200,200,200,200,200,200,200,200,200,200,200,200,200,200,200,200,200,200,200,200,200,200,200,200,200,200,200,200,200,200,200,200,200,200,200,200,200,200,200,200,200,200,200,200,200,200,200,200,200,200,200,200,200,200,200,200,200,200,200,200,200,200,200,200,200,200,200,200,200,200,200,200,200,200,200,200,200,200,200,200,200,200,200,200,200,200,200,200,200,200,200,200,200,200,200,200,200,200,200,200,200,200,200,200,200,200,200,200,200,200,200,200,200,200,200,200,200,200,200,200,200,200,200,200,200,200,200,200,200,200,200,200,200,200,200,200,200,200,200,200,200,200,200,200,200,200,122,122,122,64,32,32,32,16,8,8,8,4,2,2,2,2,1,1,1],"taus":[0.2,0.4,0.6000000000000001,0.8,1.0,1.2000000000000002,1.4000000000000001,1.6,1.8,2.0,2.2,2.4000000000000004,2.6,2.8000000000000003,3.0,3.2,3.4000000000000004,3.6,3.8000000000000003,4.0,4.2,4.4,4.6000000000000005,4.800000000000001,5.0,5.2,5.4,5.6000000000000005,5.800000000000001,6.0,6.2,6.4,6.6000000000000005,6.800000000000001,7.0,7.2,7.4,7.6000000000000005,7.800000000000001,8.0,8.200000000000001,8.4,8.6,8.8,9.0,9.200000000000001,9.4,9.600000000000001,9.8,10.0,10.200000000000001],"gtau":[0.38063665855444606,0.3243450784811906,0.28051577306137226,0.2447266619297655,0.2149948825226297,0.19007257180763018,0.16906222858472508,0.15127665042370378,0.1361720507087738,0.12330990889125844,0.1123324924126284,0.1029456861618832,0.09490649230800612,0.08801342397172508,0.0820990097008144,0.07702383651103753,0.07267177293333937,0.06894610780263861,0.06576642478328565,0.06306607105994454,0.06079011856542835,0.058893737626385036,0.05734092506485972,0.056103544973731226,0.0551606538773093,0.05449809776848523,0.05410838437546171,0.05399082782749636,0.0541520308701429,0.054606721594664134,0.05537903579847247,0.056504347316496166,0.05803178527553283,0.06002763807988297,0.06257989785702768,0.06580429452040756,0.06985228141138468,0.07492159394580156,0.08127021441291542,0.08923487456121514,0.09925564297891441,0.11190874686896304,0.12795064790363442,0.14837809234418908,0.1745107582811513,0.20810842051553227,0.2515440707606628,0.308078604451988,0.38235552721106897,0.48152662414168224,0.6193633414455539],"bd1":[1,1,1,1,1,2,2,4,4,8,8,16,16,32,32,64,64,128,127,200,200,200,200,200,200,200,200,200,200,200,200,200,200,200,200,200,200,200,200,200,200,200,200,200,200,200,200,200,200,200,200,200,200,200,200,200,200,200,200,200,200,200,200,200,200,200,200,200,200,200,200,200,200,200,200,200,200,200,200,200,200,200,200,200,200,200,200,200,200,200,200,200,200,200,200,200,200,200,200,200,200,200,200,200,200,200,200,200,200,200,200,200,200,200,200,200,200,200,200,200,200,200,200,200,200,200,200,200,200,200,200,200,200,200,200,200,200,200,200,200,200,200,200,200,200,200,200,200,200,200,200,200,200,200,200,200,200,200,200,200,200,200,200,200,200,200,200,200,200,200,200,200,200,200,200,200,200,200,200,200,200,200,200,200,200,200,200,200,200,200,200,200,128,128,64,64,32,32,16,16,8,8,4,4,2,2,1,1],"nn":[0.6193633414455538,0.5470636008229997,0.4987391049117417,0.4660500478265405,0.4436751311602122,0.4281745580610741,0.4173023043688617,0.40957844753160044,0.4040192207403675,0.39996483156003915,0.39696880404452256,0.39472614885703144,0.3930265321252246,0.3917234732461586,0.3907139485794404,0.3899247843135875,0.3893035095982838,0.38881216266168483,0.3884230643844258,0.3881159138502114,0.3878757812081322,0.3876917129741037,0.3875557633006093,0.3874623257000265,0.3874076804523543,0.38738970267708267,0.38740769587217583,0.3874623506325113,0.3875557946034987,0.38769174884443913,0.38787582129079873,0.3881159563603103,0.38842310707345534,0.3888122031337321,0.38930354540521384,0.38992481356178227,0.3907139710679466,0.3917234904356997,0.3930265470277858,0.3947261654195845,0.396968832480085,0.39996490818628194,0.4040193338710336,0.4095786024236707,0.41730251201055363,0.42817480289629306,0.4436753780535892,0.46605025088937746,0.4987392173628151,0.5470636061809228]}