{"bd2":[2,4,4,4,4,8,8,8,16,32,32,32,62,72,72,72,118,84,84,84,140,84,84,84,138,84,84,84,118,72,72,72,62,32,32,32,16,8,8,8,4,2,2,2,2,1,1,1],"taus":[0.1,0.2,0.30000000000000004,0.4,0.5,0.6000000000000001,0.7000000000000001,0.8,0.9,1.0,1.1],"gtau":[0.0014429118048725747,0.001388574933881669,0.001373962248579299,0.0013840677024060171,0.0014614290114085848,0.0018063650020042326,0.0032914650135886163,0.009766905545660324,0.03880758585718937,0.17768640198517544,0.9985570881951275],"bd1":[1,1,1,1,1,2,2,4,4,8,6,12,12,24,18,36,36,72,54,108,108,215,153,278,224,386,223,278,153,215,108,108,54,72,36,36,18,24,12,12,6,8,4,4,2,2,1,1],"nn":[0.9985570881951275,0.9974294984061887,0.9971891312883558,0.9971351962085909,0.9971229149476458,0.9971206861664136,0.9971229149476463,0.9971351962085914,0.9971891312883557,0.9974294984061909]}