{"bd2":[2,4,4,8,16,32,58,60,60,60,60,60,60,60,60,60,58,32,16,8,4,4,2,1],"taus":[0.1,0.2,0.30000000000000004,0.4,0.5,0.6000000000000001,0.7000000000000001,0.8,0.9,1.0,1.1],"gtau":[0.018649410078168758,0.01869167247585453,0.02197667157917159,0.028360022581364497,0.03946679234290098,0.05844037276518018,0.09093093270498932,0.14740727605738468,0.2491343046677537,0.44984954626452955,0.9813505899218312],"nn2":[0.4529835043567583,0.24885317264581278,0.21830131667895727,0.21137493083548575,0.20922665238205979,0.20870279167682734,0.20922665238587881,0.2113749308353926,0.2183013166662525,0.24885317263245896],"bd1":[1,1,1,2,2,4,4,8,8,16,16,32,32,32,16,16,8,8,4,4,2,2,1,1],"nn":[0.9813505899218324,0.9760925257163562,0.9732084310477619,0.9716253964588893,0.9708333802075917,0.9705929704433773,0.9708333802103704,0.9716253964406308,0.9732084309890109,0.9760925256720357]}