{"bd2":[2,4,4,8,16,20,20,20,20,20,20,20,20,20,20,20,20,20,20,20,20,20,20,20,20,20,20,20,20,20,20,20,20,20,20,20,20,20,20,20,20,20,20,20,20,20,20,20,20,20,20,20,20,20,20,20,20,20,20,20,20,20,20,20,20,20,20,20,20,20,20,20,20,20,20,20,20,20,20,20,20,20,20,20,20,20,20,20,20,20,20,20,20,20,20,20,20,20,20,20,20,20,20,20,20,20,20,20,20,20,20,20,20,20,20,20,20,20,20,20,20,20,20,20,20,20,20,20,20,20,20,20,20,20,20,20,20,20,20,20,20,20,20,20,20,20,20,20,20,20,20,20,20,20,20,20,20,20,20,20,20,20,20,20,20,20,20,20,20,20,20,20,20,20,20,20,20,20,20,20,20,20,20,20,20,20,20,20,20,20,20,20,20,20,20,20,20,20,16,8,4,4,2,1],"taus":[0.1,0.2,0.30000000000000004,0.4,0.5,0.6000000000000001,0.7000000000000001,0.8,0.9,1.0,1.1,1.2000000000000002,1.3,1.4000000000000001,1.5,1.6,1.7000000000000002,1.8,1.9000000000000001,2.0,2.1,2.2,2.3000000000000003,2.4000000000000004,2.5,2.6,2.7,2.8000000000000003,2.9000000000000004,3.0,3.1,3.2,3.3000000000000003,3.4000000000000004,3.5,3.6,3.7,3.8000000000000003,3.9000000000000004,4.0,4.1000000000000005,4.2,4.3,4.4,4.5,4.6000000000000005,4.7,4.800000000000001,4.9,5.0,5.1000000000000005,5.2,5.300000000000001,5.4,5.5,5.6000000000000005,5.7,5.800000000000001,5.9,6.0,6.1000000000000005,6.2,6.300000000000001,6.4,6.5,6.6000000000000005,6.7,6.800000000000001,6.9,7.0,7.1000000000000005,7.2,7.300000000000001,7.4,7.5,7.6000000000000005,7.7,7.800000000000001,7.9,8.0,8.1,8.200000000000001,8.3,8.4,8.5,8.6,8.700000000000001,8.8,8.9,9.0,9.1,9.200000000000001,9.3,9.4,9.5,9.600000000000001,9.700000000000001,9.8,9.9,10.0,10.100000000000001],"gtau":[0.011731336741127417,0.010288049495114075,0.009704944664190135,0.009310217293987087,0.008987530601445698,0.008703075459051244,0.008442402600648845,0.008197090761235145,0.007967165422230846,0.0077499329730762075,0.007544216137832307,0.007349431800765497,0.007164696689842891,0.006989232834201571,0.006822474775563089,0.006663865249128067,0.00651268977039754,0.006368105100139501,0.006229090411886887,0.00609648340939198,0.00597001824572071,0.0058493955803340025,0.005734344812013301,0.00562461809543277,0.005519986435087475,0.005420239604978241,0.005325183403432984,0.00523463912425515,0.005148441804360159,0.0050664395220958005,0.004988493069219744,0.004914474713566187,0.004844268142991264,0.004777767632606342,0.004714874871021977,0.004655502863766399,0.004599573721766346,0.004547016676098711,0.004497769840359501,0.004451778849283438,0.004408997223537356,0.004369385277900102,0.004332910842330276,0.004299548760479363,0.004269280008613548,0.004242092563481619,0.004217981694684866,0.004196948091459121,0.004178999078204735,0.004164148846666671,0.004152418218180855,0.004143834023590766,0.004138430135673333,0.004136247902181609,0.004137334317721812,0.0041417439422289475,0.00414953902127218,0.00416078875529002,0.004175570779059248,0.004193970177807886,0.004216080611601063,0.004242004838079585,0.004271853780042711,0.004305748016549234,0.004343817999933751,0.004386203034526099,0.004433053836679956,0.004484530364948477,0.004540805356907669,0.004602061865043021,0.00466849848295676,0.00474032930873488,0.0048177867077650064,0.004901132173603868,0.004990661765110372,0.005086729576539395,0.005189773403371738,0.005300363076542627,0.005419284431057409,0.0055476677124569745,0.005687207965732609,0.005840533438126457,0.0060118008215001946,0.006207711840570275,0.0064392002667808534,0.006724249069713351,0.007092584595952867,0.007593518665957315,0.008309039189341545,0.009375756343016954,0.011028027046153488,0.013660294123650463,0.017920229674476706,0.024915912887002435,0.03653469033763654,0.05603426715046418,0.08916236218805511,0.1465143111827269,0.2495500889686005,0.45237981948311706,0.9882686632588726],"nn2":[0.45580301130867945,0.2500827180464061,0.21923661701919903,0.2120753339577052,0.2096411792551381,0.20867281380757643,0.20828945234617013,0.2080338729374622,0.20792547767517358,0.20786662923754373,0.2078303778742154,0.2078123254688289,0.2078029390991385,0.20779797717302745,0.20779556549514916,0.20779550760365034,0.20779785702440765,0.20780188159098717,0.2078073724892793,0.20781296796927118,0.2078184830130106,0.20782451289035425,0.20783051222643076,0.2078363701447888,0.20784205460882121,0.20784754038806005,0.20785280945527754,0.20785783931460913,0.207862612009906,0.20786711371667066,0.20787133522452153,0.20787527116602736,0.2078789195115568,0.2078822780322382,0.20788533447188248,0.20788807737925374,0.20789055176970467,0.20789273384088106,0.20789462726918545,0.20789623418201966,0.2078975548203619,0.20789858935752115,0.20789934341666674,0.20789982777398383,0.2079000347895543,0.20789996545183811,0.2078996262528388,0.2078990117100295,0.20789812535814647,0.20789696831431706,0.2078955423672972,0.2078938506587089,0.2078918954760632,0.20788967990935936,0.20788720536171615,0.20788447858037426,0.2078815020773596,0.207878283127641,0.20787482692899914,0.20787114294388895,0.20786723886609607,0.20786312731558923,0.20785881964781577,0.2078543301186143,0.2078496754193105,0.20784487362626006,0.20783994432553718,0.2078349088545951,0.20782978958009693,0.20782460979331216,0.2078193930244231,0.20781416256861412,0.2078089408116884,0.20780374875982616,0.2077986054487278,0.2077935278592926,0.20778853105681325,0.20778362942772075,0.20777883559592714,0.20777416706950527,0.2077696569509228,0.20776534332581317,0.20776130626188483,0.2077576555509999,0.20775456807073245,0.20775231255593515,0.20775130720092747,0.207752287151701,0.20775676454436645,0.20776732641883325,0.20779044911090647,0.20783101307413804,0.2079004276778765,0.2080221124870906,0.20825164758943943,0.20870303429553058,0.20967609578055768,0.21204313751397022,0.21909262776427696,0.24968176317961155],"bd1":[1,1,1,2,2,4,4,8,8,16,16,20,20,20,20,20,20,20,20,20,20,20,20,20,20,20,20,20,20,20,20,20,20,20,20,20,20,20,20,20,20,20,20,20,20,20,20,20,20,20,20,20,20,20,20,20,20,20,20,20,20,20,20,20,20,20,20,20,20,20,20,20,20,20,20,20,20,20,20,20,20,20,20,20,20,20,20,20,20,20,20,20,20,20,20,20,20,20,20,20,20,20,20,20,20,20,20,20,20,20,20,20,20,20,20,20,20,20,20,20,20,20,20,20,20,20,20,20,20,20,20,20,20,20,20,20,20,20,20,20,20,20,20,20,20,20,20,20,20,20,20,20,20,20,20,20,20,20,20,20,20,20,20,20,20,20,20,20,20,20,20,20,20,20,20,20,20,20,20,20,20,20,20,20,20,20,20,20,20,20,20,20,20,20,16,16,8,8,4,4,2,2,1,1],