{"bd2":[2,4,4,4,4,8,8,8,16,32,32,32,64,122,122,122,150,150,150,150,150,150,150,150,150,150,150,150,150,150,150,150,150,150,150,150,150,150,150,150,150,150,150,150,150,150,150,150,150,150,150,150,150,150,150,150,150,150,150,150,150,150,150,150,150,150,150,150,150,150,150,150,150,150,150,150,150,150,150,150,150,150,150,150,150,150,150,150,150,150,150,150,150,150,150,150,150,150,150,150,150,150,150,150,150,150,150,150,150,150,150,150,150,150,150,150,150,150,150,150,150,150,150,150,150,150,150,150,150,150,150,150,150,150,150,150,150,150,150,150,150,150,150,150,150,150,150,150,150,150,150,150,150,150,150,150,150,150,150,150,150,150,150,150,150,150,150,150,150,150,150,150,150,150,150,150,150,150,150,150,150,150,150,150,150,150,150,150,150,122,122,122,64,32,32,32,16,8,8,8,4,2,2,2,2,1,1,1],"taus":[0.2,0.4,0.6000000000000001,0.8,1.0,1.2000000000000002,1.4000000000000001,1.6,1.8,2.0,2.2,2.4000000000000004,2.6,2.8000000000000003,3.0,3.2,3.4000000000000004,3.6,3.8000000000000003,4.0,4.2,4.4,4.6000000000000005,4.800000000000001,5.0,5.2,5.4,5.6000000000000005,5.800000000000001,6.0,6.2,6.4,6.6000000000000005,6.800000000000001,7.0,7.2,7.4,7.6000000000000005,7.800000000000001,8.0,8.200000000000001,8.4,8.6,8.8,9.0,9.200000000000001,9.4,9.600000000000001,9.8,10.0,10.200000000000001],"gtau":[0.38070736324457527,0.3243884657887645,0.2805346230437784,0.24472448478784192,0.21497522617699952,0.19003877694245855,0.16901739326436843,0.151223704520312,0.13611333447812057,0.1232475453328698,0.11226827481163139,0.10288114866477999,0.09484290587427371,0.08795181535140545,0.08204017825645103,0.07696828926058029,0.07261996600495768,0.06889824381483411,0.06572253593352327,0.06302552160375081,0.06075270385490031,0.058859208593621266,0.05730900079502048,0.056073924177275754,0.05513303016237724,0.05447216898558595,0.054083857967144044,0.05396743616273489,0.05412953611485725,0.05458492224563113,0.055357773432313524,0.05648350872901095,0.05801130728702477,0.06000750981475081,0.06256015882721579,0.06578503041517446,0.06983361599888234,0.07490367458721775,0.08125362683445395,0.0892194523106756,0.09924119903150327,0.11189501438936215,0.12793725755956953,0.14836439895659106,0.1744962444118862,0.2080916928913099,0.2515232465865393,0.30805115387170734,0.38231811810369865,0.4814750290761108,0.6192926367554248],"bd1":[1,1,1,1,1,2,2,4,4,8,8,16,16,32,32,64,64,128,126,150,150,150,150,150,150,150,150,150,150,150,150,150,150,150,150,150,150,150,150,150,150,150,150,150,150,150,150,150,150,150,150,150,150,150,150,150,150,150,150,150,150,150,150,150,150,150,150,150,150,150,150,150,150,150,150,150,150,150,150,150,150,150,150,150,150,150,150,150,150,150,150,150,150,150,150,150,150,150,150,150,150,150,150,150,150,150,150,150,150,150,150,150,150,150,150,150,150,150,150,150,150,150,150,150,150,150,150,150,150,150,150,150,150,150,150,150,150,150,150,150,150,150,150,150,150,150,150,150,150,150,150,150,150,150,150,150,150,150,150,150,150,150,150,150,150,150,150,150,150,150,150,150,150,150,150,150,150,150,150,150,150,150,150,150,150,150,150,150,150,150,150,150,128,128,64,64,32,32,16,16,8,8,4,4,2,2,1,1],"nn":[0.6192926367554247,0.5470073477915436,0.4986912079116702,0.4660068463157687,0.4436343915122222,0.42813489376512276,0.41726283999425595,0.4095386384397129,0.40397874781358706,0.39992356328066236,0.3969267163406991,0.39468332548466895,0.39298315977450826,0.3916798384074463,0.390670417613472,0.3898817572620997,0.38926130659785213,0.38877079637699186,0.38838178438533427,0.38807449302842356,0.3878347920237103,0.38765137100158287,0.3875160901893981,0.3874232406563611,0.38736905075522,0.38735137390917906,0.3873695134419601,0.38742416306594035,0.387517455138327,0.3876531205467442,0.3878367794841613,0.38807639475005806,0.3883829430771826,0.38877138725783766,0.3892620769910314,0.38988276749906003,0.39067154086872746,0.391681060201128,0.3929839305724542,0.3946832360371189,0.39692593468433224,0.3999224457586325,0.4039776323563529,0.4095377528221576,0.41726227222289386,0.4281345732117752,0.44363413415660746,0.4660064171507605,0.4986904481136617,0.5470064391649772]}