{"bd2":[2,4,4,8,16,32,62,32,16,8,4,4,2,1],"taus":[0.2,0.4,0.6000000000000001,0.8,1.0,1.2000000000000002],"gtau":[0.3445439276893703,0.3515415173132606,0.3803506820758209,0.43378257215331023,0.519868456704015,0.6554560723106297],"nn2":[0.5483782583870493,0.4435892433414358,0.4294787721862591,0.4294787721862586,0.44358924334142885],"bd1":[1,1,1,2,2,4,4,8,4,4,2,2,1,1],"nn":[0.6554560723106317,0.6235217614620069,0.6090104699937479,0.6090104699937465,0.6235217614620034]}