{"bd2":[1,1,2,4,8,16,32,64,122,160,160,160,160,160,160,160,160,160,160,160,160,160,160,160,160,160,160,160,160,160,160,160,160,160,160,160,160,160,160,160,160,160,160,160,160,160,160,160,160,160,160,160,160,160,160,160,160,160,160,160,160,160,160,160,160,160,160,160,160,160,160,160,160,160,160,160,160,160,160,160,160,160,160,160,160,160,160,160,160,160,160,160,160,139,119,61,32,16,8,4,2,1,1,1],"taus":[0.2,0.4,0.6000000000000001,0.8,1.0,1.2000000000000002,1.4000000000000001,1.6,1.8,2.0,2.2,2.4000000000000004,2.6,2.8000000000000003,3.0,3.2,3.4000000000000004,3.6,3.8000000000000003,4.0,4.2,4.4,4.6000000000000005,4.800000000000001,5.0,5.2,5.4,5.6000000000000005,5.800000000000001,6.0,6.2,6.4,6.6000000000000005,6.800000000000001,7.0,7.2,7.4,7.6000000000000005,7.800000000000001,8.0,8.200000000000001,8.4,8.6,8.8,9.0,9.200000000000001,9.4,9.600000000000001,9.8,10.0,10.200000000000001],"gtau":[0.01133484116915551,0.00961384128595045,0.008833243429618472,0.008208251115255468,0.007667725159217024,0.007191840081107808,0.006770395211111525,0.006396255719420256,0.006063760883711593,0.005768190735849756,0.005505528024788186,0.005272322764829782,0.0050656005053891714,0.004882793310135656,0.004721685086392105,0.004580366567794676,0.00445719795081589,0.004350777620755025,0.004259915979405021,0.0041836135753189245,0.004121043001911802,0.004071534096470075,0.004034562043918052,0.004009738190120946,0.00399680324649219,0.003995622792418169,0.004006184977411849,0.004028600298312455,0.00406310361818006,0.004110058300279784,0.00416996267000596,0.004243459188247889,0.004331346611876086,0.004434596409258177,0.004554375760838981,0.004692083335724807,0.00484941434905836,0.005028497853620077,0.005232227264731533,0.005465114526249539,0.005735586747245502,0.006062284905458786,0.006491517349386568,0.007145930324942661,0.008360935036642295,0.011069473441134021,0.01789808647242234,0.03635581319985596,0.08865161347140212,0.24853360499220667,0.9886651588308445],"bd1":[2,4,2,4,4,8,8,16,16,32,32,64,64,128,122,160,160,160,160,160,160,160,160,160,160,160,160,160,160,160,160,160,160,160,160,160,160,160,160,160,160,160,160,160,160,160,160,160,160,160,160,160,160,160,160,160,160,160,160,160,160,160,160,160,160,160,160,160,160,160,160,160,160,160,160,160,160,160,160,160,160,160,160,160,160,160,160,160,160,160,126,128,64,64,32,32,16,16,8,8,4,4,2,1],"nn":[0.9886651588308445,0.9811152959892696,0.9787328375521382,0.9779425351682112,0.9776713503516729,0.977573801106699,0.9775356597674976,0.9775185094572268,0.9775092083765815,0.9775031533108807,0.9774986662521808,0.9774950906069785,0.977492137609642,0.9774896582748115,0.9774875617293804,0.9774857850828302,0.9774842811433517,0.977483012914701,0.9774819508993449,0.9774810714758709,0.9774803557637497,0.9774797888113567,0.9774793590984018,0.9774790580338891,0.9774788797086393,0.9774788206500423,0.977478879690355,0.9774790580167568,0.9774793590726261,0.9774797887866646,0.9774803557308663,0.9774810714632546,0.9774819508951551,0.9774830129128427,0.9774842811481694,0.9774857851784257,0.9774875618068495,0.9774896582973616,0.9774921376614036,0.9774950906534802,0.9774986662892305,0.9775031533318153,0.9775092083802357,0.977518509458209,0.9775356598043884,0.9775738011932901,0.9776713504819868,0.9779425353326868,0.9787328376985185,0.9811152960092357]}