{"bd2":[2,4,4,4,4,8,8,8,16,26,26,26,46,42,42,42,66,50,50,50,78,56,56,56,86,58,58,58,88,58,58,58,88,58,58,58,90,62,62,62,94,62,62,62,98,62,62,62,98,64,64,64,100,64,64,64,100,64,64,64,102,64,64,64,102,64,64,64,102,66,66,66,102,66,66,66,102,66,66,66,102,66,66,66,102,66,66,66,102,66,66,66,100,64,64,64,100,64,64,64,100,64,64,64,100,64,64,64,100,64,64,64,100,64,64,64,92,62,62,62,90,58,58,58,90,58,58,58,88,58,58,58,88,58,58,58,86,58,58,58,76,52,52,52,70,46,46,46,66,42,42,42,46,26,26,26,16,8,8,8,4,2,2,2,2,1,1,1],"taus":[0.025,0.05,0.07500000000000001,0.1,0.125,0.15000000000000002,0.17500000000000002,0.2,0.225,0.25,0.275,0.30000000000000004,0.325,0.35000000000000003,0.375,0.4,0.42500000000000004,0.45,0.47500000000000003,0.5,0.525,0.55,0.5750000000000001,0.6000000000000001,0.625,0.65,0.675,0.7000000000000001,0.7250000000000001,0.75,0.775,0.8,0.8250000000000001,0.8500000000000001,0.875,0.9,0.925,0.9500000000000001,0.9750000000000001,1.0,1.0250000000000001],"gtau":[0.008352381578775459,0.00836663794059985,0.00841623484011432,0.008500708470696896,0.008621573308081519,0.00878197590093355,0.008986580722427228,0.00924160236870073,0.009554944324010724,0.009936430538651387,0.01039812642908025,0.01095475639149305,0.011624232466403914,0.012428315141132535,0.013393433577518217,0.014551700429188547,0.015942169640663403,0.017612396335761987,0.019620371168366964,0.022036928096617562,0.024948751973772307,0.028462130959896158,0.03270767859580455,0.03784627633654816,0.04407658033520081,0.0516445755520697,0.060855757730462375,0.07209077018377057,0.0858256003091699,0.1026578346017268,0.12334106819396767,0.14883040394659441,0.18034322753283624,0.219441376481369,0.2681437755961829,0.329083394106062,0.405730158255491,0.5027150758768152,0.6263147384313288,0.7852006547625228,0.9916476184212245],"bd1":[1,1,1,1,1,2,2,4,4,8,8,16,16,32,32,64,64,128,128,200,200,200,200,200,200,200,200,200,200,200,200,200,200,200,200,200,200,200,200,200,200,200,200,200,200,200,200,200,200,200,200,200,200,200,200,200,200,200,200,200,200,200,200,200,200,200,200,200,200,200,200,200,200,200,200,200,200,200,200,200,200,200,200,200,200,200,200,200,200,200,200,200,200,200,200,200,200,200,200,200,200,200,200,200,200,200,200,200,200,200,200,200,200,200,200,200,200,200,200,200,200,200,200,200,200,200,200,200,200,200,200,200,200,200,200,200,200,200,200,200,200,200,200,200,200,200,200,200,200,200,200,200,128,128,64,64,32,32,16,16,8,8,4,4,2,2,1,1],"nn":[0.9916476184212245,0.9903155650464569,0.9892419203471765,0.9883731517962784,0.9876677902202617,0.9870934440930687,0.9866246410433163,0.9862412384223569,0.985927235811317,0.9856698771645449,0.9854589653934823,0.9852863354207353,0.9851454465988856,0.9850310658797228,0.9849390210091125,0.984866008567235,0.9848094451363719,0.9847673550933661,0.9847382804788539,0.9847212237266001,0.9847156021751662,0.9847212246262832,0.9847382821129098,0.9847673585294129,0.9848094510621533,0.9848660165547899,0.9849390315561687,0.9850310787302774,0.9851454611198169,0.9852863510565218,0.9854589817464423,0.9856698940637946,0.9859272530242508,0.9862412556279938,0.9866246578604408,0.9870934599970149,0.9876678044980933,0.9883731636209807,0.9892419288491336,0.9903155694795953]}