{"bd2":[1,1,2,4,8,16,31,36,62,43,72,43,72,43,60,36,31,16,8,4,2,1,1,1],"taus":[0.1,0.2,0.30000000000000004,0.4,0.5,0.6000000000000001,0.7000000000000001,0.8,0.9,1.0,1.1],"gtau":[0.018649410124463972,0.018691672324011015,0.021976671479047895,0.028360022577338984,0.03946679237078007,0.05844037278123993,0.0909309327088175,0.14740727607675977,0.2491343047205084,0.44984954631217844,0.981350589875536],"bd1":[2,4,2,4,4,8,8,16,16,32,32,64,64,64,32,32,16,16,8,8,4,4,2,1],"nn":[0.981350589875536,0.9760925256864841,0.9732084310037551,0.9716253964591187,0.9708333802370005,0.970592970475779,0.9708333802369993,0.971625396459117,0.9732084310037536,0.9760925256864849]}