{"bd2":[2,4,4,4,4,8,8,8,16,32,32,32,64,122,122,122,238,276,276,276,400,400,400,400,400,400,400,400,400,400,400,400,400,400,400,400,400,400,400,400,400,400,400,400,400,400,400,400,400,400,400,400,400,400,400,400,400,400,400,400,400,400,400,400,400,400,400,400,400,400,400,400,400,400,400,400,400,400,400,400,400,400,400,400,400,400,400,400,400,400,400,400,400,400,400,400,400,400,400,400,400,400,400,400,400,400,400,400,400,400,400,400,400,400,400,400,400,400,400,400,400,400,400,400,400,400,400,400,400,400,400,400,400,400,400,400,400,400,400,400,400,400,400,400,400,400,400,400,400,400,400,400,400,400,400,400,400,400,400,400,400,400,400,400,400,400,400,400,400,400,400,400,400,400,400,400,400,400,400,400,400,400,400,400,400,276,276,276,238,122,122,122,64,32,32,32,16,8,8,8,4,2,2,2,2,1,1,1],"taus":[0.2,0.4,0.6000000000000001,0.8,1.0,1.2000000000000002,1.4000000000000001,1.6,1.8,2.0,2.2,2.4000000000000004,2.6,2.8000000000000003,3.0,3.2,3.4000000000000004,3.6,3.8000000000000003,4.0,4.2,4.4,4.6000000000000005,4.800000000000001,5.0,5.2,5.4,5.6000000000000005,5.800000000000001,6.0,6.2,6.4,6.6000000000000005,6.800000000000001,7.0,7.2,7.4,7.6000000000000005,7.800000000000001,8.0,8.200000000000001,8.4,8.6,8.8,9.0,9.200000000000001,9.4,9.600000000000001,9.8,10.0,10.200000000000001],"gtau":[0.0001311890503166596,0.00012131494273703165,0.00011283688305537734,0.00010533673933431349,9.868206600338073e-5,9.277052664916282e-5,8.751540518900203e-5,8.284201049062255e-5,7.868572879367973e-5,7.499058006599678e-5,7.170804038189955e-5,6.879605257518022e-5,6.621818679730612e-5,6.394292615690055e-5,6.194305849567938e-5,6.0195158710984746e-5,5.86791494685013e-5,5.737792955078437e-5,5.6277061186237836e-5,5.536450905662765e-5,5.463042497349276e-5,5.406697328903968e-5,5.366819307486303e-5,5.342989394604829e-5,5.3349583186052496e-5,5.342642253021865e-5,5.3661213670856636e-5,5.405641212230894e-5,5.4616169782245724e-5,5.53464071266747e-5,5.625491665923516e-5,5.735149995312328e-5,5.8648141373175046e-5,6.0159222439116156e-5,6.190178172842519e-5,6.389582629879314e-5,6.616470191365411e-5,6.873553072932485e-5,7.163972712929015e-5,7.491360364854411e-5,7.859908301155539e-5,8.274453503682957e-5,8.740576342468353e-5,9.264718320596907e-5,9.854327488368218e-5,0.00010518066528739887,0.00011266887116466818,0.000121804098495216,0.00019731812248460938,0.00694759484006798,0.9998688109496834],"bd1":[1,1,1,1,1,2,2,4,4,8,8,16,14,27,22,38,32,52,37,56,43,69,47,69,53,82,55,77,60,91,61,84,66,98,66,90,69,102,69,92,72,108,73,94,74,110,75,99,76,112,77,100,78,114,79,103,81,118,81,106,81,118,82,109,84,121,84,110,87,125,88,112,88,126,88,114,89,128,89,116,89,129,89,116,91,131,91,119,91,133,91,118,91,133,91,119,92,134,92,119,93,136,92,119,93,136,94,120,93,137,93,120,93,137,94,121,94,137,95,123,95,138,94,123,94,136,94,122,94,135,94,120,95,134,94,119,95,134,96,121,96,133,96,120,95,132,96,121,96,135,96,122,95,134,94,120,94,130,93,119,92,129,92,117,91,125,88,110,86,123,87,108,83,118,83,105,81,112,79,98,74,103,72,90,69,94,65,82,60,82,54,67,47,62,40,45,27,29,16,16,8,8,4,4,2,2,1,1],"nn":[0.9998688109496833,0.9997388568910304,0.9997376670070052,0.9997376524817889,0.9997376504491151,0.999737648993569,0.9997376478189594,0.9997376468485776,0.9997376460382622,0.9997376453572384,0.9997376447823024,0.9997376442953193,0.9997376438818716,0.9997376435303419,0.9997376432313452,0.9997376429772447,0.9997376427618261,0.9997376425800262,0.9997376424277162,0.9997376423015616,0.9997376421988736,0.9997376421175312,0.999737642055871,0.9997376420126739,0.9997376419870913,0.9997376419786201,0.9997376419871008,0.9997376420126886,0.999737642055892,0.999737642117558,0.9997376421989094,0.9997376423015992,0.9997376424277499,0.9997376425800557,0.9997376427618622,0.9997376429772822,0.9997376432313779,0.9997376435303799,0.9997376438818997,0.9997376442953482,0.9997376447823288,0.999737645357278,0.9997376460383104,0.9997376468486301,0.9997376478190126,0.9997376489936334,0.9997376504491623,0.999737652481807,0.9997376670070146,0.9997388568910883]}