{"bd2":[2,4,4,4,4,8,8,8,16,32,32,32,62,72,72,72,118,84,84,84,140,84,84,84,138,84,84,84,118,72,72,72,62,32,32,32,16,8,8,8,4,2,2,2,2,1,1,1],"taus":[0.1,0.2,0.30000000000000004,0.4,0.5,0.6000000000000001,0.7000000000000001,0.8,0.9,1.0,1.1],"gtau":[0.0014429118048646715,0.0013885749338785757,0.001373962248579934,0.0013840677024075767,0.0014614290114085382,0.001806365002004178,0.003291465013586515,0.00976690554566043,0.03880758585718996,0.17768640198517785,0.9985570881951353],"bd1":[1,1,1,1,1,2,2,4,4,8,8,16,16,32,32,61,60,111,103,186,179,300,253,300,300,300,300,300,300,300,249,253,128,128,64,64,32,32,16,16,8,8,4,4,2,2,1,1],"nn":[0.9985570881951353,0.9974294984061967,0.9971891312883632,0.9971351962085996,0.9971229149476548,0.997120686166422,0.9971229149476536,0.997135196208601,0.9971891312883652,0.9974294984062002]}