{"bd2":[2,4,4,8,16,20,20,20,20,20,20,20,20,20,20,20,20,20,20,20,20,20,20,20,20,20,20,20,20,20,20,20,20,20,20,20,20,20,20,20,20,20,20,20,20,20,20,20,20,20,20,20,20,20,20,20,20,20,20,20,20,20,20,20,20,20,20,20,20,20,20,20,20,20,20,20,20,20,16,8,4,4,2,1],"taus":[0.025,0.05,0.07500000000000001,0.1,0.125,0.15000000000000002,0.17500000000000002,0.2,0.225,0.25,0.275,0.30000000000000004,0.325,0.35000000000000003,0.375,0.4,0.42500000000000004,0.45,0.47500000000000003,0.5,0.525,0.55,0.5750000000000001,0.6000000000000001,0.625,0.65,0.675,0.7000000000000001,0.7250000000000001,0.75,0.775,0.8,0.8250000000000001,0.8500000000000001,0.875,0.9,0.925,0.9500000000000001,0.9750000000000001,1.0,1.0250000000000001],"gtau":[0.3442882707744754,0.34381979818473674,0.34377614420647346,0.3441243965367696,0.34484227375617665,0.3459147634586234,0.34733203348104696,0.3490880880559498,0.3511798732573139,0.3536066596700203,0.35636964003000493,0.35947161199855887,0.36291677558719987,0.3667105836651622,0.37085963864282745,0.37537162372940447,0.38025526119052394,0.38552029156665263,0.3911774719874293,0.39723859182578,0.4037165030496065,0.41062516331678056,0.41797969790834727,0.4257964783384049,0.43409321965958125,0.44288909975304314,0.45220490517696615,0.46206320861306016,0.4724885865599413,0.48350788906331926,0.495150577061677,0.5074491516568027,0.5204397081948312,0.5341626610051928,0.5486637101230256,0.563995156985035,0.5802176779325537,0.5974029401186134,0.6156374007881205,0.6350280716508434,0.6557117292255246],"nn2":[0.6401025479890259,0.6203489099881373,0.6156700356295579,0.6113413799907111,0.607341408968691,0.6036524055847433,0.6002593089022492,0.5971490172988922,0.5943103037805324,0.5917326389723715,0.5894071707123199,0.5873259046464352,0.5854817888925096,0.5838686480873851,0.5824811244498339,0.5813146311573805,0.5803653673100301,0.5796302458931559,0.5791068657035858,0.5787935294283597,0.5786892194839274,0.5787935926140825,0.5791069750610073,0.5796303698361661,0.5803654692923292,0.5813146671103628,0.5824810729912265,0.5838685289405862,0.585481628036133,0.5873257420362039,0.5894070572945833,0.591732631497482,0.5943101972926891,0.5971493438852066,0.6002598054207192,0.6036530705468774,0.6073422113952291,0.6113422576313084,0.6156708566423421,0.6203494074775414],"bd1":[1,1,1,2,2,4,4,8,8,16,16,20,20,20,20,20,20,20,20,20,20,20,20,20,20,20,20,20,20,20,20,20,20,20,20,20,20,20,20,20,20,20,20,20,20,20,20,20,20,20,20,20,20,20,20,20,20,20,20,20,20,20,20,20,20,20,20,20,20,20,20,20,20,20,16,16,8,8,4,4,2,2,1,1],"nn":[0.655726690755295,0.6505955226072822,0.6458084736177209,0.6413624054528452,0.6372425020516282,0.6334346923554407,0.6299264999559018,0.6267068920436234,0.6237648075797879,0.6210916801299342,0.6186780006843844,0.6165162656543548,0.6146003411838491,0.6129237660180206,0.6114812400233371,0.6102682261510861,0.6092808787099411,0.6085161168554869,0.6079715706667688,0.6076455492293964,0.6075370189937022,0.6076458760173429,0.607971962191068,0.6085165396366329,0.6092813134381365,0.610268682278177,0.6114817438167208,0.6129243079279769,0.6146009124303827,0.6165168440775525,0.6186781640340473,0.6210921878555908,0.6237652973914621,0.6267073804285429,0.6299270379674377,0.6334352890556052,0.6372429959355301,0.6413631219371991,0.6458091974734037,0.6505958685520327]}