{"bd2":[1,1,2,4,8,16,31,43,71,67,101,81,124,92,137,100,140,104,140,109,140,118,140,128,140,133,140,140,140,140,140,140,140,140,140,140,140,140,140,140,140,140,140,140,140,140,140,140,140,140,140,140,140,140,140,140,140,140,140,140,140,140,140,140,140,140,140,140,140,140,140,140,140,140,140,140,140,140,140,140,140,140,140,140,140,140,140,140,140,140,140,140,140,140,140,140,140,140,140,140,140,140,140,140,140,140,140,140,140,140,140,140,140,140,140,140,140,140,140,140,140,140,140,140,140,140,140,140,140,140,140,140,140,140,140,140,140,140,140,140,140,140,140,140,140,140,140,140,140,140,140,140,140,140,140,140,140,140,140,140,140,140,140,140,140,140,140,140,140,140,140,140,140,140,140,140,140,140,140,140,140,140,140,140,140,140,140,140,140,140,140,140,140,140,140,140,140,140,140,140,140,140,140,140,140,140,140,140,140,140,140,140,140,140,140,140,140,140,140,140,140,140,140,140,140,140,140,140,140,140,140,140,140,140,140,140,140,140,140,140,140,140,140,140,140,140,140,140,140,140,140,140,140,140,140,140,140,140,140,140,140,140,140,140,140,140,140,140,140,140,140,140,140,140,140,140,140,140,140,140,140,140,140,140,140,140,140,140,140,140,140,140,140,140,140,140,140,140,140,140,140,140,140,140,140,140,140,140,140,140,140,140,140,140,140,140,140,140,140,140,140,140,140,140,140,140,140,140,140,140,140,140,140,140,140,140,140,140,140,140,140,140,140,140,140,140,140,140,140,140,140,140,140,140,140,140,140,140,140,140,140,140,140,140,140,140,140,140,140,140,140,136,140,128,140,119,140,109,140,106,140,97,140,94,135,88,129,84,118,77,106,71,87,55,64,37,31,16,8,4,2,1,1,1],"taus":[0.05,0.1,0.15000000000000002,0.2,0.25,0.30000000000000004,0.35000000000000003,0.4,0.45,0.5,0.55,0.6000000000000001,0.65,0.7000000000000001,0.75,0.8,0.8500000000000001,0.9,0.9500000000000001,1.0,1.05,1.1,1.1500000000000001,1.2000000000000002,1.25,1.3,1.35,1.4000000000000001,1.4500000000000002,1.5,1.55,1.6,1.6500000000000001,1.7000000000000002,1.75,1.8,1.85,1.9000000000000001,1.9500000000000002,2.0,2.0500000000000003,2.1,2.15,2.2,2.25,2.3000000000000003,2.35,2.4000000000000004,2.45,2.5,2.5500000000000003,2.6,2.6500000000000004,2.7,2.75,2.8000000000000003,2.85,2.9000000000000004,2.95,3.0,3.0500000000000003,3.1,3.1500000000000004,3.2,3.25,3.3000000000000003,3.35,3.4000000000000004,3.45,3.5,3.5500000000000003,3.6,3.6500000000000004,3.7,3.75,3.8000000000000003,3.85,3.9000000000000004,3.95,4.0,4.05,4.1000000000000005,4.15,4.2,4.25,4.3,4.3500000000000005,4.4,4.45,4.5,4.55,4.6000000000000005,4.65,4.7,4.75,4.800000000000001,4.8500000000000005,4.9,4.95,5.0,5.050000000000001,5.1000000000000005,5.15,5.2,5.25,5.300000000000001,5.3500000000000005,5.4,5.45,5.5,5.550000000000001,5.6000000000000005,5.65,5.7,5.75,5.800000000000001,5.8500000000000005,5.9,5.95,6.0,6.050000000000001,6.1000000000000005,6.15,6.2,6.25,6.300000000000001,6.3500000000000005,6.4,6.45,6.5,6.550000000000001,6.6000000000000005,6.65,6.7,6.75,6.800000000000001,6.8500000000000005,6.9,6.95,7.0,7.050000000000001,7.1000000000000005,7.15,7.2,7.25,7.300000000000001,7.3500000000000005,7.4,7.45,7.5,7.550000000000001,7.6000000000000005,7.65,7.7,7.75,7.800000000000001,7.8500000000000005,7.9,7.95,8.0,8.05,8.1,8.15,8.200000000000001,8.25,8.3,8.35,8.4,8.450000000000001,8.5,8.55,8.6,8.65,8.700000000000001,8.75,8.8,8.85,8.9,8.950000000000001,9.0,9.05,9.1,9.15,9.200000000000001,9.25,9.3,9.35,9.4,9.450000000000001,9.5,9.55,9.600000000000001,9.65,9.700000000000001,9.75,9.8,9.850000000000001,9.9,9.950000000000001,10.0,10.05],"gtau":[0.04060484547037283,0.03862529302144784,0.03705055160660787,0.03572801146724024,0.034576031448956906,0.033546815802467024,0.032610440142097935,0.03174714678360718,0.030943311630961652,0.030189195905531405,0.029477615709140887,0.028803122317394923,0.028161478052381457,0.02754931423535524,0.02696389038594147,0.026402942559383465,0.025864594285610935,0.025347240222497357,0.024849532261479533,0.024370154429762248,0.02390809029639159,0.023462389961932412,0.023032199407928704,0.02261674515712842,0.02221532249009647,0.02182728696602889,0.02145204996227923,0.02108907924440305,0.020737873678731863,0.020397948462942735,0.02006886603319971,0.019750205340932785,0.01944157716377678,0.01914261459280079,0.01885297124791839,0.018572319784177,0.018300350325000842,0.01803676869684254,0.017781294964277623,0.017533661919974172,0.01729360729843996,0.017060886193282856,0.01683527282149862,0.016616552411392767,0.016404484207726833,0.01619884953771269,0.015999461182682945,0.015806136047080033,0.015618696343769202,0.01543697054352573,0.01526079352807284,0.015090006494861143,0.014924456851691645,0.014763997996761848,0.014608489188405812,0.014457795339754801,0.014311786818704335,0.014170339350067814,0.014033333991118264,0.013900657075255942,0.01377220004510782,0.01364785939454299,0.013527536488063839,0.013411136978555194,0.01329857132032068,0.013189753507396216,0.013084599828254837,0.012983028654478935,0.01288495909894972,0.012790310697519453,0.01269900349902132,0.012610959971447924,0.012526107948123739,0.01244438337273103,0.012365730301776363,0.012290093828289361,0.012217407331772154,0.012147595656878073,0.012080591091215955,0.012016337966080108,0.01195479381412502,0.011895924446220505,0.011839697739622419,0.011786080720394061,0.011735039209560738,0.011686538754153233,0.011640545253642904,0.011597025311595588,0.01155594732297931,0.011517281027853488,0.011480998416080121,0.011447072992822991,0.01141548056934621,0.011386198700514981,0.011359206618217502,0.011334485732022467,0.011312018943153757,0.011291791045576892,0.01127378853633125,0.011257999632660068,0.011244414278895946,0.011233024026818535,0.011223822236686271,0.011216803829451928,0.011211965519572842,0.011209305724745044,0.011208824596732983,0.011210524050416473,0.01121440783945461,0.011220481559450468,0.011228752518302387,0.011239230227277297,0.011251926046907883,0.011266853606387633,0.011284028492374004,0.011303468824549589,0.01132519496486883,0.011349229791044692,0.011375599098536308,0.01140433129474427,0.011435458171763816,0.011469014602785193,0.011505039260936155,0.011543574394819598,0.011584666833077184,0.0116283678329957,0.011674733913537995,0.011723827116555298,0.011775715654709248,0.011830474587433302,0.011888186638976131,0.011948943110854527,0.012012844642371508,0.012080002526667775,0.012150540172501252,0.012224594124382752,0.012302316197061852,0.012383875168088528,0.01246945908180614,0.012559277723113639,0.012653565655808911,0.012752585659368688,0.012856632688108882,0.012966038815054742,0.013081178943160215,0.013202477729138653,0.013330418913250031,0.013465674401592168,0.01360898184238272,0.01376090554521396,0.013922316347202398,0.014094170990670613,0.014277559995107247,0.014473735741116515,0.014684138402564433,0.014910426312955706,0.01515451153784953,0.015418601184286422,0.0157052459257956,0.016017396782493195,0.01635847168057749,0.01673243380965552,0.01714388378845958,0.017598168166441153,0.018101507440630715,0.01866114726505386,0.019285537170355804,0.019984541889032866,0.020769691939266272,0.021654481932919016,0.022654725203216635,0.023788976443074906,0.025079024535930527,0.026550582682991986,0.028233798467844462,0.0301643848144376,0.03238452830574917,0.03494419837940919,0.03790294236910279,0.041331396305377195,0.04531381857432107,0.04995085772119084,0.055363258156680285,0.06169627871241948,0.06912525529742342,0.07787269974260008,0.08818628808128481,0.10038786834065316,0.11487075143957114,0.13212288651864906,0.15275549069047514,0.1775413375038372,0.20746987770231037,0.24382517240575421,0.2883031653285115,0.34319252917895304,0.41166597838148383,0.49827536226106633,0.6098499534786066,0.7572707817129434,0.9593951545296272],