{"bd2":[2,4,4,8,16,32,46,64,62,80,66,80,66,80,70,80,70,80,70,80,72,80,76,80,76,80,76,80,76,80,76,80,76,80,76,80,76,80,76,80,76,80,76,80,76,80,76,80,76,80,76,80,76,80,76,80,76,80,76,80,76,80,72,80,70,80,70,80,70,80,66,80,66,80,62,64,46,32,16,8,4,4,2,1],"taus":[0.025,0.05,0.07500000000000001,0.1,0.125,0.15000000000000002,0.17500000000000002,0.2,0.225,0.25,0.275,0.30000000000000004,0.325,0.35000000000000003,0.375,0.4,0.42500000000000004,0.45,0.47500000000000003,0.5,0.525,0.55,0.5750000000000001,0.6000000000000001,0.625,0.65,0.675,0.7000000000000001,0.7250000000000001,0.75,0.775,0.8,0.8250000000000001,0.8500000000000001,0.875,0.9,0.925,0.9500000000000001,0.9750000000000001,1.0,1.0250000000000001],"gtau":[0.019076667840324083,0.018506360833596296,0.018363913411098172,0.018507788183996596,0.01886959436315637,0.019416623320792442,0.020135621476243926,0.021025138107666267,0.022091719334136502,0.02334798502127656,0.024811702289682463,0.026505428258746192,0.028456515396289607,0.03069736711969805,0.0332658786343844,0.03620609857100335,0.039568995310939,0.04341347585287248,0.04780760404195139,0.052829994682983585,0.058571665622200654,0.06513813498723046,0.07265204747796461,0.0812564148397957,0.09111865820537429,0.102435757275231,0.11544077290356046,0.13041159715174488,0.14768237523869493,0.16765952835861989,0.19084384325532033,0.21786252431915984,0.24951688064544672,0.2868557484225269,0.3312929382505461,0.38480292425590656,0.45026270332341256,0.5320828652422013,0.6374499565204222,0.7789747530172988,0.9809233321596759],"nn2":[0.780464155798093,0.6385096263222777,0.6308703239757546,0.6260837287076124,0.6229075499985602,0.6207006485350539,0.6191094517364787,0.617927719865883,0.6170294492388285,0.6163338495887256,0.6157878483510607,0.6153553916928536,0.6150101632844286,0.6147356800165008,0.6145177652587146,0.6143476607323028,0.614217509020954,0.6141175201960908,0.6140561509813218,0.6140175553769074,0.6140048044871032,0.6140173919527819,0.6140558426958539,0.614121637450873,0.6142129401875733,0.6143487452575707,0.6145171706701597,0.6147347243761314,0.615008544320021,0.6153536998655276,0.615787155733442,0.616334070799631,0.6170304743091827,0.6179292763429904,0.6191107041638912,0.6207006708505527,0.6229048302080248,0.6260756839033343,0.6308514363007875,0.6384681378451279],"bd1":[1,1,1,2,2,4,4,8,8,16,16,32,32,64,64,80,80,80,80,80,80,80,80,80,80,80,80,80,80,80,80,80,80,80,80,80,80,80,80,80,80,80,80,80,80,80,80,80,80,80,80,80,80,80,80,80,80,80,80,80,80,80,80,80,80,80,80,80,80,80,64,64,32,32,16,16,8,8,4,4,2,2,1,1],"nn":[0.9812194461806463,0.9795961129547439,0.9781077384459139,0.9768668983475304,0.9757916843103314,0.9748791718886114,0.9740854311601852,0.9733991495404911,0.9728132481635695,0.9723073411204173,0.9718817967826494,0.9715125624539014,0.9711864713495976,0.9709146877036453,0.9707068402710599,0.9705430852902796,0.9704085738312183,0.9703074894706285,0.9702333283476605,0.9701962392018278,0.9701790805349813,0.9701968658231033,0.9702421122297186,0.9703136056531574,0.9704067019260847,0.9705432129457567,0.9707208719464004,0.970921669436336,0.9711982973685476,0.9715044351763583,0.971873164185404,0.9723057594771667,0.9728112704113814,0.9733997721418582,0.9740774977166503,0.974871181650177,0.9757901037036306,0.9768664765014938,0.9781170868507485,0.9796062101615497]}