{"bd2":[2,4,4,4,4,8,8,8,16,30,30,30,56,56,56,56,94,68,68,68,106,68,68,68,106,70,70,70,112,78,78,78,120,82,82,82,126,84,84,84,126,84,84,84,126,84,84,84,122,82,82,82,112,78,78,78,106,68,68,68,106,68,68,68,104,66,66,66,94,56,56,56,56,30,30,30,16,8,8,8,4,2,2,2,2,1,1,1],"taus":[0.05,0.1,0.15000000000000002,0.2,0.25,0.30000000000000004,0.35000000000000003,0.4,0.45,0.5,0.55,0.6000000000000001,0.65,0.7000000000000001,0.75,0.8,0.8500000000000001,0.9,0.9500000000000001,1.0,1.05],"gtau":[0.001699709533998948,0.0016387071684072845,0.0016091860562806727,0.001592654467911128,0.0015836732966575371,0.0015814099050276715,0.0015881464596166964,0.0016103434455312696,0.0016621904312802266,0.0017734995659515033,0.0020063969572065585,0.002490417688888144,0.0034965642893163952,0.005594788714333858,0.009992815577069741,0.01927838643829518,0.03909262804726904,0.08208623581540475,0.1780663590354408,0.40401347550100225,0.9983002904660011],"bd1":[1,1,1,1,1,2,2,4,4,8,8,16,16,32,32,64,64,128,128,200,200,200,200,200,200,200,200,200,200,200,200,200,200,200,200,200,200,200,200,200,200,200,200,200,200,200,200,200,200,200,200,200,200,200,200,200,200,200,200,200,200,200,200,200,200,200,200,200,200,200,200,200,128,128,64,64,32,32,16,16,8,8,4,4,2,2,1,1],"nn":[0.998300290466001,0.9973775657018372,0.9969655793719918,0.9967760548614746,0.9966873741585341,0.996645430872462,0.996625454718515,0.9966159183807108,0.9966114164241399,0.9966094337646999,0.9966088751109478,0.9966094337959295,0.9966114164727292,0.9966159184393026,0.9966254547770543,0.9966454309250519,0.9966873742217284,0.9967760549390116,0.9969655794922334,0.9973775658703783]}