{"bd2":[2,4,4,4,4,8,8,8,16,32,32,32,50,50,50,50,50,50,50,50,50,50,50,50,50,50,50,50,50,50,50,50,50,32,32,32,16,8,8,8,4,2,2,2,2,1,1,1],"taus":[0.1,0.2,0.30000000000000004,0.4,0.5,0.6000000000000001,0.7000000000000001,0.8,0.9,1.0,1.1],"gtau":[0.007921115321256772,0.008243692765214073,0.009207780419103462,0.011294879870093167,0.01561813578189216,0.024614007229946087,0.043708120049138585,0.08539752580578154,0.17984850163748273,0.40529255442854684,0.9920788846787433],"bd1":[1,1,1,1,1,2,2,4,4,8,8,16,16,32,32,50,50,50,50,50,50,50,50,50,50,50,50,50,50,50,50,50,50,50,50,50,32,32,16,16,8,8,4,4,2,2,1,1],"nn":[0.9920788846787433,0.9883516564382118,0.9867056455992874,0.9859612376024314,0.9856397341008151,0.9855496977324455,0.985639735938267,0.9859612377767881,0.986705638093008,0.9883516481210729]}