{"bd2":[1,1,2,4,8,16,31,43,71,67,101,82,120,92,120,104,120,114,120,120,120,120,120,120,120,120,120,120,120,120,120,120,120,120,120,120,120,120,120,120,120,120,120,120,120,120,120,120,120,120,120,120,120,120,120,120,120,120,120,120,120,120,120,120,120,120,120,120,120,120,120,120,120,120,120,120,120,120,120,120,120,120,120,120,120,120,120,120,120,120,120,120,120,120,120,120,120,120,120,120,120,120,120,120,120,120,120,120,120,120,120,120,120,120,120,120,120,120,120,120,120,120,120,120,120,120,120,120,120,120,120,120,120,120,120,120,120,120,120,120,120,120,120,120,120,120,120,120,120,120,120,120,120,120,120,120,120,120,120,120,120,120,120,120,120,120,120,120,120,120,120,120,120,120,120,120,120,120,120,120,120,120,120,120,120,120,120,120,120,120,120,120,120,120,120,120,120,120,120,120,120,120,120,120,120,120,120,120,120,120,120,120,120,120,120,120,120,120,120,120,120,120,120,120,120,120,120,120,120,120,120,120,120,120,120,120,120,120,120,120,120,120,120,120,120,120,120,120,120,120,120,120,120,120,120,120,120,120,120,120,120,120,120,120,120,120,120,120,120,120,120,120,120,120,120,120,120,120,120,120,120,120,120,120,120,120,120,120,120,120,120,120,120,120,120,120,120,120,120,120,120,120,120,120,120,120,120,120,120,120,120,120,120,120,120,120,120,120,120,120,120,120,120,120,120,120,120,120,120,120,120,120,120,120,120,120,120,120,120,120,120,120,120,120,120,120,120,120,120,120,120,120,120,120,120,120,120,120,120,120,120,120,120,120,120,120,120,120,120,120,120,120,120,120,120,114,120,110,120,105,120,97,120,97,120,88,120,83,118,76,105,70,87,55,64,37,31,16,8,4,2,1,1,1],"taus":[0.05,0.1,0.15000000000000002,0.2,0.25,0.30000000000000004,0.35000000000000003,0.4,0.45,0.5,0.55,0.6000000000000001,0.65,0.7000000000000001,0.75,0.8,0.8500000000000001,0.9,0.9500000000000001,1.0,1.05,1.1,1.1500000000000001,1.2000000000000002,1.25,1.3,1.35,1.4000000000000001,1.4500000000000002,1.5,1.55,1.6,1.6500000000000001,1.7000000000000002,1.75,1.8,1.85,1.9000000000000001,1.9500000000000002,2.0,2.0500000000000003,2.1,2.15,2.2,2.25,2.3000000000000003,2.35,2.4000000000000004,2.45,2.5,2.5500000000000003,2.6,2.6500000000000004,2.7,2.75,2.8000000000000003,2.85,2.9000000000000004,2.95,3.0,3.0500000000000003,3.1,3.1500000000000004,3.2,3.25,3.3000000000000003,3.35,3.4000000000000004,3.45,3.5,3.5500000000000003,3.6,3.6500000000000004,3.7,3.75,3.8000000000000003,3.85,3.9000000000000004,3.95,4.0,4.05,4.1000000000000005,4.15,4.2,4.25,4.3,4.3500000000000005,4.4,4.45,4.5,4.55,4.6000000000000005,4.65,4.7,4.75,4.800000000000001,4.8500000000000005,4.9,4.95,5.0,5.050000000000001,5.1000000000000005,5.15,5.2,5.25,5.300000000000001,5.3500000000000005,5.4,5.45,5.5,5.550000000000001,5.6000000000000005,5.65,5.7,5.75,5.800000000000001,5.8500000000000005,5.9,5.95,6.0,6.050000000000001,6.1000000000000005,6.15,6.2,6.25,6.300000000000001,6.3500000000000005,6.4,6.45,6.5,6.550000000000001,6.6000000000000005,6.65,6.7,6.75,6.800000000000001,6.8500000000000005,6.9,6.95,7.0,7.050000000000001,7.1000000000000005,7.15,7.2,7.25,7.300000000000001,7.3500000000000005,7.4,7.45,7.5,7.550000000000001,7.6000000000000005,7.65,7.7,7.75,7.800000000000001,7.8500000000000005,7.9,7.95,8.0,8.05,8.1,8.15,8.200000000000001,8.25,8.3,8.35,8.4,8.450000000000001,8.5,8.55,8.6,8.65,8.700000000000001,8.75,8.8,8.85,8.9,8.950000000000001,9.0,9.05,9.1,9.15,9.200000000000001,9.25,9.3,9.35,9.4,9.450000000000001,9.5,9.55,9.600000000000001,9.65,9.700000000000001,9.75,9.8,9.850000000000001,9.9,9.950000000000001,10.0,10.05],"gtau":[0.013432336771175179,0.012198227458244153,0.011534017147733546,0.011090368333545528,0.010750382133624396,0.010466321148241888,0.010215941727963722,0.009987816621570549,0.009775615876512036,0.009575601043943933,0.00938543547681563,0.009203586111148314,0.00902899956165814,0.008860928757977912,0.008698807225983813,0.008542203698161093,0.008390768361304573,0.008244214929495735,0.008102295171986148,0.007964802804297226,0.007831541862538906,0.007702342792076895,0.007577049789989117,0.007455519793481455,0.007337620576191853,0.007223223609340516,0.007112210222039024,0.0070044726549215765,0.006899904991587716,0.006798407788800962,0.006699881732483562,0.006604234600958534,0.006511378361377716,0.006421228828862007,0.006333705091721038,0.006248729271546715,0.006166226391665757,0.006086124164829969,0.0060083529217055355,0.0059328464691252025,0.005859542175124044,0.0057883801643029064,0.0057193000694125305,0.005652242020222932,0.005587149305062947,0.005523968340727109,0.005462648022634765,0.005403139304325931,0.005345394655333825,0.0052893680806253215,0.005235015226125475,0.005182293277919359,0.005131160921032181,0.005081578307313993,0.005033507016563503,0.0049869100090022215,0.004941751583164517,0.00489799734036748,0.004855614140362123,0.004814570057477902,0.0047748343427861965,0.0047363773840876896,0.004699170673230804,0.00466318677064392,0.004628399279670041,0.004594782820989183,0.004562313001803612,0.004530966394266451,0.004500720504452845,0.004471553747847648,0.004443445408936821,0.004416375605104947,0.004390325240563841,0.004365275977479383,0.004341210203022669,0.004318111040069808,0.00429596234835706,0.004274748735702756,0.004254455543726863,0.004235068830957978,0.004216575347199398,0.004198962490866272,0.004182218260623361,0.004166331236330787,0.004151290587319416,0.004137086088084466,0.004123708143151458,0.004111147784547084,0.004099396660211085,0.004088446983268552,0.004078291531384191,0.004068923599999729,0.004060337011855487,0.004052526098955061,0.004045485692181737,0.004039211129757314,0.004033698248835506,0.00402894338733774,0.0040249433858639905,0.004021695569279737,0.00401919777704905,0.004017448330315047,0.004016446049105964,0.0040161902453003185,0.004016680727573412,0.004017917791839444,0.004019902229729126,0.004022635315119487,0.004026118827596721,0.0040303550440582,0.0040353467421189535,0.004041097209824719,0.004047610234745751,0.004054890129245029,0.004062941714898749,0.004071770355899207,0.004081381940477579,0.004091782889341045,0.004102980178223528,0.004114981319089122,0.0041277943755532506,0.004141427985009449,0.0041558913501481675,0.004171194238551292,0.004187346987539855,0.0042043605538952065,0.00422224652281215,0.004241017131570103,0.004260685301193475,0.004281264642972063,0.004302769477351389,0.00432521488211275,0.004348616731244704,0.004372991707742536,0.004398357318917898,0.004424731939324173,0.004452134839034471,0.004480586240117282,0.004510107393154129,0.004540720667924841,0.004572449644669657,0.004605319280598026,0.004639356053983563,0.004674588149915107,0.004711045729165265,0.00474876122101785,0.004787769710785453,0.0048281094291052675,0.004869822386025763,0.004912955161184441,0.004957559918374938,0.0050036957081636,0.005051430129534861,0.0051008414694030295,0.005152021455510017,0.005205078784794694,0.005260143698593972,0.005317373803890392,0.0053769616258456535,0.005439144350861827,0.005504216327675677,0.0055725452234663166,0.0056445928684116424,0.005720942160817638,0.005802331892312132,0.0058897020132698,0.005984251949016415,0.006087513212703721,0.006201448226303724,0.006328574541511814,0.006472131363634367,0.006636284874962319,0.0068264000737498515,0.007049393638362675,0.007314188875141588,0.0076322779128212784,0.00801858432956018,0.00849233111480778,0.009078404428167867,0.009809014091771463,0.010725884113416417,0.0118830980630823,0.013350825121272286,0.01522016725884168,0.017609512820872412,0.02067318063578164,0.024612326213242955,0.02969003741809318,0.036251344516981164,0.04475074649304182,0.055790148473575205,0.07017281930757935,0.08898332816663,0.11370693034249325,0.1464279610970706,0.1901713261772749,0.24955925962330905,0.3322231982891184,0.452309164943715,0.6409358347801666,0.9865676632288248],