{"bd2":[1,1,2,4,8,16,31,43,71,63,97,75,119,87,132,98,148,105,157,117,169,125,183,136,197,146,209,154,221,162,230,171,242,175,249,178,250,181,250,184,250,187,250,192,250,192,250,196,250,202,250,207,250,210,250,215,250,221,250,228,250,234,250,239,250,240,250,242,250,245,250,250,250,250,250,250,250,250,250,250,250,250,250,250,250,250,250,250,250,250,250,250,250,250,250,250,250,250,250,250,250,250,250,250,250,250,250,250,250,250,250,250,250,250,250,250,250,250,250,250,250,250,250,250,250,250,250,250,250,250,250,250,250,250,250,250,250,250,250,250,250,250,250,250,250,250,250,250,250,250,250,250,250,250,250,250,250,250,250,250,250,250,250,250,250,250,250,250,250,250,250,250,250,250,250,250,250,250,250,250,250,250,250,250,250,250,250,250,250,250,250,250,250,250,250,250,250,250,250,250,250,250,250,250,250,250,250,250,250,250,250,250,250,250,250,250,250,250,250,250,250,250,250,250,250,250,250,250,250,250,250,250,250,250,250,250,250,250,250,250,250,250,250,250,250,250,250,250,250,250,250,250,250,250,250,250,250,250,250,250,250,250,250,250,250,250,250,250,250,250,250,250,250,250,250,250,250,250,250,250,250,250,250,250,250,250,250,250,250,250,250,250,250,250,250,250,250,250,250,250,250,250,250,250,250,250,250,250,250,250,250,250,250,250,250,250,250,250,250,250,250,250,250,250,250,250,250,250,250,245,250,243,250,240,250,235,250,229,250,228,250,222,250,216,250,210,250,201,250,198,250,194,250,191,250,185,250,181,250,176,250,175,245,172,240,170,232,164,218,155,209,148,202,143,192,137,181,127,175,124,164,114,156,107,146,100,138,93,124,82,106,71,87,55,64,37,31,16,8,4,2,1,1,1],"taus":[0.05,0.1,0.15000000000000002,0.2,0.25,0.30000000000000004,0.35000000000000003,0.4,0.45,0.5,0.55,0.6000000000000001,0.65,0.7000000000000001,0.75,0.8,0.8500000000000001,0.9,0.9500000000000001,1.0,1.05,1.1,1.1500000000000001,1.2000000000000002,1.25,1.3,1.35,1.4000000000000001,1.4500000000000002,1.5,1.55,1.6,1.6500000000000001,1.7000000000000002,1.75,1.8,1.85,1.9000000000000001,1.9500000000000002,2.0,2.0500000000000003,2.1,2.15,2.2,2.25,2.3000000000000003,2.35,2.4000000000000004,2.45,2.5,2.5500000000000003,2.6,2.6500000000000004,2.7,2.75,2.8000000000000003,2.85,2.9000000000000004,2.95,3.0,3.0500000000000003,3.1,3.1500000000000004,3.2,3.25,3.3000000000000003,3.35,3.4000000000000004,3.45,3.5,3.5500000000000003,3.6,3.6500000000000004,3.7,3.75,3.8000000000000003,3.85,3.9000000000000004,3.95,4.0,4.05,4.1000000000000005,4.15,4.2,4.25,4.3,4.3500000000000005,4.4,4.45,4.5,4.55,4.6000000000000005,4.65,4.7,4.75,4.800000000000001,4.8500000000000005,4.9,4.95,5.0,5.050000000000001,5.1000000000000005,5.15,5.2,5.25,5.300000000000001,5.3500000000000005,5.4,5.45,5.5,5.550000000000001,5.6000000000000005,5.65,5.7,5.75,5.800000000000001,5.8500000000000005,5.9,5.95,6.0,6.050000000000001,6.1000000000000005,6.15,6.2,6.25,6.300000000000001,6.3500000000000005,6.4,6.45,6.5,6.550000000000001,6.6000000000000005,6.65,6.7,6.75,6.800000000000001,6.8500000000000005,6.9,6.95,7.0,7.050000000000001,7.1000000000000005,7.15,7.2,7.25,7.300000000000001,7.3500000000000005,7.4,7.45,7.5,7.550000000000001,7.6000000000000005,7.65,7.7,7.75,7.800000000000001,7.8500000000000005,7.9,7.95,8.0,8.05,8.1,8.15,8.200000000000001,8.25,8.3,8.35,8.4,8.450000000000001,8.5,8.55,8.6,8.65,8.700000000000001,8.75,8.8,8.85,8.9,8.950000000000001,9.0,9.05,9.1,9.15,9.200000000000001,9.25,9.3,9.35,9.4,9.450000000000001,9.5,9.55,9.600000000000001,9.65,9.700000000000001,9.75,9.8,9.850000000000001,9.9,9.950000000000001,10.0,10.05],"gtau":[0.01264708495086756,0.011465256778912828,0.01084135397541365,0.010427091421570028,0.010110003778049992,0.009844955964710049,0.009611116186185516,0.009397854228679784,0.009199305438196283,0.009012019007426179,0.008833847937412265,0.008663387764252453,0.008499675863750628,0.008342022824216267,0.008189914280413348,0.008042951382739779,0.007900813928694477,0.0077632365201958315,0.0076299936303847425,0.007500888401799653,0.007375746012641618,0.007254408662706315,0.007136732115272957,0.007022583005766031,0.006911837183285966,0.006804378149025292,0.006700096036619022,0.0065988867866763985,0.006500651516535052,0.0064052959439562145,0.006312729921231283,0.006222867198545375,0.0061356257301181365,0.0060509259433080085,0.005968692215103189,0.005888851521518882,0.005811333712005571,0.005736071268990243,0.005662999140427356,0.0055920547190250035,0.0055231776504605775,0.0054563099398320875,0.00539139604991663,0.005328381006317856,0.0052672139975207585,0.005207844560961771,0.005150224410028608,0.0050943071875904555,0.0050400476021088825,0.0049874026805375865,0.0049363306931365656,0.0048867912157529465,0.004838745840644696,0.004792157147556388,0.004746988848464547,0.00470320647292379,0.004660776606711453,0.00461966655794956,0.00457984600004606,0.0045412845646233815,0.00450395355274008,0.004467825239677626,0.004432872911805929,0.0043990708506154025,0.004366394307806824,0.004334819474986962,0.004304323456917072,0.00427488424590704,0.004246480700291044,0.004219092524475466,0.004192700245687788,0.00416728517020127,0.004142829316883867,0.004119315537452113,0.004096727375646109,0.004075049096057761,0.0040542656330234,0.004034362562946937,0.00401532617769931,0.003997143383170857,0.0039798017277033505,0.003963289407185516,0.003947595244638826,0.003932708598156641,0.00391861939791887,0.003905318080585606,0.003892795400141153,0.0038810434775444825,0.0038700547921900414,0.003859821385982913,0.0038503364012077226,0.0038415935719596428,0.003833587129634318,0.0038263117854329086,0.003819762730948785,0.003813935638186658,0.003808826657382939,0.003804432415246385,0.003800750012107329,0.0037977770186364327,0.003795511474772372,0.0037939518859928943,0.003793097223172099,0.003792946919954886,0.003793500874741207,0.003794759447001734,0.003796723460319607,0.0037993942020776938,0.003802773425417172,0.0038068633516260336,0.003811666671185187,0.0038171865475648903,0.0038234266216114247,0.0038303910130337913,0.003838084328046311,0.0038465116615024743,0.003855678605417352,0.0038655912540832564,0.0038762562119241143,0.003887680600959391,0.0038998720704722482,0.0039128388082629315,0.0039265895503971205,0.003941133596028885,0.00395648081854928,0.00397264167843024,0.003989627226832797,0.00400744909742738,0.004026119482136949,0.004045651135708049,0.004066057664633644,0.004087353430207181,0.004109553424994658,0.004132673161167504,0.004156728833748566,0.004181737862370226,0.004207718421686707,0.004234689450298405,0.004262670888348604,0.004291683737669771,0.004321749812149825,0.0043528923798714265,0.004385135901233801,0.0044185063605203904,0.004453031423713179,0.004488740664272062,0.004525665873380409,0.004563841503986313,0.004603304867586359,0.004644097463215906,0.00468626455413627,0.0047298577620000755,0.0047749353298497665,0.004821564169705843,0.0048698221157826545,0.004919800830246077,0.0049716096463940365,0.005025380470989299,0.005081273832918368,0.0051394871908100595,0.005200265845224969,0.005263916601920202,0.005330825100014648,0.0054014806103054955,0.005476504194478847,0.0055566904421166935,0.005643057775032379,0.005736914598595295,0.005839946706935314,0.005954330439467847,0.00608287974538209,0.006229237965781882,0.006398127705024473,0.006595676556318897,0.0068298419080709515,0.007110965237789336,0.0074524957648190605,0.00787193584089295,0.008392077038796407,0.009042617537314626,0.009862281854828906,0.0109016015868258,0.012226571404926941,0.013923464498556736,0.016105207448578487,0.01891981011084493,0.02256158856512418,0.027286313147004918,0.03343160576516146,0.04144490575827726,0.05192242211443726,0.06566454315103384,0.08375717900216456,0.1076962193172722,0.13958895995072484,0.1825050966838974,0.24114866309643937,0.32330525637577007,0.443454193975702,0.6336949990969774,0.9873529150491325],