{"bd2":[2,4,4,4,4,8,8,8,16,32,32,32,62,72,72,72,100,84,84,84,100,84,84,84,100,84,84,84,100,72,72,72,62,32,32,32,16,8,8,8,4,2,2,2,2,1,1,1],"taus":[0.1,0.2,0.30000000000000004,0.4,0.5,0.6000000000000001,0.7000000000000001,0.8,0.9,1.0,1.1],"gtau":[0.001442911724980006,0.0013885748945419475,0.0013739622022213565,0.0013840676905299638,0.0014614290001510731,0.0018063649889915952,0.003291465015446729,0.009766905547260242,0.038807585862330754,0.1776864020066872,0.99855708827502],"bd1":[1,1,1,1,1,2,2,4,4,8,8,16,16,32,32,64,64,100,100,100,100,100,100,100,100,100,100,100,100,100,100,100,100,100,64,64,32,32,16,16,8,8,4,4,2,2,1,1],"nn":[0.99855708827502,0.9974294984813239,0.9971891313689807,0.9971351962853019,0.9971229150276334,0.9971206862488147,0.9971229150300065,0.9971351962900672,0.9971891313695783,0.9974294984865497]}