{"bd2":[2,4,4,4,4,8,8,8,16,32,32,32,62,72,72,72,118,84,84,84,140,84,84,84,138,84,84,84,118,72,72,72,62,32,32,32,16,8,8,8,4,2,2,2,2,1,1,1],"taus":[0.1,0.2,0.30000000000000004,0.4,0.5,0.6000000000000001,0.7000000000000001,0.8,0.9,1.0,1.1],"gtau":[0.4053327133858323,0.39598862161259935,0.393051472376811,0.3956376143116997,0.4035726146030893,0.4170274487533829,0.43642944362124986,0.4624712941372433,0.49620106671804926,0.5392677438887816,0.5946672866141677],"bd1":[1,1,1,1,1,2,2,4,4,8,6,12,12,24,18,36,36,72,52,104,90,168,104,192,134,200,134,190,104,168,90,104,52,72,36,36,18,24,12,12,8,8,4,4,2,2,1,1],"nn":[0.5946672866141676,0.5757631089291925,0.5619185602157472,0.5524688055278113,0.5469690942346975,0.5451636820749408,0.5469690942346956,0.5524688055278104,0.5619185602157412,0.5757631089291889]}