{"bd2":[2,4,4,4,4,8,8,8,16,32,32,32,64,100,100,100,100,100,100,100,100,100,100,100,100,100,100,100,100,100,100,100,100,100,100,100,100,100,100,100,100,100,100,100,100,100,100,100,100,100,100,100,100,100,100,100,100,100,100,100,100,100,100,100,100,100,100,100,100,100,100,100,100,100,100,100,100,100,100,100,100,100,100,100,100,100,100,100,100,100,100,100,64,32,32,32,16,8,8,8,4,2,2,2,2,1,1,1],"taus":[0.2,0.4,0.6000000000000001,0.8,1.0,1.2000000000000002,1.4000000000000001,1.6,1.8,2.0,2.2,2.4000000000000004,2.6,2.8000000000000003,3.0,3.2,3.4000000000000004,3.6,3.8000000000000003,4.0,4.2,4.4,4.6000000000000005,4.800000000000001,5.0,5.2],"gtau":[0.3770490180592258,0.3225088395414123,0.2804477127755724,0.24649453165924853,0.21870374301093903,0.19586750519657126,0.17713626234100982,0.16188235386568797,0.14963700943005984,0.14005696866793504,0.132906070937368,0.12804631414433948,0.12543584128595942,0.12513334432861914,0.12730907216995388,0.13226346645093165,0.1404552146575764,0.15254151788358725,0.16943502003171834,0.1923842352188418,0.22308911085623476,0.26387325180086435,0.3179587346564721,0.38996241292045475,0.4870265518716785,0.6229509819407741],"bd1":[1,1,1,1,1,2,2,4,4,8,8,16,16,32,32,64,64,100,100,100,100,100,100,100,100,100,100,100,100,100,100,100,100,100,100,100,100,100,100,100,100,100,100,100,100,100,100,100,100,100,100,100,100,100,100,100,100,100,100,100,100,100,100,100,100,100,100,100,100,100,100,100,100,100,100,100,100,100,100,100,100,100,100,100,100,100,100,100,100,100,100,100,100,100,64,64,32,32,16,16,8,8,4,4,2,2,1,1],"nn":[0.6229509819407743,0.5527971513353079,0.5059528195647113,0.47431061324905943,0.4527064937471965,0.437809722582856,0.4274523304430133,0.4202130447424379,0.4151554888119128,0.4116621973839071,0.40932907768911064,0.40789864504967294,0.40721874206353376,0.40721872980320273,0.40789860948903633,0.4093290239448719,0.41166213172364857,0.41515542342096223,0.420213003166959,0.4274523331909247,0.43780977913757485,0.45270660906108834,0.47431077603134614,0.5059530039868806,0.5527972966593854]}