{"bd2":[1,1,2,4,8,16,20,20,20,20,20,20,20,20,20,20,20,16,8,4,2,1,1,1],"taus":[0.1,0.2,0.30000000000000004,0.4,0.5,0.6000000000000001,0.7000000000000001,0.8,0.9,1.0,1.1],"gtau":[0.10142282520530972,0.10058559400521402,0.10681513170494573,0.11935029864092091,0.1394223825392004,0.16979113510372132,0.21530685439614047,0.2844272203234128,0.39270955877466607,0.571736108579229,0.8985771747946902],"bd1":[2,4,2,4,4,8,8,16,16,20,20,20,20,20,20,20,16,16,8,8,4,4,2,1],"nn":[0.8985771747946901,0.8885482506020803,0.8820193613511278,0.8779203700580269,0.8756602249977053,0.8749377266147583,0.8756600897919935,0.8779198912878571,0.8820184412393125,0.8885470600219583]}