{"bd2":[2,4,4,8,16,32,46,60,60,60,60,60,60,60,60,60,60,60,60,60,60,60,60,60,60,60,60,60,60,60,60,60,60,60,60,60,60,60,60,60,60,60,60,60,60,60,60,60,60,60,60,60,60,60,60,60,60,60,60,60,60,60,60,60,60,60,60,60,60,60,60,60,60,60,60,60,46,32,16,8,4,4,2,1],"taus":[0.025,0.05,0.07500000000000001,0.1,0.125,0.15000000000000002,0.17500000000000002,0.2,0.225,0.25,0.275,0.30000000000000004,0.325,0.35000000000000003,0.375,0.4,0.42500000000000004,0.45,0.47500000000000003,0.5,0.525,0.55,0.5750000000000001,0.6000000000000001,0.625,0.65,0.675,0.7000000000000001,0.7250000000000001,0.75,0.775,0.8,0.8250000000000001,0.8500000000000001,0.875,0.9,0.925,0.9500000000000001,0.9750000000000001,1.0,1.0250000000000001],"gtau":[0.4464994660864261,0.44163119339359225,0.43731375159097285,0.4334901112247405,0.430118589827016,0.42716794330278346,0.4246143068310884,0.42243920983431743,0.4206282440282768,0.4191701443169113,0.41805613959284416,0.4172794852508429,0.41683512142163753,0.4167194201881187,0.41692999742822306,0.41746557261402234,0.4183258651070347,0.4195115189647236,0.4210240507131111,0.4228658162824706,0.42503999461562003,0.4275505864699171,0.430402427775822,0.43360121784847167,0.4371535632554628,0.4410670392793239,0.4453502718881273,0.45001304420296595,0.45506643368656285,0.46052298807209385,0.46639695173785883,0.47270455901330155,0.4794644180790893,0.4866980200169799,0.4944304246452347,0.502691201438089,0.511515748959683,0.5209471919760857,0.531039189468779,0.5418602368653026,0.5535005339135739],"nn2":[0.5471727008740327,0.5360440311219585,0.5310861034466762,0.5264883269985844,0.5222306060623074,0.5182962876251135,0.5146711339548087,0.5113427340791237,0.5083001453558954,0.5055336629096245,0.5030346644280308,0.5007954970158519,0.4988094010119405,0.4970704468819008,0.4955734890982579,0.4943141297817975,0.4932886900344493,0.4924941875285926,0.4919283199599804,0.49158945130914766,0.491476603544564,0.49158945131732185,0.49192832002620773,0.49249418771642006,0.49328869029080596,0.4943141301268629,0.4955734894834578,0.49707044719976806,0.4988094011999433,0.5007954970626597,0.5030346632386046,0.5055336624348953,0.5083001450949733,0.5113427340046725,0.514671134317908,0.5182962882816612,0.522230606513522,0.5264883264931339,0.5310861006933953,0.5360440234368105],"bd1":[1,1,1,2,2,4,4,8,8,16,16,32,31,58,46,60,55,60,58,60,58,60,59,60,59,60,59,60,59,60,59,60,59,60,59,60,59,60,59,60,59,60,59,60,59,60,59,60,59,60,58,60,58,60,59,60,60,60,60,60,60,60,58,60,59,60,59,60,55,60,45,58,31,32,16,16,8,8,4,4,2,2,1,1],"nn":[0.5535005638211569,0.5481846092304874,0.5432274404486782,0.5386142484094615,0.5343313807831691,0.530366269880108,0.5267073664669315,0.5233440920013777,0.5202667723625833,0.5174666074768456,0.5149356234544953,0.5126666445411022,0.5106532595321542,0.5088897980849109,0.5073713100855332,0.5060935408693521,0.50505291726567,0.5042465344528662,0.5036721451307339,0.503328149830461,0.5032135906635787,0.503328149622543,0.5036721451505878,0.5042465343262121,0.5050529168377998,0.5060935406289485,0.5073713102704214,0.5088897982272187,0.5106532594130953,0.5126666445628175,0.5149356236484018,0.5174666074093508,0.5202667724146929,0.5233440918535788,0.5267073671271423,0.5303662696424161,0.5343313799978561,0.5386142486090356,0.5432274401105633,0.5481846086330551]}