{"bd2":[1,1,2,4,8,15,28,28,40,34,40,35,40,40,40,40,40,40,40,40,40,40,40,40,40,40,40,40,40,39,40,37,40,35,40,28,28,15,8,4,2,1,1,1],"taus":[0.05,0.1,0.15000000000000002,0.2,0.25,0.30000000000000004,0.35000000000000003,0.4,0.45,0.5,0.55,0.6000000000000001,0.65,0.7000000000000001,0.75,0.8,0.8500000000000001,0.9,0.9500000000000001,1.0,1.05],"gtau":[0.1017433849626741,0.10017620497515925,0.10077354018994887,0.10308662186527087,0.10695687973167646,0.11238419952112066,0.11947638528507097,0.1284319925288392,0.13954033638125898,0.15319317912262023,0.1699071153849439,0.1903585484530562,0.21543577397242034,0.24631637780091556,0.2845843866805796,0.33241307304220546,0.3928621089192408,0.47038625284183033,0.5717657501361194,0.7079600404890194,0.8982566150373259],"bd1":[2,4,2,4,4,8,8,16,16,32,32,40,40,40,40,40,40,40,40,40,40,40,40,40,40,40,40,40,40,40,40,40,40,40,32,32,16,16,8,8,4,4,2,1],"nn":[0.8982566150373259,0.8926379271636,0.8881069398597622,0.8844526256300922,0.8815206227087355,0.8791962775660904,0.877394131792579,0.8760510912740095,0.8751218842704745,0.8745760486549603,0.8743960155318579,0.8745760433259274,0.8751218754496861,0.876051082313278,0.8773941268131479,0.8791962800826342,0.8815206333156843,0.8844526385875895,0.8881069402228482,0.8926378991963054]}