{"bd2":[2,4,4,8,16,20,20,20,16,8,4,4,2,1],"taus":[0.2,0.4,0.6000000000000001,0.8,1.0,1.2000000000000002],"gtau":[0.3445428497810765,0.3515434863280874,0.38035150382838234,0.4337820513128139,0.5198694026478978,0.6554571502189235],"nn2":[0.5483790854911202,0.4435913253993325,0.42948011376015366,0.4294797894758125,0.44359109360852333],"bd1":[1,1,1,2,2,4,4,8,4,4,2,2,1,1],"nn":[0.6554571502189246,0.6235246746068275,0.6090124478366692,0.6090120015313679,0.6235243667245951]}