{"bd2":[2,4,4,4,4,8,8,8,16,32,32,32,64,120,120,120,228,236,236,236,300,300,300,300,300,300,300,300,300,300,300,300,300,300,300,300,300,300,300,300,300,300,300,300,300,300,300,300,300,300,300,300,300,300,300,300,300,300,300,300,300,300,300,300,300,300,300,300,300,300,300,300,300,300,300,300,300,300,300,300,300,300,300,300,300,236,236,236,228,120,120,120,64,32,32,32,16,8,8,8,4,2,2,2,2,1,1,1],"taus":[0.2,0.4,0.6000000000000001,0.8,1.0,1.2000000000000002,1.4000000000000001,1.6,1.8,2.0,2.2,2.4000000000000004,2.6,2.8000000000000003,3.0,3.2,3.4000000000000004,3.6,3.8000000000000003,4.0,4.2,4.4,4.6000000000000005,4.800000000000001,5.0,5.2],"gtau":[0.3770486418860889,0.3225073651350401,0.2804464582873195,0.24649406530553586,0.21870422866778408,0.1958688222430997,0.1771381162466078,0.16188438552156026,0.1496388722114873,0.14005838730611112,0.1329069223908006,0.12804659480948383,0.12543565256602218,0.12513285082650655,0.12730845245053904,0.1322628569256549,0.14045465663457515,0.15254094985820585,0.16943427320058055,0.19238306034729374,0.22308724952787257,0.2638705717027904,0.3179553799141267,0.3899589771420255,0.48702425881265765,0.6229513581139111],"bd1":[1,1,1,1,1,2,2,4,4,8,8,16,16,32,32,64,64,128,126,248,215,300,300,300,300,300,300,300,300,300,300,300,300,300,300,300,300,300,300,300,300,300,300,300,300,300,300,300,300,300,300,300,300,300,300,300,300,300,300,300,300,300,300,300,300,300,300,300,300,300,300,300,300,300,300,300,300,300,300,300,300,300,300,300,300,300,300,300,300,300,232,255,128,128,64,64,32,32,16,16,8,8,4,4,2,2,1,1],"nn":[0.6229513581139111,0.5527958693517244,0.5059516103305094,0.47430999795566003,0.4527064587467256,0.4378100521000936,0.42745279047767276,0.4202134455266104,0.4151557143027076,0.4116622048543603,0.40932888078466406,0.40789829551454987,0.40721831626012195,0.40721831626855787,0.4078982955364514,0.4093288808265956,0.4116622049044337,0.41515571436150905,0.4202134455679735,0.4274527904827002,0.43781005208789864,0.45270645872274334,0.47430999791139666,0.5059516102437569,0.5527958692211019]}