{"bd2":[2,4,4,4,4,8,8,8,16,32,32,32,58,88,88,88,98,100,100,100,100,100,100,100,100,100,100,100,98,88,88,88,58,32,32,32,16,8,8,8,4,4,4,4,2,1,1,1],"taus":[0.1,0.2,0.30000000000000004,0.4,0.5,0.6000000000000001,0.7000000000000001,0.8,0.9,1.0,1.1],"gtau":[0.40533274439682915,0.3959886521980706,0.3930515030025616,0.3956376451692244,0.4035726460623136,0.41702747998297646,0.4364294771547846,0.46247132292981324,0.4962010899637399,0.5392677481224015,0.5946672556031709],"nn2":[0.5577264829320326,0.5097251213361436,0.4956819703327517,0.486515142480883,0.48127737887365923,0.47957018362099596,0.48127736779195124,0.4865151432368922,0.49568197307207074,0.5097251012431495],"bd1":[1,1,1,1,1,2,2,4,4,8,8,16,16,32,32,64,64,100,100,100,100,100,100,100,100,100,100,100,100,100,100,100,100,100,64,64,32,32,16,16,8,8,4,4,2,2,1,1],"nn":[0.5946673206727474,0.5757631402749525,0.5619185918574338,0.5524688272770335,0.5469691251591976,0.5451637133904071,0.5469691168902692,0.5524688365785093,0.5619185935038641,0.5757631431018031]}