{"bd2":[2,4,4,4,4,8,8,8,16,26,26,26,46,42,42,42,66,50,50,50,78,56,56,56,86,58,58,58,88,58,58,58,88,58,58,58,90,62,62,62,94,62,62,62,98,62,62,62,98,64,64,64,98,64,64,64,100,64,64,64,100,64,64,64,100,64,64,64,100,66,66,66,100,66,66,66,100,66,66,66,100,66,66,66,100,66,66,66,100,66,66,66,100,64,64,64,100,64,64,64,100,64,64,64,100,64,64,64,100,64,64,64,100,64,64,64,92,62,62,62,90,58,58,58,90,58,58,58,88,58,58,58,88,58,58,58,86,58,58,58,76,52,52,52,70,46,46,46,66,42,42,42,46,26,26,26,16,8,8,8,4,2,2,2,2,1,1,1],"taus":[0.025,0.05,0.07500000000000001,0.1,0.125,0.15000000000000002,0.17500000000000002,0.2,0.225,0.25,0.275,0.30000000000000004,0.325,0.35000000000000003,0.375,0.4,0.42500000000000004,0.45,0.47500000000000003,0.5,0.525,0.55,0.5750000000000001,0.6000000000000001,0.625,0.65,0.675,0.7000000000000001,0.7250000000000001,0.75,0.775,0.8,0.8250000000000001,0.8500000000000001,0.875,0.9,0.925,0.9500000000000001,0.9750000000000001,1.0,1.0250000000000001],"gtau":[0.0017832528788904248,0.0017400227781626501,0.0017115364698027306,0.0016915928424728706,0.0016769849719492685,0.0016659574226348154,0.0016575250076369175,0.001651146631608603,0.0016465627880863528,0.0016437351555868248,0.0016428183012682385,0.0016441600613475683,0.0016484037273451493,0.0016564232787597457,0.0016696375080100857,0.0016900857378751566,0.001720726266433929,0.001765834336951066,0.0018315810601827497,0.001926870403529123,0.002064555758324423,0.0022632028832550166,0.0025496536997383938,0.0029627586386312818,0.0035588244049119893,0.004419587628772242,0.00566392566536043,0.007465134437616212,0.010076552603040526,0.013869596574235275,0.019391985443698936,0.02745464295963383,0.039267535690654276,0.05665229879156947,0.08238460480017988,0.12076342563813719,0.1785955241441354,0.26698917609002143,0.4048510419476483,0.626304744723125,0.9982167471211095],"bd1":[1,1,1,1,1,2,2,4,4,8,8,16,16,32,32,64,64,100,100,100,100,100,100,100,100,100,100,100,100,100,100,100,100,100,100,100,100,100,100,100,100,100,100,100,100,100,100,100,100,100,100,100,100,100,100,100,100,100,100,100,100,100,100,100,100,100,100,100,100,100,100,100,100,100,100,100,100,100,100,100,100,100,100,100,100,100,100,100,100,100,100,100,100,100,100,100,100,100,100,100,100,100,100,100,100,100,100,100,100,100,100,100,100,100,100,100,100,100,100,100,100,100,100,100,100,100,100,100,100,100,100,100,100,100,100,100,100,100,100,100,100,100,100,100,100,100,100,100,100,100,100,100,100,100,64,64,32,32,16,16,8,8,4,4,2,2,1,1],"nn":[0.9982167471211093,0.9976312399976502,0.997245382337556,0.9969878874138007,0.9968145300890752,0.9966970605432741,0.9966170662195052,0.9965623764383216,0.9965248645085829,0.9964990597632728,0.9964812573150587,0.9964689362330311,0.9964603709277118,0.9964544383623757,0.996450328228542,0.9964474907290815,0.9964455512635765,0.9964442566095808,0.996443439096069,0.9964429931166918,0.9964428607499894,0.9964430234118916,0.9964434995104116,0.9964443469673808,0.9964456714123813,0.9964476410681222,0.9964505105645227,0.9964546483522586,0.9964605802015386,0.9964690972103997,0.9964813876965422,0.996499159374226,0.9965249305931002,0.9965624027358144,0.9966170464846676,0.9966969929499052,0.9968144168477028,0.9969877371851366,0.9972452186628674,0.9976311140302071]}