{"bd2":[2,4,4,4,4,8,8,8,16,32,32,32,62,72,72,72,118,84,84,84,140,84,84,84,138,84,84,84,118,72,72,72,62,32,32,32,16,8,8,8,4,2,2,2,2,1,1,1],"taus":[0.1,0.2,0.30000000000000004,0.4,0.5,0.6000000000000001,0.7000000000000001,0.8,0.9,1.0,1.1],"gtau":[0.00792280974668968,0.008244383111072407,0.009208026949202367,0.011294965345713994,0.015618075487038514,0.02461355238425276,0.04370788731459405,0.08539724393640373,0.17984802940437208,0.4052914874867916,0.9920771902533103],"bd1":[1,1,1,1,1,2,2,4,4,8,8,16,16,32,32,64,64,128,128,150,150,150,150,150,150,150,150,150,150,150,150,150,128,128,64,64,32,32,16,16,8,8,4,4,2,2,1,1],"nn":[0.9920771902533103,0.9883499609492244,0.986703952369164,0.985959550276785,0.9856380495133118,0.9855480119818377,0.9856380495119333,0.9859595502787785,0.9867039523694696,0.9883499609483772]}