{"bd2":[2,4,4,8,16,32,40,40,38,40,38,40,38,40,38,40,38,40,38,40,38,40,38,40,38,40,38,40,38,40,38,40,38,40,38,40,38,40,38,40,38,40,38,40,38,40,38,40,38,40,38,40,38,40,38,40,38,40,38,40,38,40,38,40,38,40,38,40,38,40,38,40,38,40,38,40,40,32,16,8,4,4,2,1],"taus":[0.025,0.05,0.07500000000000001,0.1,0.125,0.15000000000000002,0.17500000000000002,0.2,0.225,0.25,0.275,0.30000000000000004,0.325,0.35000000000000003,0.375,0.4,0.42500000000000004,0.45,0.47500000000000003,0.5,0.525,0.55,0.5750000000000001,0.6000000000000001,0.625,0.65,0.675,0.7000000000000001,0.7250000000000001,0.75,0.775,0.8,0.8250000000000001,0.8500000000000001,0.875,0.9,0.925,0.9500000000000001,0.9750000000000001,1.0,1.0250000000000001],"gtau":[0.34426478442404196,0.3437952516048705,0.3437507519257338,0.3440983587258764,0.3448157783035932,0.3458879817625788,0.34730511877655196,0.3490611739963346,0.3511530741059818,0.35358007936039676,0.35634336097854796,0.35944570386749575,0.36289129578077906,0.36668557968694127,0.37083515002855066,0.375347684263899,0.38023190127223094,0.38549754025503,0.39115535966477954,0.3972171515542355,0.4036957714206737,0.4106051829560654,0.4179605183879252,0.425778155723542,0.4340758150795116,0.44287267729373525,0.4521895292984029,0.4620489424349781,0.47247549212220186,0.4834960304590856,0.49514002802948953,0.5074400074766728,0.5204320998084222,0.5341567726041485,0.5486597983565219,0.5639935683638944,0.5802189177213029,0.5974077278541283,0.6156467528308229,0.6350434461506307,0.655735215575958],"nn2":[0.6401134951563913,0.6203553728129367,0.6156802707254204,0.6113543541107009,0.6073562874027432,0.6036685081152582,0.6002760787676346,0.5971660326478253,0.5943269726231473,0.5917488178619854,0.5894226211876737,0.5873404938329171,0.5854954218915642,0.5838812975590094,0.5824928225274717,0.5813254364644955,0.5803753941111718,0.5796396155103903,0.5791157365529581,0.578802077171964,0.5786976329633672,0.5788020698184795,0.5791157219730124,0.5796395939034199,0.5803753660495439,0.581325404915938,0.5824927758659705,0.583881262287302,0.5854954063236567,0.5873404804698587,0.5894226232661857,0.5917488175653511,0.5943269760556055,0.5971660454697743,0.6002760950839795,0.6036685254079341,0.6073563017243074,0.6113543584226642,0.6156802515774994,0.620355301889883],"bd1":[1,1,1,2,2,4,4,8,8,16,16,32,31,40,39,40,40,40,40,40,40,40,40,40,40,40,40,40,40,40,40,40,40,40,40,40,40,40,40,40,40,40,40,40,40,40,40,40,40,40,40,40,40,40,40,40,40,40,40,40,40,40,40,40,39,40,40,40,39,40,40,40,31,32,16,16,8,8,4,4,2,2,1,1],"nn":[0.655735560763789,0.6505988512105675,0.6458173862980227,0.6413750897247449,0.6372575321842212,0.6334512710052536,0.629944014652269,0.6267244941658018,0.6237824435894479,0.6211085220026759,0.6186942854978106,0.6165320968667897,0.6146151948409063,0.6129375441254888,0.6114939753170109,0.6102799879395074,0.6092918038591422,0.6085263620508075,0.6079813004013308,0.6076549287878807,0.6075462514079057,0.6076549237906664,0.6079812693495733,0.6085263211844041,0.6092917536148731,0.6102799337884431,0.6114939153285479,0.6129374803445203,0.6146151137147599,0.616532036316067,0.6186942392165502,0.6211085062112554,0.6237824410799042,0.62672448955788,0.6299440201357444,0.6334512758365749,0.6372575332412687,0.6413751058867498,0.645817396111141,0.6505988821577806]}