{"bd2":[2,4,4,4,4,8,8,8,16,32,32,32,50,50,50,50,50,50,50,50,50,50,50,50,50,50,50,50,50,50,50,50,50,32,32,32,16,8,8,8,4,2,2,2,2,1,1,1],"taus":[0.1,0.2,0.30000000000000004,0.4,0.5,0.6000000000000001,0.7000000000000001,0.8,0.9,1.0,1.1],"gtau":[0.001046045629822172,0.0010098411730759401,0.0009983988348360498,0.0009973426597762317,0.0010203343472872824,0.001152048351043445,0.001842718262728367,0.005511690600113282,0.025580884118675127,0.1426718231687628,0.9989539543701779],"bd1":[1,1,1,1,1,2,2,4,4,8,8,16,16,32,32,50,50,50,50,50,50,50,50,50,50,50,50,50,50,50,50,50,50,50,50,50,32,32,16,16,8,8,4,4,2,2,1,1],"nn":[0.9989539543701779,0.9980936223618501,0.9979440687489866,0.9979166107445038,0.9979114587211174,0.9979106527850798,0.9979114586891038,0.9979166105251456,0.9979440682667516,0.9980936221230965]}