{"bd2":[2,4,4,4,4,8,8,8,16,30,30,30,56,56,56,56,94,68,68,68,106,68,68,68,106,70,70,70,112,78,78,78,120,82,82,82,126,84,84,84,126,84,84,84,126,84,84,84,122,82,82,82,112,78,78,78,106,68,68,68,106,68,68,68,104,66,66,66,94,56,56,56,56,30,30,30,16,8,8,8,4,2,2,2,2,1,1,1],"taus":[0.05,0.1,0.15000000000000002,0.2,0.25,0.30000000000000004,0.35000000000000003,0.4,0.45,0.5,0.55,0.6000000000000001,0.65,0.7000000000000001,0.75,0.8,0.8500000000000001,0.9,0.9500000000000001,1.0,1.05],"gtau":[0.0015723981616310007,0.0015157608257943165,0.0014887773488977982,0.001473468733768413,0.0014646243242751192,0.0014611800905718337,0.0014646423865418497,0.0014798300305539423,0.0015177401686013601,0.0016021438182348675,0.0017839151038556717,0.0021719518567387885,0.0030001200164515283,0.004773247622277739,0.008589095991249341,0.016860747228232435,0.034982473713558684,0.07535092706571477,0.1678721067075615,0.391602951431477,0.998427601838369],"bd1":[1,1,1,1,1,2,2,4,4,8,8,16,16,32,32,64,64,128,128,256,256,400,400,400,400,400,400,400,400,400,400,400,400,400,400,400,400,400,400,400,400,400,400,400,400,400,400,400,400,400,400,400,400,400,400,400,400,400,400,400,400,400,400,400,400,400,400,400,400,400,256,256,128,128,64,64,32,32,16,16,8,8,4,4,2,2,1,1],"nn":[0.9984276018383691,0.9975536606415673,0.9971743112077041,0.9970045062073607,0.9969271672901706,0.9968915537721691,0.9968750349707619,0.9968673497123128,0.9968638076913504,0.9968622784151681,0.9968618525118819,0.9968622784162121,0.9968638076929534,0.9968673497141421,0.996875034972743,0.996891553774643,0.9969271672938717,0.9970045062127004,0.9971743112133182,0.9975536606454435]}