{"bd2":[2,4,4,4,4,8,8,8,16,26,26,26,46,42,42,42,66,50,50,50,78,56,56,56,86,58,58,58,88,58,58,58,88,58,58,58,90,62,62,62,94,62,62,62,98,62,62,62,98,64,64,64,98,64,64,64,100,64,64,64,100,64,64,64,100,64,64,64,100,66,66,66,100,66,66,66,100,66,66,66,100,66,66,66,100,66,66,66,100,66,66,66,100,64,64,64,100,64,64,64,100,64,64,64,100,64,64,64,100,64,64,64,100,64,64,64,92,62,62,62,90,58,58,58,90,58,58,58,88,58,58,58,88,58,58,58,86,58,58,58,76,52,52,52,70,46,46,46,66,42,42,42,46,26,26,26,16,8,8,8,4,2,2,2,2,1,1,1],"taus":[0.025,0.05,0.07500000000000001,0.1,0.125,0.15000000000000002,0.17500000000000002,0.2,0.225,0.25,0.275,0.30000000000000004,0.325,0.35000000000000003,0.375,0.4,0.42500000000000004,0.45,0.47500000000000003,0.5,0.525,0.55,0.5750000000000001,0.6000000000000001,0.625,0.65,0.675,0.7000000000000001,0.7250000000000001,0.75,0.775,0.8,0.8250000000000001,0.8500000000000001,0.875,0.9,0.925,0.9500000000000001,0.9750000000000001,1.0,1.0250000000000001],"gtau":[0.4049391648719984,0.40188856228110303,0.3993414124440536,0.3972495590003863,0.395578399317016,0.39430257869440105,0.3934033086387045,0.3928666289369356,0.3926822431511275,0.3928427170473413,0.3933429145411921,0.3941795937114702,0.3953511137504748,0.3968572208328259,0.39869889153889415,0.4008782193289815,0.40339833412584597,0.40626334816137266,0.40947832340026075,0.4130492574233587,0.416983085841913,0.4212877002987165,0.42597198192104174,0.4310458509112723,0.4365203337647748,0.44240765059758175,0.4487213261593396,0.45547632960594503,0.46268925011663825,0.470378518079887,0.47856468555159043,0.4872707850701996,0.4965227943743037,0.5063502472109498,0.5167870480279819,0.5278725835470132,0.539653270274765,0.5521847656425335,0.5655352236743522,0.579790258957448,0.5950608351280016],"bd1":[1,1,1,1,1,2,2,4,4,8,8,16,16,32,32,64,54,100,74,100,94,100,100,100,100,100,100,100,100,100,100,100,100,100,100,100,100,100,100,100,100,100,100,100,100,100,100,100,100,100,100,100,100,100,100,100,100,100,100,100,100,100,100,100,100,100,100,100,100,100,100,100,100,100,100,100,100,100,100,100,100,100,100,100,100,100,100,100,100,100,100,100,100,100,100,100,100,100,100,100,100,100,100,100,100,100,100,100,100,100,100,100,100,100,100,100,100,100,100,100,100,100,100,100,100,100,100,100,100,100,100,100,100,100,100,100,100,100,100,100,100,100,100,100,100,100,100,100,100,100,100,100,86,100,58,64,32,32,16,16,8,8,4,4,2,2,1,1],"nn":[0.5950608351280016,0.589812962870675,0.5849225158186016,0.5803742557848949,0.5761541598367091,0.5722493348965277,0.568647945626871,0.5653391525360432,0.562313058334761,0.5595606610161127,0.5570738127309619,0.554845183649869,0.5528682302509833,0.5511371675831207,0.5496469451609342,0.5483932262174325,0.5473723700961276,0.5465814176096131,0.5460180792293288,0.5456807260020211,0.5455683831143052,0.5456807260527257,0.5460180793274351,0.5465814177487651,0.5473723702672894,0.5483932264092644,0.5496469453604897,0.5511371677766065,0.5528682304242308,0.5548451837897898,0.5570738128264707,0.5595606610593604,0.5623130583206758,0.5653391524497633,0.5686479454677017,0.5722493346852731,0.5761541595944211,0.580374255543718,0.5849225156164682,0.5898129627502258]}