{"bd2":[2,4,4,4,4,8,8,8,16,32,32,32,64,122,122,122,150,150,150,150,150,150,150,150,150,150,150,150,150,150,150,150,150,150,150,150,150,150,150,150,150,150,150,150,150,150,150,150,150,150,150,150,150,150,150,150,150,150,150,150,150,150,150,150,150,150,150,150,150,150,150,150,150,150,150,150,150,150,150,150,150,150,150,150,150,150,150,150,150,150,150,150,150,150,150,150,150,150,150,150,150,150,150,150,150,150,150,150,150,150,150,150,150,150,150,150,150,150,150,150,150,150,150,150,150,150,150,150,150,150,150,150,150,150,150,150,150,150,150,150,150,150,150,150,150,150,150,150,150,150,150,150,150,150,150,150,150,150,150,150,150,150,150,150,150,150,150,150,150,150,150,150,150,150,150,150,150,150,150,150,150,150,150,150,150,150,150,150,150,122,122,122,64,32,32,32,16,8,8,8,4,2,2,2,2,1,1,1],"taus":[0.2,0.4,0.6000000000000001,0.8,1.0,1.2000000000000002,1.4000000000000001,1.6,1.8,2.0,2.2,2.4000000000000004,2.6,2.8000000000000003,3.0,3.2,3.4000000000000004,3.6,3.8000000000000003,4.0,4.2,4.4,4.6000000000000005,4.800000000000001,5.0,5.2,5.4,5.6000000000000005,5.800000000000001,6.0,6.2,6.4,6.6000000000000005,6.800000000000001,7.0,7.2,7.4,7.6000000000000005,7.800000000000001,8.0,8.200000000000001,8.4,8.6,8.8,9.0,9.200000000000001,9.4,9.600000000000001,9.8,10.0,10.200000000000001],"gtau":[0.00013117944509907022,0.00012131395899805887,0.00011284045662826811,0.00010534214939642189,9.868758301333321e-5,9.277514349853142e-5,8.751862845873075e-5,8.284369930801172e-5,7.868597129636157e-5,7.498960078612991e-5,7.170613208088205e-5,6.879352764791178e-5,6.621534394366312e-5,6.394002896179314e-5,6.194032468732177e-5,6.019274168197746e-5,5.867716939543005e-5,5.737644937539239e-5,5.6276098767843494e-5,5.536404530045558e-5,5.4630411762983e-5,5.406734156075835e-5,5.366886058227492e-5,5.34307724557399e-5,5.335058483934512e-5,5.3427465150278424e-5,5.3662225029173696e-5,5.4057333050315904e-5,5.461695609845044e-5,5.5347030497463425e-5,5.625536435343317e-5,5.735177375003498e-5,5.864825562472307e-5,6.015920143147082e-5,6.190165659913758e-5,6.389563168833827e-5,6.616447243459708e-5,6.87352976438472e-5,7.163951572846335e-5,7.491343207939103e-5,7.859896098454695e-5,8.274446300575317e-5,8.740573518393435e-5,9.264718943644743e-5,9.854329971410879e-5,0.00010518069781849973,0.00011266890458931635,0.00012180412425153933,0.0001973181307427156,0.006947594856134363,0.9998688205549009],"bd1":[1,1,1,1,1,2,2,4,4,8,8,16,14,27,22,38,32,52,37,56,43,69,47,69,53,82,57,78,61,92,63,86,68,100,68,92,71,104,72,95,75,110,76,97,77,113,78,102,79,115,81,106,84,121,85,110,87,125,88,114,90,128,90,119,91,130,92,121,95,134,95,123,97,139,98,125,98,140,99,128,101,143,103,132,104,147,104,134,103,149,106,138,105,150,109,140,109,150,110,143,110,150,111,141,111,150,112,141,112,150,113,144,113,150,115,145,114,150,116,145,114,150,116,147,114,150,114,144,114,150,116,146,116,150,117,145,115,150,115,144,115,150,115,144,113,150,115,143,114,150,114,144,114,150,114,141,113,150,113,138,109,149,109,137,108,148,109,135,106,142,105,130,101,136,101,126,97,131,97,121,92,121,89,108,83,110,80,97,71,93,65,79,53,67,43,49,28,30,16,16,8,8,4,4,2,2,1,1],"nn":[0.9998688205549008,0.9997388664554876,0.9997376766011092,0.999737662089415,0.9997376600594012,0.9997376586005094,0.9997376574212311,0.9997376564468422,0.9997376556333522,0.9997376549500934,0.9997376543739439,0.9997376538865768,0.9997376534733576,0.999737653122533,0.9997376528245767,0.9997376525717919,0.9997376523578685,0.999737652177749,0.9997376520270315,0.9997376519022875,0.9997376518013379,0.9997376517216356,0.9997376516614835,0.9997376516192622,0.9997376515938802,0.9997376515859743,0.9997376515953069,0.9997376516198396,0.9997376516628158,0.9997376517230653,0.9997376518032938,0.9997376519044164,0.9997376520292093,0.9997376521797321,0.9997376523598792,0.999737652573747,0.9997376528267296,0.9997376531248282,0.9997376534759709,0.9997376538895907,0.9997376543775219,0.9997376549546633,0.9997376556384572,0.999737656449836,0.9997376574230403,0.9997376585998944,0.9997376600547385,0.999737662081612,0.9997376765944428,0.9997388664591331]}