{"bd2":[2,4,4,8,16,32,60,60,60,60,60,60,60,60,60,60,60,60,60,60,60,60,60,60,60,60,60,60,60,60,60,60,60,60,60,60,60,60,60,60,60,60,60,60,60,60,60,60,60,60,60,60,60,60,60,60,60,60,60,60,60,60,60,60,60,60,60,60,60,60,60,60,60,60,60,60,60,60,60,60,60,60,60,60,60,60,60,60,60,60,60,60,60,60,60,60,60,32,16,8,4,4,2,1],"taus":[0.1,0.2,0.30000000000000004,0.4,0.5,0.6000000000000001,0.7000000000000001,0.8,0.9,1.0,1.1,1.2000000000000002,1.3,1.4000000000000001,1.5,1.6,1.7000000000000002,1.8,1.9000000000000001,2.0,2.1,2.2,2.3000000000000003,2.4000000000000004,2.5,2.6,2.7,2.8000000000000003,2.9000000000000004,3.0,3.1,3.2,3.3000000000000003,3.4000000000000004,3.5,3.6,3.7,3.8000000000000003,3.9000000000000004,4.0,4.1000000000000005,4.2,4.3,4.4,4.5,4.6000000000000005,4.7,4.800000000000001,4.9,5.0,5.1000000000000005],"gtau":[0.3514804052748975,0.32103113078352485,0.29797936263024416,0.27812439652627585,0.26040494968680966,0.24439563439403678,0.22986113903383437,0.21664056814666519,0.20460943069858448,0.19366478421607097,0.18371853563582724,0.17469401647752253,0.16652402192678029,0.15914957884010592,0.15251910147287576,0.14658779945571324,0.14131723032079332,0.13667499489368168,0.13263452124288405,0.1291749205995257,0.12628085850508375,0.12394261348550095,0.1221562116889304,0.1209236162870587,0.12025298846326901,0.12015903054571278,0.12066345463447928,0.12179555189428537,0.12359289895573543,0.12610219121728755,0.12938024055195277,0.13349513871145435,0.1385276367756153,0.1445727467138938,0.15174161040232634,0.16016368046744672,0.16998927822015408,0.18139213486547226,0.1945727627066689,0.20976443218190122,0.22723537764765575,0.24729569776543067,0.2703045762878524,0.2966797879153056,0.32691117738745407,0.3615821266347008,0.40140970983711566,0.4473357164562447,0.5007850956893783,0.5646293937799581,0.6485195947251026],"nn2":[0.6029599967323918,0.5356149387929493,0.5014648641182554,0.47790147971009583,0.45949571439417763,0.444645693775766,0.43251930755425205,0.4225566070880545,0.41433951453397116,0.4075422810272067,0.40190617858524086,0.39722367233512224,0.3933273511121262,0.39008175663361855,0.38737703519323435,0.3851240310409384,0.38325048597711253,0.38169809560943596,0.380419752311697,0.3793775342993771,0.3785410813553018,0.3778864371808895,0.3773951701365149,0.37705364532589053,0.3768524861972254,0.3767862101372598,0.37685301046797554,0.37705468663166064,0.377396730445679,0.3778885017730351,0.3785436356921262,0.3793805488811275,0.38042317804678566,0.3817019439474628,0.3832550470842996,0.3851300799819955,0.387384348908683,0.39008973669233893,0.3933353131488514,0.3972315297616563,0.401913738313719,0.4075492673611043,0.41434560206718185,0.4225614840500535,0.43252270489962547,0.4446474206692487,0.4594957827485561,0.4779001805723626,0.5014627508257159,0.5356123135516854],"bd1":[1,1,1,2,2,4,4,8,8,16,16,32,32,60,59,60,60,60,60,60,60,60,60,60,60,60,60,60,60,60,60,60,60,60,60,60,60,60,60,60,60,60,60,60,60,60,60,60,60,60,60,60,60,60,60,60,60,60,60,60,60,60,60,60,60,60,60,60,60,60,60,60,60,60,60,60,60,60,60,60,60,60,60,60,60,60,60,60,60,60,59,60,32,32,16,16,8,8,4,4,2,2,1,1],"nn":[0.6485236499776608,0.6103518188773633,0.579242867100138,0.5538051209241265,0.5329506865327671,0.5158133961830086,0.501699435593888,0.4900505122351779,0.48041630432831,0.4724327002263679,0.4658048319567972,0.4602935160530923,0.45570455326898496,0.4518800798019507,0.4486917085380534,0.4460350315478327,0.443825348172081,0.44199406592163204,0.4404858299157167,0.43925605468894996,0.4382689807037568,0.4374964068868697,0.43691661819062827,0.43651348094275566,0.43627603895939016,0.4361978092636992,0.4362766477250542,0.43651469087206024,0.4369184157285858,0.4374987866197289,0.4382719182212625,0.43925951975514427,0.4404897745952894,0.4419985360329105,0.44383068466947573,0.4460420252378507,0.448700152174707,0.45188927628504727,0.4557136828333793,0.4603025126473784,0.46581349837497366,0.47244068485586693,0.4804232354923518,0.49005598111687165,0.5017032199501542,0.5158153057638589,0.5329506315371323,0.5538035643278881,0.579240402846083,0.6103498066907409]}