{"bd2":[1,1,2,4,8,13,23,19,30,20,32,21,33,22,34,22,35,24,36,24,36,24,36,25,37,27,39,29,41,30,42,30,42,30,42,30,42,30,42,30,42,30,42,30,42,30,42,30,42,30,42,30,42,30,42,30,41,29,41,29,41,29,41,29,41,29,41,29,41,29,41,29,41,29,41,29,41,29,41,29,41,29,41,29,41,29,41,29,41,29,41,29,41,29,41,29,40,28,40,28,40,28,40,28,40,28,40,28,40,28,40,28,40,28,40,28,40,28,40,28,39,28,39,27,37,25,36,25,36,24,36,24,36,24,35,24,34,23,33,22,33,22,33,22,34,22,34,22,34,22,32,21,31,20,28,19,20,13,8,4,2,1,1,1],"taus":[0.0125,0.025,0.037500000000000006,0.05,0.0625,0.07500000000000001,0.08750000000000001,0.1,0.1125,0.125,0.1375,0.15000000000000002,0.1625,0.17500000000000002,0.1875,0.2,0.21250000000000002,0.225,0.23750000000000002,0.25,0.2625,0.275,0.28750000000000003,0.30000000000000004,0.3125,0.325,0.3375,0.35000000000000003,0.36250000000000004,0.375,0.3875,0.4,0.41250000000000003,0.42500000000000004,0.4375,0.45,0.4625,0.47500000000000003,0.48750000000000004,0.5,0.5125000000000001,0.525,0.5375,0.55,0.5625,0.5750000000000001,0.5875,0.6000000000000001,0.6125,0.625,0.6375000000000001,0.65,0.6625000000000001,0.675,0.6875,0.7000000000000001,0.7125,0.7250000000000001,0.7375,0.75,0.7625000000000001,0.775,0.7875000000000001,0.8,0.8125,0.8250000000000001,0.8375,0.8500000000000001,0.8625,0.875,0.8875000000000001,0.9,0.9125000000000001,0.925,0.9375,0.9500000000000001,0.9625,0.9750000000000001,0.9875,1.0,1.0125],"gtau":[0.01897924561070848,0.018635382516080413,0.018422912171043207,0.01831317378107831,0.018286624970037624,0.018329699522199244,0.01843288230762819,0.018589490766433334,0.018794871618289858,0.01904586472245622,0.019340442867470487,0.01967746255983344,0.020056499417439536,0.020477745944042235,0.020941961850821637,0.021450066876713213,0.022003525702855214,0.022603910768213126,0.0232534985648364,0.023954655144080492,0.024710054269031022,0.025522677931834253,0.02639582290229688,0.027333112916635503,0.02833851712621177,0.02941637853102742,0.030571479812919328,0.03180936944788664,0.03313597332236311,0.03455482640760843,0.036069439947630975,0.037688366772445636,0.039419495124847354,0.041270698654327476,0.04325026320070668,0.04536704329756201,0.04763054411785511,0.05005098467385902,0.05263935895527461,0.05540750068663532,0.058368154189924956,0.06153505275209823,0.06492300558767049,0.06854799461553096,0.07242728245943647,0.07657953333058275,0.08102494880362335,0.08578542093690765,0.0908847057442985,0.09634862075670295,0.10220527138055749,0.10848531208913449,0.11522225034021312,0.12245280374636798,0.1302173246622441,0.13856031062192986,0.14753101827145856,0.15718413628671812,0.16757928041247314,0.17874193570299718,0.19077344447864725,0.2037731392243651,0.21783392990911138,0.2330592234155327,0.24956873047518124,0.2675011361169278,0.28701769802404986,0.30830711840215325,0.3315920282368413,0.3571376011662693,0.385263047790741,0.41635716270372164,0.4509000315608053,0.4894908396146492,0.5328914029825175,0.5820859452249398,0.6383694798966477,0.7034802475391638,0.7798037380622446,0.8706966268086792,0.9810207543892915],"bd1":[2,4,2,4,4,8,8,16,16,32,32,60,60,60,60,60,60,60,60,60,60,60,60,60,60,60,60,60,60,60,60,60,60,60,60,60,60,60,60,60,60,60,60,60,60,60,60,60,60,60,60,60,60,60,60,60,60,60,60,60,60,60,60,60,60,60,60,60,60,60,60,60,60,60,60,60,60,60,60,60,60,60,60,60,60,60,60,60,60,60,60,60,60,60,60,60,60,60,60,60,60,60,60,60,60,60,60,60,60,60,60,60,60,60,60,60,60,60,60,60,60,60,60,60,60,60,60,60,60,60,60,60,60,60,60,60,60,60,60,60,60,60,60,60,60,60,60,60,60,60,60,60,60,60,32,32,16,16,8,8,4,4,2,1],"nn":[0.9810207543892916,0.9801208067640439,0.9792947624896251,0.9785347347080634,0.9778340895801994,0.9771871645997416,0.9765890669200664,0.9760355254696679,0.9755227800642111,0.9750474967122541,0.9746067016912798,0.9741977294409222,0.9738181806409254,0.9734658878644638,0.9731388837658715,0.9728353826713488,0.9725537550766827,0.9722925187182179,0.9720503202167012,0.9718259232263277,0.9716181977830202,0.9714261109598962,0.9712487185596486,0.9710851576118456,0.9709346394717837,0.9707964434027241,0.9706699109201817,0.9705544440446398,0.9704495003285069,0.9703545955659788,0.970269306716012,0.9701932461221399,0.970126068584576,0.9700674712070301,0.9700171913648029,0.969975004731896,0.9699407236917368,0.9699141961262385,0.9698953045234553,0.9698839653502712,0.9698801286513661,0.9698837778489326,0.9698949297287989,0.9699136346058448,0.9699399766667756,0.9699740744923933,0.970016081764254,0.9700661881634826,0.9701246204716255,0.9701916438869521,0.970267563572745,0.9703527264591832,0.9704475233271501,0.9705523912118905,0.97066781617828,0.9707943365381646,0.9709325466016864,0.9710831010331847,0.9712467190745883,0.9714241661497363,0.9716163096714651,0.9718240972308908,0.9720485633622349,0.9722908385801419,0.9725521588100711,0.9728338763041856,0.9731374722514301,0.9734645713531515,0.9738169587482628,0.9741965998279136,0.9746056636887382,0.9750465518528144,0.9755219312285092,0.9760347764798931,0.9765884219903792,0.977186628552288,0.9778336676393115,0.9785344314018665,0.9792945786534452,0.9801207325769322]}