{"bd2":[2,4,4,4,4,8,8,8,16,32,32,32,62,72,72,72,118,84,84,84,140,84,84,84,138,84,84,84,118,72,72,72,62,32,32,32,16,8,8,8,4,2,2,2,2,1,1,1],"taus":[0.1,0.2,0.30000000000000004,0.4,0.5,0.6000000000000001,0.7000000000000001,0.8,0.9,1.0,1.1],"gtau":[0.001046045484285747,0.0010098416575252517,0.0009983993562856287,0.0009973431125029322,0.0010203363152573967,0.0011520489012161821,0.0018427170396738476,0.005511691042875728,0.0255808849084744,0.1426718227315741,0.9989539545157142],"bd1":[1,1,1,1,1,2,2,4,4,8,8,16,16,32,32,64,64,128,119,227,210,382,287,400,371,400,372,400,288,382,210,227,119,128,64,64,32,32,16,16,8,8,4,4,2,2,1,1],"nn":[0.9989539545157141,0.9980936222501582,0.9979440684203418,0.9979166108313051,0.9979114590571048,0.9979106531709434,0.9979114590571027,0.9979166108313049,0.9979440684203443,0.99809362225016]}