{"bd2":[1,1,2,4,8,16,32,16,8,4,2,1,1,1],"taus":[0.2,0.4,0.6000000000000001,0.8,1.0,1.2000000000000002],"gtau":[0.007761564312962788,0.009089763769052602,0.017174929336828813,0.048495498615057094,0.17638420070802902,0.9922384356870372],"bd1":[2,4,2,4,4,8,8,16,8,8,4,4,2,1],"nn":[0.9922384356870373,0.9875583356038805,0.9864602506680413,0.9864602506680411,0.9875583356038807]}