{"bd2":[2,4,4,8,16,20,20,20,20,20,20,20,20,20,20,20,20,20,20,20,20,20,20,20,20,20,20,20,20,20,20,20,20,20,20,20,20,20,16,8,4,4,2,1],"taus":[0.05,0.1,0.15000000000000002,0.2,0.25,0.30000000000000004,0.35000000000000003,0.4,0.45,0.5,0.55,0.6000000000000001,0.65,0.7000000000000001,0.75,0.8,0.8500000000000001,0.9,0.9500000000000001,1.0,1.05],"gtau":[0.3444061742265475,0.34390164554714936,0.34497003718022534,0.3474575257203133,0.35129908007912386,0.3564790132317871,0.363013186762443,0.3709403774041064,0.38031803987031343,0.3912204331884299,0.40373823621366967,0.41797925895103016,0.4340701563763751,0.4521592702832929,0.47242096687826146,0.4950622044744526,0.5203327294073095,0.5485416491807743,0.5800861287962569,0.6155052433120176,0.6555938257734525],"nn2":[0.6251659335671977,0.5883459757949869,0.5800459744930716,0.573069636817845,0.5672478802288089,0.5624690498576922,0.5586531106291508,0.5557410715066747,0.553690102180162,0.5524709324361458,0.5520664611132435,0.5524710547899285,0.5536903309694148,0.555741372842111,0.5586534207329413,0.5624692304933399,0.5672478409985409,0.5730693566763314,0.5800455685619396,0.5883457696073949],"bd1":[1,1,1,2,2,4,4,8,8,16,16,20,20,20,20,20,20,20,20,20,20,20,20,20,20,20,20,20,20,20,20,20,20,20,16,16,8,8,4,4,2,2,1,1],"nn":[0.6555953297132738,0.6456762375330559,0.6371165022647596,0.6298040406359565,0.623644212699125,0.6185580679816802,0.6144810130064369,0.611361688435457,0.6091609959008207,0.6078514562655326,0.6074167678902666,0.6078515229327638,0.6091611216201088,0.6113618592878062,0.6144812038895483,0.6185582594627184,0.6236443830210194,0.6298041642656502,0.6371165760830052,0.6456762952257146]}