{"bd2":[1,1,2,4,8,15,28,28,47,34,53,35,56,41,62,41,64,41,64,42,64,42,64,42,64,41,61,41,56,38,53,34,52,33,47,28,28,15,8,4,2,1,1,1],"taus":[0.05,0.1,0.15000000000000002,0.2,0.25,0.30000000000000004,0.35000000000000003,0.4,0.45,0.5,0.55,0.6000000000000001,0.65,0.7000000000000001,0.75,0.8,0.8500000000000001,0.9,0.9500000000000001,1.0,1.05],"gtau":[0.01748302411388788,0.01682005913516693,0.017285461536247253,0.018446484810166527,0.020244195185877625,0.022754667595684844,0.026136544654408032,0.030625010345301237,0.03654370919253362,0.04432883039905448,0.05456600680688752,0.06804445233628634,0.0858374032785415,0.1094258436279439,0.14089928138346205,0.18330603073136373,0.24132283484915276,0.3226998403963142,0.44186119456268147,0.6307981604934877,0.9825169758861121],"bd1":[2,4,2,4,4,8,8,16,16,32,32,64,64,80,80,80,80,80,80,80,80,80,80,80,80,80,80,80,80,80,80,80,64,64,32,32,16,16,8,8,4,4,2,1],"nn":[0.982516975886112,0.9794795952816637,0.977283237441017,0.9756694523313795,0.9744772368903738,0.9735988693745475,0.9729598687824506,0.972508309470065,0.9722085504564607,0.9720373921220955,0.9719817487212802,0.9720373911646613,0.9722085487497053,0.9725083073526924,0.9729598669160026,0.9735988681715384,0.9744772366829466,0.9756694518399701,0.9772832357527471,0.9794795947592033]}