{"bd2":[2,4,4,4,4,8,8,8,16,32,32,32,58,88,88,88,98,100,100,100,100,100,100,100,100,100,100,100,98,88,88,88,58,32,32,32,16,8,8,8,4,4,4,4,2,1,1,1],"taus":[0.1,0.2,0.30000000000000004,0.4,0.5,0.6000000000000001,0.7000000000000001,0.8,0.9,1.0,1.1],"gtau":[0.0014429078668230118,0.001388570942139756,0.001373958860908777,0.001384066109245519,0.001461426454075712,0.0018063587797863762,0.003291451300343569,0.009766879892253881,0.03880755768620245,0.17768636786277722,0.998557092133177],"nn2":[0.1779386418073448,0.03799373812101713,0.033420412988566794,0.032395811087244666,0.03208089739156375,0.032004453422223814,0.032080885507708996,0.03239579935659184,0.033420431978388475,0.037993740171436356],"bd1":[1,1,1,1,1,2,2,4,4,8,8,16,16,32,32,64,64,100,100,100,100,100,100,100,100,100,100,100,100,100,100,100,100,100,64,64,32,32,16,16,8,8,4,4,2,2,1,1],"nn":[0.9985571380075722,0.9974295704391576,0.997189193309034,0.9971352612656311,0.9971229892796282,0.9971207593322284,0.9971229792403515,0.9971352584304338,0.9971891948517395,0.9974295709596432]}