{"bd2":[2,4,4,4,4,8,8,8,16,32,32,32,64,122,122,122,150,150,150,150,150,150,150,150,150,150,150,150,150,150,150,150,150,150,150,150,150,150,150,150,150,150,150,150,150,150,150,150,150,150,150,150,150,150,150,150,150,150,150,150,150,150,150,150,150,150,150,150,150,150,150,150,150,150,150,150,150,150,150,150,150,150,150,150,150,150,150,150,150,150,150,150,150,150,150,150,150,150,150,150,150,150,150,150,150,150,150,150,150,150,150,150,150,150,150,150,150,150,150,150,150,150,150,150,150,150,150,150,150,150,150,150,150,150,150,150,150,150,150,150,150,150,150,150,150,150,150,150,150,150,150,150,150,150,150,150,150,150,150,150,150,150,150,150,150,150,150,150,150,150,150,150,150,150,150,150,150,150,150,150,150,150,150,150,150,150,150,150,150,122,122,122,64,32,32,32,16,8,8,8,4,2,2,2,2,1,1,1],"taus":[0.2,0.4,0.6000000000000001,0.8,1.0,1.2000000000000002,1.4000000000000001,1.6,1.8,2.0,2.2,2.4000000000000004,2.6,2.8000000000000003,3.0,3.2,3.4000000000000004,3.6,3.8000000000000003,4.0,4.2,4.4,4.6000000000000005,4.800000000000001,5.0,5.2,5.4,5.6000000000000005,5.800000000000001,6.0,6.2,6.4,6.6000000000000005,6.800000000000001,7.0,7.2,7.4,7.6000000000000005,7.800000000000001,8.0,8.200000000000001,8.4,8.6,8.8,9.0,9.200000000000001,9.4,9.600000000000001,9.8,10.0,10.200000000000001],"gtau":[0.0052685193752936305,0.0047871800802019825,0.004421421152336832,0.004111287183529984,0.0038410670118664376,0.0036032333250738133,0.003392923013747615,0.00320649550089551,0.0030410308828394523,0.0028941051800419506,0.0027636700512726656,0.0026479769328754724,0.002545525461416605,0.002455026936545566,0.0023753730000873456,0.0023056089347984134,0.0022449184797888213,0.002192605847313642,0.002148081916694074,0.0021108536735644865,0.0020805148495709243,0.0020567384031465567,0.0020392707351396945,0.0020279271360376426,0.0020225884178178724,0.0020231988366372273,0.0020297650115329176,0.0020423559874070576,0.002061104495603281,0.002086209248622565,0.0021179384429546016,0.002156634661791355,0.0022027209609992793,0.0022567091880011476,0.0023192092749138877,0.0023909417861683537,0.002472753000318734,0.0025656344488379883,0.002670750247942505,0.002789480176618042,0.0029235218009655583,0.0030751987238912524,0.003248622442632753,0.003454519040964057,0.0037312725020384537,0.004239375767576002,0.005697634560524338,0.011469170165135725,0.038083169025278765,0.17379597699053898,0.9947314806247064],"bd1":[1,1,1,1,1,2,2,4,4,8,8,16,16,32,32,64,64,128,128,150,150,150,150,150,150,150,150,150,150,150,150,150,150,150,150,150,150,150,150,150,150,150,150,150,150,150,150,150,150,150,150,150,150,150,150,150,150,150,150,150,150,150,150,150,150,150,150,150,150,150,150,150,150,150,150,150,150,150,150,150,150,150,150,150,150,150,150,150,150,150,150,150,150,150,150,150,150,150,150,150,150,150,150,150,150,150,150,150,150,150,150,150,150,150,150,150,150,150,150,150,150,150,150,150,150,150,150,150,150,150,150,150,150,150,150,150,150,150,150,150,150,150,150,150,150,150,150,150,150,150,150,150,150,150,150,150,150,150,150,150,150,150,150,150,150,150,150,150,150,150,150,150,150,150,150,150,150,150,150,150,150,150,150,150,150,150,150,150,150,150,150,150,128,128,64,64,32,32,16,16,8,8,4,4,2,2,1,1],"nn":[0.9947314806247063,0.9904995937808656,0.9897118715388152,0.9895533684661937,0.9895183004163975,0.9895088903165097,0.9895052782631061,0.9895032217819067,0.9895017375337496,0.9895005587035661,0.9894995879254931,0.9894987775222985,0.9894980969776586,0.9894975227781606,0.9894970367358024,0.9894966251214098,0.9894962774850324,0.9894959850524967,0.9894957403580344,0.989495538130588,0.9894953742862848,0.9894952449366552,0.9894951471921485,0.9894950790539049,0.9894950389834702,0.9894950261005252,0.9894950400976209,0.9894950812696286,0.9894951505583386,0.9894952493500286,0.9894953797684548,0.9894955444822612,0.9894957471927989,0.9894959921987624,0.9894962852811596,0.9894966336711083,0.98949704621834,0.9894975339023057,0.9894981099406561,0.9894987916482083,0.9894996021403353,0.9895005730016262,0.9895017514078649,0.9895032352659432,0.9895052913307163,0.9895089025835647,0.9895183170922611,0.9895533985487756,0.9897119113346791,0.9904996317548052]}