{"bd2":[1,1,2,4,8,13,20,20,20,20,20,20,20,20,20,20,20,20,20,20,20,20,20,20,20,20,20,20,20,20,20,20,20,20,20,20,20,20,20,20,20,20,20,20,20,20,20,20,20,20,20,20,20,20,20,20,20,20,20,20,20,20,20,20,20,20,20,20,20,20,20,20,20,20,20,20,20,13,8,4,2,1,1,1],"taus":[0.025,0.05,0.07500000000000001,0.1,0.125,0.15000000000000002,0.17500000000000002,0.2,0.225,0.25,0.275,0.30000000000000004,0.325,0.35000000000000003,0.375,0.4,0.42500000000000004,0.45,0.47500000000000003,0.5,0.525,0.55,0.5750000000000001,0.6000000000000001,0.625,0.65,0.675,0.7000000000000001,0.7250000000000001,0.75,0.775,0.8,0.8250000000000001,0.8500000000000001,0.875,0.9,0.925,0.9500000000000001,0.9750000000000001,1.0,1.0250000000000001],"gtau":[0.1016754071161467,0.10064729329567712,0.10023836371015629,0.10034978133904267,0.10091871040510979,0.10190559976127987,0.10328704941178943,0.10505146420589846,0.10719634099830357,0.10972661437988943,0.11265351240953878,0.11599402798062607,0.11977059913835393,0.1240110474958149,0.12874872463404702,0.13402280380414971,0.13987875532250924,0.1463689686767126,0.15355355031139545,0.1615013121519268,0.1702909789720015,0.18001265864455906,0.1907696211106866,0.202680463059977,0.215881739921684,0.2305311934690778,0.2468117198935455,0.26493629663461143,0.2851541357398246,0.30775845661513024,0.33309639286101317,0.3615817973189613,0.3937119343452266,0.43008977028404827,0.4714539999877228,0.5187204752662689,0.5730407976353413,0.6358869593968762,0.7091784026298137,0.7954790579825575,0.8983245928838532],"bd1":[2,4,2,4,4,8,8,16,16,20,20,20,20,20,20,20,20,20,20,20,20,20,20,20,20,20,20,20,20,20,20,20,20,20,20,20,20,20,20,20,20,20,20,20,20,20,20,20,20,20,20,20,20,20,20,20,20,20,20,20,20,20,20,20,20,20,20,20,20,20,20,20,20,20,20,20,16,16,8,8,4,4,2,1],"nn":[0.8983245928838532,0.8953441721417437,0.8926706823860815,0.8902703538120211,0.8881146197321884,0.8861791301844292,0.8844430112086703,0.882888295238535,0.881499474892441,0.8802631480288351,0.8791677324447531,0.8782032343795275,0.877361059469995,0.8766338582607969,0.8760153992200108,0.8755004656503943,0.8750847713359723,0.8747648942404855,0.874538223475551,0.8744029202824382,0.8743578915620992,0.874402772977331,0.874537924907734,0.8747644368245279,0.8750841447647077,0.8754996576886612,0.8760143981970138,0.8766326541752194,0.8773596472848973,0.8782016164364247,0.8791659225258559,0.8802611750330475,0.8814973873506712,0.8828861653551234,0.8844409377264623,0.8861772382763379,0.8881130537934244,0.8902692558885534,0.8926701421210185,0.8953441209739048]}