{"bd2":[2,4,4,4,4,8,8,8,16,32,32,32,46,64,64,64,62,80,80,80,70,92,92,92,70,92,92,92,70,96,96,96,76,108,108,108,82,116,116,116,82,116,116,116,82,116,116,116,84,116,116,116,84,116,116,116,88,116,116,116,88,116,116,116,88,116,116,116,88,116,116,116,88,116,116,116,88,116,116,116,88,116,116,116,88,116,116,116,88,116,116,116,88,116,116,116,88,116,116,116,88,116,116,116,88,116,116,116,88,116,116,116,84,116,116,116,84,116,116,116,82,116,116,116,82,116,116,116,81,105,105,105,74,96,96,96,70,92,92,92,70,92,92,92,70,80,80,80,62,64,64,64,46,32,32,32,16,8,8,8,4,4,4,4,2,1,1,1],"taus":[0.025,0.05,0.07500000000000001,0.1,0.125,0.15000000000000002,0.17500000000000002,0.2,0.225,0.25,0.275,0.30000000000000004,0.325,0.35000000000000003,0.375,0.4,0.42500000000000004,0.45,0.47500000000000003,0.5,0.525,0.55,0.5750000000000001,0.6000000000000001,0.625,0.65,0.675,0.7000000000000001,0.7250000000000001,0.75,0.775,0.8,0.8250000000000001,0.8500000000000001,0.875,0.9,0.925,0.9500000000000001,0.9750000000000001,1.0,1.0250000000000001],"gtau":[0.4049395127328463,0.40188875277969677,0.3993414862141321,0.39724954459327433,0.3955783174177546,0.39430244452680563,0.3934031336784321,0.39286642188249593,0.3926820106305339,0.3928424641540296,0.39334264515984374,0.394179310758112,0.39535081936050326,0.3968569165005435,0.3986985782846576,0.40087789771354954,0.4033980043530358,0.4062630101717431,0.4094779768436721,0.41304890172587994,0.41698272029277755,0.42128732399463775,0.4259715938153089,0.43104544992123606,0.4365199187727848,0.44240722047075914,0.448720879764742,0.45547586588283945,0.46268876811736737,0.4703780170498181,0.47856416506681004,0.48727024521168544,0.4965222359688956,0.5063496718477757,0.5167864591894851,0.5278719872556773,0.5396526759477236,0.5521841876160412,0.5655346836611536,0.5797897898747373,0.5950604872671537],"nn2":[0.5850084493435971,0.570423830720414,0.5655747900936264,0.5610818924231953,0.5569244890003628,0.5530855225824304,0.5495504469098289,0.5463066083401681,0.543342869161983,0.5406493645799472,0.5382173401634692,0.5360390357997925,0.5341076010271761,0.5324170297221298,0.530962116162155,0.529738410676823,0.5287421933356009,0.5279704519548858,0.5274208589012399,0.5270917607224441,0.5269821710106372,0.5270917610607808,0.527420857692702,0.5279704502199265,0.5287421913769801,0.5297384079874755,0.5309621137328902,0.5324170283149822,0.534107600238633,0.53603903649852,0.5382173418596685,0.5406493667083471,0.5433428718038437,0.546306611418123,0.5495504500387833,0.5530855255605263,0.5569244915549904,0.5610818941615671,0.5655747901823174,0.5704238277948651],"bd1":[1,1,1,1,1,2,2,4,4,8,8,16,16,32,32,63,62,114,99,172,145,238,172,270,211,300,227,300,261,300,268,300,291,300,294,300,300,300,300,300,300,300,300,300,300,300,300,300,300,300,300,300,300,300,300,300,300,300,300,300,300,300,300,300,300,300,300,300,300,300,300,300,300,300,300,300,300,300,300,300,300,300,300,300,300,300,300,300,300,300,300,300,300,300,300,300,300,300,300,300,300,300,300,300,300,300,300,300,300,300,300,300,300,300,300,300,300,300,300,300,300,300,300,300,300,300,300,300,300,300,300,300,300,300,300,300,300,300,291,300,263,300,250,300,212,300,195,258,163,234,137,164,94,116,62,63,32,32,16,16,8,8,4,4,2,2,1,1],"nn":[0.595060553738476,0.589812740431163,0.5849222946109515,0.5803740367393455,0.576153943451749,0.5722491216510978,0.5686477354072209,0.5653389462719465,0.5623128554143506,0.55956046141569,0.5570736168103905,0.5548449905673304,0.5528680386502677,0.5511369773374952,0.5496467551636536,0.5483930364619186,0.5473721816483417,0.5465812301989781,0.5460178924114889,0.5456805395356276,0.5455681968821515,0.5456805402052353,0.5460178937588134,0.5465812325134682,0.5473721846836677,0.548393039609639,0.5496467573729326,0.5511369777178959,0.552868037793444,0.5548449882484997,0.5570736143247721,0.5595604593983993,0.5623128539007747,0.5653389471804002,0.5686477404763952,0.572249132260905,0.5761539694216293,0.5803740805473333,0.584922354484486,0.5898128081798402]}