{"bd2":[2,4,4,4,4,8,8,8,16,32,32,32,54,80,80,80,84,112,112,112,96,116,116,116,96,124,124,124,104,124,124,124,104,132,132,132,104,132,132,132,106,132,132,132,106,132,132,132,106,132,132,132,104,124,124,124,104,124,124,124,96,116,116,116,96,112,112,112,84,84,84,84,54,32,32,32,16,8,8,8,4,4,4,4,2,1,1,1],"taus":[0.05,0.1,0.15000000000000002,0.2,0.25,0.30000000000000004,0.35000000000000003,0.4,0.45,0.5,0.55,0.6000000000000001,0.65,0.7000000000000001,0.75,0.8,0.8500000000000001,0.9,0.9500000000000001,1.0,1.05],"gtau":[0.001699708649192216,0.0016387080901223555,0.001609186966672917,0.0015926496716043511,0.0015836680367000238,0.0015814054875855092,0.0015881426826410167,0.0016103397687805999,0.0016621870432019293,0.0017734961966650704,0.00200639334141081,0.002490413002750443,0.0034965581975469453,0.005594779362136428,0.009992798835989218,0.019278353417781485,0.03909256216400575,0.08208614617304907,0.1780662328301786,0.4040133421084606,0.9983002913508078],"nn2":[0.4044374576042808,0.1777709489622813,0.17014674839090502,0.16706656223618346,0.16562284117808718,0.16487541814060566,0.1644618086145036,0.16422427977620935,0.16408858596488535,0.1640183381211666,0.1639965717864624,0.1640183121514469,0.16408853342336363,0.16422417021847052,0.16446162257060723,0.16487524181708804,0.16562264260193366,0.1670666020140536,0.17014706108921565,0.1777708698753729],"bd1":[1,1,1,1,1,2,2,4,4,8,8,16,16,32,32,64,64,128,128,200,200,200,200,200,200,200,200,200,200,200,200,200,200,200,200,200,200,200,200,200,200,200,200,200,200,200,200,200,200,200,200,200,200,200,200,200,200,200,200,200,200,200,200,200,200,200,200,200,200,200,200,200,128,128,64,64,32,32,16,16,8,8,4,4,2,2,1,1],"nn":[0.9983007491035879,0.9973781829181901,0.9969661341320948,0.9967765914976553,0.9966879213000286,0.9966459827539816,0.9966260140376978,0.9966164873847301,0.996611981829726,0.9966100042160027,0.9966094522768834,0.9966100078818818,0.996611966951405,0.9966164484532016,0.9966259778827479,0.9966459477970144,0.9966878855255266,0.9967765753520509,0.9969661373658347,0.9973782265840622]}