{"bd2":[2,4,4,4,4,8,8,8,16,30,30,30,56,56,56,56,94,68,68,68,106,68,68,68,106,70,70,70,112,78,78,78,120,82,82,82,126,84,84,84,126,84,84,84,126,84,84,84,122,82,82,82,112,78,78,78,106,68,68,68,106,68,68,68,104,66,66,66,94,56,56,56,56,30,30,30,16,8,8,8,4,2,2,2,2,1,1,1],"taus":[0.05,0.1,0.15000000000000002,0.2,0.25,0.30000000000000004,0.35000000000000003,0.4,0.45,0.5,0.55,0.6000000000000001,0.65,0.7000000000000001,0.75,0.8,0.8500000000000001,0.9,0.9500000000000001,1.0,1.05],"gtau":[0.0016997092508468214,0.001638706806771298,0.0016091857301495996,0.0015926541263786577,0.0015836729325598353,0.0015814095427735028,0.0015881461187073045,0.0016103431154031631,0.0016621901012828957,0.0017734992384550443,0.002006396690392727,0.0024904172210711796,0.00349656357331265,0.005594787710036091,0.009992813709768808,0.0192783830696029,0.039092620654787066,0.0820862191067455,0.17806632556513483,0.40401343247678234,0.9983002907491532],"bd1":[1,1,1,1,1,2,2,4,4,8,8,16,16,32,32,64,64,128,128,256,256,300,300,300,300,300,300,300,300,300,300,300,300,300,300,300,300,300,300,300,300,300,300,300,300,300,300,300,300,300,300,300,300,300,300,300,300,300,300,300,300,300,300,300,300,300,300,300,300,300,256,256,128,128,64,64,32,32,16,16,8,8,4,4,2,2,1,1],"nn":[0.9983002907491532,0.9973775662762964,0.9969655799712452,0.9967760554409454,0.9966873747322734,0.9966454314466278,0.996625455302066,0.9966159189650919,0.9966114169984737,0.9966094343259568,0.9966088756517555,0.9966094343298576,0.9966114170049849,0.9966159189744405,0.9966254553135029,0.9966454314585047,0.9966873747424455,0.9967760554501188,0.9969655799828658,0.9973775662875725]}