{"bd2":[2,4,4,8,16,32,64,116,140,140,140,140,140,140,140,140,140,140,140,140,140,140,140,140,138,140,138,140,138,140,138,140,138,140,138,140,138,140,138,140,138,140,138,140,138,140,138,140,138,140,138,140,138,140,138,140,138,140,138,140,138,140,138,140,138,140,138,140,138,140,138,140,138,140,140,140,140,140,140,140,140,140,140,140,140,140,140,140,140,140,140,140,140,140,140,116,64,32,16,8,4,4,2,1],"taus":[0.1,0.2,0.30000000000000004,0.4,0.5,0.6000000000000001,0.7000000000000001,0.8,0.9,1.0,1.1,1.2000000000000002,1.3,1.4000000000000001,1.5,1.6,1.7000000000000002,1.8,1.9000000000000001,2.0,2.1,2.2,2.3000000000000003,2.4000000000000004,2.5,2.6,2.7,2.8000000000000003,2.9000000000000004,3.0,3.1,3.2,3.3000000000000003,3.4000000000000004,3.5,3.6,3.7,3.8000000000000003,3.9000000000000004,4.0,4.1000000000000005,4.2,4.3,4.4,4.5,4.6000000000000005,4.7,4.800000000000001,4.9,5.0,5.1000000000000005],"gtau":[0.03974680926538409,0.03638409170903906,0.03411868451180422,0.03236136697575578,0.0308994590241658,0.029636029053853884,0.028519704396932185,0.027520121884901157,0.02661775404073724,0.02579916557479978,0.025054599904099042,0.024376673920977015,0.023759638038837537,0.023198901035032273,0.022690757448212924,0.02223219947609497,0.021820810615077037,0.021454707009862798,0.021132509597377436,0.020853344936891838,0.02061687319164158,0.020423378931387633,0.02027385065686993,0.020170131933865392,0.020115147935574347,0.020113193729939624,0.020170338529239447,0.020294979064971592,0.02049859576186076,0.020796789555264334,0.021210702028936445,0.021768971239434637,0.022510435606076844,0.02348788926947645,0.02477332643485996,0.02646530788301048,0.028699381665223445,0.03166295620661633,0.03561671767047634,0.040925850119975904,0.04810615336515507,0.05789334176542405,0.07134934908551355,0.09002968361137238,0.1162558406829359,0.15357847136226152,0.20761145085410435,0.2876563955744778,0.41023607899689385,0.6081296376487758,0.9602531907346159],"nn2":[0.6172367068211143,0.4150246971182709,0.4003439581452434,0.3932757614952163,0.38930332877043283,0.3868741214968108,0.38530706589526503,0.3842572869258322,0.3835333084963745,0.3830219518843956,0.3826532701805581,0.3823825281762149,0.38218032122847717,0.3820268586519217,0.3819091538148723,0.38181791805514487,0.38174640371402435,0.3816900934094981,0.38164581081533366,0.38161117121647015,0.38158402417029785,0.3815635388841774,0.3815486930375271,0.38153859871347756,0.38153283142211425,0.3815311980276537,0.3815336048509841,0.3815401116141697,0.3815509392583558,0.3815665051937129,0.38158745046836723,0.381614691563096,0.38164947435185215,0.3816935537884855,0.38174927012694126,0.3818198880104484,0.3819100195759674,0.3820265452329579,0.3821782555003054,0.3823786615821769,0.3826474800952624,0.3830142449477864,0.38352373336168694,0.38424599005087473,0.3852943315772702,0.38686026655107647,0.38928871088143896,0.3932600819317074,0.4003225526951355,0.4149639449450683],"bd1":[1,1,1,2,2,4,4,8,8,16,16,32,32,64,64,128,128,140,140,140,140,140,140,140,140,140,140,140,140,140,140,140,140,140,140,140,140,140,140,140,140,140,140,140,140,140,140,140,140,140,140,140,140,140,140,140,140,140,140,140,140,140,140,140,140,140,140,140,140,140,140,140,140,140,140,140,140,140,140,140,140,140,140,140,140,140,140,140,128,128,64,64,32,32,16,16,8,8,4,4,2,2,1,1],"nn":[0.9602516290376893,0.9486427220065708,0.9409279095506904,0.9356881099218997,0.9320709982013788,0.9295398904647941,0.9277476266028726,0.9264650774354881,0.9255375512863735,0.9248603667033309,0.9243608577994726,0.9239891916185846,0.9237099824110961,0.9234984662025332,0.9233369248623484,0.923212467902085,0.9231169064464886,0.9230425388107987,0.9229837565876083,0.9229379595992641,0.9229026001514958,0.9228758210734894,0.922856286987136,0.9228431195545155,0.9228352862624436,0.9228327332153438,0.922835281263829,0.9228430424431654,0.9228562574490864,0.9228757233637426,0.9229024330668675,0.9229376631076729,0.9229815066395504,0.9230398078314477,0.9231151248199363,0.9232119764945951,0.9233367574994387,0.9234987183715473,0.9237106413843225,0.9239902003163284,0.9243621390231853,0.9248615813254498,0.9255390156861579,0.9264666343681534,0.9277493546845114,0.9295413280320127,0.9320722100228319,0.9356888579978674,0.940928319837069,0.9486432742511202]}