{"bd2":[1,1,2,4,8,16,31,36,60,43,60,43,60,43,60,36,31,16,8,4,2,1,1,1],"taus":[0.1,0.2,0.30000000000000004,0.4,0.5,0.6000000000000001,0.7000000000000001,0.8,0.9,1.0,1.1],"gtau":[0.44701589249057233,0.43060768309687153,0.4210363720659097,0.4171246690200305,0.4184718644118433,0.4250296282189286,0.43698651331533983,0.45475571001720416,0.47903750782321647,0.5110156369945335,0.5529841075094277],"bd1":[2,4,2,4,4,8,8,16,16,32,32,60,60,60,32,32,16,16,8,8,4,4,2,1],"nn":[0.5529841075094278,0.5338080542662111,0.5197356608373861,0.5101155617299433,0.5045109163114744,0.5026701012040868,0.504510916311695,0.5101155617302283,0.5197356608374908,0.5338080542666144]}