{"bd2":[2,4,4,4,4,8,8,8,16,32,32,32,50,50,50,50,50,50,50,50,50,50,50,50,50,50,50,50,50,50,50,50,50,50,50,50,50,50,50,50,50,50,50,50,50,50,50,50,50,50,50,50,50,50,50,50,50,50,50,50,50,50,50,50,50,50,50,50,50,50,50,50,50,50,50,50,50,50,50,50,50,50,50,50,50,50,50,50,50,50,50,50,50,50,50,50,50,50,50,50,50,50,50,50,50,50,50,50,50,50,50,50,50,50,50,50,50,50,50,50,50,50,50,50,50,50,50,50,50,50,50,50,50,50,50,50,50,50,50,50,50,50,50,50,50,50,50,50,50,50,50,50,50,50,50,50,50,50,50,50,50,50,50,50,50,50,50,50,50,50,50,50,50,50,50,50,50,50,50,50,50,50,50,50,50,50,50,50,50,50,50,50,50,50,50,50,50,50,50,50,50,50,50,50,50,50,50,50,50,50,50,50,50,50,50,50,50,50,50,50,50,50,50,50,50,50,50,50,50,50,50,50,50,50,50,50,50,50,50,50,50,50,50,50,50,50,50,50,50,50,50,50,50,50,50,50,50,50,50,50,50,50,50,50,50,50,50,50,50,50,50,50,50,50,50,50,50,50,50,50,50,50,50,50,50,50,50,50,50,50,50,50,50,50,50,50,50,50,50,50,50,50,50,50,50,50,50,50,50,50,50,50,50,50,50,50,50,50,50,50,50,50,50,50,50,50,50,50,50,50,50,50,50,50,50,50,50,50,50,50,50,50,50,50,50,50,50,50,50,50,50,50,50,50,50,50,50,50,50,50,50,50,50,50,50,50,50,50,50,50,50,50,50,50,50,50,50,50,50,50,50,50,50,50,50,50,50,50,50,50,50,50,50,32,32,32,16,8,8,8,4,2,2,2,2,1,1,1],"taus":[0.1,0.2,0.30000000000000004,0.4,0.5,0.6000000000000001,0.7000000000000001,0.8,0.9,1.0,1.1,1.2000000000000002,1.3,1.4000000000000001,1.5,1.6,1.7000000000000002,1.8,1.9000000000000001,2.0,2.1,2.2,2.3000000000000003,2.4000000000000004,2.5,2.6,2.7,2.8000000000000003,2.9000000000000004,3.0,3.1,3.2,3.3000000000000003,3.4000000000000004,3.5,3.6,3.7,3.8000000000000003,3.9000000000000004,4.0,4.1000000000000005,4.2,4.3,4.4,4.5,4.6000000000000005,4.7,4.800000000000001,4.9,5.0,5.1000000000000005,5.2,5.300000000000001,5.4,5.5,5.6000000000000005,5.7,5.800000000000001,5.9,6.0,6.1000000000000005,6.2,6.300000000000001,6.4,6.5,6.6000000000000005,6.7,6.800000000000001,6.9,7.0,7.1000000000000005,7.2,7.300000000000001,7.4,7.5,7.6000000000000005,7.7,7.800000000000001,7.9,8.0,8.1,8.200000000000001,8.3,8.4,8.5,8.6,8.700000000000001,8.8,8.9,9.0,9.1,9.200000000000001,9.3,9.4,9.5,9.600000000000001,9.700000000000001,9.8,9.9,10.0,10.100000000000001],"gtau":[0.3725084059001214,0.3423557202255526,0.3164145137041931,0.2934782434080417,0.2729303973627919,0.2543836806586113,0.23756260280899447,0.22225520715739305,0.2082903297313671,0.19552530363962425,0.18383823381566824,0.17312362979896614,0.1632890310138978,0.15425278946099918,0.14594226347445927,0.13829244568745103,0.13124512765769483,0.124748054564213,0.11875421308888767,0.11322093056749523,0.1081099340230248,0.1033863137760261,0.0990185632131762,0.09497802009608505,0.0912387777644618,0.08777729856300848,0.08457213197578937,0.08160399035694599,0.07885505758718384,0.0763091796945609,0.07395185126236778,0.07176972152778323,0.06975069330517975,0.06788374835922133,0.06615878748935308,0.06456688290880384,0.06310007376189175,0.0617505156438858,0.06051152446726418,0.05937700571725939,0.058341472750225595,0.057400079013398664,0.05654833591375704,0.055782364949817836,0.055098756158591715,0.054494637798701645,0.05396726155930859,0.053514749758120574,0.05313534926978449,0.05282753265137499,0.05259066264827587,0.05242409847281012,0.0523277765915761,0.05230205906243972,0.052347860334523245,0.052466190683605925,0.052659111160383826,0.05292879095200597,0.053278266974689896,0.053710825258438,0.054231029480734466,0.05484377477625047,0.05555502195963205,0.05637181146484205,0.05730264522623138,0.05835495019844301,0.059540307421275245,0.06087112917564432,0.06236012615869524,0.06402367341945807,0.06588000359825767,0.06794963040303136,0.07025589931839263,0.07282580551530314,0.07568962122704297,0.07888237674915145,0.08244376239659541,0.08641908360667047,0.0908599900405075,0.09582564098789181,0.10138338951998058,0.10761033342939805,0.11459460531503489,0.12243713813835341,0.13125313712584613,0.141175228702503,0.15235536723093257,0.16496807358936186,0.17921478538502567,0.19532796850232093,0.21357698775325046,0.23427457221987835,0.2577868713718237,0.2845440649675409,0.3150571266822995,0.34994144549629136,0.3899533891719599,0.43605261891528435,0.489521993463858,0.5522403865610785,0.6274915940998786],"bd1":[1,1,1,1,1,2,2,4,4,8,8,16,16,32,32,50,50,50,50,50,50,50,50,50,50,50,50,50,50,50,50,50,50,50,50,50,50,50,50,50,50,50,50,50,50,50,50,50,50,50,50,50,50,50,50,50,50,50,50,50,50,50,50,50,50,50,50,50,50,50,50,50,50,50,50,50,50,50,50,50,50,50,50,50,50,50,50,50,50,50,50,50,50,50,50,50,50,50,50,50,50,50,50,50,50,50,50,50,50,50,50,50,50,50,50,50,50,50,50,50,50,50,50,50,50,50,50,50,50,50,50,50,50,50,50,50,50,50,50,50,50,50,50,50,50,50,50,50,50,50,50,50,50,50,50,50,50,50,50,50,50,50,50,50,50,50,50,50,50,50,50,50,50,50,50,50,50,50,50,50,50,50,50,50,50,50,50,50,50,50,50,50,50,50,50,50,50,50,50,50,50,50,50,50,50,50,50,50,50,50,50,50,50,50,50,50,50,50,50,50,50,50,50,50,50,50,50,50,50,50,50,50,50,50,50,50,50,50,50,50,50,50,50,50,50,50,50,50,50,50,50,50,50,50,50,50,50,50,50,50,50,50,50,50,50,50,50,50,50,50,50,50,50,50,50,50,50,50,50,50,50,50,50,50,50,50,50,50,50,50,50,50,50,50,50,50,50,50,50,50,50,50,50,50,50,50,50,50,50,50,50,50,50,50,50,50,50,50,50,50,50,50,50,50,50,50,50,50,50,50,50,50,50,50,50,50,50,50,50,50,50,50,50,50,50,50,50,50,50,50,50,50,50,50,50,50,50,50,50,50,50,50,50,50,50,50,50,50,50,50,50,50,50,50,50,50,50,50,50,50,50,50,50,50,50,50,50,50,50,50,50,50,50,50,50,50,32,32,16,16,8,8,4,4,2,2,1,1],"nn":[0.6274915940998788,0.58779951512408,0.5554461728497968,0.5289889104509768,0.5072867280205333,0.4894316206934207,0.4746978022805205,0.4625032276933505,0.45237977416448716,0.44394995364609563,0.4369085899779736,0.4310088527257258,0.4260498114392254,0.42186819177464474,0.4183308054859385,0.4153287999929306,0.412772962048406,0.4105900596314254,0.4087197900076946,0.40711236837969694,0.4057266114735414,0.40452833120367054,0.4034891185016892,0.4025853292800282,0.4017972182129077,0.4011082417346386,0.4005044716483822,0.3999741701266267,0.3995074669125826,0.39909604338015897,0.3987328026009304,0.39841172643189193,0.39812768718143976,0.39787617954816734,0.3976534606322626,0.39745629222224593,0.39728130679617135,0.3971262390313998,0.396989169201793,0.39686840562742515,0.3967624765148228,0.39667010066863406,0.396590188273122,0.396521804127775,0.3964641464401149,0.39641655783107516,0.396378492331434,0.3963495125139409,0.3963292813358659,0.3963175806705428,0.3963142489797689,0.3963192484733854,0.3963326204671933,0.3963544860512956,0.3963850661182511,0.3964246995476654,0.39647378993661264,0.39653287184009034,0.39660257973235874,0.3966837190803558,0.3967771604990988,0.3968839718648368,0.39700535391138364,0.3971426552509721,0.39729699362223264,0.3974714231989628,0.39766834059885314,0.39789034688354924,0.3981409585494837,0.3984239662165474,0.39874375542410273,0.39910549666517453,0.39951525302930035,0.3999801268971734,0.4005084440245525,0.4011101672627255,0.4017970661156108,0.4025830899065716,0.40348486215441326,0.4045222193208565,0.40571886958822434,0.40710327351739134,0.40870969206604435,0.4105793818634573,0.4127622433429273,0.41531862606658576,0.41832191190466417,0.4218613776180009,0.42604602366660416,0.4310091083280336,0.43691386408736654,0.443961162800732,0.4523976438240213,0.4625281709037444,0.4747297615347524,0.48946980174083765,0.5073293276171649,0.5290326104575311,0.5554855161191146,0.5878259971481402]}