{"bd2":[1,1,2,4,8,16,32,64,122,140,140,140,140,140,140,140,140,140,140,140,140,140,140,140,140,140,140,140,140,140,140,140,140,140,140,140,140,140,140,140,140,140,140,140,140,140,140,140,140,140,140,140,140,140,140,140,140,140,140,140,140,140,140,140,140,140,140,140,140,140,140,140,140,140,140,140,140,140,140,140,140,140,140,140,140,140,140,140,140,140,140,140,140,139,119,61,32,16,8,4,2,1,1,1],"taus":[0.2,0.4,0.6000000000000001,0.8,1.0,1.2000000000000002,1.4000000000000001,1.6,1.8,2.0,2.2,2.4000000000000004,2.6,2.8000000000000003,3.0,3.2,3.4000000000000004,3.6,3.8000000000000003,4.0,4.2,4.4,4.6000000000000005,4.800000000000001,5.0,5.2,5.4,5.6000000000000005,5.800000000000001,6.0,6.2,6.4,6.6000000000000005,6.800000000000001,7.0,7.2,7.4,7.6000000000000005,7.800000000000001,8.0,8.200000000000001,8.4,8.6,8.8,9.0,9.200000000000001,9.4,9.600000000000001,9.8,10.0,10.200000000000001],"gtau":[0.011334841058503216,0.009613842388593587,0.008833244947878738,0.008208252662517911,0.007667726511405042,0.007191841138097512,0.0067703959058974935,0.006396256039150046,0.0060637608654580495,0.005768190453859825,0.005505527581792132,0.005272322233809967,0.0050655999196446005,0.004882792727323504,0.004721684540455234,0.0045803660871418525,0.004457197540929591,0.004350777291865711,0.004259915725438269,0.004183613381904076,0.004121042850812455,0.004071533952715935,0.00403456188503378,0.004009737987847391,0.003996802966395169,0.003995622420816427,0.004006184465679606,0.004028599652049849,0.004063102865243972,0.0041100575007294625,0.004169961854262709,0.004243458430433285,0.004331346004625765,0.004434596039262614,0.004554375631222078,0.004692083535358231,0.004849414670136824,0.005028498330682616,0.00523222790758252,0.005465115306083448,0.005735587566938848,0.006062285628458652,0.006491517839222406,0.0071459303901411945,0.008360934590946919,0.011069472561825345,0.01789808522056949,0.0363558116431619,0.08865161247059268,0.2485336045114411,0.9886651589414968],"bd1":[2,4,2,4,4,8,8,16,16,32,32,64,64,128,122,140,140,140,140,140,140,140,140,140,140,140,140,140,140,140,140,140,140,140,140,140,140,140,140,140,140,140,140,140,140,140,140,140,140,140,140,140,140,140,140,140,140,140,140,140,140,140,140,140,140,140,140,140,140,140,140,140,140,140,140,140,140,140,140,140,140,140,140,140,140,140,140,140,140,140,126,128,64,64,32,32,16,16,8,8,4,4,2,1],"nn":[0.9886651589414969,0.9811152964738372,0.9787328379158765,0.9779425355538507,0.9776713508500285,0.9775738016712338,0.9775356602924551,0.9775185098559467,0.9775092085957989,0.9775031533327007,0.9774986661330483,0.977495090416195,0.9774921373637765,0.9774896580074142,0.9774875615416452,0.977485785028411,0.977484281190347,0.9774830130567312,0.9774819511476679,0.977481071837438,0.9774803561862035,0.9774797892989724,0.977479359661029,0.977479058623803,0.9774788802952513,0.9774788212521195,0.9774788803027317,0.9774790585598222,0.9774793594217821,0.9774797889845326,0.9774803558585776,0.9774810714685624,0.9774819508219804,0.9774830127177453,0.9774842808588791,0.9774857846902194,0.9774875612707349,0.9774896577620322,0.977492137126592,0.9774950901363293,0.9774986658368902,0.9775031530094289,0.9775092082262623,0.9775185094671417,0.9775356599224083,0.9775738013605614,0.9776713506506677,0.9779425355114937,0.978732837892469,0.9811152962456443]}