{"bd2":[2,4,4,4,4,8,8,8,16,32,32,32,50,32,32,32,16,8,8,8,4,2,2,2,2,1,1,1],"taus":[0.2,0.4,0.6000000000000001,0.8,1.0,1.2000000000000002],"gtau":[0.0008316635480729022,0.0008187804367743074,0.0009153919376956625,0.0027179534793964856,0.03795921606817481,0.9991683364519272],"bd1":[1,1,1,1,1,2,2,4,4,8,6,12,12,24,18,36,18,24,12,12,6,8,4,4,2,2,1,1],"nn":[0.9991683364519272,0.9983811328940917,0.9983411014742091,0.9983411014742088,0.998381132894091]}