{"bd2":[2,4,4,8,16,32,40,40,38,40,38,40,38,40,38,40,40,32,16,8,4,4,2,1],"taus":[0.1,0.2,0.30000000000000004,0.4,0.5,0.6000000000000001,0.7000000000000001,0.8,0.9,1.0,1.1],"gtau":[0.3445699788581104,0.3451660754210186,0.35149216325561533,0.36317602343164995,0.3804292986615412,0.40378326712155593,0.4340425579482204,0.47232443855656997,0.5201828353338581,0.579910990090794,0.6554300211418895],"nn2":[0.5974007566253494,0.5324211874535483,0.5194537038015524,0.5110456126649124,0.5062576564630901,0.5046994560182806,0.506257654394513,0.511045606512232,0.5194536920186135,0.5324211741942572],"bd1":[1,1,1,2,2,4,4,8,8,16,16,32,32,32,16,16,8,8,4,4,2,2,1,1],"nn":[0.6554300211418751,0.6369691762488006,0.6234983491465547,0.6143295959243739,0.6090037247212827,0.6072570954535649,0.6090037223571371,0.6143295888460293,0.6234983355651533,0.6369691609816481]}