{"bd2":[2,4,4,4,4,8,8,8,16,32,32,32,50,50,50,50,50,50,50,50,50,50,50,50,50,50,50,50,50,50,50,50,50,32,32,32,16,8,8,8,4,4,4,4,2,1,1,1],"taus":[0.1,0.2,0.30000000000000004,0.4,0.5,0.6000000000000001,0.7000000000000001,0.8,0.9,1.0,1.1],"gtau":[0.4053476062292078,0.3960031857542697,0.3930658153708755,0.39565184193063546,0.4035869143602785,0.4170419897708964,0.4364434975992003,0.4624834334944042,0.49620879787028616,0.5392675085042209,0.5946523937707922],"nn2":[0.5577265377411889,0.5097331595747883,0.49568980695522047,0.486522949144444,0.4812834903411818,0.47957710323058206,0.4812833665035853,0.48652236477747013,0.4956894300059562,0.5097317377562364],"bd1":[1,1,1,1,1,2,2,4,4,8,8,16,16,32,32,50,50,50,50,50,50,50,50,50,50,50,50,50,50,50,50,50,50,50,50,50,32,32,16,16,8,8,4,4,2,2,1,1],"nn":[0.5946669662112039,0.575771914757792,0.5619262810518694,0.5524781283117919,0.5469825559821372,0.5451783151389089,0.5469789628062405,0.5524755444959922,0.5619257082383503,0.5757724924215085]}