{"bd2":[2,4,4,4,4,8,8,8,16,26,26,26,46,42,42,42,66,50,50,50,78,56,56,56,86,58,58,58,88,58,58,58,88,58,58,58,90,62,62,62,94,62,62,62,98,62,62,62,98,64,64,64,100,64,64,64,100,64,64,64,102,64,64,64,102,64,64,64,102,66,66,66,102,66,66,66,102,66,66,66,102,66,66,66,102,66,66,66,102,66,66,66,100,64,64,64,100,64,64,64,100,64,64,64,100,64,64,64,100,64,64,64,100,64,64,64,92,62,62,62,90,58,58,58,90,58,58,58,88,58,58,58,88,58,58,58,86,58,58,58,76,52,52,52,70,46,46,46,66,42,42,42,46,26,26,26,16,8,8,8,4,2,2,2,2,1,1,1],"taus":[0.025,0.05,0.07500000000000001,0.1,0.125,0.15000000000000002,0.17500000000000002,0.2,0.225,0.25,0.275,0.30000000000000004,0.325,0.35000000000000003,0.375,0.4,0.42500000000000004,0.45,0.47500000000000003,0.5,0.525,0.55,0.5750000000000001,0.6000000000000001,0.625,0.65,0.675,0.7000000000000001,0.7250000000000001,0.75,0.775,0.8,0.8250000000000001,0.8500000000000001,0.875,0.9,0.925,0.9500000000000001,0.9750000000000001,1.0,1.0250000000000001],"gtau":[0.0017796012838972636,0.0017365732697503797,0.001708236049161407,0.0016883998141812386,0.0016738695793357778,0.001662897008209193,0.0016544990351905577,0.0016481358116927052,0.0016435539577022561,0.0016407144636471991,0.0016397701572125152,0.001641078739616054,0.00164524745787973,0.0016532134190620593,0.0016663688998072256,0.0016867483006216548,0.0017173017815212328,0.0017622932936115438,0.0018278773848874768,0.0019229354025425485,0.0020602875790526783,0.0022584520233341317,0.0025442013394904577,0.0029562853339333795,0.0035508643718825425,0.004409461743296318,0.00565064346543752,0.007447246664872293,0.01005192871268183,0.013835312805309615,0.019343429232403963,0.027385174147495424,0.039167369832036,0.056507219508784734,0.08217464361658859,0.1204614917020997,0.17816750735576234,0.26640111127718197,0.40410015635105906,0.6255402063464826,0.9982203987161027],"bd1":[1,1,1,1,1,2,2,4,4,8,8,16,16,32,32,64,64,128,128,256,253,400,400,400,400,400,400,400,400,400,400,400,400,400,400,400,400,400,400,400,400,400,400,400,400,400,400,400,400,400,400,400,400,400,400,400,400,400,400,400,400,400,400,400,400,400,400,400,400,400,400,400,400,400,400,400,400,400,400,400,400,400,400,400,400,400,400,400,400,400,400,400,400,400,400,400,400,400,400,400,400,400,400,400,400,400,400,400,400,400,400,400,400,400,400,400,400,400,400,400,400,400,400,400,400,400,400,400,400,400,400,400,400,400,400,400,400,400,400,400,400,400,400,400,400,400,400,400,400,400,256,256,128,128,64,64,32,32,16,16,8,8,4,4,2,2,1,1],"nn":[0.9982203987161028,0.9976358712113383,0.9972506703765128,0.9969935746017633,0.9968204445499074,0.9967030978380168,0.9966231701937415,0.9965685220153858,0.996531044549196,0.9965052794910145,0.9964875311070676,0.9964752858778793,0.9964668285181119,0.9964609856550143,0.9964569535655621,0.996454181849389,0.9964522948512228,0.9964510383753683,0.996450244156141,0.996449806282146,0.9964496665403277,0.9964498063798229,0.9964502443484919,0.9964510386504166,0.9964522951863914,0.9964541822767178,0.9964569540846359,0.9964609862866546,0.9964668292066097,0.9964752865817296,0.9964875318415702,0.9965052802541929,0.9965310453397134,0.996568522820294,0.9966231709886543,0.9967030986064755,0.9968204452849108,0.9969935752842226,0.9972506709710611,0.9976358716193756]}