{"bd2":[2,4,4,4,4,8,8,8,16,32,32,32,64,98,98,98,176,162,162,162,272,192,192,192,300,214,214,214,300,244,244,244,300,254,254,254,300,286,286,286,300,290,290,290,300,300,300,300,300,300,300,300,300,300,300,300,300,300,300,300,300,300,300,300,300,300,300,300,300,300,300,300,300,300,300,300,300,300,300,300,300,300,300,300,300,300,300,300,300,300,300,300,300,300,300,300,300,300,300,300,300,300,300,300,300,300,300,300,300,300,300,300,300,300,300,300,300,300,300,300,300,300,300,300,300,300,300,300,300,300,300,300,300,300,300,300,300,300,300,300,300,300,300,300,300,300,300,300,300,300,300,300,300,300,300,300,300,298,298,298,300,296,296,296,300,286,286,286,300,268,268,268,300,258,258,258,300,228,228,228,300,194,194,194,266,158,158,158,170,98,98,98,64,32,32,32,16,8,8,8,4,2,2,2,2,1,1,1],"taus":[0.1,0.2,0.30000000000000004,0.4,0.5,0.6000000000000001,0.7000000000000001,0.8,0.9,1.0,1.1,1.2000000000000002,1.3,1.4000000000000001,1.5,1.6,1.7000000000000002,1.8,1.9000000000000001,2.0,2.1,2.2,2.3000000000000003,2.4000000000000004,2.5,2.6,2.7,2.8000000000000003,2.9000000000000004,3.0,3.1,3.2,3.3000000000000003,3.4000000000000004,3.5,3.6,3.7,3.8000000000000003,3.9000000000000004,4.0,4.1000000000000005,4.2,4.3,4.4,4.5,4.6000000000000005,4.7,4.800000000000001,4.9,5.0,5.1000000000000005],"gtau":[0.37087974830134446,0.341202129231303,0.31579084764781523,0.2934335779545966,0.27351409436823787,0.25564589455974085,0.23955482626026245,0.22503117223598076,0.21190666336499675,0.20004207159253917,0.18931987900400685,0.17963962670176473,0.17091479157411932,0.16307059393483367,0.15604240596895,0.14977456776716286,0.14421949564008343,0.1393370094561297,0.13509382977080334,0.13146321736526967,0.1284247324193562,0.12596410307953101,0.12407319498401165,0.12275007900949503,0.12199919751898475,0.12183163214944139,0.12226547887926527,0.12332633882485294,0.12504793613159895,0.12747287741212873,0.13065357094574676,0.13465332815964115,0.13954767500647716,0.14542590873562974,0.15239294334929965,0.1605714976442788,0.17010469844002082,0.18115919234611255,0.19392888975054431,0.208639514882929,0.22555420771528753,0.24498054264345145,0.2672795261949306,0.292877485867596,0.3222824172778441,0.3561076690678116,0.39510871184863283,0.4402456786494426,0.49280360789113986,0.5546663770525624,0.6291202516986556],"bd1":[1,1,1,1,1,2,2,4,4,8,8,16,16,32,32,64,64,128,114,224,177,300,234,300,291,300,300,300,300,300,300,300,300,300,300,300,300,300,300,300,300,300,300,300,300,300,300,300,300,300,300,300,300,300,300,300,300,300,300,300,300,300,300,300,300,300,300,300,300,300,300,300,300,300,300,300,300,300,300,300,300,300,300,300,300,300,300,300,300,300,300,300,300,300,300,300,300,300,300,300,300,300,300,300,300,300,300,300,300,300,300,300,300,300,300,300,300,300,300,300,300,300,300,300,300,300,300,300,300,300,300,300,300,300,300,300,300,300,300,300,300,300,300,300,300,300,300,300,300,300,300,300,300,300,300,300,300,300,300,300,300,300,300,300,300,300,300,300,300,300,300,300,300,300,300,300,300,300,300,300,300,300,300,300,300,300,300,300,272,300,194,239,122,128,64,64,32,32,16,16,8,8,4,4,2,2,1,1],"nn":[0.6291202516986555,0.5904852046660848,0.5590244536853557,0.5333244265514285,0.5122684707126965,0.4949688494107971,0.4807167701302526,0.4689444467175123,0.45919580473287847,0.451103632115802,0.44437163905151605,0.4387603059831061,0.4340756818887885,0.4301604922996434,0.4268870667708061,0.42415170477047703,0.4218701826041938,0.4199741694494208,0.41840836974217727,0.4171282494840453,0.4160982344415632,0.41529029195371886,0.41468282879957313,0.41425985234849244,0.4140103555123373,0.41392789676113717,0.41401035566223665,0.4142598526348609,0.4146828292011883,0.41529029244425625,0.4160982349480193,0.41712825001268244,0.4184083702667416,0.41997417000850007,0.42187018315013497,0.424151705212797,0.4268870671572734,0.4301604926860764,0.43407568229285703,0.4387603063221076,0.4443716393080362,0.4511036323477341,0.4591958047924524,0.4689444465433766,0.480716769798345,0.49496884900223204,0.5122684703009204,0.5333244262078821,0.5590244534790667,0.5904852046307554]}