{"bd2":[2,4,4,4,4,8,8,8,16,32,32,32,50,50,50,50,50,50,50,50,50,50,50,50,50,50,50,50,50,50,50,50,50,50,50,50,50,50,50,50,50,50,50,50,50,50,50,50,50,50,50,50,50,50,50,50,50,50,50,50,50,50,50,50,50,50,50,50,50,50,50,50,50,50,50,50,50,50,50,50,50,50,50,50,50,50,50,50,50,50,50,50,50,32,32,32,16,8,8,8,4,2,2,2,2,1,1,1],"taus":[0.2,0.4,0.6000000000000001,0.8,1.0,1.2000000000000002,1.4000000000000001,1.6,1.8,2.0,2.2,2.4000000000000004,2.6,2.8000000000000003,3.0,3.2,3.4000000000000004,3.6,3.8000000000000003,4.0,4.2,4.4,4.6000000000000005,4.800000000000001,5.0,5.2],"gtau":[0.3768948159990522,0.32243405718435597,0.2804278937536721,0.24650771807296576,0.21873313821253468,0.19590112366775203,0.1771655205912385,0.1619017891294085,0.14964328312308095,0.14004802664269522,0.132882218406251,0.12800913414254086,0.1253877125566049,0.12507703051877594,0.12724741437328785,0.13219913996756893,0.14039059054531844,0.15247876930505072,0.16937630596072087,0.19233212277131104,0.22304785466351873,0.26384922593563964,0.3179612925103995,0.39000437276990024,0.4871222574929755,0.6231051840009478],"bd1":[1,1,1,1,1,2,2,4,4,8,8,16,16,32,32,50,50,50,50,50,50,50,50,50,50,50,50,50,50,50,50,50,50,50,50,50,50,50,50,50,50,50,50,50,50,50,50,50,50,50,50,50,50,50,50,50,50,50,50,50,50,50,50,50,50,50,50,50,50,50,50,50,50,50,50,50,50,50,50,50,50,50,50,50,50,50,50,50,50,50,50,50,50,50,50,50,32,32,16,16,8,8,4,4,2,2,1,1],"nn":[0.6231051840009476,0.5528935737565245,0.5060177252444243,0.4743603456373507,0.45275014052594137,0.43785131499855096,0.4274932389690492,0.4202531117362558,0.41519407862019636,0.4116987633393618,0.40936370393882726,0.4079319659716309,0.4072518276260167,0.4072529016154492,0.40793514718419166,0.4093688409267488,0.4117055208765475,0.4152019035501692,0.4202613576235375,0.42750092717422516,0.43785712620807504,0.45275277081431564,0.47435918001153293,0.5060129645355304,0.5528878227479285]}