{"bd2":[2,4,4,8,16,32,40,40,38,40,40,40,40,40,40,40,40,40,40,40,40,40,40,40,40,40,40,40,40,40,40,40,40,40,40,40,40,40,40,40,40,40,40,40,40,40,40,40,40,40,40,40,40,40,40,40,40,40,40,40,40,40,40,40,40,40,40,40,40,40,40,40,40,40,40,40,40,40,40,40,40,40,40,40,40,40,40,40,40,40,40,40,40,40,40,40,40,40,40,40,40,40,40,40,40,40,40,40,40,40,40,40,40,40,40,40,40,40,40,40,40,40,40,40,40,40,40,40,40,40,40,40,40,40,40,40,40,40,40,40,40,40,40,40,40,40,40,40,40,40,40,40,40,40,40,40,40,40,40,40,40,40,40,40,40,40,40,40,40,40,40,40,40,40,40,40,40,40,40,40,40,40,40,40,40,40,40,40,40,40,40,40,40,40,40,40,40,40,40,40,40,40,40,40,40,40,40,40,40,40,40,40,40,40,40,40,40,40,40,40,40,40,40,40,40,40,40,40,40,40,40,40,40,40,40,40,40,40,40,40,40,40,40,40,40,40,40,40,40,40,40,40,40,40,40,40,40,40,40,40,40,40,40,40,40,40,40,40,40,40,40,40,40,40,40,40,40,40,40,40,40,40,40,40,40,40,40,40,40,40,40,40,40,40,40,40,40,40,40,40,40,40,40,40,40,40,40,40,40,40,40,40,40,40,40,40,40,40,40,40,40,40,40,40,40,40,40,40,40,40,40,40,40,40,40,40,40,40,40,40,40,40,40,40,40,40,40,40,40,40,40,40,40,40,40,40,40,40,40,40,40,40,40,40,40,40,40,40,40,40,40,40,40,40,40,40,40,40,40,40,40,40,38,40,38,40,38,40,38,40,38,40,38,40,38,40,40,32,16,8,4,4,2,1],"taus":[0.05,0.1,0.15000000000000002,0.2,0.25,0.30000000000000004,0.35000000000000003,0.4,0.45,0.5,0.55,0.6000000000000001,0.65,0.7000000000000001,0.75,0.8,0.8500000000000001,0.9,0.9500000000000001,1.0,1.05,1.1,1.1500000000000001,1.2000000000000002,1.25,1.3,1.35,1.4000000000000001,1.4500000000000002,1.5,1.55,1.6,1.6500000000000001,1.7000000000000002,1.75,1.8,1.85,1.9000000000000001,1.9500000000000002,2.0,2.0500000000000003,2.1,2.15,2.2,2.25,2.3000000000000003,2.35,2.4000000000000004,2.45,2.5,2.5500000000000003,2.6,2.6500000000000004,2.7,2.75,2.8000000000000003,2.85,2.9000000000000004,2.95,3.0,3.0500000000000003,3.1,3.1500000000000004,3.2,3.25,3.3000000000000003,3.35,3.4000000000000004,3.45,3.5,3.5500000000000003,3.6,3.6500000000000004,3.7,3.75,3.8000000000000003,3.85,3.9000000000000004,3.95,4.0,4.05,4.1000000000000005,4.15,4.2,4.25,4.3,4.3500000000000005,4.4,4.45,4.5,4.55,4.6000000000000005,4.65,4.7,4.75,4.800000000000001,4.8500000000000005,4.9,4.95,5.0,5.050000000000001,5.1000000000000005,5.15,5.2,5.25,5.300000000000001,5.3500000000000005,5.4,5.45,5.5,5.550000000000001,5.6000000000000005,5.65,5.7,5.75,5.800000000000001,5.8500000000000005,5.9,5.95,6.0,6.050000000000001,6.1000000000000005,6.15,6.2,6.25,6.300000000000001,6.3500000000000005,6.4,6.45,6.5,6.550000000000001,6.6000000000000005,6.65,6.7,6.75,6.800000000000001,6.8500000000000005,6.9,6.95,7.0,7.050000000000001,7.1000000000000005,7.15,7.2,7.25,7.300000000000001,7.3500000000000005,7.4,7.45,7.5,7.550000000000001,7.6000000000000005,7.65,7.7,7.75,7.800000000000001,7.8500000000000005,7.9,7.95,8.0,8.05,8.1,8.15,8.200000000000001,8.25,8.3,8.35,8.4,8.450000000000001,8.5,8.55,8.6,8.65,8.700000000000001,8.75,8.8,8.85,8.9,8.950000000000001,9.0,9.05,9.1,9.15,9.200000000000001,9.25,9.3,9.35,9.4,9.450000000000001,9.5,9.55,9.600000000000001,9.65,9.700000000000001,9.75,9.8,9.850000000000001,9.9,9.950000000000001,10.0,10.05],"gtau":[0.26568736914279684,0.25681926221180973,0.24866542662683952,0.24106650417024844,0.2339250217833911,0.22717575094563974,0.22077195028466148,0.2146782670405367,0.20886677858528946,0.20331465422440467,0.19800268750198216,0.1929202169039074,0.1880503760140244,0.18338127781119393,0.17890205253923583,0.17460252754121663,0.17047329190585495,0.16650570950841342,0.1626917511787255,0.1590239859290695,0.15549549821094416,0.15209982255443977,0.14883089547463496,0.14568301889885413,0.14265082532676052,0.1397292554266118,0.13691352767039833,0.1341991083584172,0.13158169901804834,0.12905722586611965,0.12662183337477917,0.12427186445460266,0.12200384462176761,0.11981446967099009,0.11770059343159057,0.11565922968489269,0.11368753126636369,0.11178273146107595,0.10994225270953281,0.10816369810927366,0.10644474076785627,0.10478312756095172,0.10317671649176603,0.10162348221275934,0.10012147001378437,0.09866882749517634,0.09726378462808782,0.09590465279232106,0.09458981623982093,0.09331775555287578,0.09208701210354882,0.09089623776451973,0.08974289462138517,0.08862665437392779,0.08754637076867597,0.08650089694346423,0.08548914153815027,0.08451004834156144,0.08356260750118413,0.08264584376357864,0.0817588506764052,0.08090073809265937,0.08007065859294074,0.07926781503098368,0.07849143216737443,0.07774078275567167,0.07701515641690289,0.07631389275099613,0.07563635180134544,0.07498190968901508,0.07435001184295012,0.07374010280736998,0.07315165139501949,0.07258415200195291,0.07203711924876055,0.07151013510222215,0.07100276740829797,0.0705146034889498,0.07004525689956596,0.0695943527633544,0.06916158816619726,0.06874662192284896,0.06834916087067859,0.06796890318441205,0.06760561540586234,0.06725904060970431,0.06692894777092198,0.06661511530121639,0.0663173969745048,0.06603560767413026,0.06576959723923687,0.06551921260990046,0.06528438386513578,0.06506499578589123,0.0648609582745449,0.0646721870351073,0.06449867857855335,0.06434038664533422,0.06419728813432357,0.0640693837810257,0.06395672436310766,0.0638593349335608,0.06377728335240565,0.0637106580065363,0.06365956405977868,0.06362413011402189,0.06360450827104788,0.06360087274443328,0.06361342431526447,0.06364239669340278,0.06368802583844649,0.06375061008637202,0.0638304524104768,0.06392787417559696,0.06404328770493514,0.0641770808361525,0.06432968720987879,0.06450160593902002,0.0646933569013898,0.06490549600365951,0.0651386477032338,0.06539346384689519,0.06567066527299144,0.06597100908477607,0.06629533208641776,0.06664451362257869,0.06701951931550933,0.06742136409777039,0.06785116265961354,0.06831008984221788,0.06879942884114597,0.06932053422561443,0.0698748822934249,0.07046403622340022,0.07108969391835566,0.07175365199283551,0.07245787371554915,0.07320443144319155,0.07399556806512829,0.07483368629039808,0.07572136410909108,0.07666136944143678,0.07765667233388075,0.07871046232991549,0.0798261649534521,0.08100745883788905,0.08225829364899123,0.08358291052933918,0.08498587406848426,0.08647208222362746,0.08804680097396078,0.08971569067117188,0.09148483865245094,0.09336078489772467,0.09535056983422192,0.09746176354712979,0.09970251264360708,0.10208157948231504,0.1046083989019754,0.10729312692305334,0.1101468385536489,0.11318117217625598,0.11640890727641887,0.11984371478823626,0.12350032549801244,0.12739462196018345,0.13154373749346687,0.13596614854407757,0.1406817982991599,0.14571219831106694,0.15108057030245617,0.15681199152857214,0.1629335703066977,0.16947457104604954,0.17646664481885208,0.1839440138828684,0.19194371572195404,0.20050584103960348,0.20967385625511528,0.21949476623321185,0.23001960505634272,0.241303757705647,0.2534073889582503,0.2663958884682496,0.2803403877271729,0.29531826759226876,0.31141345108200696,0.3287155398308772,0.3473254154553058,0.3673652878747663,0.38895846047557886,0.41224368551273666,0.43737610072574373,0.4645308414932603,0.49390783388345294,0.5257388960340735,0.560298610665341,0.5979220053049383,0.6390354039940147,0.6842152014418846,0.7343126308572032],