{"bd2":[2,4,4,4,4,8,8,8,16,32,32,32,58,88,88,88,98,128,128,128,112,140,140,140,112,132,132,132,98,88,88,88,58,32,32,32,16,8,8,8,4,4,4,4,2,1,1,1],"taus":[0.1,0.2,0.30000000000000004,0.4,0.5,0.6000000000000001,0.7000000000000001,0.8,0.9,1.0,1.1],"gtau":[0.0014429117964757736,0.001388574937201676,0.001373962239365988,0.0013840676897861647,0.0014614290002499754,0.001806364983962019,0.003291464984482324,0.00976690549006001,0.038807585732501385,0.17768640184265894,0.9985570882035242],"nn2":[0.17793866711432535,0.03799379313452903,0.0334204477635841,0.03239583624926476,0.032080898062173624,0.032004461645434815,0.03208089810776514,0.03239583626586739,0.033420447770997765,0.03799379303073071],"bd1":[1,1,1,1,1,2,2,4,4,8,8,16,16,32,32,64,64,128,128,200,200,200,200,200,200,200,200,200,200,200,200,200,128,128,64,64,32,32,16,16,8,8,4,4,2,2,1,1],"nn":[0.9985570884647668,0.997429498719945,0.9971891316030088,0.997135196528896,0.9971229152871592,0.9971206865003521,0.9971229152626901,0.997135196528342,0.9971891316097464,0.9974294987224703]}