{"bd2":[2,4,4,8,16,20,20,20,20,20,20,20,20,20,20,20,20,20,20,20,20,20,20,20,20,20,20,20,20,20,20,20,20,20,20,20,20,20,20,20,20,20,20,20,20,20,20,20,20,20,20,20,20,20,20,20,20,20,20,20,20,20,20,20,20,20,20,20,20,20,20,20,20,20,20,20,20,20,20,20,20,20,20,20,20,20,20,20,20,20,20,20,20,20,20,20,20,20,20,20,20,20,20,20,20,20,20,20,20,20,20,20,20,20,20,20,20,20,20,20,20,20,20,20,20,20,20,20,20,20,20,20,20,20,20,20,20,20,20,20,20,20,20,20,20,20,20,20,20,20,20,20,20,20,20,20,20,20,20,20,20,20,20,20,20,20,20,20,20,20,20,20,20,20,20,20,20,20,20,20,20,20,20,20,20,20,20,20,20,20,20,20,20,20,20,20,20,20,16,8,4,4,2,1],"taus":[0.1,0.2,0.30000000000000004,0.4,0.5,0.6000000000000001,0.7000000000000001,0.8,0.9,1.0,1.1,1.2000000000000002,1.3,1.4000000000000001,1.5,1.6,1.7000000000000002,1.8,1.9000000000000001,2.0,2.1,2.2,2.3000000000000003,2.4000000000000004,2.5,2.6,2.7,2.8000000000000003,2.9000000000000004,3.0,3.1,3.2,3.3000000000000003,3.4000000000000004,3.5,3.6,3.7,3.8000000000000003,3.9000000000000004,4.0,4.1000000000000005,4.2,4.3,4.4,4.5,4.6000000000000005,4.7,4.800000000000001,4.9,5.0,5.1000000000000005,5.2,5.300000000000001,5.4,5.5,5.6000000000000005,5.7,5.800000000000001,5.9,6.0,6.1000000000000005,6.2,6.300000000000001,6.4,6.5,6.6000000000000005,6.7,6.800000000000001,6.9,7.0,7.1000000000000005,7.2,7.300000000000001,7.4,7.5,7.6000000000000005,7.7,7.800000000000001,7.9,8.0,8.1,8.200000000000001,8.3,8.4,8.5,8.6,8.700000000000001,8.8,8.9,9.0,9.1,9.200000000000001,9.3,9.4,9.5,9.600000000000001,9.700000000000001,9.8,9.9,10.0,10.100000000000001],"gtau":[0.2660398988257336,0.2496007834444125,0.23546490116096302,0.2228594326691781,0.2114311867450682,0.20097716926728826,0.19136192342535283,0.1824855724981144,0.17427022526162672,0.16665370282669362,0.15958580078395926,0.15302549450917455,0.14693506360831207,0.1412735020976649,0.1360025059713298,0.13108782594204255,0.12649896815159198,0.12219772212110058,0.11811524739109762,0.11428276947845732,0.11068468014184231,0.10730372500627362,0.10412427062064473,0.10113207671592374,0.0983141418685753,0.09565861572621208,0.09315469443210814,0.09079254833419136,0.08856309392746045,0.0864578334585982,0.08446927903354519,0.08259065727826607,0.08081570185631218,0.07913867543085981,0.07755433321559832,0.07605798048975616,0.07464527501409167,0.07331232492964139,0.07205562155882438,0.07087202461283856,0.06975875407663695,0.0687133471675789,0.06773365065422919,0.06681781049633258,0.06596505143820937,0.06517494229311854,0.06444552895180725,0.06377595587171384,0.06316568844576033,0.06261456503813924,0.06212283868170836,0.06169108796827913,0.06132024917095421,0.061011641567249905,0.060766943314611986,0.06058827155409395,0.06047821789749929,0.060439866326494715,0.06047689252309563,0.060593585602519706,0.06079472295762313,0.06108515874282407,0.061471957803155626,0.06196293913886464,0.06256695014603118,0.06329402552849693,0.06415562143229818,0.06516478419412551,0.0663364441376709,0.06768764434380428,0.06923791776839834,0.07100963039497514,0.0730284037397827,0.0753236826554905,0.07792926467983564,0.0808840608470673,0.08423286177179011,0.08802728643683445,0.0923269335859579,0.09720062637727128,0.1027279727032378,0.10900111209525949,0.1161267523723955,0.12422857375582233,0.1334502538979993,0.1439587349526962,0.15594757906274656,0.16964047701810664,0.18529328134060916,0.20317346124464927,0.22358705508389165,0.24711549536094576,0.27425253328443316,0.30561846266454196,0.3419428792397261,0.384110226782441,0.433204568221118,0.49058354925720443,0.5580093783361351,0.6379165483842402,0.7339601011742665],"nn2":[0.6724213611074796,0.5876299010275283,0.5608710359041714,0.5400557341968361,0.5234758816148785,0.5101180681121368,0.499274959168382,0.49042024796259914,0.48314858905756036,0.47714638457872904,0.47217043094449124,0.4680349633706087,0.4645984682004355,0.46174568367365465,0.4593781440589776,0.45741738560370093,0.45580375717159355,0.4544439869477868,0.45332433893631047,0.4523947900974008,0.45162333873791377,0.45098342237002265,0.45045315013006104,0.45001446354972535,0.4496523644676434,0.4493540098278024,0.4491081909398781,0.44890794159446024,0.4487462002148249,0.4486136598815982,0.4485050314379957,0.4484169486842576,0.44834601365221805,0.44828922056211934,0.4482438517914124,0.4482077618866577,0.44817904349765847,0.4481560150469185,0.44813706119439617,0.44812042814722175,0.44810385578147155,0.44808242558403766,0.4480514661497419,0.448014050371613,0.4479894959516256,0.4479709524973668,0.44795315050884926,0.44793485393710625,0.4479153360678254,0.44789407475878,0.4478710321924046,0.447846345289373,0.44782027336704594,0.4477932260746597,0.44776580271656347,0.44773887200919105,0.4477137037398267,0.4476922175354706,0.4476800966149837,0.4476879360340621,0.4476826483399726,0.4476741462319734,0.44766941119224585,0.4476711911211258,0.4476818717537187,0.4477037171717234,0.44773905237524125,0.4477903899505531,0.4478605382981662,0.4479526867429247,0.4480704985624225,0.44821820283458796,0.44840070261915327,0.44862370562252857,0.4488938743369149,0.44921901507516804,0.4496083030957556,0.45007256440983506,0.4506245676586816,0.45127954029370243,0.45205561736155225,0.4529746018939738,0.45406267587749416,0.45535165721319476,0.456874263814635,0.45868519414958725,0.46083560649924016,0.4633871408667458,0.46642468849068697,0.47005337117021384,0.4744777308042863,0.4797170770991109,0.48588982969832845,0.49325187759103306,0.5021221683200904,0.5128970614959676,0.526091078512606,0.5423932708820366,0.5627945239977384,0.5889923239614382],"bd1":[1,1,1,2,2,4,4,8,8,16,16,20,20,20,20,20,20,20,20,20,20,20,20,20,20,20,20,20,20,20,20,20,20,20,20,20,20,20,20,20,20,20,20,20,20,20,20,20,20,20,20,20,20,20,20,20,20,20,20,20,20,20,20,20,20,20,20,20,20,20,20,20,20,20,20,20,20,20,20,20,20,20,20,20,20,20,20,20,20,20,20,20,20,20,20,20,20,20,20,20,20,20,20,20,20,20,20,20,20,20,20,20,20,20,20,20,20,20,20,20,20,20,20,20,20,20,20,20,20,20,20,20,20,20,20,20,20,20,20,20,20,20,20,20,20,20,20,20,20,20,20,20,20,20,20,20,20,20,20,20,20,20,20,20,20,20,20,20,20,20,20,20,20,20,20,20,20,20,20,20,20,20,20,20,20,20,20,20,20,20,20,20,20,20,16,16,8,8,4,4,2,2,1,1],