{"bd2":[1,1,2,4,8,15,25,22,35,26,40,30,44,30,45,30,46,32,48,32,50,32,50,33,51,33,51,33,51,33,52,33,52,33,52,34,52,34,52,34,52,34,52,34,51,33,50,32,50,32,50,33,51,33,51,33,51,33,51,33,47,31,46,30,46,30,46,30,44,30,41,28,36,24,33,21,23,13,8,4,2,1,1,1],"taus":[0.025,0.05,0.07500000000000001,0.1,0.125,0.15000000000000002,0.17500000000000002,0.2,0.225,0.25,0.275,0.30000000000000004,0.325,0.35000000000000003,0.375,0.4,0.42500000000000004,0.45,0.47500000000000003,0.5,0.525,0.55,0.5750000000000001,0.6000000000000001,0.625,0.65,0.675,0.7000000000000001,0.7250000000000001,0.75,0.775,0.8,0.8250000000000001,0.8500000000000001,0.875,0.9,0.925,0.9500000000000001,0.9750000000000001,1.0,1.0250000000000001],"gtau":[0.10179272452090124,0.10068679783623273,0.10021474145020193,0.10027479568205028,0.10080154102453208,0.10175348184749373,0.10310571199716194,0.10484540418826059,0.10696897292848506,0.10948063777599858,0.11239131060699284,0.1157173913426041,0.11948097530082477,0.12370958414839468,0.1284362316042169,0.13369993954811368,0.1395460600172852,0.14602692130046868,0.15320229152471068,0.16114078407670016,0.16992086845375393,0.1796323135109907,0.19037794052074952,0.2022757551596604,0.21546154959186517,0.23009209482339804,0.24634908316045356,0.26444403511554454,0.28462446189540513,0.30718168397749457,0.3324609046633255,0.36087416306114145,0.3929175323384779,0.42919504358875643,0.4704481010152872,0.5176010619596381,0.571824449655014,0.6346261560793915,0.7079914527032617,0.7946036210571763,0.8982072754790987],"bd1":[2,4,2,4,4,8,8,16,16,32,32,64,64,80,80,80,80,80,80,80,80,80,80,80,80,80,80,80,80,80,80,80,80,80,80,80,80,80,80,80,80,80,80,80,80,80,80,80,80,80,80,80,80,80,80,80,80,80,80,80,80,80,80,80,80,80,80,80,80,80,80,80,64,64,32,32,16,16,8,8,4,4,2,1],"nn":[0.8982072754790987,0.8952324434456451,0.8925641932458821,0.8901685702982846,0.8880169315463577,0.8860849157883781,0.8843516760425314,0.8827992932067775,0.881412318939439,0.8801774142885289,0.8790830616887423,0.8781193292467941,0.877277680924167,0.8765508207243871,0.8759325651427905,0.8754177394246647,0.8750020939875778,0.8746822369262799,0.8744555821623949,0.8743203095869118,0.8742753378312688,0.8743203082280013,0.8744555795183266,0.8746822331627652,0.8750020894062398,0.8754177345531702,0.8759325602371874,0.8765508158451244,0.8772776756972944,0.8781193231292748,0.8790830544244495,0.8801774059230281,0.881412309831286,0.8827992838154971,0.8843516666417182,0.8860849068446331,0.8880169238170709,0.8901685647604383,0.8925641907635264,0.8952324438870871]}