{"bd2":[2,4,4,8,16,32,64,100,100,100,100,100,100,100,100,100,100,100,100,100,100,100,100,100,100,100,100,100,100,100,100,100,100,100,100,100,100,100,100,100,100,100,100,100,100,100,100,100,100,100,100,100,100,100,100,100,100,100,100,100,100,100,100,100,100,100,100,100,100,100,100,100,100,100,100,100,100,100,100,100,100,100,100,100,100,100,100,100,100,100,100,100,100,100,100,100,100,100,100,100,100,100,100,100,100,100,100,100,100,100,100,100,100,100,100,100,100,100,100,100,100,100,100,100,100,100,100,100,100,100,100,100,100,100,100,100,100,100,100,100,100,100,100,100,100,100,100,100,100,100,100,100,100,100,100,100,100,100,100,100,100,100,100,100,100,100,100,100,100,100,100,100,100,100,100,100,100,100,100,100,100,100,100,100,100,100,100,100,100,100,100,100,100,100,100,100,64,32,16,8,4,4,2,1],"taus":[0.1,0.2,0.30000000000000004,0.4,0.5,0.6000000000000001,0.7000000000000001,0.8,0.9,1.0,1.1,1.2000000000000002,1.3,1.4000000000000001,1.5,1.6,1.7000000000000002,1.8,1.9000000000000001,2.0,2.1,2.2,2.3000000000000003,2.4000000000000004,2.5,2.6,2.7,2.8000000000000003,2.9000000000000004,3.0,3.1,3.2,3.3000000000000003,3.4000000000000004,3.5,3.6,3.7,3.8000000000000003,3.9000000000000004,4.0,4.1000000000000005,4.2,4.3,4.4,4.5,4.6000000000000005,4.7,4.800000000000001,4.9,5.0,5.1000000000000005,5.2,5.300000000000001,5.4,5.5,5.6000000000000005,5.7,5.800000000000001,5.9,6.0,6.1000000000000005,6.2,6.300000000000001,6.4,6.5,6.6000000000000005,6.7,6.800000000000001,6.9,7.0,7.1000000000000005,7.2,7.300000000000001,7.4,7.5,7.6000000000000005,7.7,7.800000000000001,7.9,8.0,8.1,8.200000000000001,8.3,8.4,8.5,8.6,8.700000000000001,8.8,8.9,9.0,9.1,9.200000000000001,9.3,9.4,9.5,9.600000000000001,9.700000000000001,9.8,9.9,10.0,10.100000000000001],"gtau":[0.04057502077580138,0.03707427340094582,0.03463660802148342,0.032702529493577916,0.031064775009121588,0.029626686054585297,0.028336296714351266,0.0271625220991436,0.02608514581472264,0.025090034782462103,0.02416687240957497,0.02330763202680818,0.02250590728286427,0.02175641151944872,0.02105470322110832,0.020396982493853313,0.01977998546597755,0.01920085145674807,0.018657045698828548,0.018146200348697593,0.017666104437108473,0.01721461537147994,0.016790080329456468,0.016390976980742777,0.016015835189433527,0.015663160656338097,0.015331856408843119,0.015020350966718067,0.014727662423852287,0.01445287879070942,0.014195168183547088,0.013953824332975005,0.01372812210536284,0.013517320638913135,0.01332071828424378,0.013137686828187927,0.012967682715337986,0.012810222129860117,0.01266481589173442,0.01253097839903848,0.012408323636356638,0.012296541909970949,0.012195333576671678,0.012104410572837858,0.012023514498307889,0.011952426487046149,0.011890963280983687,0.011838965693636738,0.011796318683424975,0.011762900978513931,0.011738553802076581,0.011723088136145688,0.011716383453342673,0.011718419528440606,0.011729263054527346,0.011749021639554203,0.011777832998430215,0.011815858297323241,0.011863290399430697,0.011920351935279159,0.011987308313935014,0.012064469173723051,0.012152203206972308,0.012250947417363421,0.012361225058728465,0.012483663699748564,0.0126190193750636,0.01276820647465594,0.012932340947287643,0.013112796393672682,0.013311278080552044,0.013529921849082634,0.013771428266409744,0.01403924594505927,0.014337815932518918,0.01467288094125694,0.015051929989493128,0.015484776461971016,0.015984366379602384,0.016567873437402215,0.017258206679586195,0.018086058596260144,0.019092721145801315,0.020334056573276527,0.02188564186038627,0.02385083407284108,0.026371165552289466,0.029641819675084093,0.03393336384332648,0.03962349878366795,0.047243306639326285,0.05754677927442729,0.07161641381454768,0.09102835189304907,0.118120110477442,0.15644153093704155,0.2115629381873895,0.2926406843019674,0.4158047861278865,0.6127878207867051,0.9594249792241987],"nn2":[0.6241716277433708,0.42298380072119574,0.407571124402599,0.40008017129236884,0.3958401805270174,0.3932300789660705,0.39153343401379476,0.3903849766698281,0.38958282184957443,0.3890062415384665,0.388581787619178,0.38826210686830176,0.38801681954842693,0.3878248682137384,0.38767268122126924,0.3875503150480554,0.3874496387461072,0.3873657014741441,0.3872962121166749,0.38723918824253445,0.3871921284256311,0.3871522017160821,0.38711739150274094,0.38708979637370555,0.387074302353794,0.3870611966018005,0.3870523098124092,0.3870404508345537,0.38702817203978146,0.3870166194038593,0.38700698738231243,0.38699923299452305,0.38699265310975817,0.3869863608959336,0.38698076028250794,0.386976573619106,0.3869749257256641,0.38697782233158956,0.3869848694717873,0.3869933177408492,0.38700278363253965,0.38701436271848766,0.38702817310396603,0.3870437548329441,0.38706067598657096,0.3870789725758512,0.3870994123842542,0.3871233279186255,0.38715273871853984,0.3871875243549948,0.38722403819126505,0.38725675809357823,0.38728209745762704,0.3872995221264966,0.3873103173981241,0.3873157486211206,0.38731725967678776,0.3873155177970383,0.38731149438903006,0.3873052962477095,0.3872976028857573,0.387288222675042,0.3872775567597163,0.387265493582629,0.38725236165157995,0.38723860220728173,0.3872247787911376,0.38721130988843133,0.3871984871148193,0.38718657681212126,0.3871758509941081,0.38716649428934174,0.38715848971180516,0.38715186136258406,0.3871472176367262,0.3871445202204787,0.38714482223810365,0.38714839736325857,0.38715542790560936,0.38716624271880007,0.3871852165822986,0.3872143952894917,0.38725516997380455,0.3873082832042958,0.38737580795220394,0.3874603830051398,0.3875651402983654,0.3876972496980622,0.38786656371646955,0.3880871865216864,0.3883781754885185,0.3887706655577677,0.3893105510445769,0.39007002894668374,0.3911643172760646,0.3927841570015927,0.39526681198519464,0.3992565949639329,0.4061640631974886,0.4198685879590241],"bd1":[1,1,1,2,2,4,4,8,8,16,16,32,32,64,64,100,100,100,100,100,100,100,100,100,100,100,100,100,100,100,100,100,100,100,100,100,100,100,100,100,100,100,100,100,100,100,100,100,100,100,100,100,100,100,100,100,100,100,100,100,100,100,100,100,100,100,100,100,100,100,100,100,100,100,100,100,100,100,100,100,100,100,100,100,100,100,100,100,100,100,100,100,100,100,100,100,100,100,100,100,100,100,100,100,100,100,100,100,100,100,100,100,100,100,100,100,100,100,100,100,100,100,100,100,100,100,100,100,100,100,100,100,100,100,100,100,100,100,100,100,100,100,100,100,100,100,100,100,100,100,100,100,100,100,100,100,100,100,100,100,100,100,100,100,100,100,100,100,100,100,100,100,100,100,100,100,100,100,100,100,100,100,100,100,100,100,100,100,100,100,64,64,32,32,16,16,8,8,4,4,2,2,1,1],