{"bd2":[2,4,4,4,4,8,8,8,16,32,32,32,46,64,64,64,62,80,80,80,70,92,92,92,70,92,92,92,70,96,96,96,76,108,108,108,82,116,116,116,82,116,116,116,82,116,116,116,84,116,116,116,84,116,116,116,88,116,116,116,88,116,116,116,88,116,116,116,88,116,116,116,88,116,116,116,88,116,116,116,88,116,116,116,88,116,116,116,88,116,116,116,88,116,116,116,88,116,116,116,88,116,116,116,88,116,116,116,88,116,116,116,84,116,116,116,84,116,116,116,82,116,116,116,82,116,116,116,81,105,105,105,74,96,96,96,70,92,92,92,70,92,92,92,70,80,80,80,62,64,64,64,46,32,32,32,16,8,8,8,4,4,4,4,2,1,1,1],"taus":[0.025,0.05,0.07500000000000001,0.1,0.125,0.15000000000000002,0.17500000000000002,0.2,0.225,0.25,0.275,0.30000000000000004,0.325,0.35000000000000003,0.375,0.4,0.42500000000000004,0.45,0.47500000000000003,0.5,0.525,0.55,0.5750000000000001,0.6000000000000001,0.625,0.65,0.675,0.7000000000000001,0.7250000000000001,0.75,0.775,0.8,0.8250000000000001,0.8500000000000001,0.875,0.9,0.925,0.9500000000000001,0.9750000000000001,1.0,1.0250000000000001],"gtau":[0.0017832484732912901,0.0017402454595360462,0.0017118992934160864,0.0016920168246783195,0.0016774087490212064,0.0016663383782331747,0.0016578335144229496,0.0016513616447419363,0.001646676782594722,0.0016437453040593632,0.0016427228496773006,0.0016439729126332798,0.0016481049664623753,0.001656056493137489,0.00166922204470917,0.00168964170618658,0.0017202711178454996,0.0017653811486429056,0.001831140596928367,0.0019264631669145757,0.0020642028923289215,0.0022629534514921968,0.002549556711984184,0.0029628756988091757,0.003559221066792493,0.0044203404861375365,0.005665111445323376,0.007466797851910007,0.010078653273420174,0.013872095277617352,0.019394218614872887,0.027455240549172588,0.03926358415054924,0.056638191733516634,0.0823497197147806,0.12069028992006134,0.17845488507319116,0.26674017760522006,0.40445902637031944,0.6258304698631322,0.9982167515267087],"nn2":[0.6266536051454428,0.40492276870359695,0.4005762062082383,0.3979739701155579,0.3963348213440734,0.39525862677620177,0.39452740068130937,0.39401627378711634,0.3936500474053437,0.3933813721204695,0.39317990787188034,0.39303037985113026,0.39291628429659425,0.3928296283033502,0.3927630475481946,0.39271183295415457,0.3926741774427046,0.3926457808401982,0.3926247209113855,0.39260986701185846,0.3926019069709298,0.3926022729431352,0.39261176950166776,0.39262982095101573,0.39265586712417,0.3926920901015448,0.39274155593428417,0.39280450592117094,0.3928885530194921,0.392998668563176,0.39314536819604706,0.3933397531548313,0.3936000036398749,0.3939575335775898,0.3944529966274715,0.39516537991473905,0.39621238431346345,0.3978095829352698,0.40034893377719105,0.40459040422522546],"bd1":[1,1,1,1,1,2,2,4,4,8,8,16,16,32,32,64,64,128,128,256,256,300,300,300,300,300,300,300,300,300,300,300,300,300,300,300,300,300,300,300,300,300,300,300,300,300,300,300,300,300,300,300,300,300,300,300,300,300,300,300,300,300,300,300,300,300,300,300,300,300,300,300,300,300,300,300,300,300,300,300,300,300,300,300,300,300,300,300,300,300,300,300,300,300,300,300,300,300,300,300,300,300,300,300,300,300,300,300,300,300,300,300,300,300,300,300,300,300,300,300,300,300,300,300,300,300,300,300,300,300,300,300,300,300,300,300,300,300,300,300,300,300,300,300,300,300,300,300,300,300,256,256,128,128,64,64,32,32,16,16,8,8,4,4,2,2,1,1],"nn":[0.9985238080383602,0.9980446508887616,0.9976454597601918,0.9973844495380783,0.9972061599537978,0.9970877483618357,0.9970080534708752,0.9969529560786523,0.9969167581758501,0.9968906547391718,0.9968736296271714,0.9968630316344037,0.9968540991855113,0.996849845942631,0.996847161900151,0.9968472680611404,0.9968444484965545,0.9968469850421443,0.9968485137527533,0.9968513796896368,0.9968561046387534,0.9968557501834108,0.9968574563817186,0.9968564777055701,0.9968595190921478,0.9968557175119745,0.9968524644689634,0.9968496055773652,0.9968488766193226,0.9968519039058277,0.9968639220900739,0.9968825833624348,0.9969099073893404,0.9969487979516911,0.9970031399144689,0.9970834678447299,0.9972000749473573,0.9973776705686276,0.997648680157358,0.9980611831209945]}