{"bd2":[2,4,4,8,16,20,20,20,20,20,20,20,20,20,20,20,20,20,20,20,20,20,20,20,20,20,20,20,20,20,20,20,20,20,20,20,20,20,20,20,20,20,20,20,20,20,20,20,20,20,20,20,20,20,20,20,20,20,20,20,20,20,20,20,20,20,20,20,20,20,20,20,20,20,20,20,20,20,20,20,20,20,20,20,20,20,20,20,20,20,20,20,20,20,20,20,20,20,16,8,4,4,2,1],"taus":[0.1,0.2,0.30000000000000004,0.4,0.5,0.6000000000000001,0.7000000000000001,0.8,0.9,1.0,1.1,1.2000000000000002,1.3,1.4000000000000001,1.5,1.6,1.7000000000000002,1.8,1.9000000000000001,2.0,2.1,2.2,2.3000000000000003,2.4000000000000004,2.5,2.6,2.7,2.8000000000000003,2.9000000000000004,3.0,3.1,3.2,3.3000000000000003,3.4000000000000004,3.5,3.6,3.7,3.8000000000000003,3.9000000000000004,4.0,4.1000000000000005,4.2,4.3,4.4,4.5,4.6000000000000005,4.7,4.800000000000001,4.9,5.0,5.1000000000000005],"gtau":[0.426816360643383,0.3922145336254407,0.3625041524396982,0.33629608884381706,0.3128877630626051,0.2918398904860983,0.27284010732712605,0.255648994940613,0.2400731130329241,0.22595246734432972,0.21315205743400278,0.2015566976986927,0.19106750443916062,0.1815993241193157,0.17307886978932358,0.1654432660343973,0.158639005511961,0.15262100253393412,0.14735210850651395,0.14280280470859144,0.13895026063980886,0.13577829113401985,0.13327820375383953,0.1314493135029126,0.13029870196236776,0.12984270864957795,0.13010216029368693,0.1310892218998944,0.1328099847952544,0.1352862278527973,0.13855530264648688,0.1426648158017622,0.14767247807532702,0.15364228779821276,0.16063168067564,0.16847053514938976,0.17759538630851385,0.18807780991454615,0.20009150764671638,0.2138049113556769,0.22941494354126174,0.24715123516165663,0.26728167103212025,0.290121200153459,0.3160432999652894,0.34549687092119846,0.37903261913206715,0.4173489309510905,0.4613811481475754,0.5125019271697034,0.573183639356617],"nn2":[0.552366003881102,0.49784408716263356,0.46617949690793303,0.44091313737116544,0.420386064610079,0.40356369448260176,0.38969833863346626,0.37822193251214753,0.3686862717653362,0.3607370090553712,0.354090022586716,0.3485164177073832,0.34383113277123245,0.33988484424823573,0.3365550678851975,0.3337416528156797,0.3313637095738288,0.3293555513385962,0.32766431540786123,0.3262472560576911,0.3250703039764975,0.32410651796609463,0.3233361373284522,0.32274565681251555,0.32232910015916155,0.32208954653572736,0.3220392804532489,0.32219526984954155,0.32257428883763045,0.32319131895727526,0.32406315000036723,0.32521165227696275,0.3266654097913339,0.3284603255286622,0.3306369140533571,0.33325132083861214,0.33628823226149934,0.3397973360894338,0.3438882980860605,0.3486907475160433,0.3543602546030724,0.3610860525968463,0.36909927511940843,0.3786851565924281,0.3901962666176047,0.4040800616370914,0.42089654436852236,0.4413847082658434,0.4665644628301823,0.4980686801210845],"bd1":[1,1,1,2,2,4,4,8,8,16,16,20,20,20,20,20,20,20,20,20,20,20,20,20,20,20,20,20,20,20,20,20,20,20,20,20,20,20,20,20,20,20,20,20,20,20,20,20,20,20,20,20,20,20,20,20,20,20,20,20,20,20,20,20,20,20,20,20,20,20,20,20,20,20,20,20,20,20,20,20,20,20,20,20,20,20,20,20,20,20,20,20,20,20,16,16,8,8,4,4,2,2,1,1],"nn":[0.5735006991394154,0.5344066403779096,0.5022716183385525,0.4759105757187353,0.45420699108558305,0.4362795720402446,0.4214255006148033,0.4090819423691594,0.39879127627653627,0.39018944240042686,0.382981080245374,0.37692485092362016,0.3718247531712404,0.3675216273737843,0.36388512309108073,0.3608284164012917,0.35822453586546144,0.3560240140788301,0.35416825578298083,0.35261366972608443,0.35132221735180785,0.3502648506774466,0.3494202759700866,0.348773949360366,0.34832022876374175,0.3480596211505695,0.3480081597281918,0.34818267191291535,0.34860186889064954,0.3492804663145278,0.3502380045589696,0.3514967360885327,0.3530888954718117,0.3550521053317646,0.3574293370495701,0.3602815137583289,0.3635951122606944,0.36742264218841497,0.3718807277072101,0.37710719380806956,0.38326710631122984,0.39055997974090484,0.3992295507250306,0.40957392498565953,0.4219570410000789,0.4368314865184251,0.4547543363711309,0.4764192666786735,0.5026991387643899,0.5346976556375231]}