{"bd2":[2,4,4,4,4,8,8,8,16,32,32,32,64,98,98,98,100,100,100,100,100,100,100,100,100,100,100,100,100,100,100,100,100,100,100,100,100,100,100,100,100,100,100,100,100,100,100,100,100,100,100,100,100,100,100,100,100,100,100,100,100,100,100,100,100,100,100,100,100,100,100,100,100,100,100,100,100,100,100,100,100,100,100,100,100,100,100,100,100,100,100,100,100,100,100,100,100,100,100,100,100,100,100,100,100,100,100,100,100,100,100,100,100,100,100,100,100,100,100,100,100,100,100,100,100,100,100,100,100,100,100,100,100,100,100,100,100,100,100,100,100,100,100,100,100,100,100,100,100,100,100,100,100,100,100,100,100,100,100,100,100,100,100,100,100,100,100,100,100,100,100,100,100,100,100,100,100,100,100,100,100,100,100,100,100,100,100,100,100,98,98,98,64,32,32,32,16,8,8,8,4,2,2,2,2,1,1,1],"taus":[0.1,0.2,0.30000000000000004,0.4,0.5,0.6000000000000001,0.7000000000000001,0.8,0.9,1.0,1.1,1.2000000000000002,1.3,1.4000000000000001,1.5,1.6,1.7000000000000002,1.8,1.9000000000000001,2.0,2.1,2.2,2.3000000000000003,2.4000000000000004,2.5,2.6,2.7,2.8000000000000003,2.9000000000000004,3.0,3.1,3.2,3.3000000000000003,3.4000000000000004,3.5,3.6,3.7,3.8000000000000003,3.9000000000000004,4.0,4.1000000000000005,4.2,4.3,4.4,4.5,4.6000000000000005,4.7,4.800000000000001,4.9,5.0,5.1000000000000005],"gtau":[0.37088703190360844,0.3412120687291901,0.31580203850864164,0.2934452745164026,0.27352582383828206,0.25565733890003667,0.23956578146957586,0.2250415193454241,0.21191633478103755,0.20005104113142883,0.18932814647337384,0.17964723657134762,0.17092179332710913,0.16307707267951557,0.1560484114560667,0.149780173553164,0.1442247680211559,0.1393420260866484,0.1350986283680874,0.13146786332777427,0.12842927631973602,0.12596847034364064,0.12407742705462511,0.12275419891838452,0.1220032183418516,0.12183556214094515,0.1222693255516886,0.12333011279448235,0.1250516543974814,0.12747656635919294,0.13065728123764495,0.13465712215805667,0.13955167867499385,0.1454301777407881,0.1523975221706115,0.16057645640570878,0.1701101119659903,0.18116512013068034,0.19393537616747217,0.20864659857044623,0.2255618720780359,0.2449887247213397,0.26728810821323756,0.29288625766042803,0.32229106618834513,0.35611572876382835,0.3951155248936727,0.44025033964650123,0.4928049656485453,0.5546632514517911,0.6291129680963916],"bd1":[1,1,1,1,1,2,2,4,4,8,8,16,16,32,32,64,64,100,100,100,100,100,100,100,100,100,100,100,100,100,100,100,100,100,100,100,100,100,100,100,100,100,100,100,100,100,100,100,100,100,100,100,100,100,100,100,100,100,100,100,100,100,100,100,100,100,100,100,100,100,100,100,100,100,100,100,100,100,100,100,100,100,100,100,100,100,100,100,100,100,100,100,100,100,100,100,100,100,100,100,100,100,100,100,100,100,100,100,100,100,100,100,100,100,100,100,100,100,100,100,100,100,100,100,100,100,100,100,100,100,100,100,100,100,100,100,100,100,100,100,100,100,100,100,100,100,100,100,100,100,100,100,100,100,100,100,100,100,100,100,100,100,100,100,100,100,100,100,100,100,100,100,100,100,100,100,100,100,100,100,100,100,100,100,100,100,100,100,100,100,100,100,100,100,64,64,32,32,16,16,8,8,4,4,2,2,1,1],"nn":[0.6291129680963916,0.5904789938340147,0.5590184528230376,0.5333181149089619,0.5122615673122966,0.4949612369156634,0.4807084359663688,0.468935439034937,0.4591862045661014,0.4510935323627311,0.4443611356836309,0.43874949373621297,0.43406464552079055,0.4301493028533771,0.4268757802903158,0.42414036392701737,0.42185881587838486,0.4199627892500462,0.4183969927834141,0.41711687294583044,0.41608683750812087,0.41527888428767573,0.41467141797804097,0.4142484434958926,0.4139989517245379,0.4139164998293003,0.4139989668862594,0.41424847351649663,0.41467146187127946,0.4152789396039344,0.416086876169615,0.41711687742711706,0.4183970010197978,0.41996280663346286,0.42185884093730114,0.4241404089726705,0.42687585187939103,0.43014939708890615,0.43406475736780314,0.4387496171556138,0.4443612623252602,0.4510936535231987,0.45918631469808124,0.46893553187229936,0.48070850573442553,0.4949612787049024,0.5122615758089102,0.5333180900159906,0.5590184041575308,0.5904789433416893]}