{"bd2":[2,4,4,4,4,8,8,8,16,26,26,26,46,42,42,42,66,50,50,50,78,56,56,56,86,58,58,58,88,58,58,58,88,58,58,58,90,62,62,62,94,62,62,62,98,62,62,62,98,64,64,64,100,64,64,64,100,64,64,64,102,64,64,64,102,64,64,64,102,66,66,66,102,66,66,66,102,66,66,66,102,66,66,66,102,66,66,66,102,66,66,66,100,64,64,64,100,64,64,64,100,64,64,64,100,64,64,64,100,64,64,64,100,64,64,64,92,62,62,62,90,58,58,58,90,58,58,58,88,58,58,58,88,58,58,58,86,58,58,58,76,52,52,52,70,46,46,46,66,42,42,42,46,26,26,26,16,8,8,8,4,2,2,2,2,1,1,1],"taus":[0.025,0.05,0.07500000000000001,0.1,0.125,0.15000000000000002,0.17500000000000002,0.2,0.225,0.25,0.275,0.30000000000000004,0.325,0.35000000000000003,0.375,0.4,0.42500000000000004,0.45,0.47500000000000003,0.5,0.525,0.55,0.5750000000000001,0.6000000000000001,0.625,0.65,0.675,0.7000000000000001,0.7250000000000001,0.75,0.775,0.8,0.8250000000000001,0.8500000000000001,0.875,0.9,0.925,0.9500000000000001,0.9750000000000001,1.0,1.0250000000000001],"gtau":[0.0017798572822971897,0.001736832015356017,0.0017084916201327172,0.0016886505398145781,0.0016741155831065857,0.0016631387479155524,0.001654737178379192,0.0016483713961704216,0.001643787998552313,0.00164094803377222,0.0016400044193014898,0.0016413145928602434,0.0016454872196605041,0.0016534570071868216,0.0016666169865371752,0.0016870021536779878,0.0017175628605103647,0.0017625635954707467,0.0018281614838197848,0.0019232360830422806,0.002060611708585036,0.002258809805275805,0.0025446085888909385,0.0029567641426772096,0.0035514483175841556,0.004410199156109633,0.005651605675695735,0.007448536130611895,0.010053697959840778,0.013837779427680682,0.019346910835463645,0.027390138320028113,0.03917449571345647,0.056517491006115105,0.08218947109112562,0.12048281947455057,0.17819786319732125,0.2664433254942518,0.40415551473834455,0.6255995885194336,0.9982201427177028],"bd1":[1,1,1,1,1,2,2,4,4,8,8,16,16,32,32,64,64,128,128,200,200,200,200,200,200,200,200,200,200,200,200,200,200,200,200,200,200,200,200,200,200,200,200,200,200,200,200,200,200,200,200,200,200,200,200,200,200,200,200,200,200,200,200,200,200,200,200,200,200,200,200,200,200,200,200,200,200,200,200,200,200,200,200,200,200,200,200,200,200,200,200,200,200,200,200,200,200,200,200,200,200,200,200,200,200,200,200,200,200,200,200,200,200,200,200,200,200,200,200,200,200,200,200,200,200,200,200,200,200,200,200,200,200,200,200,200,200,200,200,200,200,200,200,200,200,200,200,200,200,200,200,200,128,128,64,64,32,32,16,16,8,8,4,4,2,2,1,1],"nn":[0.998220142717703,0.9976355373937875,0.9972502813688604,0.9969931498080372,0.9968199977932385,0.9967026382959132,0.9966227035121927,0.9965680513877402,0.9965305714291866,0.9965048042560329,0.9964870533930338,0.9964748045953346,0.9964663423202733,0.9964604947526414,0.9964564581220587,0.9964536822337309,0.9964517916491502,0.9964505325862634,0.9964497357257508,0.9964492970506023,0.9964491583003107,0.9964493008158405,0.9964497422258057,0.9964505412827959,0.996451803054604,0.9964536955017282,0.9964564729855118,0.9964605111622078,0.9964663585910095,0.9964748187550468,0.9964870658512266,0.9965048149653808,0.99653058012438,0.9965680579400613,0.996622707950718,0.9967026406078229,0.996819998095977,0.9969931482809079,0.9972502785936186,0.997635534712419]}