{"bd2":[2,4,4,4,4,8,8,8,16,32,32,32,50,50,50,50,50,50,50,50,50,50,50,50,50,50,50,50,50,50,50,50,50,50,50,50,50,50,50,50,50,50,50,50,50,50,50,50,50,50,50,50,50,50,50,50,50,50,50,50,50,50,50,50,50,50,50,50,50,50,50,50,50,50,50,50,50,50,50,50,50,50,50,50,50,50,50,50,50,50,50,50,50,50,50,50,50,50,50,50,50,50,50,50,50,50,50,50,50,50,50,50,50,50,50,50,50,50,50,50,50,50,50,50,50,50,50,50,50,50,50,50,50,50,50,50,50,50,50,50,50,50,50,50,50,50,50,50,50,50,50,50,50,50,50,50,50,50,50,50,50,50,50,50,50,50,50,50,50,50,50,50,50,50,50,50,50,50,50,50,50,50,50,50,50,50,50,50,50,50,50,50,50,32,32,32,16,8,8,8,4,2,2,2,2,1,1,1],"taus":[0.1,0.2,0.30000000000000004,0.4,0.5,0.6000000000000001,0.7000000000000001,0.8,0.9,1.0,1.1,1.2000000000000002,1.3,1.4000000000000001,1.5,1.6,1.7000000000000002,1.8,1.9000000000000001,2.0,2.1,2.2,2.3000000000000003,2.4000000000000004,2.5,2.6,2.7,2.8000000000000003,2.9000000000000004,3.0,3.1,3.2,3.3000000000000003,3.4000000000000004,3.5,3.6,3.7,3.8000000000000003,3.9000000000000004,4.0,4.1000000000000005,4.2,4.3,4.4,4.5,4.6000000000000005,4.7,4.800000000000001,4.9,5.0,5.1000000000000005],"gtau":[0.37090236716357194,0.34124536948647194,0.31585255241266336,0.2935112059054945,0.2736051214943403,0.255747456483211,0.23966453320696646,0.22514687842635486,0.21202632997115625,0.20016385399042588,0.18944206879941336,0.17976059741483733,0.1710331584864141,0.16318505866638086,0.1561518100640953,0.1498779566200974,0.1443160700397672,0.13942612944207045,0.13517499499622748,0.13153610787223335,0.1284893478132363,0.12602032981573663,0.12412130709434653,0.1227904677619385,0.12203225885202605,0.12185782818976351,0.12228534984803778,0.12334045488503273,0.12505665281272815,0.12747685545831677,0.13065322387555595,0.13464915568144709,0.13953969328014748,0.14541437384379097,0.15237811457861447,0.16055365659222998,0.17008416887954864,0.18113637756028564,0.1939040667806917,0.20861307365374204,0.22552672229474446,0.24495267176209465,0.26725211837333673,0.2928514408844612,0.32225877446275314,0.35608764536913035,0.39509344285044523,0.4402358437118748,0.49279824925337773,0.554660616777202,0.6290976328364281],"bd1":[1,1,1,1,1,2,2,4,4,8,8,16,16,32,32,50,50,50,50,50,50,50,50,50,50,50,50,50,50,50,50,50,50,50,50,50,50,50,50,50,50,50,50,50,50,50,50,50,50,50,50,50,50,50,50,50,50,50,50,50,50,50,50,50,50,50,50,50,50,50,50,50,50,50,50,50,50,50,50,50,50,50,50,50,50,50,50,50,50,50,50,50,50,50,50,50,50,50,50,50,50,50,50,50,50,50,50,50,50,50,50,50,50,50,50,50,50,50,50,50,50,50,50,50,50,50,50,50,50,50,50,50,50,50,50,50,50,50,50,50,50,50,50,50,50,50,50,50,50,50,50,50,50,50,50,50,50,50,50,50,50,50,50,50,50,50,50,50,50,50,50,50,50,50,50,50,50,50,50,50,50,50,50,50,50,50,50,50,50,50,50,50,50,50,50,50,32,32,16,16,8,8,4,4,2,2,1,1],"nn":[0.6290976328364281,0.5904366179894142,0.5589570664708785,0.5332435392354317,0.5121780423853427,0.4948717574270835,0.48061512485959895,0.46883976820285855,0.45908918142779753,0.4509958312717156,0.444263186109372,0.43865156937120003,0.43396686563363396,0.4300516996625938,0.42677829086035757,0.42404291701787955,0.421761326719153,0.4198651493969973,0.41829905853626326,0.41701892986753314,0.41598870026008006,0.4151806281199888,0.41457314041798876,0.41415023307815096,0.41390089437964955,0.41381867976899545,0.413901469368628,0.41415139675025353,0.41457489480874044,0.41518295545907147,0.4159915341111843,0.417021886397236,0.41830257250543684,0.41986872201423225,0.4217648906530465,0.4240464035224589,0.4267815970131469,0.4300547444846048,0.43396959071214397,0.4386539008400453,0.4442650565074891,0.45099715280764735,0.4590899091419762,0.4688398720702332,0.48061459813915225,0.49487058959262253,0.5121763555700356,0.5332415730627984,0.5589551594917005,0.5904353401119388]}