{"bd2":[1,1,2,4,8,15,28,28,47,34,53,35,56,41,60,41,60,41,60,42,60,42,60,42,60,41,60,41,57,38,53,34,52,33,47,28,28,15,8,4,2,1,1,1],"taus":[0.05,0.1,0.15000000000000002,0.2,0.25,0.30000000000000004,0.35000000000000003,0.4,0.45,0.5,0.55,0.6000000000000001,0.65,0.7000000000000001,0.75,0.8,0.8500000000000001,0.9,0.9500000000000001,1.0,1.05],"gtau":[0.017481478245492534,0.01681831612135284,0.0172840498856322,0.018445987162782656,0.020244752493164687,0.02275590797521756,0.026137968889100728,0.03062649886678811,0.036545075127786174,0.04433007208280068,0.0545672974400337,0.06804617506120794,0.08584021881809113,0.10942942271566986,0.14090393282411817,0.1833111131210388,0.2413278164045252,0.322702788494938,0.4418612388272688,0.6308003184704201,0.9825185217545075],"bd1":[2,4,2,4,4,8,8,16,16,32,32,60,60,60,60,60,60,60,60,60,60,60,60,60,60,60,60,60,60,60,60,60,60,60,32,32,16,16,8,8,4,4,2,1],"nn":[0.9825185217545075,0.9794811288373213,0.9772847802235824,0.9756710184993344,0.974478829998705,0.9736004875758941,0.9729615030618965,0.9725099560228874,0.9722102011681453,0.9720390438145957,0.9719833972486976,0.9720390325361274,0.9722101798132595,0.9725099183748462,0.9729614558706436,0.9736004277743552,0.9744787660686499,0.9756709580240119,0.9772847332715028,0.979481100551126]}