{"bd2":[1,1,2,4,8,15,28,28,47,34,53,35,56,41,62,41,64,41,64,42,64,42,64,42,64,41,61,41,57,38,53,34,52,33,47,28,28,15,8,4,2,1,1,1],"taus":[0.05,0.1,0.15000000000000002,0.2,0.25,0.30000000000000004,0.35000000000000003,0.4,0.45,0.5,0.55,0.6000000000000001,0.65,0.7000000000000001,0.75,0.8,0.8500000000000001,0.9,0.9500000000000001,1.0,1.05],"gtau":[0.018970671922181877,0.018301380902579257,0.018826656955887706,0.02010323266175122,0.022065443498083225,0.024788824276189038,0.02843496153551973,0.03324363840979815,0.03954397982852178,0.047777535263375845,0.05853381796742356,0.07260310831377934,0.09105453076430688,0.11535631629662217,0.14757203122858353,0.19070032542350135,0.24933324700295817,0.3310666363829504,0.45000581445927895,0.6372209555146997,0.9810293280778182],"bd1":[2,4,2,4,4,8,8,16,16,32,32,64,64,100,100,100,100,100,100,100,100,100,100,100,100,100,100,100,100,100,100,100,64,64,32,32,16,16,8,8,4,4,2,1],"nn":[0.9810293280778182,0.9778898044434791,0.9756028035730437,0.9739113066928987,0.9726540945807878,0.9717227172547718,0.9710418266907936,0.9705586616828535,0.9702368687513525,0.9700527116904943,0.9699927730748303,0.9700527117362345,0.9702368689382656,0.9705586619208141,0.971041826740416,0.9717227169323808,0.972654094143074,0.9739113066767672,0.9756028043235683,0.9778898057988398]}