{"bd2":[2,4,4,8,16,32,40,40,38,40,38,40,38,40,38,40,38,40,38,40,38,40,38,40,38,40,38,40,38,40,38,40,38,40,38,40,40,32,16,8,4,4,2,1],"taus":[0.05,0.1,0.15000000000000002,0.2,0.25,0.30000000000000004,0.35000000000000003,0.4,0.45,0.5,0.55,0.6000000000000001,0.65,0.7000000000000001,0.75,0.8,0.8500000000000001,0.9,0.9500000000000001,1.0,1.05],"gtau":[0.018971232080908913,0.01830137599041119,0.01882663846396477,0.020103312430252176,0.022065571466144105,0.024788948139255373,0.02843504121418214,0.03324373339862182,0.039544123979928396,0.04777767548386542,0.058533961355099993,0.07260326654735551,0.091054757155095,0.11535680136419502,0.14757250107289252,0.19070139422917845,0.24933498392505496,0.3310679439454028,0.4500040768449201,0.637217891191661,0.9810287679190911],"nn2":[0.6396001647117373,0.4510627822895619,0.4307506045910767,0.42226263241204387,0.41811995756890147,0.4158821218891157,0.41459202064894807,0.4138236521988928,0.41337166441141215,0.41313301494748716,0.41305859794021793,0.4131337598015191,0.413372971750375,0.4138251116706618,0.4145931531929613,0.41588258998346284,0.41811875231061324,0.42226091783754577,0.4307533901666116,0.4510561507723776],"bd1":[1,1,1,2,2,4,4,8,8,16,16,32,32,40,40,40,40,40,40,40,40,40,40,40,40,40,40,40,40,40,40,40,32,32,16,16,8,8,4,4,2,2,1,1],"nn":[0.9810304969614063,0.977891332913856,0.9756043011629677,0.9739126890923234,0.9726553469331078,0.9717239516599203,0.9710431261575782,0.9705600027111856,0.970238288408683,0.9700542152911225,0.9699942704196609,0.9700541765426822,0.9702382767053295,0.9705600187133638,0.9710431157518323,0.9717239940452,0.9726553901476668,0.9739127432580904,0.9756043626901432,0.9778914042293367]}