{"bd2":[1,1,2,4,8,16,32,64,120,120,120,120,120,120,120,120,120,120,120,120,120,120,120,120,120,120,120,120,120,120,120,120,120,120,120,120,120,120,120,120,120,120,120,120,120,120,120,120,120,120,120,120,120,120,120,120,120,120,120,120,120,120,120,120,120,120,120,120,120,120,120,120,120,120,120,120,120,120,120,120,120,120,120,120,120,120,120,120,120,120,120,120,120,120,119,61,32,16,8,4,2,1,1,1],"taus":[0.2,0.4,0.6000000000000001,0.8,1.0,1.2000000000000002,1.4000000000000001,1.6,1.8,2.0,2.2,2.4000000000000004,2.6,2.8000000000000003,3.0,3.2,3.4000000000000004,3.6,3.8000000000000003,4.0,4.2,4.4,4.6000000000000005,4.800000000000001,5.0,5.2,5.4,5.6000000000000005,5.800000000000001,6.0,6.2,6.4,6.6000000000000005,6.800000000000001,7.0,7.2,7.4,7.6000000000000005,7.800000000000001,8.0,8.200000000000001,8.4,8.6,8.8,9.0,9.200000000000001,9.4,9.600000000000001,9.8,10.0,10.200000000000001],"gtau":[0.03700440433879773,0.03192495320833796,0.028823644697871607,0.02643097539192593,0.024445070791305125,0.02274607756205477,0.021270654456369924,0.019978723408135758,0.018841892821211813,0.01783856550247461,0.016951578210200026,0.016166910533818073,0.015472908750518996,0.014859770229853046,0.014319203034968822,0.013844159954164555,0.013428645560760002,0.013067563237364188,0.012756597253932602,0.012492114011067909,0.012271082823529724,0.012091018216213672,0.011949928282780622,0.01184627780502866,0.011778961457949837,0.01174728715155106,0.011750970785868863,0.011790142360835353,0.011865371791540878,0.011977713242829716,0.012128787954079743,0.012320919994415433,0.012557365360305179,0.012842698308804456,0.013183474323530035,0.013589375036533445,0.014075226260354925,0.014664591412785926,0.015396264573253582,0.016336105407019703,0.01759892089518724,0.019390348103784864,0.02208400009030861,0.026375634071412232,0.033587254220216876,0.046295249358219936,0.06968796189099286,0.11471717923240993,0.2063136847304134,0.40975951858182225,0.9629955956612023],"bd1":[2,4,2,4,4,8,8,16,16,32,32,64,64,120,120,120,120,120,120,120,120,120,120,120,120,120,120,120,120,120,120,120,120,120,120,120,120,120,120,120,120,120,120,120,120,120,120,120,120,120,120,120,120,120,120,120,120,120,120,120,120,120,120,120,120,120,120,120,120,120,120,120,120,120,120,120,120,120,120,120,120,120,120,120,120,120,120,120,120,120,120,120,64,64,32,32,16,16,8,8,4,4,2,1],"nn":[0.9629955956612022,0.9447822235462311,0.9364409122232259,0.9323946170087718,0.9303424728993953,0.9292574242796132,0.9286583223929399,0.9283115870494335,0.9281003841063017,0.9279646487036871,0.9278726492939331,0.9278071369904378,0.9277584557653381,0.9277210059145938,0.9276914289971412,0.9276676303286231,0.927648253916924,0.9276323893800758,0.9276193968886808,0.9276088123597185,0.9276003079632992,0.927593627336153,0.9275885900604067,0.9275850736163747,0.9275829942944551,0.9275823038054688,0.9275829862851485,0.9275850582363855,0.9275885687392739,0.9275936038051577,0.9276002891713464,0.9276088025255149,0.9276193861784054,0.9276323804902818,0.9276482396064817,0.9276676086148296,0.927691401822426,0.9277209759050524,0.9277584223691492,0.9278071045156064,0.9278726162690125,0.9279646186641198,0.9281003564017742,0.9283115623930605,0.9286583020675085,0.9292574067056658,0.9303424591784055,0.9323946021776536,0.9364408878940124,0.9447821878848943]}