{"bd2":[2,4,4,8,16,32,58,96,100,100,100,100,100,100,100,100,100,100,100,100,100,100,100,100,100,100,100,100,100,100,100,100,100,100,100,100,100,100,100,100,100,100,100,100,100,100,100,100,100,100,100,100,100,100,100,100,100,100,100,100,100,100,100,100,100,100,100,100,100,100,100,100,100,100,100,100,100,100,100,100,100,100,100,100,100,100,100,100,100,100,100,100,100,100,100,100,100,100,100,100,100,100,100,100,100,100,100,100,100,100,100,100,100,100,100,100,100,100,100,100,100,100,100,100,100,100,100,100,100,100,100,100,100,100,100,100,100,100,100,100,100,100,100,100,100,100,100,100,100,100,100,100,100,100,100,100,100,100,100,100,100,100,100,100,100,100,100,100,100,100,100,100,100,100,100,100,100,100,100,100,100,100,100,100,100,100,100,100,100,100,100,100,100,100,100,100,100,100,100,100,100,100,100,100,100,100,100,100,100,100,100,100,100,100,100,100,100,100,100,100,100,100,100,100,100,100,100,100,100,100,100,100,100,100,100,100,100,100,100,100,100,100,100,100,100,100,100,100,100,100,100,100,100,100,100,100,100,100,100,100,100,100,100,100,100,100,100,100,100,100,100,100,100,100,100,100,100,100,100,100,100,100,100,100,100,100,100,100,100,100,100,100,100,100,100,100,100,100,100,100,100,100,100,100,100,100,100,100,100,100,100,100,100,100,100,100,100,100,100,100,100,100,100,100,100,100,100,100,100,100,100,100,100,100,100,100,100,100,100,100,100,100,100,100,100,100,100,100,100,100,100,100,100,100,100,100,100,100,100,100,100,100,100,100,100,100,100,100,100,100,100,100,100,100,100,100,100,100,100,100,100,100,100,100,100,100,100,100,100,100,100,100,100,100,100,100,58,32,16,8,4,4,2,1],"taus":[0.05,0.1,0.15000000000000002,0.2,0.25,0.30000000000000004,0.35000000000000003,0.4,0.45,0.5,0.55,0.6000000000000001,0.65,0.7000000000000001,0.75,0.8,0.8500000000000001,0.9,0.9500000000000001,1.0,1.05,1.1,1.1500000000000001,1.2000000000000002,1.25,1.3,1.35,1.4000000000000001,1.4500000000000002,1.5,1.55,1.6,1.6500000000000001,1.7000000000000002,1.75,1.8,1.85,1.9000000000000001,1.9500000000000002,2.0,2.0500000000000003,2.1,2.15,2.2,2.25,2.3000000000000003,2.35,2.4000000000000004,2.45,2.5,2.5500000000000003,2.6,2.6500000000000004,2.7,2.75,2.8000000000000003,2.85,2.9000000000000004,2.95,3.0,3.0500000000000003,3.1,3.1500000000000004,3.2,3.25,3.3000000000000003,3.35,3.4000000000000004,3.45,3.5,3.5500000000000003,3.6,3.6500000000000004,3.7,3.75,3.8000000000000003,3.85,3.9000000000000004,3.95,4.0,4.05,4.1000000000000005,4.15,4.2,4.25,4.3,4.3500000000000005,4.4,4.45,4.5,4.55,4.6000000000000005,4.65,4.7,4.75,4.800000000000001,4.8500000000000005,4.9,4.95,5.0,5.050000000000001,5.1000000000000005,5.15,5.2,5.25,5.300000000000001,5.3500000000000005,5.4,5.45,5.5,5.550000000000001,5.6000000000000005,5.65,5.7,5.75,5.800000000000001,5.8500000000000005,5.9,5.95,6.0,6.050000000000001,6.1000000000000005,6.15,6.2,6.25,6.300000000000001,6.3500000000000005,6.4,6.45,6.5,6.550000000000001,6.6000000000000005,6.65,6.7,6.75,6.800000000000001,6.8500000000000005,6.9,6.95,7.0,7.050000000000001,7.1000000000000005,7.15,7.2,7.25,7.300000000000001,7.3500000000000005,7.4,7.45,7.5,7.550000000000001,7.6000000000000005,7.65,7.7,7.75,7.800000000000001,7.8500000000000005,7.9,7.95,8.0,8.05,8.1,8.15,8.200000000000001,8.25,8.3,8.35,8.4,8.450000000000001,8.5,8.55,8.6,8.65,8.700000000000001,8.75,8.8,8.85,8.9,8.950000000000001,9.0,9.05,9.1,9.15,9.200000000000001,9.25,9.3,9.35,9.4,9.450000000000001,9.5,9.55,9.600000000000001,9.65,9.700000000000001,9.75,9.8,9.850000000000001,9.9,9.950000000000001,10.0,10.05],"gtau":[0.013472443571336186,0.012235000865554773,0.011566183246136025,0.011118789654543276,0.010776215312415186,0.01049047244143248,0.010239028300860866,0.010010245418464965,0.009797645191421818,0.009597383524575391,0.009407074564664143,0.009225151300502128,0.009050533729338062,0.008882453989175816,0.008720341183436587,0.008563762065718817,0.008412361600521676,0.008265850443385722,0.008123982443377772,0.007986544878332566,0.007853341170628102,0.0077242014893221765,0.0075989700355455795,0.00747749965914388,0.0073596568683548,0.007245313614806006,0.007134351085356369,0.00702665616680229,0.006922121938699713,0.006820640348406796,0.006722113898356129,0.006626456798281715,0.006533590137457715,0.006443421499149489,0.006355865977752204,0.006270852439247061,0.0061883204457343684,0.0061081600928577255,0.006030333557808405,0.005954767425005671,0.005881395193147752,0.005810155450558291,0.00574098995623959,0.005673829823509915,0.00560862838421342,0.005545332414472555,0.0054838905548289345,0.005424253155490918,0.005366372309770981,0.005310201773410098,0.005255696932731297,0.005202814767610304,0.005151513858897458,0.005101754445080018,0.005053498565231624,0.00500671027205506,0.004961355780092542,0.004917403670940745,0.004874824286877796,0.00483358902930768,0.004793668942105344,0.00475503386146746,0.004717649614231896,0.004681481518004979,0.004646501672710876,0.004612686277604579,0.004580012646002416,0.004548458553751055,0.004518002449339232,0.004488623881331771,0.004460303401567026,0.004433022010333392,0.0044067607156567795,0.00438150112519984,0.004357226635565926,0.004333921392017507,0.00431156823701093,0.00429014987301079,0.004269651274424336,0.0042500587425350605,0.004231358827940855,0.004213538400268392,0.004196585036676224,0.004180487177249152,0.004165234179080331,0.004150816151665122,0.004137223853844158,0.004124448624544255,0.004112482332034988,0.004101317349970632,0.004090946525312994,0.00408136326706082,0.004072561546373876,0.004064535936462158,0.004057281622717929,0.004050794384730934,0.004045070517771435,0.004040106791723584,0.004035900425579932,0.0040324493071727035,0.004029752367029105,0.0040278089011204065,0.004026617951423328,0.0040261807121729385,0.004026499159704902,0.0040275750630370845,0.004029410903790889,0.004032010028296317,0.004035376300788803,0.004039513798883503,0.004044426633861963,0.004050118881990046,0.004056594622822307,0.004063857859517616,0.004071912725304216,0.004080763549819446,0.004090414998950902,0.004100872343171106,0.00411214189816829,0.004124229956364329,0.004137143463674965,0.004150890153381412,0.004165478572391732,0.004180918032528412,0.004197218594572972,0.004214391070880825,0.004232446949014014,0.004251398289025712,0.004271257610152651,0.004292037803553878,0.004313752051315869,0.004336414459595773,0.004360040781873914,0.004384649046960931,0.004410255833348069,0.004436886250430524,0.004464547073013257,0.004493267053215598,0.004523060313294948,0.00455395087632789,0.004585962646880856,0.004619120026821113,0.004653449147466584,0.004688977808103667,0.004725735540155851,0.004763754041412895,0.0048030681264964546,0.0048437172620012375,0.0048857463181559944,0.004929201770068795,0.004974138599660599,0.005020621418488854,0.00506871754656173,0.005118499116367243,0.005170054218350058,0.0052234912120622656,0.005278941582343757,0.005336565243149365,0.005396559059968931,0.005459168041686683,0.005524690191607032,0.005593491080182404,0.0056660260168304305,0.0057428993780396734,0.005824847034920484,0.005912815082550713,0.006008016424897184,0.006111998706420603,0.006226735773999622,0.006354776559007041,0.006499390648549575,0.006664762235949793,0.006856298205538953,0.007080970613285356,0.0073477723622853075,0.00766831198243002,0.008057599109413283,0.008535001926916364,0.009125574990739198,0.009861748459004978,0.01078551697898498,0.011951301073976139,0.013429688801139265,0.015312321533288722,0.017718320978564878,0.02080274983023776,0.02476781024385247,0.029877839152439932,0.036479420915337346,0.04502881549754803,0.05612999678846592,0.07058859337469232,0.08949086468278575,0.11432431989533301,0.14717290741253874,0.19105711017181115,0.2505847496118054,0.3333513607875395,0.4534199577152071,0.6417278660477155,0.9865275564286639],