{"bd2":[1,1,2,4,8,16,32,54,97,98,120,120,120,120,120,120,120,120,120,120,120,120,120,120,120,120,120,120,120,120,120,120,120,120,120,120,120,120,120,120,120,120,120,120,120,120,120,120,120,120,120,120,120,120,120,120,120,120,120,120,120,120,120,120,120,120,120,120,120,120,120,120,120,120,120,120,120,120,120,120,120,120,120,120,120,120,120,120,120,120,120,120,120,120,120,120,120,120,120,120,120,120,120,120,120,120,120,120,120,120,120,120,120,120,120,120,120,120,120,120,120,120,120,120,120,120,120,120,120,120,120,120,120,120,120,120,120,120,120,120,120,120,120,120,120,120,120,120,120,120,120,120,120,120,120,120,120,120,120,120,120,120,120,120,120,120,120,120,120,120,120,120,120,120,120,120,120,120,120,120,120,120,120,120,120,120,120,120,120,120,120,117,120,89,92,51,32,16,8,4,2,1,1,1],"taus":[0.1,0.2,0.30000000000000004,0.4,0.5,0.6000000000000001,0.7000000000000001,0.8,0.9,1.0,1.1,1.2000000000000002,1.3,1.4000000000000001,1.5,1.6,1.7000000000000002,1.8,1.9000000000000001,2.0,2.1,2.2,2.3000000000000003,2.4000000000000004,2.5,2.6,2.7,2.8000000000000003,2.9000000000000004,3.0,3.1,3.2,3.3000000000000003,3.4000000000000004,3.5,3.6,3.7,3.8000000000000003,3.9000000000000004,4.0,4.1000000000000005,4.2,4.3,4.4,4.5,4.6000000000000005,4.7,4.800000000000001,4.9,5.0,5.1000000000000005,5.2,5.300000000000001,5.4,5.5,5.6000000000000005,5.7,5.800000000000001,5.9,6.0,6.1000000000000005,6.2,6.300000000000001,6.4,6.5,6.6000000000000005,6.7,6.800000000000001,6.9,7.0,7.1000000000000005,7.2,7.300000000000001,7.4,7.5,7.6000000000000005,7.7,7.800000000000001,7.9,8.0,8.1,8.200000000000001,8.3,8.4,8.5,8.6,8.700000000000001,8.8,8.9,9.0,9.1,9.200000000000001,9.3,9.4,9.5,9.600000000000001,9.700000000000001,9.8,9.9,10.0,10.100000000000001],"gtau":[0.010569159293724774,0.009180036929132718,0.008607151227950947,0.008204780570775932,0.007867454837240847,0.007565782357762376,0.007288805873888626,0.00703144945405143,0.006790887330350414,0.006565292277698756,0.006353327681059,0.006153933716852783,0.005966216607678343,0.00578939804502639,0.005622781962592,0.005465739961423165,0.00531769657805806,0.0051781230681466495,0.005046532103471831,0.00492247260638927,0.004805526321092021,0.004695305164620033,0.00459144880202048,0.004493622348735725,0.004401514331190469,0.004314835351892159,0.004233316499205814,0.004156708095527474,0.004084777936951319,0.004017310258144656,0.003954105947142009,0.0038949791720607327,0.0038397581058756524,0.00378828412221785,0.0037404105729734213,0.003696002370204827,0.0036549352854482794,0.003617095325119689,0.003582378286602016,0.0035506892366018537,0.003521942100428975,0.003496059279103185,0.0034729712948798463,0.003452616466247478,0.003434940780902374,0.003419897441662519,0.003407446892447099,0.003397556369397161,0.0033901999630586922,0.0033853584183248333,0.003383019133581877,0.0033831760189206796,0.003385829551161422,0.003390986703794079,0.003398661012737094,0.003408872627183287,0.003421648386394234,0.0034370219771460604,0.0034550339812556754,0.003475732326809589,0.003499172057542262,0.003525416005615066,0.0035545348087202494,0.0035866074118321156,0.003621721348131202,0.0036599732222652604,0.003701469186725033,0.0037463255084703518,0.0037946692140744046,0.0038466391558638047,0.0039023869951667913,0.003962078942045395,0.004025898280750733,0.004094048137358713,0.004166757200926491,0.004244288593798723,0.004326954431993491,0.004415140162171142,0.004509345790480014,0.004610257716431854,0.00471887172058263,0.004836706461001297,0.0049661733792063885,0.005111221224731256,0.005278458330012671,0.005479108991973829,0.0057324424223346585,0.006071756199394187,0.006554858228838531,0.007282497482360543,0.008430750007848709,0.010308268738259128,0.01345789992951884,0.018838670287021398,0.02815616109240612,0.04447729713411691,0.07342796117532971,0.12574398351388555,0.2237651371718494,0.4248478208660951,0.9894308407062752],"bd1":[2,4,2,4,4,8,8,16,16,32,32,64,64,120,120,120,120,120,120,120,120,120,120,120,120,120,120,120,120,120,120,120,120,120,120,120,120,120,120,120,120,120,120,120,120,120,120,120,120,120,120,120,120,120,120,120,120,120,120,120,120,120,120,120,120,120,120,120,120,120,120,120,120,120,120,120,120,120,120,120,120,120,120,120,120,120,120,120,120,120,120,120,120,120,120,120,120,120,120,120,120,120,120,120,120,120,120,120,120,120,120,120,120,120,120,120,120,120,120,120,120,120,120,120,120,120,120,120,120,120,120,120,120,120,120,120,120,120,120,120,120,120,120,120,120,120,120,120,120,120,120,120,120,120,120,120,120,120,120,120,120,120,120,120,120,120,120,120,120,120,120,120,120,120,120,120,120,120,120,120,120,120,120,120,120,120,120,120,120,120,120,120,64,64,32,32,16,16,8,8,4,4,2,1],"nn":[0.9894308407062752,0.9845508448054572,0.9820302828229309,0.9806809226524983,0.9799463058109995,0.9795420046703386,0.9793174181986339,0.9791914033973822,0.9791198006343635,0.9790784100044427,0.9790539038356931,0.9790389076947658,0.9790293245988989,0.9790228671192143,0.979018253162337,0.9790147566044536,0.9790119636038715,0.9790096349562726,0.9790076296611367,0.9790058626600111,0.9790042810935656,0.9790028507258529,0.9790015482647106,0.9790003569167747,0.9789992639736759,0.9789982592635554,0.9789973344048076,0.9789964825118896,0.9789956977565655,0.9789949751319817,0.9789943096332129,0.9789936960890405,0.9789931312886929,0.9789926122648621,0.9789921363295044,0.978991700949804,0.9789913037292125,0.9789909424809179,0.9789906151926193,0.9789903200713125,0.978990055493761,0.9789898200695798,0.9789896125416075,0.9789894318214569,0.9789892769779144,0.9789891472218628,0.9789890418956517,0.9789889605164049,0.9789889026737554,0.9789888680939464,0.9789888565977511,0.9789888681470449,0.9789889027613217,0.9789889606732111,0.9789890420665233,0.9789891474944616,0.9789892773197678,0.9789894323261777,0.9789896131906219,0.9789898210168831,0.9789900566967217,0.9789903215376327,0.9789906168408017,0.9789909441521321,0.978991305241159,0.9789917020165003,0.9789921366293303,0.9789926115204657,0.9789931293749387,0.9789936931493279,0.9789943061938612,0.9789949722671587,0.9789956955752034,0.978996480671889,0.9789973327011704,0.9789982574687542,0.9789992618795359,0.9790003542771869,0.979001545200707,0.979002847192555,0.9790042771110637,0.9790058582886401,0.9790076250693861,0.9790096303619135,0.9790119589039747,0.9790147521398165,0.9790182487688563,0.9790228630111543,0.9790293196172393,0.9790389025488576,0.9790538983364061,0.9790784041201366,0.9791197926882811,0.9791913935436104,0.9793174048267602,0.9795419922258463,0.9799462989333142,0.9806809204694539,0.9820302813428535,0.9845508325608326]}