{"bd2":[1,1,2,4,8,15,25,22,35,26,40,29,40,30,40,29,40,29,40,29,40,29,40,32,40,32,40,32,40,32,40,32,40,32,40,33,40,33,40,34,40,33,40,33,40,33,40,32,40,32,40,32,40,32,40,32,40,32,40,32,40,29,40,29,40,29,40,29,40,29,40,28,36,24,33,21,23,13,8,4,2,1,1,1],"taus":[0.025,0.05,0.07500000000000001,0.1,0.125,0.15000000000000002,0.17500000000000002,0.2,0.225,0.25,0.275,0.30000000000000004,0.325,0.35000000000000003,0.375,0.4,0.42500000000000004,0.45,0.47500000000000003,0.5,0.525,0.55,0.5750000000000001,0.6000000000000001,0.625,0.65,0.675,0.7000000000000001,0.7250000000000001,0.75,0.775,0.8,0.8250000000000001,0.8500000000000001,0.875,0.9,0.925,0.9500000000000001,0.9750000000000001,1.0,1.0250000000000001],"gtau":[0.018592891046058747,0.018054039852633083,0.01792321932409248,0.018067169645381125,0.018421466825949008,0.018955724223266357,0.01965848288553294,0.020528403145051093,0.021570987828833404,0.02279974082560254,0.024232343668085347,0.02589121496908388,0.027803538303154032,0.030001532504801497,0.032522921012961656,0.03541157335352376,0.03871832137796814,0.04250196664894783,0.04683050039567388,0.0517825781150378,0.05744929214077135,0.06393632813038817,0.07136661573631722,0.07988358841777898,0.08965526251460619,0.10087941504428978,0.11379026140862344,0.1286672226038016,0.14584666395803808,0.16573795756455695,0.1888460009807151,0.21580365171418678,0.2474199363872714,0.2847541133965517,0.32923410850067064,0.3828117464215803,0.4484616528523497,0.5305910816338179,0.6364044071218967,0.7785460064595917,0.9814071089539412],"bd1":[2,4,2,4,4,8,8,16,16,32,32,40,40,40,40,40,40,40,40,40,40,40,40,40,40,40,40,40,40,40,40,40,40,40,40,40,40,40,40,40,40,40,40,40,40,40,40,40,40,40,40,40,40,40,40,40,40,40,40,40,40,40,40,40,40,40,40,40,40,40,40,40,40,40,32,32,16,16,8,8,4,4,2,1],"nn":[0.9814071089539412,0.9797009114514311,0.9782572921386882,0.9770271696399784,0.9759740126820651,0.9750695949582966,0.9742914730309216,0.9736214607284076,0.9730446682954661,0.9725487357608067,0.9721233634696115,0.9717599416396896,0.9714512698430309,0.9711913403777644,0.970975168749863,0.9707986601974471,0.970658504601363,0.9705520942447118,0.9704774607645826,0.9704332285889857,0.9704185830207436,0.9704332517723471,0.9704774991738561,0.9705521328774734,0.9706585233117068,0.9707986364920574,0.9709750812819619,0.971191172804563,0.9714510145189175,0.9717596026237869,0.9721229581168338,0.9725482942982647,0.9730442311636861,0.9736210739700647,0.9742911624319154,0.9750694240745151,0.9759739983415856,0.9770272900339639,0.9782575010407032,0.979701088011929]}