{"bd2":[2,4,4,4,4,8,8,8,16,26,26,26,46,38,38,38,58,38,38,38,58,40,40,40,64,42,42,42,66,42,42,42,66,42,42,42,66,46,46,46,70,46,46,46,70,46,46,46,70,48,48,48,72,48,48,48,72,52,52,52,76,58,58,58,82,58,58,58,82,58,58,58,82,58,58,58,82,58,58,58,82,58,58,58,82,58,58,58,82,58,58,58,82,58,58,58,82,58,58,58,82,58,58,58,82,58,58,58,82,58,58,58,82,58,58,58,82,58,58,58,82,58,58,58,82,58,58,58,82,58,58,58,82,58,58,58,82,58,58,58,82,58,58,58,82,58,58,58,82,58,58,58,82,58,58,58,82,58,58,58,82,58,58,58,82,58,58,58,82,58,58,58,82,58,58,58,82,58,58,58,82,58,58,58,82,58,58,58,82,58,58,58,80,56,56,56,80,56,56,56,80,56,56,56,80,56,56,56,80,56,56,56,80,56,56,56,80,56,56,56,80,56,56,56,80,56,56,56,80,56,56,56,80,56,56,56,80,56,56,56,78,54,54,54,78,54,54,54,74,50,50,50,72,48,48,48,72,48,48,48,72,48,48,48,70,46,46,46,70,46,46,46,68,44,44,44,66,42,42,42,66,44,44,44,66,44,44,44,68,44,44,44,68,44,44,44,66,44,44,44,64,42,42,42,60,40,40,40,56,38,38,38,40,26,26,26,16,8,8,8,4,2,2,2,2,1,1,1],"taus":[0.0125,0.025,0.037500000000000006,0.05,0.0625,0.07500000000000001,0.08750000000000001,0.1,0.1125,0.125,0.1375,0.15000000000000002,0.1625,0.17500000000000002,0.1875,0.2,0.21250000000000002,0.225,0.23750000000000002,0.25,0.2625,0.275,0.28750000000000003,0.30000000000000004,0.3125,0.325,0.3375,0.35000000000000003,0.36250000000000004,0.375,0.3875,0.4,0.41250000000000003,0.42500000000000004,0.4375,0.45,0.4625,0.47500000000000003,0.48750000000000004,0.5,0.5125000000000001,0.525,0.5375,0.55,0.5625,0.5750000000000001,0.5875,0.6000000000000001,0.6125,0.625,0.6375000000000001,0.65,0.6625000000000001,0.675,0.6875,0.7000000000000001,0.7125,0.7250000000000001,0.7375,0.75,0.7625000000000001,0.775,0.7875000000000001,0.8,0.8125,0.8250000000000001,0.8375,0.8500000000000001,0.8625,0.875,0.8875000000000001,0.9,0.9125000000000001,0.925,0.9375,0.9500000000000001,0.9625,0.9750000000000001,0.9875,1.0,1.0125],"gtau":[0.0018033920889774459,0.0017783361005438997,0.0017583431781642517,0.0017420921986990533,0.0017286668788049193,0.0017174173947400021,0.0017078741767884503,0.001699692600455809,0.0016926166287824307,0.0016864543724064902,0.001681061413892972,0.0016763289573020193,0.0016721760664845935,0.0016685437258870915,0.0016653908243837948,0.0016626915107319435,0.0016604333689245031,0.001658616506787204,0.001657253137949559,0.0016563672921137507,0.0016559958251644938,0.0016561890984920038,0.0016570127267748432,0.0016585507087429313,0.0016609068196628855,0.0016642088742922165,0.001668612836672112,0.0016743077961580673,0.0016815223751308764,0.0016905324500142405,0.0017016702096450513,0.0017153353420803015,0.0017320082957035163,0.0017522665640953166,0.0017768038088984892,0.001806453468373379,0.0018422166049015128,0.0018852958153834354,0.001937135784859637,0.001999472664772942,0.002074392796015346,0.002164404090286719,0.002272521868360262,0.0024023725005499204,0.002558318469475665,0.0027456095588946757,0.0029705649814641276,0.0032407948562467176,0.0035654670972710117,0.003955631507266631,0.004424612278939256,0.004988485144009569,0.00566665674110797,0.006482570060846378,0.0074645645042717415,0.008646925891352228,0.010071171122353978,0.011787623467020234,0.013857349246304438,0.016354543532201636,0.019369481342481447,0.023012176054189443,0.027416947461431536,0.0327481258406624,0.03920724099266959,0.047042117249005325,0.056558467895932246,0.0681347948818519,0.08224169691161706,0.09946716353102389,0.1205500703302468,0.14642514977175392,0.17828424190974854,0.21766113574456217,0.2665513160519383,0.32758453044744823,0.4042794828400393,0.5014297690457034,0.6257062008392621,0.786628943572893,0.9981966079110226],"bd1":[1,1,1,1,1,2,2,4,4,8,8,16,16,32,32,64,64,128,126,248,212,400,289,400,359,400,400,400,400,400,400,400,400,400,400,400,400,400,400,400,400,400,400,400,400,400,400,400,400,400,400,400,400,400,400,400,400,400,400,400,400,400,400,400,400,400,400,400,400,400,400,400,400,400,400,400,400,400,400,400,400,400,400,400,400,400,400,400,400,400,400,400,400,400,400,400,400,400,400,400,400,400,400,400,400,400,400,400,400,400,400,400,400,400,400,400,400,400,400,400,400,400,400,400,400,400,400,400,400,400,400,400,400,400,400,400,400,400,400,400,400,400,400,400,400,400,400,400,400,400,400,400,400,400,400,400,400,400,400,400,400,400,400,400,400,400,400,400,400,400,400,400,400,400,400,400,400,400,400,400,400,400,400,400,400,400,400,400,400,400,400,400,400,400,400,400,400,400,400,400,400,400,400,400,400,400,400,400,400,400,400,400,400,400,400,400,400,400,400,400,400,400,400,400,400,400,400,400,400,400,400,400,400,400,400,400,400,400,400,400,400,400,400,400,400,400,400,400,400,400,400,400,400,400,400,400,400,400,400,400,400,400,400,400,400,400,400,400,400,400,400,400,400,400,400,400,400,400,400,400,400,400,400,400,400,400,400,400,400,400,400,400,400,400,400,400,400,400,400,400,400,400,400,400,400,400,386,400,300,400,217,251,128,128,64,64,32,32,16,16,8,8,4,4,2,2,1,1],"nn":[0.9981966079110226,0.9978684829917706,0.9976033200837672,0.9973881165603382,0.9972128463216204,0.997069684703027,0.9969524653380606,0.9968562899604801,0.9967772421235092,0.9967121733911878,0.9966585412432523,0.9966142847515573,0.9965777278430308,0.9965475037172674,0.9965224951797984,0.9965017871686898,0.9964846288893021,0.9964704033133509,0.9964586023351244,0.9964488076174799,0.9964406743836403,0.9964339179904741,0.9964283035058702,0.9964236365877507,0.9964197565777045,0.9964165305716174,0.9964138485581856,0.9964116195232902,0.9964097681860865,0.9964082322816658,0.9964069604024448,0.996405910138046,0.9964050466303979,0.9964043412936898,0.9964037708826897,0.9964033166704191,0.9964029637767577,0.996402700662571,0.9964025188013061,0.9964024122284326,0.9964023774646624,0.9964024133637019,0.9964025210704447,0.9964027040527369,0.9964029682215753,0.9964033221287415,0.9964037772910654,0.9964043485570053,0.9964050546807633,0.9964059188944496,0.9964069697717134,0.9964082421606255,0.9964097784548581,0.9964116300661532,0.996413859233725,0.9964165412480392,0.9964197671469203,0.9964236469595115,0.9964283134283183,0.9964339270582194,0.9964406817852115,0.9964488135229157,0.9964586070237664,0.9964704072012581,0.9964846323159048,0.9965017900614781,0.9965224973596255,0.9965475048871698,0.9965777278511109,0.9966142834893514,0.9966585386434038,0.9967121694412319,0.9967772369274936,0.9968562836569136,0.9969524581326148,0.9970696769139604,0.9972128384079657,0.9973881091644705,0.9976033140674322,0.9978684794134014]}