{"bd2":[2,4,4,8,16,20,20,20,20,20,20,20,20,20,20,20,20,20,20,20,20,20,20,20,20,20,20,20,20,20,20,20,20,20,20,20,20,20,20,20,20,20,20,20,20,20,20,20,20,20,20,20,20,20,20,20,20,20,20,20,20,20,20,20,20,20,20,20,20,20,20,20,20,20,20,20,20,20,20,20,20,20,20,20,20,20,20,20,20,20,20,20,20,20,20,20,20,20,20,20,20,20,20,20,20,20,20,20,20,20,20,20,20,20,20,20,20,20,20,20,20,20,20,20,20,20,20,20,20,20,20,20,20,20,20,20,20,20,20,20,20,20,20,20,20,20,20,20,20,20,20,20,20,20,20,20,20,20,20,20,20,20,20,20,20,20,20,20,20,20,20,20,20,20,20,20,20,20,20,20,20,20,20,20,20,20,20,20,20,20,20,20,20,20,20,20,20,20,20,20,20,20,20,20,20,20,20,20,20,20,20,20,20,20,20,20,20,20,20,20,20,20,20,20,20,20,20,20,20,20,20,20,20,20,20,20,20,20,20,20,20,20,20,20,20,20,20,20,20,20,20,20,20,20,20,20,20,20,20,20,20,20,20,20,20,20,20,20,20,20,20,20,20,20,20,20,20,20,20,20,20,20,20,20,20,20,20,20,20,20,20,20,20,20,20,20,20,20,20,20,20,20,20,20,20,20,20,20,20,20,20,20,20,20,20,20,20,20,20,20,20,20,20,20,20,20,20,20,20,20,20,20,20,20,20,20,20,20,20,20,20,20,20,20,20,20,20,20,20,20,20,20,20,20,20,20,20,20,20,20,20,20,20,20,20,20,20,20,20,20,20,20,20,20,20,20,20,20,20,20,20,20,20,20,20,20,20,20,20,20,20,20,20,20,20,20,20,20,16,8,4,4,2,1],"taus":[0.05,0.1,0.15000000000000002,0.2,0.25,0.30000000000000004,0.35000000000000003,0.4,0.45,0.5,0.55,0.6000000000000001,0.65,0.7000000000000001,0.75,0.8,0.8500000000000001,0.9,0.9500000000000001,1.0,1.05,1.1,1.1500000000000001,1.2000000000000002,1.25,1.3,1.35,1.4000000000000001,1.4500000000000002,1.5,1.55,1.6,1.6500000000000001,1.7000000000000002,1.75,1.8,1.85,1.9000000000000001,1.9500000000000002,2.0,2.0500000000000003,2.1,2.15,2.2,2.25,2.3000000000000003,2.35,2.4000000000000004,2.45,2.5,2.5500000000000003,2.6,2.6500000000000004,2.7,2.75,2.8000000000000003,2.85,2.9000000000000004,2.95,3.0,3.0500000000000003,3.1,3.1500000000000004,3.2,3.25,3.3000000000000003,3.35,3.4000000000000004,3.45,3.5,3.5500000000000003,3.6,3.6500000000000004,3.7,3.75,3.8000000000000003,3.85,3.9000000000000004,3.95,4.0,4.05,4.1000000000000005,4.15,4.2,4.25,4.3,4.3500000000000005,4.4,4.45,4.5,4.55,4.6000000000000005,4.65,4.7,4.75,4.800000000000001,4.8500000000000005,4.9,4.95,5.0,5.050000000000001,5.1000000000000005,5.15,5.2,5.25,5.300000000000001,5.3500000000000005,5.4,5.45,5.5,5.550000000000001,5.6000000000000005,5.65,5.7,5.75,5.800000000000001,5.8500000000000005,5.9,5.95,6.0,6.050000000000001,6.1000000000000005,6.15,6.2,6.25,6.300000000000001,6.3500000000000005,6.4,6.45,6.5,6.550000000000001,6.6000000000000005,6.65,6.7,6.75,6.800000000000001,6.8500000000000005,6.9,6.95,7.0,7.050000000000001,7.1000000000000005,7.15,7.2,7.25,7.300000000000001,7.3500000000000005,7.4,7.45,7.5,7.550000000000001,7.6000000000000005,7.65,7.7,7.75,7.800000000000001,7.8500000000000005,7.9,7.95,8.0,8.05,8.1,8.15,8.200000000000001,8.25,8.3,8.35,8.4,8.450000000000001,8.5,8.55,8.6,8.65,8.700000000000001,8.75,8.8,8.85,8.9,8.950000000000001,9.0,9.05,9.1,9.15,9.200000000000001,9.25,9.3,9.35,9.4,9.450000000000001,9.5,9.55,9.600000000000001,9.65,9.700000000000001,9.75,9.8,9.850000000000001,9.9,9.950000000000001,10.0,10.05],"gtau":[0.03741827006028536,0.035018678961701445,0.03325900364649624,0.03188454397028714,0.03076683160719178,0.029833516218268453,0.029038775700203266,0.02835758262332392,0.027772492129210236,0.02727205056276023,0.026849696636759464,0.02650189063294435,0.026227658151707467,0.026028128255631774,0.025906235614354216,0.02586668903096589,0.025916217861061647,0.026063938136696156,0.026321748746584363,0.026703519972382992,0.027194248175441076,0.02764904155861972,0.027781876486038047,0.027744333980667064,0.027650345899181358,0.027491177395577625,0.02733397096260712,0.02717835573248017,0.027025209696361945,0.026875716514762484,0.026731011149491356,0.026591138210804346,0.026456719868341347,0.026329843157036213,0.026206460862973294,0.026080974535531848,0.025951288716822216,0.02581776798067105,0.02568176747053633,0.02554472388478237,0.02540796495736263,0.025272564926736817,0.025139332160599704,0.025011585068551733,0.024887256849601455,0.024766589735195865,0.024649749122130256,0.02453680658162742,0.024427786269550188,0.024322670353320478,0.024221417269933643,0.02412396957705959,0.024030258179717184,0.02394019855431237,0.02385371480146843,0.023770739108710047,0.023691235761404434,0.02361512667301579,0.02354236070696746,0.023472901052922022,0.023406618606893106,0.02334356698987722,0.02328374253033772,0.023227104581987644,0.023173634443191045,0.02312331699714582,0.023076190449390434,0.02303219956344581,0.02299133301439925,0.02295357957067566,0.022918929328409523,0.022887322465699706,0.022858789309777538,0.02283331373670555,0.022810881594475262,0.02279147755318821,0.02277508790320693,0.022761700222440725,0.02275130498717286,0.02274389596127814,0.022739471473895066,0.022738035411532496,0.022739598326931006,0.02274417795216635,0.02275179380076776,0.022762463599367268,0.022776207930207622,0.022793051116931893,0.022813020042591944,0.022836140231648778,0.02286244016599945,0.022891946726824118,0.022924682930831868,0.022960696165602985,0.02300001199109581,0.023042661469077602,0.02308879136415669,0.02313836871070653,0.023191430759913895,0.02324801654060459,0.023308166387305925,0.023371921763926645,0.023439324602052208,0.0235104175872956,0.023585250472424837,0.023663867218961295,0.023746316063533224,0.023832646553374887,0.023922907062921574,0.024017217755724476,0.024115591399127046,0.024218165542688262,0.02432501352134304,0.0244362164779869,0.02455186017381917,0.02467203749109825,0.02479684598366541,0.024926388937488827,0.025060772523583602,0.025200163962510132,0.025344653647739544,0.025494334582130546,0.025649423415853946,0.025810074876154995,0.025976460654360926,0.026148769745182564,0.02632722651547295,0.026512027917540978,0.02670341161603335,0.026901618987973844,0.027106965520303294,0.027319761860007053,0.02754034860863754,0.02776909906758959,0.028006421549455766,0.028252799725236862,0.028508694876824267,0.028774698010178408,0.029051429120881333,0.02933957703736159,0.029639906290880324,0.029953301096843972,0.03027981990944802,0.03062143216903404,0.030979331079677094,0.03135484845289841,0.03174948846841817,0.03216493453386109,0.03260307632880491,0.033066048734723484,0.03355625427087096,0.03407640747971506,0.03462959602596762,0.03521933392563191,0.035849641859335986,0.03652512985088866,0.03725111683878059,0.038033472689739174,0.03887931382964867,0.039796249299229425,0.04079254677709494,0.04187764237590994,0.043061944980530086,0.044357180396051465,0.04577664815112766,0.04733548607519295,0.04905091888724386,0.05094248234269444,0.05303225985662928,0.05534540376010811,0.057910700933378106,0.06076076101752701,0.06393223874532453,0.06746790742639423,0.07141686729564108,0.07583585551901838,0.08079031022117826,0.08635481839495607,0.0926143688577891,0.09966573239348374,0.10761835310931503,0.116594783991325,0.12674077053715818,0.13821413824428294,0.15119372807483974,0.16589827681507294,0.18257836432608662,0.20152583268951096,0.2230852129732611,0.2476564875575268,0.27571303123420704,0.3078163224758211,0.34463431066646,0.3869687469876482,0.43579318162802266,0.49230242594345536,0.558003073238423,0.6347982880984147,0.7252258776472515,0.8328273091508624,0.9625817299397147],