{"bd2":[2,4,4,8,16,32,64,100,100,100,100,100,100,100,100,100,100,100,100,100,100,100,100,100,100,100,100,100,100,100,100,100,100,100,100,100,100,100,100,100,100,100,100,100,100,100,100,100,100,100,100,100,100,100,100,100,100,100,100,100,100,100,100,100,100,100,100,100,100,100,100,100,100,100,100,100,100,100,100,100,100,100,100,100,100,100,100,100,100,100,100,100,100,100,100,100,64,32,16,8,4,4,2,1],"taus":[0.1,0.2,0.30000000000000004,0.4,0.5,0.6000000000000001,0.7000000000000001,0.8,0.9,1.0,1.1,1.2000000000000002,1.3,1.4000000000000001,1.5,1.6,1.7000000000000002,1.8,1.9000000000000001,2.0,2.1,2.2,2.3000000000000003,2.4000000000000004,2.5,2.6,2.7,2.8000000000000003,2.9000000000000004,3.0,3.1,3.2,3.3000000000000003,3.4000000000000004,3.5,3.6,3.7,3.8000000000000003,3.9000000000000004,4.0,4.1000000000000005,4.2,4.3,4.4,4.5,4.6000000000000005,4.7,4.800000000000001,4.9,5.0,5.1000000000000005],"gtau":[0.012799700985946195,0.011182103874057988,0.010518040490906768,0.010071821704569285,0.009710021613945945,0.009394351553499795,0.009110450487663267,0.008851729405760856,0.008614607360378366,0.008396841225385856,0.008196851290827015,0.00801343004341913,0.007845598772273556,0.00769253250730802,0.007553521431044787,0.007427947106728814,0.007315267147024519,0.007215005324997485,0.007126747578726207,0.00705013751691011,0.006984871839535441,0.006930702424223055,0.00688743684978725,0.0068549430423366225,0.006833158693737354,0.006822107489969434,0.006821927179480004,0.006832916640592797,0.006855614731564472,0.006890931658670854,0.006940367808360772,0.007006378468504644,0.007092981621752173,0.007206771583780546,0.007358611880454662,0.007566463806348058,0.007860118308336052,0.008289122763303635,0.008936079021578626,0.009939003246583667,0.011529023490983661,0.014094202772820797,0.01828826428405935,0.025217648878376644,0.036768696038478065,0.056196777829654716,0.08924549277152952,0.14650109048985496,0.24940276078903045,0.4520017316635277,0.9872002990140538],"nn2":[0.45548416230323713,0.24970097072875164,0.21899194941702044,0.21193451251341258,0.20955399101744382,0.20856741172229337,0.2081004405044923,0.20785742112415126,0.2077213713116193,0.20764064342890337,0.20759035119225355,0.2075577537895584,0.2075358487318677,0.20752069326797876,0.20750994086742433,0.20750215128223548,0.2074964073243093,0.20749208989624102,0.2074887812062308,0.20748631385827665,0.2074844414236675,0.20748304143000643,0.20748203337115093,0.2074813528062677,0.2074809600342,0.20748083175960405,0.20748096155865062,0.2074813568197417,0.20748204033919856,0.20748305121501875,0.20748444751308942,0.2074863159695412,0.2074887889373536,0.2074920541496756,0.20749637528523301,0.20750214179246326,0.207509945575877,0.20752070375676024,0.20753585352773246,0.20755773920515322,0.2075903190933731,0.20764055872925335,0.20772126023668427,0.2078573019695172,0.20810038698532926,0.20856742031488198,0.20955401982384222,0.2119345395827836,0.21899192120228572,0.2497010047166388],"bd1":[1,1,1,2,2,4,4,8,8,16,16,32,32,64,64,100,100,100,100,100,100,100,100,100,100,100,100,100,100,100,100,100,100,100,100,100,100,100,100,100,100,100,100,100,100,100,100,100,100,100,100,100,100,100,100,100,100,100,100,100,100,100,100,100,100,100,100,100,100,100,100,100,100,100,100,100,100,100,100,100,100,100,100,100,100,100,100,100,100,100,64,64,32,32,16,16,8,8,4,4,2,2,1,1],"nn":[0.9872004817886706,0.9816736613248448,0.9786673120105567,0.9769756134320241,0.9760081139997093,0.9754489953623773,0.975123155308111,0.9749316795402156,0.9748180964608945,0.974749930333886,0.974708405083126,0.9746826169443682,0.9746662065491206,0.97465544299727,0.9746481344455229,0.9746429839822165,0.9746392181071967,0.9746363777348653,0.9746341849301092,0.9746324682039921,0.9746311227253353,0.9746300803770567,0.9746292998896421,0.9746287570136678,0.9746284359309414,0.9746283279775928,0.9746284310507902,0.9746287465476907,0.9746292839407094,0.9746300590610766,0.9746310972151476,0.974632439799862,0.9746341525149711,0.974636340860686,0.9746391753373218,0.9746429346676717,0.9746480812403865,0.974655387016169,0.9746661484663639,0.9746825579753994,0.9747083425337649,0.9747498642759623,0.9748180289015853,0.9749316138369155,0.9751230931418506,0.9754489393450627,0.9760080652412911,0.97697559531763,0.9786673071927545,0.9816736661513257]}