{"bd2":[1,1,2,4,8,15,25,22,35,26,40,30,44,30,45,30,46,32,48,32,50,32,50,33,51,33,51,33,51,33,52,33,52,33,52,34,52,34,52,34,52,34,52,34,51,33,50,32,50,32,50,33,51,33,51,33,51,33,51,33,47,31,46,30,46,30,46,30,44,30,41,28,36,24,33,21,23,13,8,4,2,1,1,1],"taus":[0.025,0.05,0.07500000000000001,0.1,0.125,0.15000000000000002,0.17500000000000002,0.2,0.225,0.25,0.275,0.30000000000000004,0.325,0.35000000000000003,0.375,0.4,0.42500000000000004,0.45,0.47500000000000003,0.5,0.525,0.55,0.5750000000000001,0.6000000000000001,0.625,0.65,0.675,0.7000000000000001,0.7250000000000001,0.75,0.775,0.8,0.8250000000000001,0.8500000000000001,0.875,0.9,0.925,0.9500000000000001,0.9750000000000001,1.0,1.0250000000000001],"gtau":[0.4464994026269951,0.44163142196689525,0.43731419878325106,0.43349072099753344,0.43011931798539466,0.4271687545236685,0.4246151731294303,0.422440109036544,0.4206291587948201,0.4191710616100295,0.41805705022229506,0.4172803836732197,0.41683600568121,0.41672029203332417,0.4169308625773052,0.41746644117258813,0.4183267521480859,0.4195124452820556,0.4210250444650538,0.42286690085472184,0.42504109778879795,0.4275516631042908,0.4304034691435928,0.4336022272027478,0.4371545479049115,0.44106800780343064,0.44535123304843527,0.4500140065821316,0.4550674053956294,0.460523976127635,0.46639795825296804,0.4727055593200455,0.4794654160349781,0.4866990366757141,0.4944314652084542,0.5026922519630056,0.5115167765633348,0.5209481421995171,0.5310399810346287,0.5418607514564209,0.5535005973730049],"bd1":[2,4,2,4,4,8,8,16,16,32,32,60,48,60,58,60,60,60,60,60,60,60,60,60,60,60,60,60,60,60,60,60,60,60,60,60,60,60,60,60,60,60,60,60,60,60,60,60,60,60,60,60,60,60,60,60,60,60,60,60,60,60,60,60,60,60,60,60,60,60,58,60,48,60,32,32,16,16,8,8,4,4,2,1],"nn":[0.5535005973730049,0.5481846166423945,0.5432274394758224,0.5386142411311672,0.5343313659966672,0.530366247169348,0.5267073386486099,0.523344057234493,0.5202667321652638,0.517466561138436,0.5149355717373687,0.5126665875453251,0.5106531984034415,0.5088897343953139,0.5073712432325412,0.5060934707852447,0.5050528445548228,0.5042464599292024,0.503672069102197,0.5033280724762058,0.5032135129307878,0.5033280718370262,0.5036720678893386,0.5042464583760985,0.5050528428058367,0.5060934689568045,0.5073712414093826,0.508889732636119,0.5106531967471036,0.5126665860168442,0.5149355703471009,0.5174665598338581,0.52026673090281,0.5233440560147571,0.5267073374838025,0.5303662460799534,0.5343313650104005,0.5386142402841015,0.5432274388196695,0.5481846162539672]}