{"bd2":[2,4,4,8,16,32,64,128,140,140,140,140,140,140,140,140,140,140,140,140,140,140,140,140,140,140,140,140,140,140,140,140,140,140,140,140,140,140,140,140,140,140,140,140,140,140,140,140,140,140,140,140,140,140,140,140,140,140,140,140,140,140,140,140,140,140,140,140,140,140,140,140,140,140,140,140,140,140,140,140,140,140,140,140,140,140,140,140,140,140,140,140,140,140,140,128,64,32,16,8,4,4,2,1],"taus":[0.2,0.4,0.6000000000000001,0.8,1.0,1.2000000000000002,1.4000000000000001,1.6,1.8,2.0,2.2,2.4000000000000004,2.6,2.8000000000000003,3.0,3.2,3.4000000000000004,3.6,3.8000000000000003,4.0,4.2,4.4,4.6000000000000005,4.800000000000001,5.0,5.2,5.4,5.6000000000000005,5.800000000000001,6.0,6.2,6.4,6.6000000000000005,6.800000000000001,7.0,7.2,7.4,7.6000000000000005,7.800000000000001,8.0,8.200000000000001,8.4,8.6,8.8,9.0,9.200000000000001,9.4,9.600000000000001,9.8,10.0,10.200000000000001],"gtau":[0.011334145709518397,0.00961370568603706,0.008833399945820851,0.008208529082143253,0.007668017363830946,0.007192084618941915,0.0067705617243916565,0.006396334632793082,0.00606375599565758,0.0057681148044123045,0.005505397740155847,0.005272155952889562,0.005065414144819186,0.004882602383996691,0.0047215018015859395,0.004580200097009377,0.004457054447166164,0.004350660470922423,0.004259826167333302,0.004183550129194237,0.004121003491175171,0.004071515105660124,0.004034559649429095,0.004009748351877566,0.003996822156614961,0.0039956471547352365,0.004006212170491647,0.004028628530402741,0.004063131929325972,0.0041100865521978,0.004169991430593532,0.00424348959448387,0.004331380160480976,0.004434634736572426,0.004554420398087157,0.004692135474473366,0.004849474330078304,0.005028565406704293,0.005232301036986088,0.005465191966173875,0.005735664003171165,0.006062356713849753,0.00649157717444622,0.007145968961389813,0.008360941753632452,0.011069437432800866,0.017897997955293683,0.03635566867990971,0.08865144307959957,0.248533552680475,0.9886658542904816],"nn2":[0.2517348811038504,0.08586321706351711,0.06623955539743846,0.06418277743403632,0.06368930673135606,0.06352141930721233,0.06345128675878133,0.06341770155841792,0.06339996403596408,0.06338987660197232,0.06338379596153636,0.06337995362797227,0.06337742935561226,0.06337571632450928,0.06337452157773768,0.06337366920413598,0.06337304959397651,0.06337259255831676,0.0633722519401418,0.06337199683648155,0.06337180616448838,0.06337166522324605,0.06337156403018873,0.06337149595525941,0.06337145667421017,0.0633714437464583,0.06337145638825468,0.0633714953294681,0.06337156291238834,0.06337166361691038,0.0633718041750413,0.06337199448975822,0.06337224906484806,0.06337258912770011,0.06337304557729957,0.06337366460841579,0.0633745164448185,0.06337571079255458,0.06337742366085983,0.06337994795436357,0.06338379071576246,0.06338987231890343,0.06339996115501166,0.06341770037033405,0.0634512875014786,0.06352142178544908,0.06368930972455945,0.06418277856954312,0.06623954687698454,0.08586316128217339],"bd1":[1,1,1,2,2,4,4,8,8,16,16,32,32,64,64,128,120,140,139,140,140,140,139,140,140,140,139,140,139,140,140,140,139,140,140,140,139,140,139,140,140,140,140,140,140,140,140,140,140,140,140,140,140,140,139,140,140,140,140,140,140,140,139,140,140,140,140,140,140,140,140,140,140,140,140,140,139,140,140,140,140,140,139,140,139,140,139,140,127,128,64,64,32,32,16,16,8,8,4,4,2,2,1,1],"nn":[0.9886658656304348,0.9811162457076404,0.9787336998426532,0.9779433085713447,0.9776720811264153,0.9775745254072798,0.9775363981417771,0.9775192705019495,0.9775099923350867,0.9775039553388797,0.9774994809024425,0.9774959117968494,0.9774929596772339,0.9774904764787894,0.9774883725055271,0.9774865859807692,0.9774850706528232,0.9774837903709286,0.9774827162843817,0.9774818252055829,0.9774810984672315,0.9774805212369656,0.9774800819700661,0.9774797719480317,0.9774795850765026,0.9774795176507102,0.9774795682787941,0.9774797380872866,0.9774800303471057,0.9774804509953823,0.9774810087541678,0.9774817151069505,0.9774825854390885,0.9774836390363458,0.9774849000800921,0.9774863986207191,0.9774881723782726,0.9774902692898458,0.9774927529743707,0.9774957149052091,0.9774993045016368,0.9775038104614585,0.9775098875433851,0.977519211242698,0.977536382232912,0.9775745354464268,0.9776720777180012,0.9779432248375448,0.9787334555110864,0.9811158428596876]}