{"bd2":[1,1,2,4,8,15,20,20,20,20,20,20,20,20,20,20,20,20,20,20,20,20,20,20,20,20,20,20,20,20,20,20,20,20,20,20,20,15,8,4,2,1,1,1],"taus":[0.05,0.1,0.15000000000000002,0.2,0.25,0.30000000000000004,0.35000000000000003,0.4,0.45,0.5,0.55,0.6000000000000001,0.65,0.7000000000000001,0.75,0.8,0.8500000000000001,0.9,0.9500000000000001,1.0,1.05],"gtau":[0.44667838319950887,0.4375447199827926,0.43038078823480536,0.42489119872248904,0.4209055205671431,0.41832062779586254,0.4170740114032541,0.4171304445289957,0.4184828432418339,0.42115594455097743,0.4251470900008566,0.4304858874608857,0.4372151025382871,0.44539179490420916,0.4550895869389647,0.4664148246980975,0.4794727401149483,0.49441568036375066,0.5114648178617678,0.5309363282685102,0.5533216168004911],"bd1":[2,4,2,4,4,8,8,16,16,20,20,20,20,20,20,20,20,20,20,20,20,20,20,20,20,20,20,20,20,20,20,20,20,20,20,20,16,16,8,8,4,4,2,1],"nn":[0.5533216168004911,0.5430460757866558,0.5341474363665635,0.5265208490941271,0.520077822376389,0.514744485790389,0.5104602646051415,0.507176820854951,0.5048572926217566,0.5034758307478711,0.5030170463165995,0.503475832450022,0.5048572908439504,0.5071768084646118,0.510460288281257,0.5147444958954932,0.5200777845632694,0.5265207785045909,0.5341473590759063,0.5430460311337023]}