{"bd2":[1,1,2,4,8,16,31,43,71,67,101,81,124,92,137,100,140,104,140,109,140,118,140,128,140,133,140,140,140,140,140,140,140,140,140,140,140,140,140,140,140,140,140,140,140,140,140,140,140,140,140,140,140,140,140,140,140,140,140,140,140,140,140,140,140,140,140,140,140,140,140,140,140,140,140,140,140,140,140,140,140,140,140,140,140,140,140,140,140,140,140,140,140,140,140,140,140,140,140,140,140,140,140,140,140,140,140,140,140,140,140,140,140,140,140,140,140,140,140,140,140,140,140,140,140,140,140,140,140,140,140,140,140,140,140,140,140,140,140,140,140,140,140,140,140,140,140,140,140,140,140,140,140,140,140,140,140,140,140,140,140,140,140,140,140,140,140,140,140,140,140,140,140,140,140,140,140,140,140,140,140,140,140,140,140,140,140,140,140,140,140,140,140,140,140,140,140,140,140,140,140,140,140,140,140,140,140,140,140,140,140,140,140,140,140,140,140,140,140,140,140,140,140,140,140,140,140,140,140,140,140,140,140,140,140,140,140,140,140,140,140,140,140,140,140,140,140,140,140,140,140,140,140,140,140,140,140,140,140,140,140,140,140,140,140,140,140,140,140,140,140,140,140,140,140,140,140,140,140,140,140,140,140,140,140,140,140,140,140,140,140,140,140,140,140,140,140,140,140,140,140,140,140,140,140,140,140,140,140,140,140,140,140,140,140,140,140,140,140,140,140,140,140,140,140,140,140,140,140,140,140,140,140,140,140,140,140,140,140,140,140,140,140,140,140,140,140,140,140,140,140,140,140,140,140,140,140,140,140,140,140,140,140,140,140,140,140,140,140,140,140,136,140,128,140,119,140,109,140,106,140,97,140,94,135,88,129,84,118,77,106,71,87,55,64,37,31,16,8,4,2,1,1,1],"taus":[0.05,0.1,0.15000000000000002,0.2,0.25,0.30000000000000004,0.35000000000000003,0.4,0.45,0.5,0.55,0.6000000000000001,0.65,0.7000000000000001,0.75,0.8,0.8500000000000001,0.9,0.9500000000000001,1.0,1.05,1.1,1.1500000000000001,1.2000000000000002,1.25,1.3,1.35,1.4000000000000001,1.4500000000000002,1.5,1.55,1.6,1.6500000000000001,1.7000000000000002,1.75,1.8,1.85,1.9000000000000001,1.9500000000000002,2.0,2.0500000000000003,2.1,2.15,2.2,2.25,2.3000000000000003,2.35,2.4000000000000004,2.45,2.5,2.5500000000000003,2.6,2.6500000000000004,2.7,2.75,2.8000000000000003,2.85,2.9000000000000004,2.95,3.0,3.0500000000000003,3.1,3.1500000000000004,3.2,3.25,3.3000000000000003,3.35,3.4000000000000004,3.45,3.5,3.5500000000000003,3.6,3.6500000000000004,3.7,3.75,3.8000000000000003,3.85,3.9000000000000004,3.95,4.0,4.05,4.1000000000000005,4.15,4.2,4.25,4.3,4.3500000000000005,4.4,4.45,4.5,4.55,4.6000000000000005,4.65,4.7,4.75,4.800000000000001,4.8500000000000005,4.9,4.95,5.0,5.050000000000001,5.1000000000000005,5.15,5.2,5.25,5.300000000000001,5.3500000000000005,5.4,5.45,5.5,5.550000000000001,5.6000000000000005,5.65,5.7,5.75,5.800000000000001,5.8500000000000005,5.9,5.95,6.0,6.050000000000001,6.1000000000000005,6.15,6.2,6.25,6.300000000000001,6.3500000000000005,6.4,6.45,6.5,6.550000000000001,6.6000000000000005,6.65,6.7,6.75,6.800000000000001,6.8500000000000005,6.9,6.95,7.0,7.050000000000001,7.1000000000000005,7.15,7.2,7.25,7.300000000000001,7.3500000000000005,7.4,7.45,7.5,7.550000000000001,7.6000000000000005,7.65,7.7,7.75,7.800000000000001,7.8500000000000005,7.9,7.95,8.0,8.05,8.1,8.15,8.200000000000001,8.25,8.3,8.35,8.4,8.450000000000001,8.5,8.55,8.6,8.65,8.700000000000001,8.75,8.8,8.85,8.9,8.950000000000001,9.0,9.05,9.1,9.15,9.200000000000001,9.25,9.3,9.35,9.4,9.450000000000001,9.5,9.55,9.600000000000001,9.65,9.700000000000001,9.75,9.8,9.850000000000001,9.9,9.950000000000001,10.0,10.05],"gtau":[0.013427436314708068,0.01219086219541887,0.011526420541057538,0.011083014661401611,0.0107433537594283,0.01045961866677027,0.010209542558849063,0.009981694886909913,0.009769739295434341,0.009569936462801328,0.00937995600865276,0.009198270110997215,0.009023833875989842,0.008855897566315643,0.008693904006501899,0.008537416390068414,0.008386088903394297,0.008239633448833727,0.00809780559560253,0.007960392326313607,0.007827206601106971,0.0076980780734717015,0.007572850652557883,0.007451382593070127,0.0073335424231332,0.007219204291508966,0.007108250766084794,0.007000570913136137,0.006896059246388674,0.006794615199642461,0.00669614264643728,0.0066005495203266245,0.006507747524470384,0.006417651898545338,0.006330181263636857,0.006245257491568692,0.006162805635202528,0.0060827537736746215,0.006005032824695976,0.00592957622418347,0.005856319392542611,0.005785199692095192,0.00571615882134328,0.005649137653940643,0.005584082179002261,0.005520938902385071,0.005459655105185855,0.005400183791742507,0.00534247545806053,0.005286475993874771,0.00523216442607108,0.005179481773183921,0.005128385061780573,0.005078834856663693,0.005030793373295074,0.004984224098762091,0.004939091722386689,0.004895362128061319,0.004853002382462,0.004811980718113472,0.004772266510378261,0.0047338302511700245,0.004696643516034949,0.004660678839546629,0.004625909961875128,0.004592311575146788,0.004559859259224703,0.004528529577123684,0.004498300009186573,0.004469148927097462,0.004441055555435146,0.0044139999611296265,0.004387963037254111,0.004362926469550044,0.004338872715242693,0.004315784986283999,0.0042936472300250245,0.004272444109900078,0.004252160993011561,0.004232783934593285,0.00421429964613577,0.004196695498973778,0.004179959504638474,0.004164080293488587,0.004149047102105714,0.004134849786099234,0.004121478789750317,0.004108925117616598,0.004097180360478315,0.004086236658727657,0.004076086713588108,0.0040667237534845095,0.004058141558704394,0.004050334424784653,0.004043297171287122,0.004037025145083844,0.004031514194138936,0.004026760674525259,0.004022761446686029,0.004019513874145201,0.00401701581660465,0.004015265619515669,0.004014262134960515,0.004014004690231948,0.004014493116244861,0.004015727730790743,0.004017709341924772,0.004020439248276208,0.004023919246926475,0.004028151629405412,0.004033139166858635,0.004038885158504849,0.004045393394671211,0.004052668184990048,0.0040607143343546126,0.004069537195639317,0.004079142621662539,0.0040895369961234315,0.004100727265488492,0.00411272089833437,0.004125525945398222,0.004139151006714796,0.004153605267131658,0.004168898491156365,0.0041850410542726415,0.0042020439363618985,0.004219918762367645,0.004238677793347308,0.004258333955554889,0.0042789008560929105,0.0043003928045621245,0.004322824845084502,0.004346212776677411,0.004370573184572693,0.004395923481423081,0.004422281953479543,0.00444966778312316,0.004478101135073154,0.0045076032264995125,0.004538196389669171,0.004569904187702102,0.004602751535870077,0.004636764858911327,0.004671972287140227,0.00470840390551937,0.004746092065555911,0.004785071786620656,0.004825381282296418,0.004867062633721896,0.004910162644471143,0.004954733933885547,0.005000836225931968,0.005048537822566658,0.005097917260780733,0.005149061371113016,0.005202081427955002,0.005257100857270426,0.005314292044741435,0.005373836284073626,0.00543597543247697,0.005501002422105746,0.005569286797657226,0.005641288574494175,0.005717589486149356,0.00579892773781862,0.0058862424926976525,0.005980731579376367,0.0060839263403137216,0.006197788476093197,0.006324835424030299,0.006468302337048721,0.006632351878852527,0.006822345636845976,0.007045195384669802,0.007309817650677932,0.007627721546648792,0.008013770701921519,0.008487189716857604,0.009072853451440203,0.009802943122145922,0.010719141195509417,0.011875477447747087,0.013342043126745333,0.01520985565575006,0.017597249468677613,0.020658294601794722,0.02459395559899888,0.02966700336973035,0.03622232807931369,0.04471364354354195,0.05574223192188547,0.07011056067213518,0.0889014343366446,0.11359906102131469,0.14628535778138332,0.18998293500962948,0.24931308217973672,0.33191330220347076,0.45195817415085643,0.6406538015446517,0.9865725636852919],