{"bd2":[1,1,2,4,8,16,32,53,96,98,160,137,160,160,160,160,160,160,160,160,160,160,160,160,160,160,160,160,160,160,160,160,160,160,160,160,160,160,160,160,160,160,160,160,160,160,160,160,160,160,160,160,160,160,160,160,160,160,160,160,160,160,160,160,160,160,160,160,160,160,160,160,160,160,160,160,160,160,160,160,160,160,160,160,160,160,160,160,160,160,160,160,160,160,160,160,160,160,160,160,160,160,160,160,160,160,160,160,160,160,160,160,160,160,160,160,160,160,160,160,160,160,160,160,160,160,160,160,160,160,160,160,160,160,160,160,160,160,160,160,160,160,160,160,160,160,160,160,160,160,160,160,160,160,160,160,160,160,160,160,160,160,160,160,160,160,160,160,160,160,160,160,160,160,160,160,160,160,160,160,160,160,160,160,160,160,160,159,160,140,160,117,148,90,92,51,32,16,8,4,2,1,1,1],"taus":[0.1,0.2,0.30000000000000004,0.4,0.5,0.6000000000000001,0.7000000000000001,0.8,0.9,1.0,1.1,1.2000000000000002,1.3,1.4000000000000001,1.5,1.6,1.7000000000000002,1.8,1.9000000000000001,2.0,2.1,2.2,2.3000000000000003,2.4000000000000004,2.5,2.6,2.7,2.8000000000000003,2.9000000000000004,3.0,3.1,3.2,3.3000000000000003,3.4000000000000004,3.5,3.6,3.7,3.8000000000000003,3.9000000000000004,4.0,4.1000000000000005,4.2,4.3,4.4,4.5,4.6000000000000005,4.7,4.800000000000001,4.9,5.0,5.1000000000000005,5.2,5.300000000000001,5.4,5.5,5.6000000000000005,5.7,5.800000000000001,5.9,6.0,6.1000000000000005,6.2,6.300000000000001,6.4,6.5,6.6000000000000005,6.7,6.800000000000001,6.9,7.0,7.1000000000000005,7.2,7.300000000000001,7.4,7.5,7.6000000000000005,7.7,7.800000000000001,7.9,8.0,8.1,8.200000000000001,8.3,8.4,8.5,8.6,8.700000000000001,8.8,8.9,9.0,9.1,9.200000000000001,9.3,9.4,9.5,9.600000000000001,9.700000000000001,9.8,9.9,10.0,10.100000000000001],"gtau":[0.039482780137392724,0.03604095429115211,0.03367070954428064,0.031796061647903766,0.03020908738348664,0.02881495425447834,0.02756327449242895,0.026424100100109482,0.025378009750418266,0.024411484947271397,0.02351457584171298,0.022679600022418103,0.021900417951255673,0.02117195273773972,0.020489926753913895,0.019850651581521973,0.019250908891822665,0.018687851959385045,0.018158939545856425,0.017661897910429138,0.017194639197471297,0.016755344650593383,0.01634221902652497,0.015953735885738615,0.015588462045648873,0.015245075081600883,0.014922358717896768,0.014619202678312316,0.014334575320606564,0.014067520267256535,0.013817162117043076,0.013582691410541496,0.013363359814621766,0.013158476807934513,0.012967405627749572,0.01278955964544315,0.012624398636509148,0.012471425116611238,0.012330180923353185,0.012200245004184273,0.012081237829317469,0.011972853699929904,0.011874830108400526,0.011786681049164548,0.011708294472453511,0.011639450501356877,0.011579956936299138,0.011529649794406679,0.011488392678281313,0.011456075997146271,0.011432616641837305,0.011417957695234437,0.011412068778778983,0.011414946255953427,0.011426613979632,0.011447124361030405,0.01147655990569775,0.0115150352448999,0.011562699844004262,0.0116197415168883,0.011686391092071192,0.011762928411393514,0.01184969025486325,0.01194708047570159,0.01205558345343154,0.012175781491146497,0.012308377946345452,0.01245422763255292,0.012614377320769974,0.012790119899043296,0.01298306816087789,0.013195258853848068,0.013429234011839904,0.013688230632027686,0.013976463171967162,0.01429936294542274,0.014664004611565914,0.01507966723385281,0.01555860289032128,0.016117094247119795,0.016776793741236314,0.01756663521835527,0.018528516667750666,0.01971312759286941,0.021193802055496567,0.02306999932409324,0.025478423509677835,0.02860802888963553,0.03272162886086747,0.03818769460405431,0.04552587700325701,0.055477900371004446,0.06911362537336053,0.08799858237141554,0.11446705361131884,0.15208482786132746,0.20648197701051513,0.28697243545320633,0.4100707552771535,0.6084598424555461,0.9605172198626073],"bd1":[2,4,2,4,4,8,8,16,16,32,32,64,64,128,128,160,160,160,160,160,160,160,160,160,160,160,160,160,160,160,160,160,160,160,160,160,160,160,160,160,160,160,160,160,160,160,160,160,160,160,160,160,160,160,160,160,160,160,160,160,160,160,160,160,160,160,160,160,160,160,160,160,160,160,160,160,160,160,160,160,160,160,160,160,160,160,160,160,160,160,160,160,160,160,160,160,160,160,160,160,160,160,160,160,160,160,160,160,160,160,160,160,160,160,160,160,160,160,160,160,160,160,160,160,160,160,160,160,160,160,160,160,160,160,160,160,160,160,160,160,160,160,160,160,160,160,160,160,160,160,160,160,160,160,160,160,160,160,160,160,160,160,160,160,160,160,160,160,160,160,160,160,160,160,160,160,160,160,160,160,160,160,160,160,160,160,160,160,160,160,128,128,64,64,32,32,16,16,8,8,4,4,2,1],"nn":[0.9605172198626071,0.9487263496484277,0.9409362385043817,0.9356773862523011,0.9320701837693125,0.9295633114090701,0.927800945791259,0.9265486561485692,0.9256495511645402,0.9249973170486715,0.9245191502444108,0.924164742824239,0.923899040364436,0.9236974379790364,0.9235425349365882,0.923421950557017,0.9233268088691536,0.9232507105912142,0.9231890077668697,0.9231382860019473,0.9230960600053019,0.92306041581458,0.9230300962199773,0.9230040347489507,0.9229813692952,0.922961488380821,0.9229439384165472,0.9229283500481555,0.9229144121071302,0.9229018923928886,0.9228906087351774,0.9228804091403937,0.9228711668306184,0.9228627766730227,0.9228551518104942,0.922848219865505,0.9228419204938224,0.922836204301789,0.9228310324472843,0.9228263776010162,0.9228222190596407,0.9228185031224188,0.9228151853905369,0.9228122820843231,0.9228098005581774,0.9228077284660892,0.9228060508240746,0.9228047541802802,0.9228038278598045,0.92280326390747,0.9228030572507392,0.9228032052827149,0.9228037079315778,0.9228045673981179,0.9228057881156304,0.9228073767625786,0.9228093423055056,0.9228116961645116,0.922814452176584,0.9228176271943306,0.9228212410943366,0.9228253174123217,0.9228298837212764,0.9228349722803904,0.922840620856611,0.9228468737309466,0.9228537830336527,0.922861410189341,0.9228698278218869,0.9228791218613328,0.9228893933254373,0.9229007571519905,0.9229133388339966,0.9229273581460863,0.9229430442485678,0.9229606727615259,0.9229806041295638,0.9230033188892453,0.9230294492674227,0.9230597944599457,0.9230954403622358,0.9231376697576466,0.9231883781595287,0.9232500542173578,0.9233261158081494,0.9234212199716866,0.923541766814648,0.9236966302786839,0.9238981931059695,0.9241638516040422,0.9245182143249795,0.924996337294912,0.9256485257994221,0.9265475847228789,0.9277998269419653,0.9295621386445999,0.9320689533224494,0.9356761047501528,0.9409349552646942,0.9487252847974585]}