{"bd2":[1,1,2,4,8,16,31,43,71,67,101,81,124,92,137,100,140,104,140,109,140,118,140,128,140,133,140,140,140,140,140,140,140,140,140,140,140,140,140,140,140,140,140,140,140,140,140,140,140,140,140,140,140,140,140,140,140,140,140,140,140,140,140,140,140,140,140,140,140,140,140,140,140,140,140,140,140,140,140,140,140,140,140,140,140,140,140,140,140,140,140,140,140,140,140,140,140,140,140,140,140,140,140,140,140,140,140,140,140,140,140,140,140,140,140,140,140,140,140,140,140,140,140,140,140,140,140,140,140,140,140,140,140,140,140,140,140,140,140,140,140,140,140,140,140,140,140,140,140,140,140,140,140,140,140,140,140,140,140,140,140,140,140,140,140,140,140,140,140,140,140,140,140,140,140,140,140,140,140,140,140,140,140,140,140,140,140,140,140,140,140,140,140,140,140,140,140,140,140,140,140,140,140,140,140,140,140,140,140,140,140,140,140,140,140,140,140,140,140,140,140,140,140,140,140,140,140,140,140,140,140,140,140,140,140,140,140,140,140,140,140,140,140,140,140,140,140,140,140,140,140,140,140,140,140,140,140,140,140,140,140,140,140,140,140,140,140,140,140,140,140,140,140,140,140,140,140,140,140,140,140,140,140,140,140,140,140,140,140,140,140,140,140,140,140,140,140,140,140,140,140,140,140,140,140,140,140,140,140,140,140,140,140,140,140,140,140,140,140,140,140,140,140,140,140,140,140,140,140,140,140,140,140,140,140,140,140,140,140,140,140,140,140,140,140,140,140,140,140,140,140,140,140,140,140,140,140,140,140,140,140,140,140,140,140,140,140,140,140,140,140,136,140,128,140,119,140,109,140,106,140,97,140,94,135,88,129,84,118,77,106,71,87,55,64,37,31,16,8,4,2,1,1,1],"taus":[0.05,0.1,0.15000000000000002,0.2,0.25,0.30000000000000004,0.35000000000000003,0.4,0.45,0.5,0.55,0.6000000000000001,0.65,0.7000000000000001,0.75,0.8,0.8500000000000001,0.9,0.9500000000000001,1.0,1.05,1.1,1.1500000000000001,1.2000000000000002,1.25,1.3,1.35,1.4000000000000001,1.4500000000000002,1.5,1.55,1.6,1.6500000000000001,1.7000000000000002,1.75,1.8,1.85,1.9000000000000001,1.9500000000000002,2.0,2.0500000000000003,2.1,2.15,2.2,2.25,2.3000000000000003,2.35,2.4000000000000004,2.45,2.5,2.5500000000000003,2.6,2.6500000000000004,2.7,2.75,2.8000000000000003,2.85,2.9000000000000004,2.95,3.0,3.0500000000000003,3.1,3.1500000000000004,3.2,3.25,3.3000000000000003,3.35,3.4000000000000004,3.45,3.5,3.5500000000000003,3.6,3.6500000000000004,3.7,3.75,3.8000000000000003,3.85,3.9000000000000004,3.95,4.0,4.05,4.1000000000000005,4.15,4.2,4.25,4.3,4.3500000000000005,4.4,4.45,4.5,4.55,4.6000000000000005,4.65,4.7,4.75,4.800000000000001,4.8500000000000005,4.9,4.95,5.0,5.050000000000001,5.1000000000000005,5.15,5.2,5.25,5.300000000000001,5.3500000000000005,5.4,5.45,5.5,5.550000000000001,5.6000000000000005,5.65,5.7,5.75,5.800000000000001,5.8500000000000005,5.9,5.95,6.0,6.050000000000001,6.1000000000000005,6.15,6.2,6.25,6.300000000000001,6.3500000000000005,6.4,6.45,6.5,6.550000000000001,6.6000000000000005,6.65,6.7,6.75,6.800000000000001,6.8500000000000005,6.9,6.95,7.0,7.050000000000001,7.1000000000000005,7.15,7.2,7.25,7.300000000000001,7.3500000000000005,7.4,7.45,7.5,7.550000000000001,7.6000000000000005,7.65,7.7,7.75,7.800000000000001,7.8500000000000005,7.9,7.95,8.0,8.05,8.1,8.15,8.200000000000001,8.25,8.3,8.35,8.4,8.450000000000001,8.5,8.55,8.6,8.65,8.700000000000001,8.75,8.8,8.85,8.9,8.950000000000001,9.0,9.05,9.1,9.15,9.200000000000001,9.25,9.3,9.35,9.4,9.450000000000001,9.5,9.55,9.600000000000001,9.65,9.700000000000001,9.75,9.8,9.850000000000001,9.9,9.950000000000001,10.0,10.05],"gtau":[0.4243426385082384,0.40504756960105953,0.3873286456611624,0.3708677981601313,0.355467038229937,0.3409908673897702,0.3273397301129345,0.3144363970790935,0.302218392504392,0.2906335045420438,0.2796369804637524,0.2691896951223743,0.25925690932377904,0.24980739906768337,0.24081282668222015,0.23224727448023957,0.22408689023361528,0.21630961171399574,0.20889494835547406,0.20182380501238908,0.1950783367156696,0.1886418275776094,0.18249858910294564,0.1766338776510377,0.1710338094535329,0.1656852949638515,0.1605759885835036,0.15569423098962273,0.1510290029035056,0.14656988273320773,0.14230700864278567,0.1382310433438361,0.13433313813988348,0.13060490436315622,0.12703839810277406,0.12362608118643366,0.12036080097474773,0.1172357707785777,0.11424454744900621,0.11138101403319864,0.10863936382720077,0.10601407774520259,0.10349991260802321,0.10109188874469997,0.09878527864036285,0.0965755790680346,0.09445851349216672,0.09243001662024834,0.09048622287991116,0.08862345660166376,0.08683822231577708,0.08512719587747422,0.08348721638872435,0.08191527613719356,0.08040851412426774,0.07896421097973459,0.07757978018789576,0.07625276050307551,0.07498081133219188,0.07376170380821996,0.0725933108046749,0.07147362055497289,0.07040071943648625,0.0693727835287246,0.06838807854411885,0.06744495698821376,0.06654184750432653,0.06567726788454128,0.06484979687224485,0.06405809893365733,0.06330089082726237,0.06257696232258284,0.061885166199582814,0.061224413514162884,0.060593671022235826,0.0599919576369248,0.05941834631043295,0.058871958100703545,0.05835197172284089,0.05785760041425136,0.057388102811926155,0.05694278678744596,0.056520999033263394,0.056122124599172915,0.05574558492989955,0.05539084822765523,0.05505741802527333,0.054744813700009415,0.054452621136905806,0.05418041647102584,0.05392785289855665,0.05369457466624774,0.05348029387876519,0.05328474845542969,0.0531076776134086,0.05294888806038716,0.05280818757279301,0.05268542947563136,0.0525804907975286,0.05249327952448871,0.05242373097255506,0.052371809798532835,0.05233751132180422,0.05232086140825259,0.05232191338737248,0.052340752208606914,0.05237749333599187,0.05243228609688304,0.052505312932926554,0.05259678763751063,0.052706956242624,0.05283610409188525,0.05298454890603705,0.05315265140363855,0.053340803753169026,0.053549441102557785,0.053779044526334495,0.054030133952160574,0.054303280026688334,0.054599090716817865,0.05491823839333163,0.05526143114007194,0.05562945047823643,0.056023104418137834,0.05644329465990074,0.05689096658493259,0.057367141215395934,0.057872905739396296,0.05840942051275102,0.05897792082913459,0.05957973024963882,0.06021626355672899,0.06088901337134236,0.06159957010622744,0.06234964630597619,0.0631410383007801,0.06397567578570973,0.06485560329126869,0.06578299613721189,0.06676016579417957,0.06778957008624054,0.0688738236316833,0.07001569660659866,0.07121813553629155,0.07248426492371357,0.07381739681085407,0.07522107072129693,0.07669906117440102,0.07825536717025915,0.07989422773349156,0.08162014829530508,0.08343791323674676,0.08535260984617461,0.08736964278647674,0.08949475521139091,0.0917340563021345,0.09409403990789694,0.09658160771826041,0.0992040976064292,0.10196931270866506,0.10488555227483297,0.10796164414362441,0.11120697978554572,0.11463155160182809,0.11824599332378248,0.122061620701279,0.12609048670937753,0.13034542318576348,0.13484009995114424,0.1395890660028686,0.1446078429576578,0.1499129744079831,0.1555220976420475,0.16145402782059334,0.16772884627763637,0.17436799485465904,0.18139437979770323,0.18883248651991857,0.19670850641252632,0.20505048228750164,0.21388845679272295,0.22325465157217483,0.23318367290827768,0.24371273513973676,0.2548819276073743,0.26673452243962287,0.2793173414477431,0.29268119704444245,0.3068814331767523,0.32197860143844875,0.3380393234057193,0.35513742335347037,0.37335545345956184,0.3927868154419122,0.41353881867564524,0.4357372685797433,0.4595336765627134,0.48511722536867585,0.5127359778573283,0.5427376971691495,0.5756573614917616],