{"bd2":[1,1,2,4,8,16,31,36,62,43,72,43,72,43,60,36,31,16,8,4,2,1,1,1],"taus":[0.1,0.2,0.30000000000000004,0.4,0.5,0.6000000000000001,0.7000000000000001,0.8,0.9,1.0,1.1],"gtau":[0.10147707125860951,0.10058591798571177,0.106804597602994,0.11933716487821348,0.13939853037727074,0.16975061623088017,0.2152573076659624,0.2843880315675096,0.39267893974720103,0.5716854186823476,0.8985229287413905],"bd1":[2,4,2,4,4,8,8,16,16,32,32,64,64,64,32,32,16,16,8,8,4,4,2,1],"nn":[0.8985229287413905,0.8884940549590966,0.8819652996186109,0.8778666435384959,0.8756069145688865,0.8748846129289052,0.8756069145688858,0.8778666435384965,0.8819652996186106,0.8884940549590987]}