{"bd2":[2,4,4,8,16,32,62,32,16,8,4,4,2,1],"taus":[0.2,0.4,0.6000000000000001,0.8,1.0,1.2000000000000002],"gtau":[0.01760276159901516,0.021440502469980596,0.038886811173455126,0.09011763118867203,0.24799501314791514,0.9823972384009848],"nn2":[0.250806069986981,0.08635875378170438,0.06708493649044209,0.06708493649044217,0.08635875378170423],"bd1":[1,1,1,2,2,4,4,8,4,4,2,2,1,1],"nn":[0.9823972384009833,0.9749543366867145,0.9727312516843801,0.9727312516843799,0.9749543366867136]}