{"bd2":[1,1,2,4,8,16,20,20,20,20,20,20,20,20,20,20,20,16,8,4,2,1,1,1],"taus":[0.1,0.2,0.30000000000000004,0.4,0.5,0.6000000000000001,0.7000000000000001,0.8,0.9,1.0,1.1],"gtau":[0.01435075253991199,0.01423672972810507,0.01668105927037465,0.021625668284924633,0.030583554250521446,0.04654078549346503,0.07505236480148159,0.12675801981054835,0.2238593728790467,0.42356549706415303,0.985649247460088],"bd1":[2,4,2,4,4,8,8,16,16,20,20,20,20,20,20,20,16,16,8,8,4,4,2,1],"nn":[0.985649247460088,0.9809892585881285,0.9785401309976189,0.9772433897133143,0.9766119917618218,0.9764231879414431,0.9766120131695326,0.9772433357615837,0.978540151908221,0.9809892813935699]}