{"bd2":[2,4,4,4,4,8,8,8,16,32,32,32,64,100,100,100,100,100,100,100,100,100,100,100,100,100,100,100,100,100,100,100,100,100,100,100,100,100,100,100,100,100,100,100,100,100,100,100,100,100,100,100,100,100,100,100,100,100,100,100,100,100,100,100,100,100,100,100,100,100,100,100,100,100,100,100,100,100,100,100,100,100,100,100,100,100,100,100,100,100,100,100,100,100,100,100,100,100,100,100,100,100,100,100,100,100,100,100,100,100,100,100,100,100,100,100,100,100,100,100,100,100,100,100,100,100,100,100,100,100,100,100,100,100,100,100,100,100,100,100,100,100,100,100,100,100,100,100,100,100,100,100,100,100,100,100,100,100,100,100,100,100,100,100,100,100,100,100,100,100,100,100,100,100,100,100,100,100,100,100,100,100,100,100,100,100,100,100,100,100,100,100,64,32,32,32,16,8,8,8,4,4,4,4,2,1,1,1],"taus":[0.2,0.4,0.6000000000000001,0.8,1.0,1.2000000000000002,1.4000000000000001,1.6,1.8,2.0,2.2,2.4000000000000004,2.6,2.8000000000000003,3.0,3.2,3.4000000000000004,3.6,3.8000000000000003,4.0,4.2,4.4,4.6000000000000005,4.800000000000001,5.0,5.2,5.4,5.6000000000000005,5.800000000000001,6.0,6.2,6.4,6.6000000000000005,6.800000000000001,7.0,7.2,7.4,7.6000000000000005,7.800000000000001,8.0,8.200000000000001,8.4,8.6,8.8,9.0,9.200000000000001,9.4,9.600000000000001,9.8,10.0,10.200000000000001],"gtau":[0.0007820702290862413,0.0007167058668488697,0.0006658726801021389,0.000621381604837345,0.0005819947804763198,0.000547027533795435,0.0005159481119489539,0.0004883101360380615,0.0004637301851993045,0.00044187692173884455,0.000422463378717573,0.00040524072648530314,0.00038999322312311877,0.00037653417575981305,0.0003647022963477593,0.0003543586066110823,0.00034538389181114934,0.00033767650077271233,0.0003311506745733138,0.00032573468573120906,0.00032136994119608803,0.0003180096483716133,0.000315618116551942,0.0003141701246067022,0.0003136505046725844,0.0003140537659050844,0.0003153841431835919,0.0003176555610899792,0.00032089188766863577,0.0003251273594170596,0.0003304071560263609,0.00033678821425998104,0.0003443402214969757,0.00035314681993966514,0.00036330713534712364,0.00037493760917257154,0.0003881741689293354,0.00040317474602730304,0.00042012230514929287,0.0004392284276580645,0.00046073752053890914,0.0004849319464679545,0.0005121380994747679,0.0005427356587302747,0.0005771824828894281,0.0006162635346719152,0.0006652301300174996,0.0008093743293533275,0.002639766911141121,0.03784635615044431,0.9992179297709137],"nn2":[0.03789383468366451,0.0019508322524173503,0.0015027831703897099,0.0014549834434256816,0.0014434116926118517,0.001439464962826045,0.0014378170489425955,0.0014370304903001882,0.0014366162562067413,0.0014363803975788105,0.0014362382863965027,0.001436149774843093,0.0014360909646315724,0.0014360506462606601,0.0014360219942495893,0.0014360019772562287,0.0014359880124374014,0.0014359773299036727,0.0014359699783921644,0.0014359644904208913,0.0014359616240248705,0.0014359597967553317,0.0014359578403894836,0.0014359563455371397,0.0014359566741491436,0.0014359567199624685,0.0014359575615420152,0.0014359582162465794,0.0014359601466688635,0.001435962708254517,0.0014359659288280596,0.0014359702396640026,0.0014359755447922182,0.0014359833601628876,0.0014359938891623765,0.0014360081213670012,0.0014360276376907915,0.0014360552301037456,0.0014360949554868294,0.0014361533012889117,0.0014362425311061316,0.0014363843119589183,0.0014366178927853353,0.00143702940357658,0.0014378118119641877,0.0014394517734917936,0.0014433884032956168,0.0014549488712542757,0.0015027410519094584,0.0019507807387219923],"bd1":[1,1,1,1,1,2,2,4,4,8,8,16,16,32,32,64,63,100,99,100,100,100,100,100,100,100,100,100,100,100,100,100,100,100,100,100,100,100,100,100,100,100,100,100,100,100,100,100,100,100,100,100,100,100,100,100,100,100,100,100,100,100,100,100,100,100,100,100,100,100,100,100,100,100,100,100,100,100,100,100,100,100,100,100,100,100,100,100,100,100,100,100,100,100,100,100,100,100,100,100,100,100,100,100,100,100,100,100,100,100,100,100,100,100,100,100,100,100,100,100,100,100,100,100,100,100,100,100,100,100,100,100,100,100,100,100,100,100,100,100,100,100,100,100,100,100,100,100,100,100,100,100,100,100,100,100,100,100,100,100,100,100,100,100,100,100,100,100,100,100,100,100,100,100,100,100,100,100,100,100,100,100,100,100,100,100,100,100,100,100,100,100,100,100,64,64,32,32,16,16,8,8,4,4,2,2,1,1],"nn":[0.9992183421397783,0.9984743692131055,0.9984391457051568,0.9984372951630374,0.9984371666027888,0.9984371303114327,0.9984371006745075,0.9984370739512676,0.9984370518705772,0.998437030435309,0.9984370107246201,0.9984369941043049,0.9984369814264167,0.9984369700584846,0.9984369611840174,0.9984369558139389,0.9984369529209987,0.998436949678288,0.9984369483605327,0.9984369487851662,0.9984369485117859,0.99843694752031,0.9984369472575978,0.9984369461962486,0.9984369462063222,0.9984369442366561,0.9984369426822144,0.9984369414887504,0.9984369426156231,0.9984369416492013,0.9984369422184316,0.9984369416302777,0.9984369417982119,0.998436943651269,0.998436945176787,0.9984369481096529,0.998436954580464,0.9984369623406264,0.9984369720536673,0.9984369844251936,0.9984370002867369,0.9984370189748352,0.9984370412204835,0.9984370681255614,0.9984371008529449,0.9984371414629577,0.9984371955523275,0.9984373662356644,0.9984392456758531,0.9984745320773257]}