{"bd2":[2,4,4,4,4,8,8,8,16,32,32,32,50,50,50,50,50,50,50,50,50,50,50,50,50,50,50,50,50,50,50,50,50,50,50,50,50,50,50,50,50,50,50,50,50,50,50,50,50,50,50,50,50,50,50,50,50,50,50,50,50,50,50,50,50,50,50,50,50,50,50,50,50,50,50,50,50,50,50,50,50,50,50,50,50,50,50,50,50,50,50,50,50,50,50,50,50,50,50,50,50,50,50,50,50,50,50,50,50,50,50,50,50,50,50,50,50,50,50,50,50,50,50,50,50,50,50,50,50,50,50,50,50,50,50,50,50,50,50,50,50,50,50,50,50,50,50,50,50,50,50,50,50,50,50,50,50,50,50,50,50,50,50,50,50,50,50,50,50,50,50,50,50,50,50,50,50,50,50,50,50,50,50,50,50,50,50,50,50,50,50,50,50,50,50,50,50,50,50,50,50,50,50,50,50,50,50,50,50,50,50,50,50,50,50,50,50,50,50,50,50,50,50,50,50,50,50,50,50,50,50,50,50,50,50,50,50,50,50,50,50,50,50,50,50,50,50,50,50,50,50,50,50,50,50,50,50,50,50,50,50,50,50,50,50,50,50,50,50,50,50,50,50,50,50,50,50,50,50,50,50,50,50,50,50,50,50,50,50,50,50,50,50,50,50,50,50,50,50,50,50,50,50,50,50,50,50,50,50,50,50,50,50,50,50,50,50,50,50,50,50,50,50,50,50,50,50,50,50,50,50,50,50,50,50,50,50,50,50,50,50,50,50,50,50,50,50,50,50,50,50,50,50,50,50,50,50,50,50,50,50,50,50,50,50,50,50,50,50,50,50,50,50,50,50,50,50,50,50,50,50,50,50,50,50,50,50,50,50,50,50,50,50,32,32,32,16,8,8,8,4,2,2,2,2,1,1,1],"taus":[0.1,0.2,0.30000000000000004,0.4,0.5,0.6000000000000001,0.7000000000000001,0.8,0.9,1.0,1.1,1.2000000000000002,1.3,1.4000000000000001,1.5,1.6,1.7000000000000002,1.8,1.9000000000000001,2.0,2.1,2.2,2.3000000000000003,2.4000000000000004,2.5,2.6,2.7,2.8000000000000003,2.9000000000000004,3.0,3.1,3.2,3.3000000000000003,3.4000000000000004,3.5,3.6,3.7,3.8000000000000003,3.9000000000000004,4.0,4.1000000000000005,4.2,4.3,4.4,4.5,4.6000000000000005,4.7,4.800000000000001,4.9,5.0,5.1000000000000005,5.2,5.300000000000001,5.4,5.5,5.6000000000000005,5.7,5.800000000000001,5.9,6.0,6.1000000000000005,6.2,6.300000000000001,6.4,6.5,6.6000000000000005,6.7,6.800000000000001,6.9,7.0,7.1000000000000005,7.2,7.300000000000001,7.4,7.5,7.6000000000000005,7.7,7.800000000000001,7.9,8.0,8.1,8.200000000000001,8.3,8.4,8.5,8.6,8.700000000000001,8.8,8.9,9.0,9.1,9.200000000000001,9.3,9.4,9.5,9.600000000000001,9.700000000000001,9.8,9.9,10.0,10.100000000000001],"gtau":[0.0014066316144825002,0.0013149644058190791,0.0012573381311438523,0.0012087247677777762,0.0011645629419160342,0.0011235261302675451,0.0010850608585278678,0.0010488733215801129,0.00101477186932741,0.0009826045783811058,0.00095224670154466,0.0009235858913072292,0.0008965223838890106,0.0008709642394761063,0.0008468262297682814,0.0008240295836818086,0.0008025016546570619,0.0007821730301439949,0.0007629803123014282,0.0007448643093892407,0.0007277696809121703,0.0007116453737659485,0.0006964426253847147,0.0006821164822249687,0.0006686247716088802,0.0006559284176152691,0.000643990653253373,0.0006327770118727837,0.0006222560011272342,0.0006123980783765092,0.0006031752652370683,0.0005945619635282977,0.0005865344345486554,0.0005790704783093042,0.000572149624197108,0.0005657529914612651,0.0005598631092835784,0.0005544639190227731,0.0005495408017168957,0.0005450802788743389,0.0005410701665633662,0.0005374995016272693,0.0005343585430561146,0.0005316386696373169,0.0005293323032748633,0.0005274328790749076,0.0005259349040022959,0.0005248339442444705,0.0005241265801408541,0.0005238103883170316,0.0005238839542012859,0.000524346843976261,0.0005251996516736891,0.0005264439721038991,0.0005280824304406182,0.00053011868081248,0.0005325574514947826,0.0005354044910918114,0.0005386669036167675,0.0005423522753398656,0.0005464707534301858,0.000551032504876618,0.0005560493820890954,0.000561534513671788,0.0005675025735198255,0.0005739693837388283,0.0005809524741738168,0.0005884711243721346,0.0005965462784049828,0.0006052007297705502,0.0006144591399343544,0.0006243481881541393,0.0006348966159286507,0.0006461356763036715,0.0006580989418013319,0.000670822735222676,0.0006843465304064763,0.0006987113587402111,0.0007139631298777009,0.0007301497097036226,0.0007473218230948883,0.0007655385536736959,0.0007848589251398454,0.0008053482833263284,0.0008270764211569913,0.0008501198015526956,0.0008745600243704489,0.0009004885511714781,0.0009280107655187767,0.0009572682094791421,0.0009885206136556572,0.0010225076268720525,0.0010619117562945832,0.0011176872841447156,0.001236217196491441,0.0016170233240993812,0.003128492250356524,0.009613465958233116,0.03864652091707446,0.17755386631414732,0.9985933683855175],"bd1":[1,1,1,1,1,2,2,4,4,8,8,16,16,32,32,50,50,50,50,50,50,50,50,50,50,50,50,50,50,50,50,50,50,50,50,50,50,50,50,50,50,50,50,50,50,50,50,50,50,50,50,50,50,50,50,50,50,50,50,50,50,50,50,50,50,50,50,50,50,50,50,50,50,50,50,50,50,50,50,50,50,50,50,50,50,50,50,50,50,50,50,50,50,50,50,50,50,50,50,50,50,50,50,50,50,50,50,50,50,50,50,50,50,50,50,50,50,50,50,50,50,50,50,50,50,50,50,50,50,50,50,50,50,50,50,50,50,50,50,50,50,50,50,50,50,50,50,50,50,50,50,50,50,50,50,50,50,50,50,50,50,50,50,50,50,50,50,50,50,50,50,50,50,50,50,50,50,50,50,50,50,50,50,50,50,50,50,50,50,50,50,50,50,50,50,50,50,50,50,50,50,50,50,50,50,50,50,50,50,50,50,50,50,50,50,50,50,50,50,50,50,50,50,50,50,50,50,50,50,50,50,50,50,50,50,50,50,50,50,50,50,50,50,50,50,50,50,50,50,50,50,50,50,50,50,50,50,50,50,50,50,50,50,50,50,50,50,50,50,50,50,50,50,50,50,50,50,50,50,50,50,50,50,50,50,50,50,50,50,50,50,50,50,50,50,50,50,50,50,50,50,50,50,50,50,50,50,50,50,50,50,50,50,50,50,50,50,50,50,50,50,50,50,50,50,50,50,50,50,50,50,50,50,50,50,50,50,50,50,50,50,50,50,50,50,50,50,50,50,50,50,50,50,50,50,50,50,50,50,50,50,50,50,50,50,50,50,50,50,50,50,50,50,50,50,50,50,50,50,50,50,50,50,50,50,50,50,50,50,50,50,50,50,50,50,50,32,32,16,16,8,8,4,4,2,2,1,1],"nn":[0.9985933683855175,0.9974788959453326,0.9972490502902185,0.9971992273851313,0.9971881113105876,0.9971855200742678,0.9971848466707002,0.9971846188897905,0.9971845039502755,0.9971844257548166,0.9971843625923397,0.9971843104717498,0.9971842657384198,0.9971842275814664,0.997184194651452,0.9971841661592457,0.9971841412708825,0.997184121028689,0.9971841052696101,0.9971840935766526,0.9971840855160418,0.9971840790301232,0.9971840746968041,0.9971840731318279,0.9971840734430943,0.9971840757759234,0.9971840777750837,0.9971840827974574,0.9971840892031371,0.9971840972053712,0.9971841018309621,0.99718411127471,0.9971841212013342,0.9971841316701716,0.9971841421406188,0.9971841527943179,0.997184163211619,0.9971841735287659,0.9971841833391529,0.9971841925370759,0.99718420096024,0.9971842212112367,0.9971842284070832,0.9971842357045656,0.9971842420213628,0.9971842475770524,0.9971842509300568,0.9971842542979763,0.9971842568131916,0.9971842581149333,0.9971842585017915,0.9971842576123482,0.9971842558265921,0.9971842530493678,0.9971842491641772,0.9971842449319533,0.9971842373628403,0.9971842318632578,0.9971842254909161,0.9971842191689806,0.9971842122431508,0.9971842041590918,0.9971841954935916,0.9971841858386935,0.997184176136187,0.99718416601965,0.9971841570176582,0.997184147880769,0.9971841395779855,0.9971841312393104,0.9971841237912575,0.997184117290436,0.9971841118638475,0.9971841077618888,0.997184105698281,0.9971841053614385,0.997184107216225,0.9971841110895235,0.9971841171501665,0.9971841272530739,0.9971841406172706,0.9971841563451916,0.997184176053986,0.997184199021304,0.997184226434538,0.997184257622104,0.9971842931871386,0.997184334844524,0.9971843811181229,0.9971844341363731,0.9971844942875677,0.9971845639263396,0.9971846482104091,0.9971847652499555,0.9971849939768282,0.9971856687184724,0.9971882712710239,0.997199430786191,0.9972493293630951,0.9974792494928795]}