{"bd2":[2,4,4,8,16,32,64,100,100,100,100,100,100,100,100,100,100,100,100,100,100,100,100,100,100,100,100,100,100,100,100,100,100,100,100,100,100,100,100,100,100,100,100,100,100,100,100,100,100,100,100,100,100,100,100,100,100,100,100,100,100,100,100,100,100,100,100,100,100,100,100,100,100,100,100,100,100,100,100,100,100,100,100,100,100,100,100,100,100,100,100,100,100,100,100,100,64,32,16,8,4,4,2,1],"taus":[0.1,0.2,0.30000000000000004,0.4,0.5,0.6000000000000001,0.7000000000000001,0.8,0.9,1.0,1.1,1.2000000000000002,1.3,1.4000000000000001,1.5,1.6,1.7000000000000002,1.8,1.9000000000000001,2.0,2.1,2.2,2.3000000000000003,2.4000000000000004,2.5,2.6,2.7,2.8000000000000003,2.9000000000000004,3.0,3.1,3.2,3.3000000000000003,3.4000000000000004,3.5,3.6,3.7,3.8000000000000003,3.9000000000000004,4.0,4.1000000000000005,4.2,4.3,4.4,4.5,4.6000000000000005,4.7,4.800000000000001,4.9,5.0,5.1000000000000005],"gtau":[0.426837805673822,0.39073712967526747,0.35976956319668807,0.3325277348841201,0.3082906372975859,0.2865991569721268,0.2671217027027419,0.2496000722831653,0.23382378439312201,0.21961632817817334,0.20682703243811082,0.19532587374473692,0.18499993708505347,0.17575087319801241,0.16749299803363438,0.160151830659165,0.15366294784511633,0.1479710689538787,0.14302933395065828,0.13879873029290704,0.1352476540341617,0.13235158663413865,0.13009287562152813,0.12846062582008136,0.12745067160670137,0.1270656635998845,0.12731524504573807,0.12821633427628967,0.1297935173214465,0.132079558473886,0.13511604021815019,0.13895414862005023,0.14365561570869023,0.14929385532063028,0.15595529906220448,0.16374098846313728,0.17276845648977546,0.18317395819280494,0.19511514949132994,0.20877428346365473,0.22436212380879697,0.2421227983716427,0.26233996767695006,0.28534494080213535,0.3115278442979245,0.34135395536137086,0.3753895513922851,0.4143472006441237,0.45917623574152416,0.5112778029581824,0.573162194326178],"nn2":[0.5521362788397836,0.49687706146217725,0.46471805542605643,0.4390748317998779,0.4182783902563567,0.40127820917591756,0.3873114271465171,0.37579324287922294,0.36626440763288665,0.3583597252440194,0.3517866498520518,0.346309672310724,0.3417385766280764,0.3379193350306417,0.3347270151492368,0.33206017546029837,0.32983644423258335,0.32798897711506486,0.3264636886304015,0.32521701219833654,0.32421412922532045,0.3234276434746475,0.3228363649550027,0.32242467752002085,0.3221817958810189,0.32210141876596554,0.32218147321017077,0.32242403578931117,0.32283541351070894,0.32342640234200437,0.324212600552954,0.3252152253934469,0.32646165900130825,0.32798672769260445,0.3298340044229649,0.3320575701495211,0.33472425877257334,0.3379164428921552,0.341735557394211,0.34630653889756596,0.3517834168019242,0.35835641546284114,0.3662610437311046,0.3757898674194026,0.38730809839461716,0.40127501107496966,0.4182754353050442,0.439072261400698,0.46471600801371266,0.4968754185548086],"bd1":[1,1,1,2,2,4,4,8,8,16,16,32,32,64,64,100,96,100,100,100,100,100,100,100,100,100,100,100,100,100,100,100,100,100,100,100,100,100,100,100,100,100,100,100,100,100,100,100,100,100,100,100,100,100,100,100,100,100,100,100,100,100,100,100,100,100,100,100,100,100,100,100,100,100,100,100,100,100,100,100,100,100,100,100,100,100,100,100,99,100,64,64,32,32,16,16,8,8,4,4,2,2,1,1],"nn":[0.5731642129784741,0.5332440563261716,0.5006154189436225,0.4738694112013249,0.4518863413046197,0.4337713918762363,0.4188065798853925,0.40641415144457615,0.396128011322173,0.38757136098909767,0.38043901037556993,0.3744833789407905,0.3695032944339219,0.36533512742620333,0.36184565152265113,0.3589263693375336,0.356488947404406,0.3544615371813925,0.3527859220483502,0.3514150753850961,0.3503114175386133,0.34944527714959905,0.34879377778492265,0.34833996118609273,0.3480721495895467,0.34798350764524566,0.3480717885591895,0.3483392454630526,0.34879271984522897,0.34944389449953517,0.3503097307462437,0.3514131079266434,0.35278369475172994,0.35445908905528695,0.3564862848410662,0.3589235207272308,0.36184263413348083,0.365331956652828,0.36949998915847027,0.3744799507478726,0.38043547601845024,0.38756773461824245,0.3961243271358113,0.4064104560753783,0.41880294120108674,0.4337679028479191,0.4518831447033656,0.47386666719510745,0.5006133539565365,0.5332428971729495]}