{"bd2":[1,1,2,4,8,16,31,43,71,63,97,75,119,87,132,98,148,105,157,117,169,125,183,136,197,146,209,154,221,162,230,171,242,175,249,178,250,181,250,184,250,187,250,192,250,192,250,196,250,202,250,207,250,210,250,215,250,221,250,228,250,234,250,239,250,240,250,242,250,245,250,250,250,250,250,250,250,250,250,250,250,250,250,250,250,250,250,250,250,250,250,250,250,250,250,250,250,250,250,250,250,250,250,250,250,250,250,250,250,250,250,250,250,250,250,250,250,250,250,250,250,250,250,250,250,250,250,250,250,250,250,250,250,250,250,250,250,250,250,250,250,250,250,250,250,250,250,250,250,250,250,250,250,250,250,250,250,250,250,250,250,250,250,250,250,250,250,250,250,250,250,250,250,250,250,250,250,250,250,250,250,250,250,250,250,250,250,250,250,250,250,250,250,250,250,250,250,250,250,250,250,250,250,250,250,250,250,250,250,250,250,250,250,250,250,250,250,250,250,250,250,250,250,250,250,250,250,250,250,250,250,250,250,250,250,250,250,250,250,250,250,250,250,250,250,250,250,250,250,250,250,250,250,250,250,250,250,250,250,250,250,250,250,250,250,250,250,250,250,250,250,250,250,250,250,250,250,250,250,250,250,250,250,250,250,250,250,250,250,250,250,250,250,250,250,250,250,250,250,250,250,250,250,250,250,250,250,250,250,250,250,250,250,250,250,250,250,250,250,250,250,250,250,250,250,250,250,250,250,245,250,243,250,240,250,235,250,229,250,228,250,222,250,216,250,210,250,201,250,198,250,194,250,191,250,185,250,181,250,176,250,175,245,172,240,170,232,164,218,155,209,148,202,143,192,137,181,127,175,124,164,114,156,107,146,100,138,93,124,82,106,71,87,55,64,37,31,16,8,4,2,1,1,1],"taus":[0.05,0.1,0.15000000000000002,0.2,0.25,0.30000000000000004,0.35000000000000003,0.4,0.45,0.5,0.55,0.6000000000000001,0.65,0.7000000000000001,0.75,0.8,0.8500000000000001,0.9,0.9500000000000001,1.0,1.05,1.1,1.1500000000000001,1.2000000000000002,1.25,1.3,1.35,1.4000000000000001,1.4500000000000002,1.5,1.55,1.6,1.6500000000000001,1.7000000000000002,1.75,1.8,1.85,1.9000000000000001,1.9500000000000002,2.0,2.0500000000000003,2.1,2.15,2.2,2.25,2.3000000000000003,2.35,2.4000000000000004,2.45,2.5,2.5500000000000003,2.6,2.6500000000000004,2.7,2.75,2.8000000000000003,2.85,2.9000000000000004,2.95,3.0,3.0500000000000003,3.1,3.1500000000000004,3.2,3.25,3.3000000000000003,3.35,3.4000000000000004,3.45,3.5,3.5500000000000003,3.6,3.6500000000000004,3.7,3.75,3.8000000000000003,3.85,3.9000000000000004,3.95,4.0,4.05,4.1000000000000005,4.15,4.2,4.25,4.3,4.3500000000000005,4.4,4.45,4.5,4.55,4.6000000000000005,4.65,4.7,4.75,4.800000000000001,4.8500000000000005,4.9,4.95,5.0,5.050000000000001,5.1000000000000005,5.15,5.2,5.25,5.300000000000001,5.3500000000000005,5.4,5.45,5.5,5.550000000000001,5.6000000000000005,5.65,5.7,5.75,5.800000000000001,5.8500000000000005,5.9,5.95,6.0,6.050000000000001,6.1000000000000005,6.15,6.2,6.25,6.300000000000001,6.3500000000000005,6.4,6.45,6.5,6.550000000000001,6.6000000000000005,6.65,6.7,6.75,6.800000000000001,6.8500000000000005,6.9,6.95,7.0,7.050000000000001,7.1000000000000005,7.15,7.2,7.25,7.300000000000001,7.3500000000000005,7.4,7.45,7.5,7.550000000000001,7.6000000000000005,7.65,7.7,7.75,7.800000000000001,7.8500000000000005,7.9,7.95,8.0,8.05,8.1,8.15,8.200000000000001,8.25,8.3,8.35,8.4,8.450000000000001,8.5,8.55,8.6,8.65,8.700000000000001,8.75,8.8,8.85,8.9,8.950000000000001,9.0,9.05,9.1,9.15,9.200000000000001,9.25,9.3,9.35,9.4,9.450000000000001,9.5,9.55,9.600000000000001,9.65,9.700000000000001,9.75,9.8,9.850000000000001,9.9,9.950000000000001,10.0,10.05],"gtau":[0.04061681405173579,0.038579589279755834,0.036975926641333305,0.03563792227543455,0.03447749097055683,0.03344379180980483,0.03250531524044634,0.031641415230661996,0.030837939389500323,0.0300848139925525,0.02937463284348913,0.02870179597612079,0.028061962168448872,0.027451693253774372,0.026868206587520944,0.026309213968795094,0.025772800160341162,0.025257339741166434,0.024761434360057906,0.024283866991260502,0.02382356637689311,0.023379582578937307,0.0229510677747935,0.022537239509420676,0.022137403525518698,0.02175091801318867,0.021377197645509702,0.021015689467463152,0.020665894051122468,0.020327331380558675,0.01999956842426794,0.01968218415252231,0.01937479563832051,0.01907703328946857,0.018788549104595438,0.01850901633835254,0.018238124201776642,0.01797557821389365,0.017721098990879546,0.01747442023165362,0.017235288301266923,0.017003461284842487,0.016778699481346842,0.016560776170191648,0.016349478935277495,0.01614460545485605,0.015945961454926574,0.01575336186714257,0.015566629383133416,0.015385587015051183,0.015210078659201053,0.015039941851994294,0.01487502520330672,0.014715183942879174,0.014560276493025348,0.014410172316735682,0.014264744128688793,0.014123868855703055,0.013987427082802303,0.013855304784921148,0.013727392106391258,0.01360358193766239,0.013483768812942316,0.013367846480082662,0.013255702018414833,0.013147213027086603,0.013042375154205312,0.01294121142895865,0.012843510979438857,0.012749185310454,0.01265815148318476,0.012570325683734854,0.012485696379864223,0.012404142390608832,0.012325604316414163,0.012250035220832805,0.012177396796660418,0.012107659737304231,0.012040785487090372,0.011976710955055795,0.011915375163762116,0.011856728121746521,0.011800725593673395,0.011747326482547258,0.011696492091353004,0.011648185863155755,0.011602373241670148,0.011559021609344165,0.011518100300536308,0.011479580631151048,0.01144343595213877,0.011409641748855035,0.011378175755395792,0.011349017698864157,0.011322148567718564,0.01129754999304193,0.01127520437006151,0.011255095419177758,0.011237208613468781,0.0112215313629928,0.01120805303187333,0.011196764872956372,0.011187659973519594,0.0111807332030279,0.011175981190236333,0.011173402299600533,0.011172996630156008,0.011174766041417103,0.011178714178208137,0.011184846521848797,0.011193170411304335,0.011203695122695402,0.011216431946009924,0.011231394224387917,0.011248597485660582,0.011268059499894862,0.011289800438074461,0.011313842980910899,0.011340212480699495,0.011368937122659836,0.011400048138770266,0.011433580038691459,0.01146957085580345,0.011508062464174379,0.011549100891782321,0.01159273671850131,0.011639025496286494,0.01168802824376467,0.011739811996176727,0.011794450417487654,0.011852024501669237,0.011912623360559055,0.01197634512538399,0.012043298003813752,0.012113601610199302,0.01218738895590764,0.012264810429191073,0.01234604107724548,0.012431274577995246,0.01252071140846044,0.012614570085303612,0.012713106623902796,0.012816602291602199,0.012925961543743524,0.013040737383608381,0.013161690697856955,0.01328931578099618,0.013424171274558461,0.013566893906003416,0.013718211015432195,0.013878948243337508,0.01404998284167714,0.014232439670864308,0.014427579075542835,0.014636833585448225,0.014861849718947112,0.015104522307117202,0.015367153672275863,0.015652194957393548,0.01596259315155392,0.016301759436733905,0.01667364778705637,0.017082847523693892,0.017534690835186065,0.018035399443797746,0.018592178436280936,0.019213466706895253,0.019909105406934847,0.020690605512236834,0.021571464321150566,0.022567497796760712,0.023697130101367314,0.024982181860748378,0.026448275413223955,0.02812561736538367,0.03004994825174334,0.03226336153775259,0.03481589240390575,0.03776693313508413,0.04118720364761478,0.04516126571731146,0.04978949963017123,0.05519288510953609,0.061516974110733966,0.06893763701262917,0.07766829275281668,0.08796903991024388,0.10015855598248807,0.11462970791610119,0.1318700406519542,0.1524906510859034,0.1772636427391648,0.20717705585455407,0.24351322314668608,0.28796568611266304,0.34281993807893624,0.4112456955042011,0.49779605963104434,0.6093204911827864,0.7567882220016753,0.9593831859482642],