{"bd2":[1,1,2,4,8,15,20,20,20,20,20,20,20,20,20,20,20,20,20,20,20,20,20,20,20,20,20,20,20,20,20,20,20,20,20,20,20,15,8,4,2,1,1,1],"taus":[0.05,0.1,0.15000000000000002,0.2,0.25,0.30000000000000004,0.35000000000000003,0.4,0.45,0.5,0.55,0.6000000000000001,0.65,0.7000000000000001,0.75,0.8,0.8500000000000001,0.9,0.9500000000000001,1.0,1.05],"gtau":[0.01889586626694105,0.018235704238210613,0.018770752147839877,0.020055975969924228,0.02202565871808762,0.02475562526791622,0.028407277727964763,0.033219538166723156,0.03951990541547926,0.0477477350783964,0.05848991637852689,0.07253348558014007,0.09094473314015095,0.11519195636128579,0.1473439921582446,0.19041405234358202,0.24901766899957486,0.33079340943505997,0.44993221914615233,0.6375472814853317,0.9811041337330589],"bd1":[2,4,2,4,4,8,8,16,16,20,20,20,20,20,20,20,20,20,20,20,20,20,20,20,20,20,20,20,20,20,20,20,20,20,20,20,16,16,8,8,4,4,2,1],"nn":[0.9811041337330588,0.9779639299642141,0.9756760044138599,0.9739839287513068,0.972726722618363,0.9717959730418196,0.9711161913759689,0.9706343345724996,0.9703136987416109,0.9701302320821662,0.9700703477176862,0.9701297433688243,0.9703129811594283,0.9706337779520827,0.9711161362089811,0.971796582867471,0.9727279696181725,0.973985706792835,0.9756782897979778,0.977966580901874]}