{"bd2":[2,4,4,4,4,8,8,8,16,32,32,32,50,50,50,50,50,50,50,50,50,50,50,50,50,50,50,50,50,50,50,50,50,50,50,50,50,50,50,50,50,50,50,50,50,50,50,50,50,50,50,50,50,50,50,50,50,50,50,50,50,50,50,50,50,50,50,50,50,50,50,50,50,50,50,50,50,50,50,50,50,50,50,50,50,50,50,50,50,50,50,50,50,50,50,50,50,50,50,50,50,50,50,50,50,50,50,50,50,50,50,50,50,50,50,50,50,50,50,50,50,50,50,50,50,50,50,50,50,50,50,50,50,50,50,50,50,50,50,50,50,50,50,50,50,50,50,50,50,50,50,50,50,50,50,50,50,50,50,50,50,50,50,50,50,50,50,50,50,50,50,50,50,50,50,50,50,50,50,50,50,50,50,50,50,50,50,50,50,50,50,50,50,32,32,32,16,8,8,8,4,2,2,2,2,1,1,1],"taus":[0.2,0.4,0.6000000000000001,0.8,1.0,1.2000000000000002,1.4000000000000001,1.6,1.8,2.0,2.2,2.4000000000000004,2.6,2.8000000000000003,3.0,3.2,3.4000000000000004,3.6,3.8000000000000003,4.0,4.2,4.4,4.6000000000000005,4.800000000000001,5.0,5.2,5.4,5.6000000000000005,5.800000000000001,6.0,6.2,6.4,6.6000000000000005,6.800000000000001,7.0,7.2,7.4,7.6000000000000005,7.800000000000001,8.0,8.200000000000001,8.4,8.6,8.8,9.0,9.200000000000001,9.4,9.600000000000001,9.8,10.0,10.200000000000001],"gtau":[0.0007793830403988655,0.0007153790215765772,0.0006655158934675842,0.0006217020306917072,0.0005827562087953139,0.0005480417361304852,0.0005170679296618892,0.0004894393020274789,0.0004647894449913033,0.0004428142601731054,0.0004232448590568612,0.00040584671672495534,0.0003904174052623295,0.0003767796457076896,0.0003647790645116026,0.0003542819519026505,0.00034517271533417566,0.00033735205838483187,0.00033073516821544306,0.0003252507812789057,0.00032083961448250693,0.0003174537267630589,0.00031505607419011464,0.00031361908213353755,0.00031312564943463317,0.00031356807007128267,0.0003149476556861181,0.0003172760130438053,0.0003205746453030705,0.0003248756579539819,0.00033022110315301863,0.0003366666940569957,0.0003442801622797652,0.00035314306216546954,0.0003633538881501105,0.0003750274501586607,0.00038829975307483187,0.0004033279094358489,0.00042029498069106724,0.00043941285107320554,0.0004609265726047263,0.00048511935442250713,0.0005123186421099938,0.0005429052435685629,0.000577338222700075,0.0006164047735946775,0.0006653462335559295,0.0008094704321263646,0.002639847106837544,0.037846587135395134,0.9992206169596012],"bd1":[1,1,1,1,1,2,2,4,4,8,8,16,16,32,32,50,50,50,50,50,50,50,50,50,50,50,50,50,50,50,50,50,50,50,50,50,50,50,50,50,50,50,50,50,50,50,50,50,50,50,50,50,50,50,50,50,50,50,50,50,50,50,50,50,50,50,50,50,50,50,50,50,50,50,50,50,50,50,50,50,50,50,50,50,50,50,50,50,50,50,50,50,50,50,50,50,50,50,50,50,50,50,50,50,50,50,50,50,50,50,50,50,50,50,50,50,50,50,50,50,50,50,50,50,50,50,50,50,50,50,50,50,50,50,50,50,50,50,50,50,50,50,50,50,50,50,50,50,50,50,50,50,50,50,50,50,50,50,50,50,50,50,50,50,50,50,50,50,50,50,50,50,50,50,50,50,50,50,50,50,50,50,50,50,50,50,50,50,50,50,50,50,50,50,50,50,32,32,16,16,8,8,4,4,2,2,1,1],"nn":[0.9992206169596012,0.9984766340929886,0.9984414044493992,0.9984395674204022,0.9984394097665427,0.9984393676903542,0.9984393317771522,0.9984393007474072,0.9984392736671186,0.9984392468218259,0.9984393588977994,0.99843938326841,0.9984394147806785,0.9984394520043363,0.9984394930786049,0.9984395355571976,0.9984395795817252,0.9984396229379608,0.9984396646983484,0.9984397035616182,0.9984397362389351,0.9984397666302465,0.9984397880133277,0.9984398069546212,0.998439814179404,0.9984398183396994,0.9984398114284238,0.9984398022688471,0.9984397819686032,0.998439757216738,0.9984397277913541,0.9984396934555398,0.998439652551993,0.9984396126689572,0.998439569049425,0.9984395250747052,0.9984394828947115,0.9984394440554355,0.9984394085667253,0.9984393791122036,0.9984393578241996,0.9984393411429403,0.9984393371409326,0.998439341443771,0.9984393572913016,0.9984393856694437,0.9984394317524518,0.9984395783396058,0.9984414218260854,0.9984766600719048]}