{"bd2":[2,4,4,4,4,8,8,8,16,32,32,32,58,88,88,88,98,128,128,128,112,140,140,140,112,132,132,132,98,88,88,88,58,32,32,32,16,8,8,8,4,4,4,4,2,1,1,1],"taus":[0.1,0.2,0.30000000000000004,0.4,0.5,0.6000000000000001,0.7000000000000001,0.8,0.9,1.0,1.1],"gtau":[0.0014429118048011553,0.0013885749337659145,0.001373962248209275,0.001384067702109107,0.0014614290110327324,0.0018063650011643033,0.0032914650119177553,0.009766905543022225,0.0388075858541951,0.1776864019822962,0.9985570881951988],"nn2":[0.17793866724663532,0.03799379319712899,0.03342044791714167,0.03239583635744693,0.0320808983366352,0.032004461760714836,0.03208089833082421,0.03239583635215029,0.03342044791444038,0.03799379318757564],"bd1":[1,1,1,1,1,2,2,4,4,8,8,16,16,32,32,64,64,128,128,256,256,300,300,300,300,300,300,300,300,300,256,256,128,128,64,64,32,32,16,16,8,8,4,4,2,2,1,1],"nn":[0.9985570882015342,0.9974294984132468,0.9971891312955348,0.9971351962156265,0.9971229149548169,0.9971206861736642,0.9971229149548647,0.9971351962158563,0.9971891312953599,0.9974294984132106]}