{"bd2":[1,1,2,4,8,15,25,22,35,26,40,29,40,30,40,29,40,29,40,29,40,29,40,32,40,32,40,32,40,32,40,32,40,32,40,33,40,33,40,34,40,33,40,33,40,33,40,32,40,32,40,32,40,32,40,32,40,32,40,32,40,29,40,29,40,29,40,29,40,29,40,28,36,24,33,21,23,13,8,4,2,1,1,1],"taus":[0.025,0.05,0.07500000000000001,0.1,0.125,0.15000000000000002,0.17500000000000002,0.2,0.225,0.25,0.275,0.30000000000000004,0.325,0.35000000000000003,0.375,0.4,0.42500000000000004,0.45,0.47500000000000003,0.5,0.525,0.55,0.5750000000000001,0.6000000000000001,0.625,0.65,0.675,0.7000000000000001,0.7250000000000001,0.75,0.775,0.8,0.8250000000000001,0.8500000000000001,0.875,0.9,0.925,0.9500000000000001,0.9750000000000001,1.0,1.0250000000000001],"gtau":[0.10169563647900251,0.1006863691092173,0.10028526219150373,0.10039695080589876,0.10096054873706711,0.10193820351419627,0.10330845248773485,0.10506238128673856,0.10720131372306428,0.10972867476185882,0.11264729182856482,0.11598083079777659,0.11975186317035656,0.12398831393236485,0.12872362384042396,0.13399705623243116,0.13985415989712388,0.14634738982309095,0.1535368968609458,0.16149150591892605,0.17028991166073565,0.18002213124090655,0.19079126659160683,0.20271564486670413,0.21593142742517363,0.23059580726892326,0.24689094993865435,0.2650288890977345,0.28525766101699246,0.3078690668960542,0.3332086037906101,0.36168832809345086,0.3938037505920077,0.4301563735630315,0.4714690211505934,0.5186776857374483,0.5729446992922348,0.6357390099776717,0.7089924848277451,0.7953086775015645,0.8983043635209975],"bd1":[2,4,2,4,4,8,8,16,16,32,32,40,40,40,40,40,40,40,40,40,40,40,40,40,40,40,40,40,40,40,40,40,40,40,40,40,40,40,40,40,40,40,40,40,40,40,40,40,40,40,40,40,40,40,40,40,40,40,40,40,40,40,40,40,40,40,40,40,40,40,40,40,40,40,32,32,16,16,8,8,4,4,2,1],"nn":[0.8983043635209975,0.8953239202670498,0.8926504005023858,0.890249918588176,0.8880938523713022,0.8861578335472758,0.8844209913749438,0.8828653716681879,0.8814754739342479,0.8802379074870059,0.879141189163266,0.878175364694175,0.8773318799325864,0.8766034245714049,0.8759838042115224,0.8754678359692718,0.8750512639069175,0.8747306914517212,0.8745035286544467,0.8743679526822105,0.8743228803793995,0.8743679521106,0.8745035264300233,0.8747306854300352,0.8750512509130018,0.8754678118390388,0.875983763851624,0.8766033620246014,0.8773317884390646,0.8781752367329707,0.87914101644163,0.880237680822657,0.8814751830138123,0.8828650669273259,0.8844206830780289,0.8861575245940485,0.8880935533555322,0.890249645600652,0.892650178532922,0.8953237852284212]}