{"bd2":[2,4,4,8,16,32,46,64,62,80,70,92,70,92,70,96,72,100,74,100,77,100,80,100,82,100,84,100,88,100,88,100,88,100,88,100,88,100,88,100,88,100,88,100,88,100,88,100,88,100,88,100,88,100,88,100,84,100,82,100,80,100,78,100,72,96,72,96,70,92,70,92,70,80,62,64,46,32,16,8,4,4,2,1],"taus":[0.025,0.05,0.07500000000000001,0.1,0.125,0.15000000000000002,0.17500000000000002,0.2,0.225,0.25,0.275,0.30000000000000004,0.325,0.35000000000000003,0.375,0.4,0.42500000000000004,0.45,0.47500000000000003,0.5,0.525,0.55,0.5750000000000001,0.6000000000000001,0.625,0.65,0.675,0.7000000000000001,0.7250000000000001,0.75,0.775,0.8,0.8250000000000001,0.8500000000000001,0.875,0.9,0.925,0.9500000000000001,0.9750000000000001,1.0,1.0250000000000001],"gtau":[0.4464994183310653,0.4416311455198083,0.43731370375843986,0.4334900635684811,0.43011854244647263,0.4271678962643003,0.42461426017087917,0.42243916356577105,0.4206281981456099,0.41917009879692424,0.4180560943974285,0.41727944034780234,0.4168350767627441,0.4167193757159253,0.4169299530738559,0.41746552830658545,0.4183258207712135,0.4195114745222124,0.421024006084926,0.4228657713916448,0.4250399493862165,0.4275505408246514,0.43040238166495465,0.4336011712263654,0.4371535160875213,0.44106699156653234,0.4453502236539349,0.45001299557733515,0.4550663849081559,0.46052293946980116,0.4663969037453214,0.47270451218393056,0.4794643731262898,0.4866979779079597,0.49443038664598987,0.5026911692817696,0.5115157250309462,0.5209471793176816,0.5310391918395649,0.5418602589404763,0.5535005816689347],"nn2":[0.5471727230075669,0.5360440331394061,0.5310861047686347,0.5264883288642375,0.5222306090597234,0.5182962919373514,0.5146711394643839,0.5113427405870926,0.5083001527390951,0.5055336710635354,0.5030346724065549,0.500795505329771,0.4988094096208528,0.4970704557322068,0.4955734981328922,0.49431413895476867,0.4932886993908759,0.49249419728247645,0.49192833001025205,0.4915894616107907,0.49147661395914183,0.491589461589201,0.4919283299718163,0.4924941972274769,0.49328869932111025,0.4943141388848995,0.4955734980843179,0.49707045567516045,0.4988094095519135,0.50079550524105,0.5030346723201926,0.5055336709958141,0.5083001527117794,0.5113427405976546,0.5146711395075497,0.5182962920057026,0.522230609140741,0.5264883289418456,0.5310861048309581,0.5360440331852624],"bd1":[1,1,1,2,2,4,4,8,8,16,16,32,31,58,46,81,59,98,69,100,74,100,80,100,84,100,88,100,89,100,91,100,94,100,94,100,94,100,94,100,94,100,95,100,95,100,95,100,95,100,94,100,94,100,93,100,91,100,88,100,83,100,80,100,71,100,64,96,55,81,45,58,31,32,16,16,8,8,4,4,2,2,1,1],"nn":[0.5535005822968959,0.5481846124599464,0.5432274453809941,0.5386142565159612,0.5343313902642166,0.5303662797116532,0.5267073788670861,0.523344104543535,0.5202667859965538,0.5174666209323393,0.5149356369539789,0.512666657662546,0.5106532729219055,0.5088898128293301,0.5073713250985378,0.5060935556094661,0.5050529318784005,0.5042465493118099,0.5036721601093918,0.503328164715171,0.5032136058185485,0.5033281647155533,0.5036721601105286,0.5042465493197945,0.5050529318880201,0.5060935556179698,0.5073713251055498,0.5088898128349627,0.5106532729295463,0.5126666576627226,0.5149356369509157,0.5174666209278516,0.520266785991963,0.5233441045444559,0.5267073788713024,0.5303662797186881,0.5343313902743752,0.5386142565287644,0.5432274453882238,0.5481846124599447]}