{"bd2":[2,4,4,8,16,20,20,20,20,20,20,20,20,20,20,20,20,20,20,20,20,20,20,20,20,20,20,20,20,20,20,20,20,20,20,20,20,20,16,8,4,4,2,1],"taus":[0.05,0.1,0.15000000000000002,0.2,0.25,0.30000000000000004,0.35000000000000003,0.4,0.45,0.5,0.55,0.6000000000000001,0.65,0.7000000000000001,0.75,0.8,0.8500000000000001,0.9,0.9500000000000001,1.0,1.05],"gtau":[0.018978389999778945,0.0183082763818269,0.01883705139868483,0.020115071119416888,0.022077607615950286,0.024801279193381542,0.028448429409689002,0.0332591431756977,0.03956250730422892,0.04780007317411895,0.058561912364948274,0.07263888006042242,0.09110005866894638,0.11541262773253338,0.14763813765999337,0.19077423719338946,0.24941006274199265,0.33113322597056716,0.4500505278629459,0.6372929804920568,0.981021610000221],"nn2":[0.6396799197767488,0.45115403575439705,0.430912124739294,0.42245257406783476,0.4182946488142812,0.41602424425326284,0.4147029886311519,0.41391338746808837,0.41345474756659956,0.4132083277701476,0.41313947674724916,0.41324122494858556,0.41349070607681726,0.4139461585854736,0.41472305171539947,0.4160320586096687,0.4182737185283145,0.42238307201412334,0.4307727112851177,0.4509416257707368],"bd1":[1,1,1,2,2,4,4,8,8,16,16,20,20,20,20,20,20,20,20,20,20,20,20,20,20,20,20,20,20,20,20,20,20,20,16,16,8,8,4,4,2,2,1,1],"nn":[0.9810850896771419,0.9779622839806008,0.9756596631432531,0.9739609131293866,0.972702521454581,0.9717760051745463,0.9711037903798618,0.9706299551966447,0.9703152510271852,0.9701340333641253,0.9700734045317226,0.9701303185868992,0.9703075879852899,0.970620744320616,0.9710969925815562,0.9717727689121568,0.9727010776179813,0.9739608442519467,0.9756597519647238,0.9779632847385376]}