{"bd2":[1,1,2,4,8,16,32,64,122,160,160,160,160,160,160,160,160,160,160,160,160,160,160,160,160,160,160,160,160,160,160,160,160,160,160,160,160,160,160,160,160,160,160,160,160,160,160,160,160,160,160,160,160,160,160,160,160,160,160,160,160,160,160,160,160,160,160,160,160,160,160,160,160,160,160,160,160,160,160,160,160,160,160,160,160,160,160,160,160,160,160,160,160,139,119,61,32,16,8,4,2,1,1,1],"taus":[0.2,0.4,0.6000000000000001,0.8,1.0,1.2000000000000002,1.4000000000000001,1.6,1.8,2.0,2.2,2.4000000000000004,2.6,2.8000000000000003,3.0,3.2,3.4000000000000004,3.6,3.8000000000000003,4.0,4.2,4.4,4.6000000000000005,4.800000000000001,5.0,5.2,5.4,5.6000000000000005,5.800000000000001,6.0,6.2,6.4,6.6000000000000005,6.800000000000001,7.0,7.2,7.4,7.6000000000000005,7.800000000000001,8.0,8.200000000000001,8.4,8.6,8.8,9.0,9.200000000000001,9.4,9.600000000000001,9.8,10.0,10.200000000000001],"gtau":[0.006099663593011727,0.0052564336475752335,0.004850275387777105,0.004515280608833451,0.004223021297915327,0.003964873340756138,0.0037359241225966345,0.003532528333747151,0.0033517111228084265,0.003190958639379983,0.0030481170519972172,0.002921330286378128,0.0028089952393926957,0.002709726702509482,0.002622329006961411,0.0025457723151310033,0.0024791728082447315,0.002421776037131406,0.002372942958524042,0.0023321382698200453,0.002298920764820697,0.002272935477985587,0.002253907402330467,0.0022416366838594916,0.0022359951381789363,0.002236924021229024,0.0022444330229310786,0.00225860042712811,0.0022795744853744055,0.0023075760004822986,0.0023429021738432037,0.002385931865500053,0.002437132333238529,0.002497067675286525,0.0025664092426344477,0.0026459484629945493,0.002736613357476364,0.0028394913130921,0.002955868620537732,0.0030873209766744676,0.003235980101009409,0.003405435653500478,0.0036039720977112883,0.0038564694755014446,0.004248652889109013,0.005092867560040353,0.007554435521812883,0.016054195423814487,0.04783943045273325,0.1766592998943867,0.9939003364069883],"bd1":[2,4,2,4,4,8,8,16,16,32,32,64,64,126,118,160,156,160,160,160,160,160,160,160,160,160,160,160,160,160,160,160,160,160,160,160,160,160,160,160,160,160,160,160,160,160,160,160,160,160,160,160,160,160,160,160,160,160,160,160,160,160,160,160,160,160,160,160,160,160,160,160,160,160,160,160,160,160,160,160,160,160,160,160,160,160,160,160,160,160,120,126,64,64,32,32,16,16,8,8,4,4,2,1],"nn":[0.9939003364069883,0.9893040085666748,0.9882230761531126,0.9879542803236251,0.9878843305070993,0.9878644712940572,0.9878576579482946,0.9878544773409651,0.9878524706127232,0.9878509592811394,0.9878497322798923,0.9878487074108379,0.9878478419066192,0.9878471076888363,0.9878464838141751,0.9878459538933105,0.9878455047881085,0.9878451258236993,0.9878448083566916,0.9878445454045204,0.9878443313685031,0.9878441617970607,0.9878440332637526,0.9878439432055919,0.9878438898609986,0.987843872192363,0.9878438898544328,0.9878439431970648,0.9878440332532733,0.9878441617837673,0.9878443313499724,0.9878445453926126,0.9878448083484405,0.987845125815557,0.9878455047807034,0.9878459539345144,0.9878464838464207,0.9878471076959162,0.9878478419293774,0.9878487074322856,0.9878497322967937,0.9878509592923982,0.9878524706159374,0.9878544773406568,0.9878576579609997,0.9878644713255434,0.9878843305549937,0.9879542803734426,0.9882230761713411,0.9893040085213612]}