{"bd2":[2,4,4,8,16,32,54,80,82,100,96,100,96,100,98,100,98,100,98,100,98,100,98,100,98,100,98,100,98,100,96,100,96,100,82,80,54,32,16,8,4,4,2,1],"taus":[0.05,0.1,0.15000000000000002,0.2,0.25,0.30000000000000004,0.35000000000000003,0.4,0.45,0.5,0.55,0.6000000000000001,0.65,0.7000000000000001,0.75,0.8,0.8500000000000001,0.9,0.9500000000000001,1.0,1.05],"gtau":[0.34439673679495236,0.34389181670187313,0.34496076921017754,0.347449484267579,0.3512927260132109,0.3564746096639884,0.36301082723025846,0.3709400233811444,0.3803195577464969,0.3912236416582406,0.40374295042717606,0.41798532862681503,0.43407749453950584,0.45216786797202807,0.47243088727209814,0.4950735464641155,0.5203455451722999,0.5485557855994573,0.5801009407181424,0.6155192134798464,0.6556032632050477],"nn2":[0.6251749457467328,0.5883582911505681,0.5800598871611466,0.5730835752201581,0.5672608317939152,0.5624803763936125,0.5586625116273518,0.5557485939814572,0.5536960605833915,0.5524758423954862,0.5520709649754196,0.5524758423965761,0.5536960605842502,0.5557485939836471,0.5586625116280981,0.5624803763932621,0.5672608317943311,0.5730835752235249,0.5800598871631045,0.5883582911249878],"bd1":[1,1,1,2,2,4,4,8,8,16,16,32,32,64,58,100,81,100,93,100,96,100,97,100,97,100,96,100,79,100,56,64,32,32,16,16,8,8,4,4,2,2,1,1],"nn":[0.6556032632062914,0.6456889470354639,0.6371316832892969,0.6298196432529587,0.6236587489321417,0.6185706876582665,0.6144913989329289,0.6113699074191197,0.6091674309223406,0.6078567202215528,0.607421603711125,0.6078567202208456,0.6091674309209678,0.6113699074173831,0.6144913989311395,0.6185706876565015,0.6236587489303795,0.6298196432511488,0.6371316832877146,0.6456889470342176]}