{"bd2":[1,1,2,4,8,16,32,64,128,160,160,160,160,160,160,160,160,160,160,160,160,160,160,160,160,160,160,160,160,160,160,160,160,160,160,160,160,160,160,160,160,160,160,160,128,64,32,16,8,4,2,1,1,1],"taus":[0.4,0.8,1.2000000000000002,1.6,2.0,2.4000000000000004,2.8000000000000003,3.2,3.6,4.0,4.4,4.800000000000001,5.2,5.6000000000000005,6.0,6.4,6.800000000000001,7.2,7.6000000000000005,8.0,8.4,8.8,9.200000000000001,9.600000000000001,10.0,10.4],"gtau":[0.0005703015370348863,0.0004928177313455789,0.0004338574273200562,0.00038732412153380936,0.0003505367504130072,0.0003215170159685038,0.0002987830557088829,0.0002812269431568662,0.0002680282888821067,0.00025859238007745224,0.0002525065050150859,0.0002495102786844657,0.00024947721943992696,0.00025240588465397435,0.0002584197709323935,0.00026777593980835,0.00028088325945606254,0.0002983317003148453,0.00032093565325963676,0.00034979527668896663,0.0003863826504001218,0.0004326794385532924,0.0004925236554857355,0.0006594692743759334,0.008059419989927884,0.9994296984629651],"bd1":[2,4,2,4,4,8,8,16,16,28,22,40,32,50,40,58,44,62,46,68,48,72,50,74,52,76,54,76,54,76,52,74,50,72,48,68,46,62,44,58,40,50,32,40,22,28,16,16,8,8,4,4,2,1],"nn":[0.999429698462965,0.9988665471725774,0.9988600624934361,0.998859918836092,0.9988598765266388,0.998859848133011,0.99885982796093,0.9988598134389497,0.9988598029754703,0.9988597955375863,0.9988597904433679,0.9988597872647557,0.9988597857405122,0.9988597857347743,0.9988597872686205,0.9988597904404424,0.9988597955368308,0.9988598029745622,0.998859813436558,0.9988598279479782,0.9988598481249724,0.9988598765249252,0.9988599188401535,0.998860062494893,0.9988665471631495]}