{"bd2":[2,4,4,8,16,32,60,32,16,8,4,4,2,1],"taus":[0.2,0.4,0.6000000000000001,0.8,1.0,1.2000000000000002],"gtau":[0.01760276159902295,0.021440502469979132,0.038886811173453176,0.09011763118869007,0.24799501314793576,0.982397238400977],"nn2":[0.250806069986983,0.08635875378170235,0.06708493649044059,0.0670849364904406,0.08635875378170234],"bd1":[1,1,1,2,2,4,4,8,4,4,2,2,1,1],"nn":[0.9823972384009751,0.9749543366866895,0.9727312516843561,0.9727312516843569,0.9749543366866904]}