{"bd2":[1,1,2,4,8,16,32,63,121,151,200,200,200,200,200,200,200,200,200,200,200,200,200,200,200,200,200,200,200,200,200,200,200,200,200,200,200,200,200,200,200,200,200,200,200,200,200,200,200,200,200,200,200,200,200,200,200,200,200,200,200,200,200,200,200,200,200,200,200,200,200,200,200,200,200,200,200,200,200,200,200,200,200,200,200,200,200,200,200,200,200,200,200,141,119,61,32,16,8,4,2,1,1,1],"taus":[0.2,0.4,0.6000000000000001,0.8,1.0,1.2000000000000002,1.4000000000000001,1.6,1.8,2.0,2.2,2.4000000000000004,2.6,2.8000000000000003,3.0,3.2,3.4000000000000004,3.6,3.8000000000000003,4.0,4.2,4.4,4.6000000000000005,4.800000000000001,5.0,5.2,5.4,5.6000000000000005,5.800000000000001,6.0,6.2,6.4,6.6000000000000005,6.800000000000001,7.0,7.2,7.4,7.6000000000000005,7.800000000000001,8.0,8.200000000000001,8.4,8.6,8.8,9.0,9.200000000000001,9.4,9.600000000000001,9.8,10.0,10.200000000000001],"gtau":[0.011334843367867817,0.0096138398688015,0.008833241137386299,0.008208249424176953,0.007667724554343044,0.007191840514071581,0.006770396345787945,0.00639625717299281,0.006063762315876965,0.005768191919791237,0.0055055288550905305,0.005272323201669442,0.005065600536506344,0.0048827930202014445,0.0047216845726285005,0.004580365930892438,0.004457197285345781,0.004350777009864784,0.004259915478533948,0.004183613219113573,0.004121042797091301,0.004071534024778596,0.004034562080496544,0.004009738302562428,0.0039968033956359235,0.003995622945123061,0.004006185095010896,0.004028600372692951,0.004063103646127377,0.0041100582738689785,0.004169962612218874,0.004243459114244549,0.004331346546579273,0.0044345963763907465,0.004554375779480957,0.004692083466010437,0.004849414517381074,0.005028498027479788,0.005232227454971544,0.005465114741599355,0.005735586991867415,0.006062285143631111,0.006491517509299947,0.0071459303208075645,0.008360934826752334,0.011069473125363652,0.017898086122646935,0.03635581308274152,0.0886516134620328,0.248533604751238,0.9886651566321322],"bd1":[2,4,2,4,4,8,8,16,16,32,32,64,64,128,124,200,186,200,200,200,200,200,200,200,200,200,200,200,200,200,200,200,200,200,200,200,200,200,200,200,200,200,200,200,200,200,200,200,200,200,200,200,200,200,200,200,200,200,200,200,200,200,200,200,200,200,200,200,200,200,200,200,200,200,200,200,200,200,200,200,200,200,200,200,200,200,200,200,198,200,126,128,64,64,32,32,16,16,8,8,4,4,2,1],"nn":[0.9886651566321322,0.9811152941919246,0.9787328356166399,0.9779425331508924,0.9776713483245932,0.9775737990844058,0.9775356577142759,0.9775185073365582,0.9775092061710399,0.9775031510256111,0.9774986639205301,0.9774950882748789,0.9774921353029906,0.9774896559906192,0.9774875595552879,0.9774857830545287,0.9774842792351268,0.977483011120054,0.9774819492299673,0.9774810699298211,0.9774803543140209,0.9774797874604291,0.9774793578258654,0.9774790568301428,0.9774788785500544,0.9774788195068705,0.9774788785460713,0.9774790568371147,0.9774793578268135,0.9774797874640554,0.9774803543179462,0.9774810699332271,0.9774819492390018,0.9774830111295681,0.9774842792407361,0.9774857830643613,0.9774875595639623,0.9774896560017088,0.9774921353141328,0.9774950882797795,0.9774986639277219,0.9775031510318821,0.9775092061750554,0.9775185073379385,0.9775356577138632,0.9775737990817852,0.9776713483213207,0.9779425331497376,0.9787328356133033,0.9811152941860889]}