{"bd2":[2,4,4,4,4,8,8,8,16,26,26,26,46,42,42,42,66,50,50,50,78,56,56,56,86,58,58,58,88,58,58,58,88,58,58,58,90,62,62,62,94,62,62,62,98,62,62,62,98,64,64,64,100,64,64,64,100,64,64,64,102,64,64,64,102,64,64,64,102,66,66,66,102,66,66,66,102,66,66,66,102,66,66,66,102,66,66,66,102,66,66,66,100,64,64,64,100,64,64,64,100,64,64,64,100,64,64,64,100,64,64,64,100,64,64,64,92,62,62,62,90,58,58,58,90,58,58,58,88,58,58,58,88,58,58,58,86,58,58,58,76,52,52,52,70,46,46,46,66,42,42,42,46,26,26,26,16,8,8,8,4,2,2,2,2,1,1,1],"taus":[0.025,0.05,0.07500000000000001,0.1,0.125,0.15000000000000002,0.17500000000000002,0.2,0.225,0.25,0.275,0.30000000000000004,0.325,0.35000000000000003,0.375,0.4,0.42500000000000004,0.45,0.47500000000000003,0.5,0.525,0.55,0.5750000000000001,0.6000000000000001,0.625,0.65,0.675,0.7000000000000001,0.7250000000000001,0.75,0.775,0.8,0.8250000000000001,0.8500000000000001,0.875,0.9,0.925,0.9500000000000001,0.9750000000000001,1.0,1.0250000000000001],"gtau":[0.0017443269748021403,0.0017019375098464796,0.0016741549484066039,0.0016547482440733934,0.0016405360611030045,0.0016297877042615724,0.001621531434000974,0.001615230880380614,0.0016106282843458334,0.001607672014577865,0.0016064929231194634,0.0016074151480761827,0.0016109975339864808,0.0016181090929649482,0.001630047604793324,0.0016487173355722348,0.0016768900873119204,0.001718586616864135,0.0017796310364862659,0.0018684571994781144,0.001997281731726545,0.0021838121465397008,0.002453737819892104,0.0028443693013896856,0.003409967499615855,0.004229569354605944,0.005418518534944619,0.007145528015700771,0.009658061189582427,0.013320342033388118,0.01867075865769848,0.026509504463159625,0.03803427629430525,0.05505425403137282,0.08033567298881233,0.11817763950532985,0.1754116112534288,0.2632310368541708,0.4007790783825134,0.6228339151059542,0.9982556730251979],"bd1":[1,1,1,1,1,2,2,4,4,8,8,16,16,32,32,64,64,128,128,256,254,497,417,500,500,500,500,500,500,500,500,500,500,500,500,500,500,500,500,500,500,500,500,500,500,500,500,500,500,500,500,500,500,500,500,500,500,500,500,500,500,500,500,500,500,500,500,500,500,500,500,500,500,500,500,500,500,500,500,500,500,500,500,500,500,500,500,500,500,500,500,500,500,500,500,500,500,500,500,500,500,500,500,500,500,500,500,500,500,500,500,500,500,500,500,500,500,500,500,500,500,500,500,500,500,500,500,500,500,500,500,500,500,500,500,500,500,500,500,500,500,500,500,500,500,500,500,500,462,500,256,256,128,128,64,64,32,32,16,16,8,8,4,4,2,2,1,1],"nn":[0.9982556730251977,0.9976781772566039,0.9972990904181332,0.997047022212184,0.9968778995785064,0.9967636836471706,0.9966861674847057,0.9966333570658523,0.9965972684557565,0.9965725458614961,0.9965555754583514,0.9965439078729396,0.9965358773407118,0.9965303481738899,0.9965265451825545,0.9965239391726538,0.9965221702186092,0.996520995457276,0.9965202544955684,0.9965198466278326,0.996519716590154,0.9965198467861208,0.9965202548082402,0.9965209959204744,0.9965221708509637,0.9965239398689328,0.9965265459011144,0.9965303488852263,0.996535878025234,0.9965439085549361,0.9965555761151714,0.9965725464883514,0.9965972690412239,0.996633357598165,0.9966861679425278,0.9967636840036195,0.9968778998085931,0.9970470223023314,0.9972990903830862,0.9976781771623987]}