{"bd2":[1,1,2,4,8,15,28,28,47,34,53,35,56,41,62,41,64,41,64,42,64,42,64,42,64,41,61,41,57,38,53,34,52,33,47,28,28,15,8,4,2,1,1,1],"taus":[0.05,0.1,0.15000000000000002,0.2,0.25,0.30000000000000004,0.35000000000000003,0.4,0.45,0.5,0.55,0.6000000000000001,0.65,0.7000000000000001,0.75,0.8,0.8500000000000001,0.9,0.9500000000000001,1.0,1.05],"gtau":[0.4466831884708876,0.4374961597722917,0.4302944343709441,0.42477913097239,0.4207782072671318,0.41818794647666174,0.41694598949185163,0.4170176430863023,0.4183884989564896,0.421060378804886,0.42504922504358067,0.43038428146664603,0.4371082888002813,0.44527866404403477,0.4549698555161395,0.46627735838486034,0.4793243807206802,0.49427315006830164,0.5113450822941348,0.5308595694996706,0.5533168115291124],"bd1":[2,4,2,4,4,8,8,16,16,32,32,64,60,100,82,100,94,100,98,100,100,100,100,100,100,100,100,100,96,100,86,100,58,64,32,32,16,16,8,8,4,4,2,1],"nn":[0.5533168115291123,0.5430437783344687,0.5341474461576035,0.5265229326376589,0.5200817258744913,0.5147499364060794,0.5104669702109464,0.5071845073561514,0.5048657220366303,0.5034847055125826,0.5030260680811014,0.5034847055130459,0.5048657220375524,0.5071845073576622,0.5104669702127209,0.5147499364082478,0.5200817258767818,0.5265229326398037,0.5341474461591825,0.5430437783353207]}