{"bd2":[1,1,2,4,8,16,20,16,8,4,2,1,1,1],"taus":[0.2,0.4,0.6000000000000001,0.8,1.0,1.2000000000000002],"gtau":[0.447527779685782,0.4213661688670722,0.41845283267763755,0.4366024436698821,0.4784275454272145,0.552472220314218],"bd1":[2,4,2,4,4,8,8,16,8,8,4,4,2,1],"nn":[0.5524722203142182,0.5191501262651984,0.5038889611739183,0.5038889611739181,0.5191501262651977]}