{"bd2":[1,1,2,4,8,16,31,36,60,43,60,43,60,43,60,36,31,16,8,4,2,1,1,1],"taus":[0.1,0.2,0.30000000000000004,0.4,0.5,0.6000000000000001,0.7000000000000001,0.8,0.9,1.0,1.1],"gtau":[0.014364684582666295,0.014245210526295909,0.016688095867680594,0.02163061982766855,0.03058742069807513,0.04654449839100244,0.0750569591701536,0.1267682498488211,0.22388425014673172,0.42355446246347117,0.9856353154173337],"bd1":[2,4,2,4,4,8,8,16,16,32,32,60,60,60,32,32,16,16,8,8,4,4,2,1],"nn":[0.9856353154173336,0.9809750721944339,0.9785257409570822,0.9772288093361161,0.976597351014152,0.9764085167232913,0.976597351028615,0.977228809347559,0.9785257409703779,0.9809750722158846]}