{"bd2":[2,4,4,8,16,32,64,116,140,140,140,140,140,140,140,140,140,140,140,140,140,140,140,140,138,140,138,140,138,140,138,140,138,140,138,140,138,140,138,140,138,140,138,140,138,140,138,140,138,140,138,140,138,140,138,140,138,140,138,140,138,140,138,140,138,140,138,140,138,140,138,140,138,140,140,140,140,140,140,140,140,140,140,140,140,140,140,140,140,140,140,140,140,140,140,116,64,32,16,8,4,4,2,1],"taus":[0.1,0.2,0.30000000000000004,0.4,0.5,0.6000000000000001,0.7000000000000001,0.8,0.9,1.0,1.1,1.2000000000000002,1.3,1.4000000000000001,1.5,1.6,1.7000000000000002,1.8,1.9000000000000001,2.0,2.1,2.2,2.3000000000000003,2.4000000000000004,2.5,2.6,2.7,2.8000000000000003,2.9000000000000004,3.0,3.1,3.2,3.3000000000000003,3.4000000000000004,3.5,3.6,3.7,3.8000000000000003,3.9000000000000004,4.0,4.1000000000000005,4.2,4.3,4.4,4.5,4.6000000000000005,4.7,4.800000000000001,4.9,5.0,5.1000000000000005],"gtau":[0.3516200577896364,0.3211240978080006,0.29803631544915854,0.2781535505580966,0.26041316185445035,0.24438869799921054,0.22984392559697414,0.21661714750468716,0.2045831807658443,0.19363848224418598,0.1836944350216241,0.17467391080100844,0.16650929969828585,0.15914126683929847,0.1525179067603067,0.14659413763940768,0.14133125885017905,0.13669663267808385,0.13266345600116478,0.12921062420914983,0.12632267381516213,0.1239898033057216,0.1222079728234374,0.12097908552583483,0.12031125535791559,0.12021916758147005,0.12072454030992515,0.1218566972899856,0.12365326413961468,0.12616100266712799,0.12943680061026636,0.1335488372123024,0.13857794888479003,0.14461922334467542,0.15178385629685062,0.16020131157695844,0.1700218344448327,0.18141938058088294,0.1945950413979071,0.20978107540909072,0.22724570472670208,0.24729892477724086,0.2702997559297312,0.29666575211024954,0.3268864868591853,0.3615450427929682,0.4013581531365806,0.4472672557794318,0.5006969209615193,0.5645179535778022,0.6483799422103635],"nn2":[0.6028278679336393,0.5355052607303171,0.5013717618494373,0.47782180715333916,0.4594269612455638,0.44458556522000714,0.4324656952416465,0.42250760793860054,0.41429349922640013,0.40749793058483075,0.40186247536163955,0.3971799057022972,0.3932831327240012,0.390036979974591,0.3873318650905202,0.38507887057855433,0.38320582164273603,0.38165420176951914,0.38037668714993095,0.3793351893080922,0.37849930333674425,0.3778450861864456,0.3773541070385359,0.37701272275654135,0.37681154799571764,0.3767450922403394,0.37681154855775034,0.3770127242626178,0.377354110225182,0.3778450921006939,0.3784993137139875,0.379335205447235,0.38037671038390664,0.3816542339052814,0.3832058640071739,0.38507892505190394,0.38733193222196166,0.39003705780356146,0.393283225187557,0.3971800116449994,0.4018625890092684,0.4074980427571327,0.41429360236813134,0.4225076956125253,0.4324657617997274,0.444585606351015,0.45942697529224497,0.4778217960421071,0.5013717313307116,0.5355052124369728],"bd1":[1,1,1,2,2,4,4,8,8,16,16,32,32,64,64,126,109,140,135,140,137,140,139,140,139,140,139,140,140,140,139,140,139,140,138,140,139,140,139,140,139,140,139,140,139,140,139,140,139,140,138,140,139,140,138,140,139,140,139,140,140,140,139,140,139,140,139,140,139,140,137,140,138,140,139,140,138,140,139,140,139,140,139,140,138,140,137,140,111,126,64,64,32,32,16,16,8,8,4,4,2,2,1,1],"nn":[0.6483800335957985,0.6102259850697007,0.5791346111224392,0.5537124885546499,0.5328706563738941,0.515743268733129,0.5016367085317613,0.4899930318986567,0.48036219538749503,0.47238043719783773,0.4657532393687072,0.46024180368584916,0.4556522772915665,0.45182713892516246,0.4486383068722652,0.44598163263278173,0.44377244456297504,0.44194201452966947,0.4404347093880812,0.4392057216936841,0.43821926301721037,0.43744713958253256,0.4368676398214139,0.43646468936466243,0.43622722791087815,0.4361487841995776,0.43622722909704004,0.43646469062840887,0.43686764298513414,0.4374471459607115,0.43821927447377956,0.43920573985287054,0.4404347361730192,0.4419420514767608,0.443772493833642,0.4459816951866906,0.4486383841191007,0.45182722830617306,0.45565238338597147,0.46024192450934176,0.4657533679808841,0.47238056417580787,0.48036231140795743,0.4899931307655789,0.5016367828381931,0.5157433130135566,0.5328706705105386,0.5537124728362506,0.579134575475241,0.6102259495109766]}