{"bd2":[1,1,2,4,8,13,23,19,30,20,32,21,33,22,34,22,35,24,36,24,36,24,36,25,37,27,39,29,41,30,42,30,42,30,42,30,42,30,42,30,42,30,42,30,42,30,42,30,42,30,42,30,42,30,42,30,41,29,41,29,41,29,41,29,41,29,41,29,41,29,41,29,41,29,41,29,41,29,41,29,41,29,41,29,41,29,41,29,41,29,41,29,41,29,41,29,40,28,40,28,40,28,40,28,40,28,40,28,40,28,40,28,40,28,40,28,40,28,40,28,39,28,39,27,37,25,36,25,36,24,36,24,36,24,35,24,34,23,33,22,33,22,33,22,34,22,34,22,34,22,32,21,31,20,28,19,20,13,8,4,2,1,1,1],"taus":[0.0125,0.025,0.037500000000000006,0.05,0.0625,0.07500000000000001,0.08750000000000001,0.1,0.1125,0.125,0.1375,0.15000000000000002,0.1625,0.17500000000000002,0.1875,0.2,0.21250000000000002,0.225,0.23750000000000002,0.25,0.2625,0.275,0.28750000000000003,0.30000000000000004,0.3125,0.325,0.3375,0.35000000000000003,0.36250000000000004,0.375,0.3875,0.4,0.41250000000000003,0.42500000000000004,0.4375,0.45,0.4625,0.47500000000000003,0.48750000000000004,0.5,0.5125000000000001,0.525,0.5375,0.55,0.5625,0.5750000000000001,0.5875,0.6000000000000001,0.6125,0.625,0.6375000000000001,0.65,0.6625000000000001,0.675,0.6875,0.7000000000000001,0.7125,0.7250000000000001,0.7375,0.75,0.7625000000000001,0.775,0.7875000000000001,0.8,0.8125,0.8250000000000001,0.8375,0.8500000000000001,0.8625,0.875,0.8875000000000001,0.9,0.9125000000000001,0.925,0.9375,0.9500000000000001,0.9625,0.9750000000000001,0.9875,1.0,1.0125],"gtau":[0.01897032599240794,0.01861644034986877,0.018396699990967536,0.01828144307922045,0.018250501716471183,0.018289919887455475,0.018389940133584283,0.018543725971905126,0.018746530971006696,0.01899513970838471,0.019287485343668104,0.019622418049948402,0.019999520751953867,0.020418898744755942,0.02088117066901467,0.02138737564844506,0.021938926728166313,0.022537574155914394,0.02318538370972581,0.023884722267805285,0.02463825743599407,0.025448954614462005,0.02632007869873769,0.027255201581149847,0.02825821303197909,0.029333334433923212,0.03048513466319745,0.0317185472945982,0.033038888114946166,0.034451871259370784,0.03596361226522941,0.037580680617100265,0.039310098637388054,0.04115939907286138,0.04313673180467588,0.04525089532496921,0.04751135906071692,0.04992830620773712,0.05251268838422463,0.055276288715709714,0.05823179213718217,0.06139286323890052,0.06477423244141695,0.06839179157914987,0.0722627002453894,0.07640550452722264,0.08084027001947344,0.08558873137689577,0.09067446112947893,0.0961230610035205,0.10196237969756132,0.10822276190173388,0.11493733424472677,0.12214233528160641,0.1298774982862345,0.13818649751238965,0.14711747110187376,0.1567236370899627,0.16706402351468275,0.178204343455918,0.19021810155474153,0.20318812365858138,0.2172080627781172,0.2323840974937264,0.24883799753122496,0.26670959636912084,0.2861607936079047,0.30738076818191484,0.33059269237004135,0.3560624635854586,0.3841103618726137,0.4151277672243867,0.4495958970577615,0.4881182624798969,0.531463584162547,0.5806263050899673,0.6369177590038947,0.7021040550700234,0.7786206938879584,0.8699170697266938,0.9810296740075921],"bd1":[2,4,2,4,4,8,8,16,16,32,32,64,64,100,96,100,100,100,100,100,100,100,100,100,100,100,100,100,100,100,100,100,100,100,100,100,100,100,100,100,100,100,100,100,100,100,100,100,100,100,100,100,100,100,100,100,100,100,100,100,100,100,100,100,100,100,100,100,100,100,100,100,100,100,100,100,100,100,100,100,100,100,100,100,100,100,100,100,100,100,100,100,100,100,100,100,100,100,100,100,100,100,100,100,100,100,100,100,100,100,100,100,100,100,100,100,100,100,100,100,100,100,100,100,100,100,100,100,100,100,100,100,100,100,100,100,100,100,100,100,100,100,100,100,100,100,100,100,100,100,100,100,64,64,32,32,16,16,8,8,4,4,2,1],"nn":[0.9810296740075921,0.9801318843804186,0.9793078385386462,0.9785496180753895,0.9778505842329802,0.9772050832744866,0.9766082378900993,0.9760557954853922,0.97554401514196,0.9750695815387279,0.9746295381917394,0.9742212348350853,0.9738422857590898,0.973490534903677,0.9731640280138965,0.9728609892357993,0.9725798014680443,0.9723189896939125,0.9720772067562325,0.971853220907677,0.9716459054275958,0.9714542294441584,0.9712772497824429,0.9711141038126142,0.9709640031493765,0.970826228082523,0.9707001226461804,0.970585090257295,0.9704805898770261,0.9703861326647477,0.970301278976481,0.970225635610413,0.9701588544330275,0.9701006290928017,0.9700506929120223,0.9700088175814764,0.9699748120017702,0.9699485212625945,0.9699298257882336,0.9699186406645091,0.9699149151536441,0.9699186323991832,0.969929809321568,0.9699484967048889,0.9699747794763585,0.9700087771812791,0.9700506446578132,0.9701005729178441,0.9701587902419722,0.9702255634993643,0.9703011997051466,0.9703860478312498,0.9704805008897085,0.9705849983108528,0.9707000286433035,0.9708261326074086,0.9709639065391619,0.9711140062679416,0.9712771514765128,0.9714541305892351,0.9716458061144633,0.9718531210434784,0.9720771065087564,0.9723188894182069,0.9725797016435459,0.9728608906074886,0.9731639316318572,0.9734904419511353,0.9738421974734075,0.9742211524445522,0.9746294628530061,0.975069514268489,0.9755439566820304,0.9760557462399002,0.9766081977939208,0.9772050517181838,0.977850560062967,0.9785495997635999,0.9793078247612249,0.9801318753381878]}