{"bd2":[1,1,2,4,8,16,32,63,121,151,200,200,200,200,200,200,200,200,200,200,200,200,200,200,200,200,200,200,200,200,200,200,200,200,200,200,200,200,200,200,200,200,200,200,200,200,200,200,200,200,200,200,200,200,200,200,200,200,200,200,200,200,200,200,200,200,200,200,200,200,200,200,200,200,200,200,200,200,200,200,200,200,200,200,200,200,200,200,200,200,200,200,200,141,119,61,32,16,8,4,2,1,1,1],"taus":[0.2,0.4,0.6000000000000001,0.8,1.0,1.2000000000000002,1.4000000000000001,1.6,1.8,2.0,2.2,2.4000000000000004,2.6,2.8000000000000003,3.0,3.2,3.4000000000000004,3.6,3.8000000000000003,4.0,4.2,4.4,4.6000000000000005,4.800000000000001,5.0,5.2,5.4,5.6000000000000005,5.800000000000001,6.0,6.2,6.4,6.6000000000000005,6.800000000000001,7.0,7.2,7.4,7.6000000000000005,7.800000000000001,8.0,8.200000000000001,8.4,8.6,8.8,9.0,9.200000000000001,9.4,9.600000000000001,9.8,10.0,10.200000000000001],"gtau":[0.43898670131199985,0.3699775916132126,0.3163074940512479,0.2727393553741959,0.2368451171688851,0.2070473327009207,0.18218800203489618,0.16137130511229483,0.143886202772155,0.129160314038342,0.1167289541092472,0.10621278978374978,0.09730098917077037,0.08973816607832154,0.08331409465005295,0.07785551515497165,0.073219561770756,0.06928847147468858,0.06596531590915235,0.06317056389820183,0.06083931890202905,0.058919120610538715,0.05736822022842397,0.056154266597907704,0.05525334215728412,0.05464933485069422,0.05433362143033249,0.05430506571174247,0.05457034865167052,0.05514466437971786,0.056052839831645204,0.057330958203703965,0.05902860178090197,0.06121186359728927,0.06396733613341676,0.06740734001753543,0.07167675464606242,0.076961916103456,0.08350220459001705,0.09160514884182401,0.10166615855913172,0.11419439573997495,0.1298468999280979,0.14947399165648875,0.17418054811081973,0.20541066654861262,0.24506954127510136,0.29571259467659416,0.360883700558385,0.4459071434146555,0.5610132986880001],"bd1":[2,4,2,4,4,8,8,16,16,32,32,64,64,128,118,200,166,200,192,200,198,200,200,200,200,200,200,200,200,200,200,200,200,200,200,200,200,200,200,200,200,200,200,200,200,200,200,200,200,200,200,200,200,200,200,200,200,200,200,200,200,200,200,200,200,200,200,200,200,200,200,200,200,200,200,200,200,200,200,200,200,200,200,200,200,200,200,200,178,200,118,128,64,64,32,32,16,16,8,8,4,4,2,1],"nn":[0.5610132986880001,0.4862309480669168,0.43593881735989987,0.4017397914153552,0.37822661780979494,0.36187620075201343,0.350372225630343,0.3421792203472106,0.3362710763624857,0.3319564200286078,0.3287654446965708,0.3263760789040298,0.3245655057411006,0.323178122013799,0.32210422245348064,0.3212657220871469,0.32060652614489277,0.32008598730791366,0.31967442921901174,0.3193500631168976,0.3190968506455941,0.3189030176873411,0.31876002003283554,0.318661825850882,0.3186044307254042,0.3185855475374477,0.31860443238926434,0.31866182899078627,0.31876002432479034,0.3189030219271697,0.3190968546472608,0.31935006749728956,0.3196744343813181,0.3200859930629073,0.32060653220350976,0.32126572808388093,0.3221042281458285,0.3231781274235006,0.3245655108378475,0.3263760836101912,0.3287654488918378,0.3319564236474491,0.33627107929634903,0.34217922257866834,0.3503722272843573,0.3618762021737841,0.3782266193746609,0.40173979369020013,0.4359388206649743,0.4862309513378802]}