{"bd2":[2,4,4,4,4,8,8,8,16,32,32,32,50,50,50,50,50,50,50,50,50,50,50,50,50,50,50,50,50,50,50,50,50,50,50,50,50,50,50,50,50,50,50,50,50,50,50,50,50,50,50,50,50,50,50,50,50,50,50,50,50,50,50,50,50,50,50,50,50,50,50,50,50,50,50,50,50,50,50,50,50,50,50,50,50,50,50,50,50,50,50,50,50,50,50,50,50,50,50,50,50,50,50,50,50,50,50,50,50,50,50,50,50,50,50,50,50,50,50,50,50,50,50,50,50,50,50,50,50,50,50,50,50,50,50,50,50,50,50,50,50,50,50,50,50,50,50,50,50,50,50,50,50,50,50,50,50,50,50,50,50,50,50,50,50,50,50,50,50,50,50,50,50,50,50,50,50,50,50,50,50,50,50,50,50,50,50,50,50,50,50,50,50,50,50,50,50,50,50,50,50,50,50,50,50,50,50,50,50,50,50,50,50,50,50,50,50,50,50,50,50,50,50,50,50,50,50,50,50,50,50,50,50,50,50,50,50,50,50,50,50,50,50,50,50,50,50,50,50,50,50,50,50,50,50,50,50,50,50,50,50,50,50,50,50,50,50,50,50,50,50,50,50,50,50,50,50,50,50,50,50,50,50,50,50,50,50,50,50,50,50,50,50,50,50,50,50,50,50,50,50,50,50,50,50,50,50,50,50,50,50,50,50,50,50,50,50,50,50,50,50,50,50,50,50,50,50,50,50,50,50,50,50,50,50,50,50,50,50,50,50,50,50,50,50,50,50,50,50,50,50,50,50,50,50,50,50,50,50,50,50,50,50,50,50,50,50,50,50,50,50,50,50,50,50,50,50,50,50,50,50,50,50,50,50,50,50,50,50,50,50,50,50,32,32,32,16,8,8,8,4,2,2,2,2,1,1,1],"taus":[0.05,0.1,0.15000000000000002,0.2,0.25,0.30000000000000004,0.35000000000000003,0.4,0.45,0.5,0.55,0.6000000000000001,0.65,0.7000000000000001,0.75,0.8,0.8500000000000001,0.9,0.9500000000000001,1.0,1.05,1.1,1.1500000000000001,1.2000000000000002,1.25,1.3,1.35,1.4000000000000001,1.4500000000000002,1.5,1.55,1.6,1.6500000000000001,1.7000000000000002,1.75,1.8,1.85,1.9000000000000001,1.9500000000000002,2.0,2.0500000000000003,2.1,2.15,2.2,2.25,2.3000000000000003,2.35,2.4000000000000004,2.45,2.5,2.5500000000000003,2.6,2.6500000000000004,2.7,2.75,2.8000000000000003,2.85,2.9000000000000004,2.95,3.0,3.0500000000000003,3.1,3.1500000000000004,3.2,3.25,3.3000000000000003,3.35,3.4000000000000004,3.45,3.5,3.5500000000000003,3.6,3.6500000000000004,3.7,3.75,3.8000000000000003,3.85,3.9000000000000004,3.95,4.0,4.05,4.1000000000000005,4.15,4.2,4.25,4.3,4.3500000000000005,4.4,4.45,4.5,4.55,4.6000000000000005,4.65,4.7,4.75,4.800000000000001,4.8500000000000005,4.9,4.95,5.0,5.050000000000001],"gtau":[0.36771461300194574,0.3521587770236294,0.33792580528709565,0.3247423647006186,0.3124380813079628,0.30089670932657203,0.29003332529774833,0.27978253975643963,0.2700919021477153,0.26091804574329536,0.25222416832649797,0.24397845887497302,0.23615294718507762,0.2287227851083924,0.2216656814936204,0.21496143752629762,0.2085916281488002,0.20253936991173851,0.1967891999564048,0.1913268985188024,0.18613917647736422,0.1812137830154548,0.17653935077522243,0.17210531789048975,0.16790186651703728,0.1639198691085396,0.16015084733484017,0.1565869534971534,0.15322084548597606,0.1500457590516844,0.14705545852180368,0.14424418636814418,0.1416066526019303,0.13913802641645012,0.13683391623535,0.13469036019595163,0.1327038034019715,0.13087109914472173,0.12918949720636436,0.12765665233091528,0.1262706197444884,0.1250298137734685,0.12393304496296882,0.12297951907356303,0.12216882697585942,0.1215009586512781,0.12097630198670259,0.1205956557937046,0.12036022896488674,0.12027166538064923,0.12033204177280266,0.1205438891080269,0.12091020895608656,0.12143448467809041,0.12212071378492238,0.12297341644212702,0.123997670336555,0.12519913141370734,0.1265840662091398,0.12815938445574526,0.12993267419445514,0.13191223862920068,0.13410715110885554,0.1365272901491781,0.13918336660832578,0.14208692713685248,0.14525063591719858,0.1486881306299154,0.1524141447563452,0.1564445911640596,0.16079664330222865,0.1654888310831433,0.1705411383999757,0.17597511248227313,0.18181396126455568,0.1880827243735855,0.19480843445042598,0.20202021456980135,0.20974950163728645,0.21803024728698553,0.22689913847367613,0.23639576976012647,0.24656317857100507,0.2574478681124762,0.26910041111995586,0.2815758519236223,0.2949341553551747,0.309240983614488,0.3245684375902774,0.3409960204520072,0.3586118736819274,0.3775143378492476,0.39781400816085616,0.41963671147155496,0.44312743540730953,0.4684564009408891,0.4958280702052984,0.52549617464425,0.5577893784194501,0.59315976904339,0.6322853869980543],"bd1":[1,1,1,1,1,2,2,4,4,8,8,16,16,32,32,50,50,50,50,50,50,50,50,50,50,50,50,50,50,50,50,50,50,50,50,50,50,50,50,50,50,50,50,50,50,50,50,50,50,50,50,50,50,50,50,50,50,50,50,50,50,50,50,50,50,50,50,50,50,50,50,50,50,50,50,50,50,50,50,50,50,50,50,50,50,50,50,50,50,50,50,50,50,50,50,50,50,50,50,50,50,50,50,50,50,50,50,50,50,50,50,50,50,50,50,50,50,50,50,50,50,50,50,50,50,50,50,50,50,50,50,50,50,50,50,50,50,50,50,50,50,50,50,50,50,50,50,50,50,50,50,50,50,50,50,50,50,50,50,50,50,50,50,50,50,50,50,50,50,50,50,50,50,50,50,50,50,50,50,50,50,50,50,50,50,50,50,50,50,50,50,50,50,50,50,50,50,50,50,50,50,50,50,50,50,50,50,50,50,50,50,50,50,50,50,50,50,50,50,50,50,50,50,50,50,50,50,50,50,50,50,50,50,50,50,50,50,50,50,50,50,50,50,50,50,50,50,50,50,50,50,50,50,50,50,50,50,50,50,50,50,50,50,50,50,50,50,50,50,50,50,50,50,50,50,50,50,50,50,50,50,50,50,50,50,50,50,50,50,50,50,50,50,50,50,50,50,50,50,50,50,50,50,50,50,50,50,50,50,50,50,50,50,50,50,50,50,50,50,50,50,50,50,50,50,50,50,50,50,50,50,50,50,50,50,50,50,50,50,50,50,50,50,50,50,50,50,50,50,50,50,50,50,50,50,50,50,50,50,50,50,50,50,50,50,50,50,50,50,50,50,50,50,50,50,50,50,50,50,50,50,50,50,50,50,50,50,50,50,50,50,50,50,50,50,50,32,32,16,16,8,8,4,4,2,2,1,1],"nn":[0.6322853869980543,0.6119633667463417,0.593643616704117,0.5771144870848519,0.5621888495357401,0.5487007387313835,0.5365026282004846,0.5254631559107585,0.5154651978122383,0.5064042030933312,0.49818675229151405,0.49072930222402805,0.4839570822403239,0.47780312886520254,0.4722074282120433,0.4671161689407564,0.4624810732867058,0.4582588008198245,0.45441041726332815,0.4509009302689582,0.4476988833775635,0.4447759831161379,0.44210677047060004,0.4396683283513827,0.4374400209278484,0.4354032614262784,0.4335413047320726,0.4318390608969241,0.43028293115360455,0.4288606603489036,0.427561204199078,0.42637461223805734,0.4252919221579422,0.42430506499251996,0.4234067822289194,0.42259055115683786,0.42185051865890894,0.421181439976921,0.4205786300495481,0.4200379155789675,0.4195555866002444,0.4191283655227866,0.41875337500565407,0.41842810829750055,0.41815040686921623,0.417918439443311,0.41773068531622776,0.4175859188874933,0.4174831990856796,0.41742185881417354,0.4174014996010976,0.41742198802961766,0.41748345423129224,0.4175862937259622,0.41773117002673754,0.4179190222787095,0.41815107314341365,0.41842884110527023,0.4187541547171279,0.41912917028710767,0.4195563925576071,0.42003869946431566,0.4205793688823732,0.42118211242619696,0.4218511140552065,0.4225910579965431,0.42340719103709135,0.42430536891187765,0.4252921161408188,0.4263746930473273,0.42756117060405174,0.4288605137028917,0.4302826747303768,0.43183869384043183,0.43354081881334555,0.4354026485545213,0.4374392756563162,0.4396674473578006,0.4421057531096612,0.4447748298552946,0.4476976041796604,0.4508995374939701,0.45440892578990005,0.4582572301670398,0.4624794365338419,0.46711448539100037,0.47220572306746195,0.4778014389971597,0.4839554493282487,0.4907277651506649,0.49818534748714144,0.5064029616303839,0.5154641458099681,0.5254623100805952,0.5365020039369586,0.5487003272474138,0.5621886407175563,0.5771144574305144,0.5936437183150476,0.6119635090157982]}