{"bd2":[2,4,4,8,16,32,46,64,62,80,70,92,70,92,70,96,76,108,82,116,82,116,82,116,84,116,84,116,88,116,88,116,88,116,88,116,88,116,88,116,88,116,88,116,88,116,88,116,88,116,88,116,88,116,88,116,84,116,84,116,82,116,82,116,80,104,74,96,70,92,70,92,70,80,62,64,46,32,16,8,4,4,2,1],"taus":[0.025,0.05,0.07500000000000001,0.1,0.125,0.15000000000000002,0.17500000000000002,0.2,0.225,0.25,0.275,0.30000000000000004,0.325,0.35000000000000003,0.375,0.4,0.42500000000000004,0.45,0.47500000000000003,0.5,0.525,0.55,0.5750000000000001,0.6000000000000001,0.625,0.65,0.675,0.7000000000000001,0.7250000000000001,0.75,0.775,0.8,0.8250000000000001,0.8500000000000001,0.875,0.9,0.925,0.9500000000000001,0.9750000000000001,1.0,1.0250000000000001],"gtau":[0.34426453698332415,0.3437948478849126,0.3437502060724137,0.34409768396773766,0.34481498728135707,0.3458870866604031,0.3473041313230316,0.3490601054006506,0.3511519349544161,0.35357887947995265,0.3563421093196436,0.3594444083501729,0.36288996357144065,0.3666842166607789,0.37083376096958337,0.37534627285951305,0.3802304698283503,0.3854960903748585,0.3911538922388493,0.3972156669546644,0.40369426964485206,0.41060366383700275,0.41795898184098546,0.4257766020193346,0.43407424513208814,0.44287109296204263,0.45218793370586696,0.4620473402985748,0.4724738901104093,0.48349443759958405,0.49513845605750195,0.5074384709665799,0.5204306172441506,0.5341553671971403,0.5486584986970827,0.5639924092382369,0.5802179409714834,0.5974069828114402,0.615646294370208,0.6350433270499519,0.6557354630166758],"nn2":[0.6401134929324271,0.6203550332761485,0.6156798486215493,0.6113538820661919,0.6073557878244953,0.6036679958382216,0.6002755629889219,0.5971655171537417,0.5943264586325039,0.591748304177366,0.589422114293644,0.5873399716636138,0.5854948922682971,0.5838807585713095,0.5824922680833178,0.5813248932315878,0.5803748498591473,0.5796390725105607,0.5791151954618635,0.5788015386087306,0.5786970976997372,0.5788015386119527,0.5791151954673748,0.5796390725133461,0.5803748498645068,0.5813248932418128,0.5824922681056112,0.5838807585942348,0.5854948922919336,0.5873399716893146,0.5894221143258309,0.5917483042066456,0.594326458668342,0.5971655171836329,0.600275563010249,0.6036679958464538,0.6073557878157464,0.6113538820385441,0.6156798485695804,0.6203550331898493],"bd1":[1,1,1,2,2,4,4,8,8,16,16,32,31,59,46,81,59,102,69,114,76,125,83,136,87,140,92,140,95,140,99,140,102,140,104,140,105,140,105,140,105,140,106,140,104,140,104,140,104,140,103,140,99,140,97,140,93,140,89,140,84,136,80,123,71,111,64,98,55,81,45,59,31,32,16,16,8,8,4,4,2,2,1,1],"nn":[0.6557354630102706,0.6505985289583973,0.6458168382460423,0.6413745035428986,0.6372569156548475,0.6334506525361904,0.6299434023320905,0.6267238971743242,0.6237818556427484,0.6211079324553774,0.6186936742433536,0.6165314807098732,0.6146145704764844,0.6129369512227616,0.6114933936844371,0.6102794093290353,0.6092912313518228,0.6085257988987013,0.6079807442996306,0.6076543833093531,0.6075457081246999,0.6076543832993115,0.6079807442912548,0.6085257988903927,0.6092912313487936,0.6102794093266535,0.61149339368092,0.6129369512214479,0.6146145704773968,0.6165314807099812,0.6186936742428236,0.6211079324562705,0.6237818556459138,0.6267238971781933,0.6299434023379069,0.633450652543151,0.6372569156626556,0.6413745035524052,0.6458168382535554,0.6505985289649749]}