{"bd2":[2,4,4,4,4,8,8,8,16,26,26,26,46,38,38,38,58,38,38,38,58,40,40,40,64,42,42,42,66,42,42,42,66,42,42,42,66,46,46,46,70,46,46,46,70,46,46,46,70,48,48,48,72,48,48,48,72,52,52,52,76,58,58,58,82,58,58,58,82,58,58,58,82,58,58,58,82,58,58,58,82,58,58,58,82,58,58,58,82,58,58,58,82,58,58,58,82,58,58,58,82,58,58,58,82,58,58,58,82,58,58,58,82,58,58,58,82,58,58,58,82,58,58,58,82,58,58,58,82,58,58,58,82,58,58,58,82,58,58,58,82,58,58,58,82,58,58,58,82,58,58,58,82,58,58,58,82,58,58,58,82,58,58,58,82,58,58,58,82,58,58,58,82,58,58,58,82,58,58,58,82,58,58,58,82,58,58,58,82,58,58,58,80,56,56,56,80,56,56,56,80,56,56,56,80,56,56,56,80,56,56,56,80,56,56,56,80,56,56,56,80,56,56,56,80,56,56,56,80,56,56,56,80,56,56,56,80,56,56,56,78,54,54,54,78,54,54,54,74,50,50,50,72,48,48,48,72,48,48,48,72,48,48,48,70,46,46,46,70,46,46,46,68,44,44,44,66,42,42,42,66,44,44,44,66,44,44,44,68,44,44,44,68,44,44,44,66,44,44,44,64,42,42,42,60,40,40,40,56,38,38,38,40,26,26,26,16,8,8,8,4,2,2,2,2,1,1,1],"taus":[0.0125,0.025,0.037500000000000006,0.05,0.0625,0.07500000000000001,0.08750000000000001,0.1,0.1125,0.125,0.1375,0.15000000000000002,0.1625,0.17500000000000002,0.1875,0.2,0.21250000000000002,0.225,0.23750000000000002,0.25,0.2625,0.275,0.28750000000000003,0.30000000000000004,0.3125,0.325,0.3375,0.35000000000000003,0.36250000000000004,0.375,0.3875,0.4,0.41250000000000003,0.42500000000000004,0.4375,0.45,0.4625,0.47500000000000003,0.48750000000000004,0.5,0.5125000000000001,0.525,0.5375,0.55,0.5625,0.5750000000000001,0.5875,0.6000000000000001,0.6125,0.625,0.6375000000000001,0.65,0.6625000000000001,0.675,0.6875,0.7000000000000001,0.7125,0.7250000000000001,0.7375,0.75,0.7625000000000001,0.775,0.7875000000000001,0.8,0.8125,0.8250000000000001,0.8375,0.8500000000000001,0.8625,0.875,0.8875000000000001,0.9,0.9125000000000001,0.925,0.9375,0.9500000000000001,0.9625,0.9750000000000001,0.9875,1.0,1.0125],"gtau":[0.0018094677043182664,0.001784402630162312,0.0017643821316622285,0.0017480937035431567,0.0017346260405940823,0.0017233321881217308,0.00171374437825643,0.0017055195949021644,0.0016984031437723213,0.0016922044992441433,0.0016867801734372634,0.0016820222479186381,0.0016778503411545964,0.0016742062880999685,0.0016710485640241096,0.0016683516764615435,0.0016661054271731029,0.0016643041222135042,0.00166296203660678,0.0016621024380004778,0.001661761845688341,0.0016619904494676132,0.0016628543770971984,0.0016644387596524935,0.0016668452226031158,0.0016702038274013936,0.0016746685389516535,0.0016804332314137068,0.001687723505608369,0.0016968181128771706,0.0017080517378729875,0.0017218254255235085,0.0017386197085485897,0.0017590228575583018,0.001783721994723521,0.001813549813724702,0.0018495244485068998,0.0018928503727902457,0.0019449803622533437,0.002007660371776455,0.002082988865705059,0.0021734879553250777,0.0022821896965807015,0.0024127402088373506,0.0025695273630066164,0.0027578259457572917,0.002983993780337644,0.003255681113534757,0.0035821054438127066,0.00397437153618826,0.004445872302343064,0.005012784001315705,0.005694584282232466,0.006514845598759121,0.00750202207513465,0.008690588476589742,0.010122245139603773,0.011847539829874755,0.013927808532668477,0.016437559778684812,0.019467436819343233,0.023127887056209842,0.02755373208468801,0.03290988422988651,0.03939853884927944,0.047268271520677196,0.056825632258444524,0.06845004715833278,0.08261301756588081,0.09990339073375887,0.12106080110168205,0.1470203072487135,0.17897332707191319,0.2184517328890623,0.26744670181615376,0.32857910750539443,0.4053508376463813,0.5025244841618323,0.6267143060682073,0.7873357791065433,0.9981905322956818],"bd1":[1,1,1,1,1,2,2,4,4,8,8,16,16,32,32,64,64,128,128,150,150,150,150,150,150,150,150,150,150,150,150,150,150,150,150,150,150,150,150,150,150,150,150,150,150,150,150,150,150,150,150,150,150,150,150,150,150,150,150,150,150,150,150,150,150,150,150,150,150,150,150,150,150,150,150,150,150,150,150,150,150,150,150,150,150,150,150,150,150,150,150,150,150,150,150,150,150,150,150,150,150,150,150,150,150,150,150,150,150,150,150,150,150,150,150,150,150,150,150,150,150,150,150,150,150,150,150,150,150,150,150,150,150,150,150,150,150,150,150,150,150,150,150,150,150,150,150,150,150,150,150,150,150,150,150,150,150,150,150,150,150,150,150,150,150,150,150,150,150,150,150,150,150,150,150,150,150,150,150,150,150,150,150,150,150,150,150,150,150,150,150,150,150,150,150,150,150,150,150,150,150,150,150,150,150,150,150,150,150,150,150,150,150,150,150,150,150,150,150,150,150,150,150,150,150,150,150,150,150,150,150,150,150,150,150,150,150,150,150,150,150,150,150,150,150,150,150,150,150,150,150,150,150,150,150,150,150,150,150,150,150,150,150,150,150,150,150,150,150,150,150,150,150,150,150,150,150,150,150,150,150,150,150,150,150,150,150,150,150,150,150,150,150,150,150,150,150,150,150,150,150,150,150,150,150,150,150,150,150,150,150,150,128,128,64,64,32,32,16,16,8,8,4,4,2,2,1,1],"nn":[0.9981905322956818,0.9978615399880411,0.9975956032534158,0.9973797342779369,0.9972039053160212,0.9970602826703787,0.9969426881261244,0.9968462109892379,0.9967669228981518,0.9967016644087001,0.9966478833463358,0.996603510137727,0.9965668614612899,0.9965365640131869,0.9965114950878391,0.9964907354636988,0.9964735303241559,0.9964592612326499,0.9964474184491897,0.9964375825294977,0.9964294077574731,0.9964226090604175,0.9964169510656244,0.996412239120567,0.9964083129334459,0.996405039499917,0.9964023095349048,0.9964000321054153,0.9963981341985635,0.9963965509670918,0.9963952357756127,0.9963941455172945,0.9963932454037818,0.9963925060982293,0.9963919048975479,0.9963914257131399,0.9963910522076846,0.996390773209395,0.9963905807166797,0.9963904693099485,0.9963904357773679,0.9963904790209686,0.9963906000416377,0.9963908020107111,0.9963910899735002,0.9963914740095389,0.9963919632557524,0.9963925716777154,0.9963933187382978,0.9963942278735505,0.9963953279611872,0.9963966480359195,0.9963982333506325,0.996400133784108,0.9964024143405085,0.9964051463037465,0.9964084197339294,0.9964123448149717,0.9964170542173895,0.9964227086281078,0.9964295024255097,0.9964376707712892,0.996447499321205,0.9964593340857374,0.9964735947719565,0.9964907908406618,0.9965115417573712,0.9965366014389743,0.9965668895693616,0.996603528928004,0.996647892732955,0.9967016645818552,0.9967669136640697,0.9968461927057949,0.9969426617291202,0.9970602497275634,0.9972038682265493,0.9973796966231431,0.9975955701363708,0.9978615186261921]}