{"bd2":[2,4,4,8,16,32,64,128,160,160,160,160,160,160,160,160,160,160,160,160,160,160,160,160,160,160,160,160,160,160,160,160,160,160,160,160,160,160,160,160,160,160,160,160,160,160,160,160,160,160,160,160,160,160,160,160,160,160,160,160,160,160,160,160,160,160,160,160,160,160,160,160,160,160,160,160,160,160,160,160,160,160,160,160,160,160,160,160,160,160,160,160,160,160,160,128,64,32,16,8,4,4,2,1],"taus":[0.2,0.4,0.6000000000000001,0.8,1.0,1.2000000000000002,1.4000000000000001,1.6,1.8,2.0,2.2,2.4000000000000004,2.6,2.8000000000000003,3.0,3.2,3.4000000000000004,3.6,3.8000000000000003,4.0,4.2,4.4,4.6000000000000005,4.800000000000001,5.0,5.2,5.4,5.6000000000000005,5.800000000000001,6.0,6.2,6.4,6.6000000000000005,6.800000000000001,7.0,7.2,7.4,7.6000000000000005,7.800000000000001,8.0,8.200000000000001,8.4,8.6,8.8,9.0,9.200000000000001,9.4,9.600000000000001,9.8,10.0,10.200000000000001],"gtau":[0.011334382198963168,0.009613842902411678,0.008833474012300087,0.008208558601062284,0.007668016420280754,0.00719206398001563,0.006770529493313436,0.006396297256096264,0.006063718447936302,0.0057680806321350805,0.0055053685523973805,0.005272132595071864,0.005065396851434497,0.0048825909615641755,0.004721495803438933,0.004580198935905509,0.004457057501908913,0.0043506671464097445,0.004259835947749394,0.004183562622163262,0.004121018438595547,0.004071532387357447,0.004034579271464613,0.004009770433881432,0.00399684688862018,0.003995674763845553,0.004006242905878277,0.00402866259309931,0.00406316944682888,0.004110127511109342,0.004170035669722782,0.0042435367277437975,0.004331429557930182,0.004434685494232038,0.004554471292565807,0.004692185011386286,0.004849520870354863,0.0050286069789441095,0.005232336450185486,0.005465217163421216,0.005735674994693003,0.006062352734743418,0.006491558349823262,0.007145939111260937,0.008360908369342748,0.011069407786857872,0.017897984426715554,0.03635568412662417,0.08865148704552243,0.2485335797475671,0.9886656178010368],"nn2":[0.2517348273297362,0.0858631865650931,0.06623953853194038,0.06418276409800049,0.06368929468503437,0.06352140788484778,0.06345127551623181,0.0634176903203495,0.06339995277237517,0.06338986505349196,0.06338378405898475,0.06337994150540237,0.06337741713949065,0.06337570390530717,0.06337450906816779,0.06337365651508844,0.06337303672848123,0.06337257947712219,0.06337223865576408,0.06337198333835531,0.06337179237931945,0.06337165126948416,0.06337155003175206,0.06337148195799859,0.06337144262662416,0.06337142966717176,0.06337144220517876,0.06337148102703857,0.06337154865359776,0.06337164938123074,0.06337178997650832,0.06337198038631721,0.06337223515253501,0.06337257539393922,0.06337303203651935,0.06337365126526225,0.06337450331415792,0.06337569846570605,0.0633774118642577,0.06337993578566929,0.06338377866425288,0.06338986034673437,0.06339994893143874,0.06341768782905294,0.06345127440036644,0.06352140822150804,0.06368929570468083,0.06418276372427091,0.06623953237702063,0.08586315179309804],"bd1":[1,1,1,2,2,4,4,8,8,16,16,32,32,64,64,128,122,160,155,160,159,160,159,160,159,160,160,160,159,160,159,160,159,160,158,160,158,160,159,160,159,160,159,160,159,160,159,160,159,160,159,160,159,160,159,160,159,160,159,160,159,160,159,160,159,160,159,160,159,160,159,160,160,160,160,160,160,160,160,160,159,160,159,160,160,160,159,160,127,128,64,64,32,32,16,16,8,8,4,4,2,2,1,1],"nn":[0.9886656261349569,0.9811159477701968,0.9787334195090723,0.9779430587100557,0.9776718571360623,0.9775743194570125,0.9775362023676548,0.9775190782943614,0.9775097996746919,0.9775037589573424,0.9774992794632306,0.9774957050123089,0.977492747279483,0.9774902584462587,0.977488149104566,0.9774863575080118,0.9774848374943972,0.9774835529310781,0.977482474966251,0.9774815803734195,0.9774808504932884,0.9774802704786838,0.97747982876447,0.9774795166569943,0.9774793280936901,0.9774792594249878,0.9774793093656283,0.9774794789222667,0.9774797715396628,0.9774801931218403,0.9774807523066171,0.9774814608195865,0.9774823338222561,0.9774833904884574,0.977484654859758,0.9774861570507097,0.9774879356242365,0.9774900437701537,0.9774925346553626,0.9774954916942992,0.9774990779539006,0.9775035790878256,0.9775096473885155,0.9775189600956871,0.9775361167943051,0.9775742578989344,0.9776717969750675,0.9779429593754897,0.9787332284454556,0.9811156625339404]}