{"bd2":[1,1,2,4,8,13,20,20,20,20,20,20,20,20,20,20,20,20,20,20,20,20,20,20,20,20,20,20,20,20,20,20,20,20,20,20,20,20,20,20,20,20,20,20,20,20,20,20,20,20,20,20,20,20,20,20,20,20,20,20,20,20,20,20,20,20,20,20,20,20,20,20,20,20,20,20,20,13,8,4,2,1,1,1],"taus":[0.025,0.05,0.07500000000000001,0.1,0.125,0.15000000000000002,0.17500000000000002,0.2,0.225,0.25,0.275,0.30000000000000004,0.325,0.35000000000000003,0.375,0.4,0.42500000000000004,0.45,0.47500000000000003,0.5,0.525,0.55,0.5750000000000001,0.6000000000000001,0.625,0.65,0.675,0.7000000000000001,0.7250000000000001,0.75,0.775,0.8,0.8250000000000001,0.8500000000000001,0.875,0.9,0.925,0.9500000000000001,0.9750000000000001,1.0,1.0250000000000001],"gtau":[0.018956469257181845,0.018539174060835214,0.01851281914697487,0.018753138902399616,0.01920122902906797,0.019830047414302502,0.02062985168606916,0.02160121050537998,0.022751293418245083,0.024091689352711405,0.025636758626764677,0.02740209834134758,0.02939781957062431,0.03173265496633448,0.03433575938761038,0.03742091664200021,0.04094003353824761,0.044955198609796604,0.04953744426079126,0.05476824010856894,0.06074136048749772,0.06756506713512342,0.07536471549970863,0.08428591714621604,0.09449842820349996,0.10620099537411702,0.11962747978545864,0.13505470739269052,0.15281268319202784,0.17329808820860595,0.19699232214623796,0.22448651539647446,0.25814723581916377,0.29690527039216075,0.3426327258173826,0.39722719088321995,0.46345554827280583,0.545458117026852,0.6498406156944919,0.7879341348905088,0.9810435307428181],"bd1":[2,4,2,4,4,8,8,16,16,20,20,20,20,20,20,20,20,20,20,20,20,20,20,20,20,20,20,20,20,20,20,20,20,20,20,20,20,20,20,20,20,20,20,20,20,20,20,20,20,20,20,20,20,20,20,20,20,20,20,20,20,20,20,20,20,20,20,20,20,20,20,20,20,20,20,20,16,16,8,8,4,4,2,1],"nn":[0.9810435307428182,0.97928631095324,0.9778006360890636,0.9765356254879157,0.9754532784889466,0.9745241728634794,0.9737249309058719,0.9730366201805987,0.9724436828134083,0.9719331784679972,0.9714942120067103,0.9711174347808257,0.9707951582386191,0.9705218876730131,0.970291686307769,0.9701032050005589,0.9699530750512583,0.9698386322829182,0.9697578514276037,0.9697093028489914,0.9696921247308798,0.9697060069956892,0.9697511875941495,0.9698284593801414,0.9699391899236094,0.9700853534000653,0.9702695780925991,0.970495210243655,0.970766399876926,0.9710882131191264,0.9714667828527759,0.9719073655074312,0.9724192277997887,0.9730127217704554,0.9737012673324793,0.9745008737598861,0.9754308747395812,0.9765151874834479,0.977783996379823,0.9792762402572279]}