{"bd2":[2,4,4,8,16,32,62,32,16,8,4,4,2,1],"taus":[0.2,0.4,0.6000000000000001,0.8,1.0,1.2000000000000002],"gtau":[0.10032942072936793,0.10594006465059254,0.13850649970482806,0.2142515049276125,0.39179977538339017,0.8996705792706321],"nn2":[0.40195516141186444,0.21258416919945514,0.19502380342677206,0.19502380342677206,0.21258416919945466],"bd1":[1,1,1,2,2,4,4,8,4,4,2,2,1,1],"nn":[0.899670579270632,0.8836739962438626,0.8774615793694854,0.8774615793694854,0.8836739962438629]}