{"bd2":[2,4,4,4,4,8,8,8,16,32,32,32,58,88,88,88,98,100,100,100,100,100,100,100,100,100,100,100,98,88,88,88,58,32,32,32,16,8,8,8,4,4,4,4,2,1,1,1],"taus":[0.1,0.2,0.30000000000000004,0.4,0.5,0.6000000000000001,0.7000000000000001,0.8,0.9,1.0,1.1],"gtau":[0.40533274439687267,0.3959886521981118,0.3930515030025809,0.3956376451692291,0.4035726460623153,0.4170274799829819,0.4364294771548048,0.46247132292983334,0.49620108996375223,0.5392677481224167,0.5946672556031274],"nn2":[0.557726482931991,0.5097251213361071,0.49568197033275596,0.4865151424808675,0.48127737887365124,0.4795701836209891,0.48127736779194347,0.4865151432368899,0.49568197307206674,0.5097251012431483],"bd1":[1,1,1,1,1,2,2,4,4,8,8,16,16,32,32,64,64,100,100,100,100,100,100,100,100,100,100,100,100,100,100,100,100,100,64,64,32,32,16,16,8,8,4,4,2,2,1,1],"nn":[0.5946673206727122,0.5757631402749221,0.5619185918574422,0.5524688272770215,0.5469691251591955,0.5451637133904055,0.5469691168902661,0.5524688365785118,0.5619185935038705,0.5757631431018093]}