{"bd2":[2,4,4,8,16,32,64,116,164,200,200,200,200,200,200,200,200,200,200,200,200,200,200,200,200,200,200,200,200,200,200,200,200,200,200,200,200,200,200,200,200,200,200,200,200,200,200,200,200,200,200,200,200,200,200,200,200,200,200,200,200,200,200,200,200,200,200,200,200,200,200,200,200,200,200,200,200,200,200,200,200,200,200,200,200,200,200,200,200,200,200,200,200,200,200,200,200,200,200,200,200,200,200,200,200,200,200,200,200,200,200,200,200,200,200,200,200,200,200,200,200,200,200,200,200,200,200,200,200,200,200,200,200,200,200,200,200,200,200,200,200,200,200,200,200,200,200,200,200,200,200,200,200,200,200,200,200,200,200,200,200,200,200,200,200,200,200,200,200,200,200,200,200,200,200,200,200,200,200,200,200,200,200,200,200,200,200,200,200,200,200,200,200,200,164,116,64,32,16,8,4,4,2,1],"taus":[0.1,0.2,0.30000000000000004,0.4,0.5,0.6000000000000001,0.7000000000000001,0.8,0.9,1.0,1.1,1.2000000000000002,1.3,1.4000000000000001,1.5,1.6,1.7000000000000002,1.8,1.9000000000000001,2.0,2.1,2.2,2.3000000000000003,2.4000000000000004,2.5,2.6,2.7,2.8000000000000003,2.9000000000000004,3.0,3.1,3.2,3.3000000000000003,3.4000000000000004,3.5,3.6,3.7,3.8000000000000003,3.9000000000000004,4.0,4.1000000000000005,4.2,4.3,4.4,4.5,4.6000000000000005,4.7,4.800000000000001,4.9,5.0,5.1000000000000005,5.2,5.300000000000001,5.4,5.5,5.6000000000000005,5.7,5.800000000000001,5.9,6.0,6.1000000000000005,6.2,6.300000000000001,6.4,6.5,6.6000000000000005,6.7,6.800000000000001,6.9,7.0,7.1000000000000005,7.2,7.300000000000001,7.4,7.5,7.6000000000000005,7.7,7.800000000000001,7.9,8.0,8.1,8.200000000000001,8.3,8.4,8.5,8.6,8.700000000000001,8.8,8.9,9.0,9.1,9.200000000000001,9.3,9.4,9.5,9.600000000000001,9.700000000000001,9.8,9.9,10.0,10.100000000000001],"gtau":[0.012822486629671212,0.011155716406197115,0.010440453284365176,0.009941868556748256,0.00952688142271426,0.009157326335281367,0.00881884147425012,0.008504782520532663,0.008211484174570873,0.007936597883771625,0.007678428931925562,0.0074356435283679115,0.007207128331877933,0.0069919177315263285,0.0067891535532787215,0.0065980611463841736,0.0064179340405893254,0.0062481239864233505,0.0060880333625644234,0.005937109717642106,0.005794841293913728,0.005660753421965412,0.005534405424929816,0.0054153879479917465,0.005303320594128367,0.005197849830123788,0.005098647079584407,0.005005407022740873,0.004917846060716595,0.004835700872339732,0.004758727123944876,0.0046866982987552545,0.0046194046024547256,0.004556651955899232,0.004498261087735729,0.004444066691450139,0.004393916665496837,0.00434767141574537,0.004305203218630089,0.004266395640458979,0.004231143012086638,0.0041993499545978,0.00417093095582701,0.004145809990147111,0.004123920188155706,0.004105203536763912,0.004089610622411691,0.004077100419479598,0.004067640111005954,0.0040612049466552435,0.0040577781341566786,0.004057350767966267,0.004059921793122164,0.004065497998051928,0.00407409405175012,0.004085732564091971,0.004100444189947034,0.004118267763976244,0.0041392504795805295,0.00416344810299162,0.004190925230764951,0.004221755593905607,0.004256022414868428,0.00429381882462036,0.004335248354077021,0.004380425519305611,0.004429476531056793,0.004482540182099065,0.0045397689911951585,0.004601330744879034,0.004667410644017058,0.004738214432775733,0.004813973083474597,0.0048949500405133396,0.004981452670071224,0.005073850601110293,0.005172605514369617,0.005278319883827761,0.0053918172298473765,0.005514274788127676,0.005647443477433148,0.0057940134548635745,0.005958222679717993,0.0061468713164207255,0.00637101480700775,0.006648792796135295,0.007010161574249128,0.0075048214203804085,0.008215517635346345,0.009280402071252709,0.0109307395328944,0.01355474429594911,0.01780633017926207,0.024792208893900138,0.03639913351711703,0.05588311828902807,0.08898871861951407,0.1463034363589811,0.24926748392659975,0.45193032512384107,0.9871775133703288],"nn2":[0.455487208102263,0.24969222772094257,0.2189835655647426,0.21192867367857612,0.20955037666799944,0.20856540931776768,0.20809946308550323,0.20785704952787215,0.20772139125205702,0.20764087729209696,0.20759069450749196,0.2075580810648042,0.2075361039596694,0.20752081812343756,0.20750989125350588,0.20750188786826268,0.20749589873006505,0.20749133133985134,0.20748778928262895,0.20748500091117186,0.20748277614364766,0.2074809799734291,0.20747951373456305,0.20747830412755522,0.20747729718567462,0.20747645332435463,0.2074757409993301,0.2074751353418296,0.20747461769029407,0.2074741729000153,0.20747378789133478,0.20747345337070422,0.2074731612538772,0.20747290558929737,0.20747268201865035,0.20747248601127213,0.20747231356214008,0.20747216169085986,0.20747202815181157,0.20747191089687858,0.20747180847473615,0.20747171951636464,0.20747164273082305,0.20747157699156404,0.20747152142638967,0.2074714755371285,0.2074714388049832,0.20747141075544595,0.20747139097374093,0.2074713792520598,0.20747137546460276,0.2074713795404329,0.20747139154428737,0.20747141148392856,0.20747143959314895,0.20747147620948292,0.20747152178337264,0.2074715768996813,0.20747164227056347,0.20747171875679682,0.2074718073546914,0.20747190927028372,0.20747202599564368,0.20747215917528913,0.2074723108604417,0.20747248357388093,0.20747268021400797,0.20747290421030853,0.20747315974212835,0.20747345187659683,0.20747378687107773,0.20747417261155002,0.20747461908205442,0.20747513799633396,0.20747574426769563,0.20747645713675658,0.20747730087791919,0.20747830673724374,0.20747951548039506,0.2074809814882666,0.20748277752082736,0.20748500123706007,0.20748778883092525,0.20749132997448166,0.2074958959960881,0.2075018839632465,0.20750988668971843,0.20752081263675323,0.20753609635629316,0.20755807422743638,0.20759069034277566,0.20764087630275865,0.20772139246992335,0.20785705643282296,0.2080994724589409,0.20856541170214976,0.2095503642330019,0.21192864876768946,0.2189835576411342,0.24969220888038018],"bd1":[1,1,1,2,2,4,4,8,8,16,16,32,32,64,64,128,128,200,200,200,200,200,200,200,200,200,200,200,200,200,200,200,200,200,200,200,200,200,200,200,200,200,200,200,200,200,200,200,200,200,200,200,200,200,200,200,200,200,200,200,200,200,200,200,200,200,200,200,200,200,200,200,200,200,200,200,200,200,200,200,200,200,200,200,200,200,200,200,200,200,200,200,200,200,200,200,200,200,200,200,200,200,200,200,200,200,200,200,200,200,200,200,200,200,200,200,200,200,200,200,200,200,200,200,200,200,200,200,200,200,200,200,200,200,200,200,200,200,200,200,200,200,200,200,200,200,200,200,200,200,200,200,200,200,200,200,200,200,200,200,200,200,200,200,200,200,200,200,200,200,200,200,200,200,200,200,200,200,200,200,200,200,200,200,200,200,200,200,128,128,64,64,32,32,16,16,8,8,4,4,2,2,1,1],