{"bd2":[2,4,4,4,4,8,8,8,16,32,32,32,50,50,50,50,50,50,50,50,50,50,50,50,50,50,50,50,50,50,50,50,50,50,50,50,50,50,50,50,50,50,50,50,50,50,50,50,50,50,50,50,50,50,50,50,50,50,50,50,50,50,50,50,50,50,50,50,50,50,50,50,50,50,50,50,50,50,50,50,50,50,50,50,50,50,50,50,50,50,50,50,50,50,50,50,50,50,50,50,50,50,50,50,50,50,50,50,50,50,50,50,50,50,50,50,50,50,50,50,50,50,50,50,50,50,50,50,50,50,50,50,50,50,50,50,50,50,50,50,50,50,50,50,50,50,50,50,50,50,50,50,50,50,50,50,50,50,50,50,50,50,50,50,50,50,50,50,50,50,50,50,50,50,50,50,50,50,50,50,50,50,50,50,50,50,50,50,50,50,50,50,50,32,32,32,16,8,8,8,4,2,2,2,2,1,1,1],"taus":[0.2,0.4,0.6000000000000001,0.8,1.0,1.2000000000000002,1.4000000000000001,1.6,1.8,2.0,2.2,2.4000000000000004,2.6,2.8000000000000003,3.0,3.2,3.4000000000000004,3.6,3.8000000000000003,4.0,4.2,4.4,4.6000000000000005,4.800000000000001,5.0,5.2,5.4,5.6000000000000005,5.800000000000001,6.0,6.2,6.4,6.6000000000000005,6.800000000000001,7.0,7.2,7.4,7.6000000000000005,7.800000000000001,8.0,8.200000000000001,8.4,8.6,8.8,9.0,9.200000000000001,9.4,9.600000000000001,9.8,10.0,10.200000000000001],"gtau":[0.0001307185073293118,0.00012108871490075431,0.0001127852696719551,0.00010540576545647601,9.882842657446787e-5,9.296022434181898e-5,8.772207981751119e-5,8.304853203450908e-5,7.887811229152932e-5,7.515970727142013e-5,7.184847512921415e-5,6.890458538915318e-5,6.629399079336716e-5,6.398681816243122e-5,6.19570213374124e-5,6.018206691569954e-5,5.8642451686757365e-5,5.7321447649244444e-5,5.620476039792513e-5,5.5280381933360344e-5,5.453834230800358e-5,5.397059207399579e-5,5.357090327319282e-5,5.3334703204900324e-5,5.3259144807983305e-5,5.3342988957445076e-5,5.358657073517108e-5,5.399194339897832e-5,5.456283408172759e-5,5.5304784157664635e-5,5.6225109610657855e-5,5.73333413861503e-5,5.864112036746536e-5,6.016250723906089e-5,6.19143542355184e-5,6.39164084927274e-5,6.619197417932009e-5,6.876803183521398e-5,7.16759645067607e-5,7.4952105639614e-5,7.863845005490133e-5,8.278348553904298e-5,8.744314330467856e-5,9.268200404379434e-5,9.85746946480677e-5,0.00010520789969886829,0.00011268997165531634,0.00012181937044050582,0.00019732360786452275,0.0069475923438168585,0.9998692814926707],"bd1":[1,1,1,1,1,2,2,4,4,8,8,16,16,30,28,47,41,50,46,50,50,50,50,50,50,50,50,50,50,50,50,50,50,50,50,50,50,50,50,50,50,50,50,50,50,50,50,50,50,50,50,50,50,50,50,50,50,50,50,50,50,50,50,50,50,50,50,50,50,50,50,50,50,50,50,50,50,50,50,50,50,50,50,50,50,50,50,50,50,50,50,50,50,50,50,50,50,50,50,50,50,50,50,50,50,50,50,50,50,50,50,50,50,50,50,50,50,50,50,50,50,50,50,50,50,50,50,50,50,50,50,50,50,50,50,50,50,50,50,50,50,50,50,50,50,50,50,50,50,50,50,50,50,50,50,50,50,50,50,50,50,50,50,50,50,50,50,50,50,50,50,50,50,50,50,50,50,50,50,50,50,50,50,50,50,50,50,50,50,50,50,50,50,50,50,50,32,32,16,16,8,8,4,4,2,2,1,1],"nn":[0.9998692814926707,0.9997393110284967,0.9997381253945247,0.9997381145605007,0.9997381133109307,0.999738114705621,0.9997381147278621,0.9997381143967383,0.9997381137812609,0.9997381134912354,0.9997381386622562,0.9997381463556335,0.9997381546018725,0.9997381634579423,0.9997381726879896,0.9997381819133409,0.9997381911304707,0.999738200016499,0.9997382083626566,0.9997382160696403,0.9997382226093605,0.9997382284200254,0.999738232718467,0.9997382362640759,0.9997382378040189,0.9997382384799958,0.9997382373065191,0.9997382353765064,0.9997382316336123,0.9997382266629596,0.9997382210387586,0.9997382142153237,0.9997382060635843,0.9997381980122033,0.999738189074652,0.9997381798216687,0.9997381706557021,0.9997381618037802,0.9997381532226413,0.9997381453342943,0.9997381385077863,0.9997381319672553,0.9997381270999574,0.9997381230047255,0.9997381200774503,0.999738118183436,0.9997381170851369,0.9997381164388569,0.9997381281982679,0.999739315109026]}