{"bd2":[1,1,2,4,8,16,31,43,71,67,101,82,120,92,120,104,120,114,120,120,120,120,120,120,120,120,120,120,120,120,120,120,120,120,120,120,120,120,120,120,120,120,120,120,120,120,120,120,120,120,120,120,120,120,120,120,120,120,120,120,120,120,120,120,120,120,120,120,120,120,120,120,120,120,120,120,120,120,120,120,120,120,120,120,120,120,120,120,120,120,120,120,120,120,120,120,120,120,120,120,120,120,120,120,120,120,120,120,120,120,120,120,120,120,120,120,120,120,120,120,120,120,120,120,120,120,120,120,120,120,120,120,120,120,120,120,120,120,120,120,120,120,120,120,120,120,120,120,120,120,120,120,120,120,120,120,120,120,120,120,120,120,120,120,120,120,120,120,120,120,120,120,120,120,120,120,120,120,120,120,120,120,120,120,120,120,120,120,120,120,120,120,120,120,120,120,120,120,120,120,120,120,120,120,120,120,120,120,120,120,120,120,120,120,120,120,120,120,120,120,120,120,120,120,120,120,120,120,120,120,120,120,120,120,120,120,120,120,120,120,120,120,120,120,120,120,120,120,120,120,120,120,120,120,120,120,120,120,120,120,120,120,120,120,120,120,120,120,120,120,120,120,120,120,120,120,120,120,120,120,120,120,120,120,120,120,120,120,120,120,120,120,120,120,120,120,120,120,120,120,120,120,120,120,120,120,120,120,120,120,120,120,120,120,120,120,120,120,120,120,120,120,120,120,120,120,120,120,120,120,120,120,120,120,120,120,120,120,120,120,120,120,120,120,120,120,120,120,120,120,120,120,120,120,120,120,120,120,120,120,120,120,120,120,120,120,120,120,120,120,120,120,120,120,120,114,120,110,120,105,120,97,120,97,120,88,120,83,118,76,105,70,87,55,64,37,31,16,8,4,2,1,1,1],"taus":[0.05,0.1,0.15000000000000002,0.2,0.25,0.30000000000000004,0.35000000000000003,0.4,0.45,0.5,0.55,0.6000000000000001,0.65,0.7000000000000001,0.75,0.8,0.8500000000000001,0.9,0.9500000000000001,1.0,1.05,1.1,1.1500000000000001,1.2000000000000002,1.25,1.3,1.35,1.4000000000000001,1.4500000000000002,1.5,1.55,1.6,1.6500000000000001,1.7000000000000002,1.75,1.8,1.85,1.9000000000000001,1.9500000000000002,2.0,2.0500000000000003,2.1,2.15,2.2,2.25,2.3000000000000003,2.35,2.4000000000000004,2.45,2.5,2.5500000000000003,2.6,2.6500000000000004,2.7,2.75,2.8000000000000003,2.85,2.9000000000000004,2.95,3.0,3.0500000000000003,3.1,3.1500000000000004,3.2,3.25,3.3000000000000003,3.35,3.4000000000000004,3.45,3.5,3.5500000000000003,3.6,3.6500000000000004,3.7,3.75,3.8000000000000003,3.85,3.9000000000000004,3.95,4.0,4.05,4.1000000000000005,4.15,4.2,4.25,4.3,4.3500000000000005,4.4,4.45,4.5,4.55,4.6000000000000005,4.65,4.7,4.75,4.800000000000001,4.8500000000000005,4.9,4.95,5.0,5.050000000000001,5.1000000000000005,5.15,5.2,5.25,5.300000000000001,5.3500000000000005,5.4,5.45,5.5,5.550000000000001,5.6000000000000005,5.65,5.7,5.75,5.800000000000001,5.8500000000000005,5.9,5.95,6.0,6.050000000000001,6.1000000000000005,6.15,6.2,6.25,6.300000000000001,6.3500000000000005,6.4,6.45,6.5,6.550000000000001,6.6000000000000005,6.65,6.7,6.75,6.800000000000001,6.8500000000000005,6.9,6.95,7.0,7.050000000000001,7.1000000000000005,7.15,7.2,7.25,7.300000000000001,7.3500000000000005,7.4,7.45,7.5,7.550000000000001,7.6000000000000005,7.65,7.7,7.75,7.800000000000001,7.8500000000000005,7.9,7.95,8.0,8.05,8.1,8.15,8.200000000000001,8.25,8.3,8.35,8.4,8.450000000000001,8.5,8.55,8.6,8.65,8.700000000000001,8.75,8.8,8.85,8.9,8.950000000000001,9.0,9.05,9.1,9.15,9.200000000000001,9.25,9.3,9.35,9.4,9.450000000000001,9.5,9.55,9.600000000000001,9.65,9.700000000000001,9.75,9.8,9.850000000000001,9.9,9.950000000000001,10.0,10.05],"gtau":[0.4243755006777608,0.4050768480698516,0.3873542070482994,0.3708896939704462,0.3554853827136948,0.34100579853055885,0.32735139476912245,0.314444944497658,0.3022239712510073,0.29063626086156785,0.27963705734503697,0.26918723186478183,0.2592520407774618,0.2498002545631607,0.24080353137752694,0.23223594917511364,0.22407365018900313,0.21629456801212163,0.20887820811259322,0.20180547149390674,0.19505851109808534,0.18862060835825292,0.18247607207852126,0.17661015493214519,0.1710089706227741,0.16565942854200472,0.16054918606216811,0.15566658177891854,0.1510005950792279,0.146540761641389,0.14227724543470235,0.13820070570527423,0.13430229669763954,0.13057362559010194,0.12700673093491002,0.12359408915113221,0.12032854434013304,0.11720330721881536,0.11421193433012299,0.11134830898150015,0.10860662383583676,0.10598136372459159,0.10346724062938943,0.10105930994040004,0.09875277004632321,0.09654318813063045,0.09442628293265314,0.09239798516236505,0.09045442685851798,0.08859193019747953,0.08680699774255958,0.08509630291531593,0.08345668244406794,0.08188512689609777,0.08037877430794511,0.0789349010108127,0.07755091774931963,0.07622436144844778,0.0749528887946889,0.07373427050455704,0.07256638628002904,0.07144721931228525,0.07037485133098544,0.06934745849890382,0.06836330778033205,0.06742074911970884,0.06651821489476879,0.06565421533015851,0.06482733485063892,0.064036228778223,0.06327962018776231,0.0625562968223868,0.061865108413323586,0.061204963972355274,0.06057482920273753,0.05997372425711947,0.059400721429509015,0.05885494314917776,0.058335559899452535,0.05784178837451475,0.05737288988761111,0.05692816869752511,0.056506970360698835,0.0561086803702676,0.05573272270126785,0.055378559106974055,0.05504568743326602,0.054733640821133,0.05444198676628753,0.05417032627999228,0.05391829328162894,0.053685552907864496,0.05347180244494361,0.0532767697049856,0.053100213179591,0.05294192124188237,0.052801712016926156,0.052679433119863034,0.05257496177321703,0.05248820387535868,0.05241909523054456,0.052367600921949635,0.0523337157152072,0.05231746423537748,0.05231890130022342,0.05233811227820763,0.052375213875730194,0.052430354154905004,0.05250371385852945,0.05259550709477022,0.05270598217743306,0.05283542245621146,0.05298414756306241,0.05315251459068526,0.05334091914628147,0.05354979744341869,0.05377962753981696,0.05403093106978975,0.05430427523094239,0.05460027407569778,0.0549195918566831,0.055262944611117595,0.055631102971895566,0.05602489476078564,0.056445207436329255,0.056892992017816134,0.05736926585341663,0.05787511642074257,0.05841170512004863,0.05898027099830408,0.059582135231403585,0.06021870616216044,0.060891483958081805,0.061602065623464694,0.062352150706424886,0.06314354768679971,0.06397818008061808,0.06485809349148043,0.06578546254568993,0.06676259894657517,0.06779195942894142,0.06887615510955208,0.0700179605508978,0.07122032367760206,0.07248637690684866,0.07381944806818058,0.07522307295615649,0.07670100800371181,0.07825724444490183,0.07989602293565827,0.08162184929189818,0.08343951154858319,0.08535409721972259,0.08737101317804465,0.08949600551706634,0.09173518237169971,0.09409503694253055,0.09658247192804555,0.09920482658662613,0.10196990539840382,0.10488600892974984,0.10796196663875843,0.11120717178713703,0.11463162012838939,0.1182458136757985,0.122061183816292,0.12608981252602872,0.1303445171914308,0.1348389563935794,0.1395876850326276,0.14460621561104406,0.149911085705185,0.1555199313523226,0.16145156698062893,0.16772607237334936,0.17436488792616897,0.18139091896399406,0.18882864174643998,0.1967042520311298,0.2050457901663546,0.21388329100681147,0.22324897696952783,0.23317745034690032,0.24370592782947345,0.2548744880538346,0.2667264003784841,0.2793084837553756,0.29267154957818087,0.3068709377978964,0.32196719384418615,0.33802693601740524,0.355123980826153,0.373340867783225,0.39277098085254725,0.413521603886704,0.43571850444247645,0.45951313649867337,0.48509459326911203,0.512710791458527,0.5427092477916542,0.5756244993222392],