{"bd2":[2,4,4,8,16,32,46,64,62,80,66,80,66,80,70,80,70,80,70,80,72,80,76,80,76,80,76,80,76,80,76,80,76,80,76,80,76,80,76,80,76,80,76,80,76,80,76,80,76,80,76,80,76,80,76,80,76,80,76,80,76,80,72,80,70,80,70,80,70,80,66,80,66,80,62,64,46,32,16,8,4,4,2,1],"taus":[0.025,0.05,0.07500000000000001,0.1,0.125,0.15000000000000002,0.17500000000000002,0.2,0.225,0.25,0.275,0.30000000000000004,0.325,0.35000000000000003,0.375,0.4,0.42500000000000004,0.45,0.47500000000000003,0.5,0.525,0.55,0.5750000000000001,0.6000000000000001,0.625,0.65,0.675,0.7000000000000001,0.7250000000000001,0.75,0.775,0.8,0.8250000000000001,0.8500000000000001,0.875,0.9,0.925,0.9500000000000001,0.9750000000000001,1.0,1.0250000000000001],"gtau":[0.4464994279650064,0.441631155065958,0.43731371322156026,0.43349007295195446,0.43011855175317587,0.42716790549809847,0.424614269338754,0.422439172675194,0.4206282072038055,0.41917010781199904,0.4180561033778529,0.41727944930060984,0.41683508569573646,0.416719384636046,0.4169299619896663,0.41746553722252183,0.41832582969135285,0.4195114834520322,0.42102401503025083,0.42286578035847694,0.4250399583807733,0.4275505498537113,0.4304023907357997,0.43360118034574735,0.43715352526135404,0.44106700079971534,0.4453502329488126,0.4500130049338879,0.45506639431864837,0.46052294892974,0.4663969132334738,0.4727045216573164,0.47946438251097373,0.486697987096885,0.4944303954644371,0.5026911774361815,0.5115157320322944,0.5209471843800888,0.5310391937641153,0.5418602560416429,0.5535005720349936],"nn2":[0.5471727202977282,0.5360440352585182,0.5310861063703187,0.5264883301034158,0.522230610027183,0.518296292691317,0.5146711400311211,0.511342740972552,0.508300152945696,0.505533671051447,0.5030346722488676,0.5007955050190532,0.49880940914679794,0.49707045504196545,0.4955734972003081,0.49431413782488065,0.49328869807200726,0.4924941958385421,0.49192832847964696,0.4915894600345503,0.49147661238577584,0.4915894600792327,0.4919283287389336,0.49249419630653496,0.493288698568967,0.4943141383105455,0.49557349766626985,0.49707045549800993,0.4988094096016854,0.5007955054311277,0.5030346726991539,0.5055336715677853,0.5083001534893228,0.5113427414964343,0.5146711405033083,0.5182962930717842,0.5222306102717622,0.5264883301454223,0.5310861061230852,0.5360440345473196],"bd1":[1,1,1,2,2,4,4,8,8,16,16,32,31,58,46,80,57,80,68,80,74,80,77,80,75,80,76,80,77,80,77,80,77,80,78,80,78,80,78,80,78,80,78,80,78,80,78,80,78,80,78,80,78,80,78,80,78,80,76,80,76,80,77,80,70,80,64,80,55,80,45,58,31,32,16,16,8,8,4,4,2,2,1,1],"nn":[0.5535005763049206,0.5481846091271696,0.5432274417279481,0.5386142526265348,0.5343313861655421,0.5303662754184637,0.5267073744322075,0.5233441000117134,0.5202667814571394,0.5174666163637792,0.5149356324914975,0.512666653183218,0.5106532683086028,0.5088898081601848,0.5073713203531298,0.5060935507912422,0.505052926969121,0.5042465443496046,0.5036721550648565,0.5033281595662152,0.503213600602076,0.5033281594267799,0.5036721547876503,0.5042465433712625,0.5050529259361566,0.5060935497237615,0.507371319313961,0.5088898071780175,0.5106532673853702,0.5126666523116343,0.5149356317377142,0.5174666157827844,0.5202667808604197,0.5233440994872045,0.5267073739343542,0.5303662749616438,0.5343313857807517,0.5386142523769755,0.5432274415490881,0.5481846091452084]}