{"bd2":[1,1,2,4,8,16,32,16,8,4,2,1,1,1],"taus":[0.2,0.4,0.6000000000000001,0.8,1.0,1.2000000000000002],"gtau":[0.44752778065673693,0.42136617127196285,0.4184528327090771,0.43660244491118966,0.4784275492970824,0.5524722193432631],"bd1":[2,4,2,4,4,8,8,16,8,8,4,4,2,1],"nn":[0.5524722193432631,0.5191501266406744,0.5038889625601343,0.5038889625601342,0.519150126640674]}