{"bd2":[1,1,2,4,8,16,32,53,96,98,160,137,160,160,160,160,160,160,160,160,160,160,160,160,160,160,160,160,160,160,160,160,160,160,160,160,160,160,160,160,160,160,160,160,160,160,160,160,160,160,160,160,160,160,160,160,160,160,160,160,160,160,160,160,160,160,160,160,160,160,160,160,160,160,160,160,160,160,160,160,160,160,160,160,160,160,160,160,160,160,160,160,160,160,160,160,160,160,160,160,160,160,160,160,160,160,160,160,160,160,160,160,160,160,160,160,160,160,160,160,160,160,160,160,160,160,160,160,160,160,160,160,160,160,160,160,160,160,160,160,160,160,160,160,160,160,160,160,160,160,160,160,160,160,160,160,160,160,160,160,160,160,160,160,160,160,160,160,160,160,160,160,160,160,160,160,160,160,160,160,160,160,160,160,160,160,160,159,160,140,160,117,148,90,92,51,32,16,8,4,2,1,1,1],"taus":[0.1,0.2,0.30000000000000004,0.4,0.5,0.6000000000000001,0.7000000000000001,0.8,0.9,1.0,1.1,1.2000000000000002,1.3,1.4000000000000001,1.5,1.6,1.7000000000000002,1.8,1.9000000000000001,2.0,2.1,2.2,2.3000000000000003,2.4000000000000004,2.5,2.6,2.7,2.8000000000000003,2.9000000000000004,3.0,3.1,3.2,3.3000000000000003,3.4000000000000004,3.5,3.6,3.7,3.8000000000000003,3.9000000000000004,4.0,4.1000000000000005,4.2,4.3,4.4,4.5,4.6000000000000005,4.7,4.800000000000001,4.9,5.0,5.1000000000000005,5.2,5.300000000000001,5.4,5.5,5.6000000000000005,5.7,5.800000000000001,5.9,6.0,6.1000000000000005,6.2,6.300000000000001,6.4,6.5,6.6000000000000005,6.7,6.800000000000001,6.9,7.0,7.1000000000000005,7.2,7.300000000000001,7.4,7.5,7.6000000000000005,7.7,7.800000000000001,7.9,8.0,8.1,8.200000000000001,8.3,8.4,8.5,8.6,8.700000000000001,8.8,8.9,9.0,9.1,9.200000000000001,9.3,9.4,9.5,9.600000000000001,9.700000000000001,9.8,9.9,10.0,10.100000000000001],"gtau":[0.010569204722540082,0.009179984679992342,0.008607070875951587,0.008204694168918137,0.007867374737404072,0.007565713745478874,0.007288746061849454,0.007031393961107801,0.006790835772869049,0.006565243029455952,0.006353281048863858,0.006153888649969637,0.005966173206823519,0.005789355932133478,0.0056227415574086744,0.005465700627142387,0.0053176582809193115,0.005178086293917241,0.005046496713558503,0.004922438477152395,0.004805493209004246,0.004695273041648199,0.004591417280874566,0.004493591230031254,0.004401483553171376,0.004314805038952531,0.00423328674419747,0.004156678772825906,0.004084749015779151,0.0040172819790836815,0.003954077733435305,0.003894950948302674,0.0038397299899833753,0.003788256120185094,0.0037403827526624922,0.0036959747773044572,0.0036549079272569433,0.003617068214866732,0.003582351414150005,0.00355066259231549,0.0035219156746804183,0.003496033064647752,0.003472945305240362,0.0034525907626522054,0.0034349153617391397,0.0034198723377997374,0.003407422048110143,0.003397531783884971,0.003390175637166992,0.0033853343826040876,0.003382995400365282,0.0033831526119676553,0.0033858064665747327,0.0033909639383568908,0.003398638555578103,0.003408850457890352,0.0034216264963850486,0.003437000341076707,0.0034550126375606544,0.003475711177332615,0.0034991511267048843,0.0035253952593201207,0.0035545142609055146,0.0035865870444549137,0.0036217011374519606,0.0036599531041614317,0.003701449060852981,0.0037463052546262607,0.0037946487862177826,0.003846618493572767,0.003902366117602626,0.00396205788219537,0.004025876764130002,0.004094025929494466,0.0041667341847777956,0.004244264654396044,0.004326929666676689,0.004415114365995054,0.004509318786417499,0.0046102294043007174,0.004718841893159136,0.0048366746324240125,0.004966139010113061,0.00511118344832991,0.0052784162045458015,0.005479064117267713,0.005732394276900306,0.006071701563098193,0.006554796341780774,0.007282421588282225,0.0084306529404436,0.01030813828211766,0.013457718882288557,0.01883839935514771,0.028155731427755355,0.04447660810118762,0.07342683438477429,0.12574207473787283,0.22376205960423456,0.42484485345181977,0.9894307952774599],"bd1":[2,4,2,4,4,8,8,16,16,32,32,64,64,128,128,160,160,160,160,160,160,160,160,160,160,160,160,160,160,160,160,160,160,160,160,160,160,160,160,160,160,160,160,160,160,160,160,160,160,160,160,160,160,160,160,160,160,160,160,160,160,160,160,160,160,160,160,160,160,160,160,160,160,160,160,160,160,160,160,160,160,160,160,160,160,160,160,160,160,160,160,160,160,160,160,160,160,160,160,160,160,160,160,160,160,160,160,160,160,160,160,160,160,160,160,160,160,160,160,160,160,160,160,160,160,160,160,160,160,160,160,160,160,160,160,160,160,160,160,160,160,160,160,160,160,160,160,160,160,160,160,160,160,160,160,160,160,160,160,160,160,160,160,160,160,160,160,160,160,160,160,160,160,160,160,160,160,160,160,160,160,160,160,160,160,160,160,160,160,160,128,128,64,64,32,32,16,16,8,8,4,4,2,1],"nn":[0.9894307952774599,0.9845508326849052,0.9820303050599851,0.9806809653511724,0.9799463553034441,0.9795420494883001,0.9793174538684852,0.9791914310051779,0.9791198200401213,0.9790784223913774,0.9790539093947651,0.9790389070969662,0.9790293184069017,0.9790228565743705,0.9790182379771896,0.9790147375381137,0.9790119413869721,0.9790096097196199,0.9790076020648745,0.9790058333885453,0.9790042507584445,0.9790028197453652,0.9790015169182267,0.979000325405423,0.978999232453196,0.9789982279418913,0.97899730357983,0.9789964523786067,0.9789956682990018,0.9789949460493633,0.9789942809472466,0.9789936688109188,0.9789931059175166,0.978992588915109,0.9789921148179022,0.9789916809172883,0.9789912847939922,0.9789909242814808,0.9789905974380276,0.9789903025281178,0.9789900379842689,0.9789898024626207,0.9789895947681305,0.9789894138862125,0.9789892589030187,0.9789891290366901,0.9789890236511662,0.9789889422225493,0.9789888843591189,0.9789888497617487,0.978988838274469,0.9789888498302065,0.9789888844942636,0.978988942433729,0.9789890239351511,0.978989129393097,0.9789892593267427,0.9789894143777408,0.978989595307685,0.9789898030267937,0.978990038571654,0.9789903031452345,0.978990598108313,0.9789909249984625,0.9789912855516607,0.9789916817102253,0.9789921156477825,0.9789925897846202,0.9789931068148574,0.9789936697330743,0.9789942818707762,0.9789949469416069,0.9789956691147746,0.9789964530909693,0.9789973041596852,0.978998228385435,0.9789992326867683,0.9790003252776308,0.9790015163671651,0.9790028189169528,0.9790042497404653,0.9790058322651229,0.9790076007502532,0.9790096081005626,0.979011939416426,0.979014735376315,0.9790182355754321,0.9790228540384736,0.9790293161260282,0.9790389053529285,0.9790539086396208,0.9790784229397875,0.9791198218271842,0.9791914332990582,0.9793174555125415,0.9795420490936091,0.979946352549726,0.9806809623955085,0.9820303044949693,0.9845508320100284]}