{"bd2":[2,4,4,4,4,8,8,8,16,32,32,32,54,80,80,80,84,112,112,112,96,116,116,116,96,124,124,124,104,124,124,124,104,132,132,132,104,132,132,132,106,132,132,132,106,132,132,132,106,132,132,132,104,124,124,124,104,124,124,124,96,116,116,116,96,112,112,112,84,84,84,84,54,32,32,32,16,8,8,8,4,4,4,4,2,1,1,1],"taus":[0.05,0.1,0.15000000000000002,0.2,0.25,0.30000000000000004,0.35000000000000003,0.4,0.45,0.5,0.55,0.6000000000000001,0.65,0.7000000000000001,0.75,0.8,0.8500000000000001,0.9,0.9500000000000001,1.0,1.05],"gtau":[0.4050874115753515,0.3994946426873679,0.3957312391378519,0.39355112557481897,0.39282097705825264,0.3934690094960158,0.3954614892438266,0.39879093188861486,0.4034698884197226,0.4095277126336101,0.41700911585354034,0.4259739615366262,0.43649809792772465,0.44867526396868346,0.4626203374324114,0.47847452179439554,0.4964136420342925,0.5166618710093763,0.5395157658722729,0.5653898198663942,0.5949125884246484],"nn2":[0.5754114681486981,0.5482496562760515,0.5395160631389089,0.5321507463386104,0.525988780871517,0.5209204169474648,0.5168666422951422,0.513769116889738,0.511585401609623,0.5102864688521274,0.5098553529095866,0.5102864690530501,0.5115854019428159,0.5137691173755983,0.5168666426772144,0.5209204171637989,0.525988780769901,0.5321507457393735,0.5395160616950825,0.5482496526622751],"bd1":[1,1,1,1,1,2,2,4,4,8,8,16,16,32,32,64,64,127,121,229,211,300,286,300,300,300,300,300,300,300,300,300,300,300,300,300,300,300,300,300,300,300,300,300,300,300,300,300,300,300,300,300,300,300,300,300,300,300,300,300,300,300,300,300,300,300,300,300,299,300,219,236,124,128,64,64,32,32,16,16,8,8,4,4,2,2,1,1],"nn":[0.5949125894214129,0.5847760620365905,0.5760085993453533,0.568502662422865,0.5621676533139193,0.5569280558832617,0.55272202304918,0.5495002900346231,0.5472253440039421,0.545870810688017,0.5454210305068978,0.5458708108081037,0.5472253442440602,0.5495002902859931,0.552722023343784,0.556928056139533,0.5621676535853612,0.5685026625586086,0.5760085995156402,0.5847760622886647]}