{"bd2":[2,4,4,4,4,8,8,8,16,32,32,32,64,128,128,128,200,200,200,200,200,200,200,200,200,200,200,200,200,200,200,200,200,200,200,200,200,200,200,200,200,200,200,200,200,200,200,200,200,200,200,200,200,200,200,200,200,200,200,200,200,200,200,200,200,200,200,200,200,200,200,200,200,200,200,200,200,200,200,200,200,200,200,200,200,200,200,200,200,200,200,200,200,200,200,200,200,200,200,200,200,200,200,200,200,200,200,200,200,200,200,200,200,200,200,200,200,200,200,200,200,200,200,200,200,200,200,200,200,200,200,200,200,200,200,200,200,200,200,200,200,200,200,200,200,200,200,200,200,200,200,200,200,200,200,200,200,200,200,200,200,200,200,200,200,200,200,200,200,200,200,200,200,200,200,200,200,200,200,200,200,200,200,200,200,200,200,200,200,128,128,128,64,32,32,32,16,8,8,8,4,4,4,4,2,1,1,1],"taus":[0.2,0.4,0.6000000000000001,0.8,1.0,1.2000000000000002,1.4000000000000001,1.6,1.8,2.0,2.2,2.4000000000000004,2.6,2.8000000000000003,3.0,3.2,3.4000000000000004,3.6,3.8000000000000003,4.0,4.2,4.4,4.6000000000000005,4.800000000000001,5.0,5.2,5.4,5.6000000000000005,5.800000000000001,6.0,6.2,6.4,6.6000000000000005,6.800000000000001,7.0,7.2,7.4,7.6000000000000005,7.800000000000001,8.0,8.200000000000001,8.4,8.6,8.8,9.0,9.200000000000001,9.4,9.600000000000001,9.8,10.0,10.200000000000001],"gtau":[0.38072192549013245,0.32444492366909655,0.28062859493492176,0.24484778666045245,0.21512004734796467,0.19019823532172844,0.16918553709857975,0.15139536593028619,0.13628448217603742,0.12341480935336764,0.11242920958539117,0.1030339514017673,0.09498660197081361,0.08808621007148193,0.08216595928002582,0.07708671968372273,0.07273168313729254,0.0690037453511737,0.06582241637610801,0.06312088839360204,0.060844123916868116,0.058947170534840256,0.05739389279827767,0.056155971985846674,0.05521240954711814,0.054548936804183164,0.054158037542075654,0.0540390281593657,0.05419851044359452,0.05465127625278886,0.055421564368486186,0.05654489136251481,0.05807057822701044,0.0600651427930592,0.06261679459339155,0.06584155261625112,0.06989116793753115,0.07496369937436184,0.08131731625502729,0.08928888073972649,0.09931849809134059,0.11198226455697967,0.12803629122988416,0.14847658005756958,0.17462165259888562,0.20822945856291092,0.2516701184172589,0.30820005171238907,0.3824552962535944,0.481572261590833,0.6192780745098676],"nn2":[0.5552329577625884,0.44441686991371837,0.40045728668674396,0.37287472069893185,0.35460194342560036,0.342200367552298,0.33363387598592986,0.32762340736444284,0.32334320412218365,0.32025027835981207,0.31798385309460736,0.3162999591963974,0.31503343541873974,0.31406898067278793,0.3133255920868731,0.3127472174430382,0.3122941986344968,0.31193698379320967,0.31165523595240274,0.31143344993006356,0.31126039147680595,0.311128001118689,0.311030769397819,0.31096358593492196,0.31092472494515005,0.3109115519486672,0.31092429441299685,0.3109634943866969,0.3110305051774246,0.3111281643565062,0.31126061996519877,0.3114337291987517,0.3116557584093617,0.31193788668362193,0.31229497269987877,0.3127475443614786,0.3133250375242802,0.3140683521175054,0.3150336581843667,0.3163007473235185,0.31798421971852286,0.3202504589861224,0.3233431748125855,0.32762340459453776,0.33363382119511553,0.3422001243823291,0.3546011740544809,0.3728725225909196,0.400451676714868,0.4443961463785832],"bd1":[1,1,1,1,1,2,2,4,4,8,8,16,16,32,32,64,64,128,128,200,200,200,200,200,200,200,200,200,200,200,200,200,200,200,200,200,200,200,200,200,200,200,200,200,200,200,200,200,200,200,200,200,200,200,200,200,200,200,200,200,200,200,200,200,200,200,200,200,200,200,200,200,200,200,200,200,200,200,200,200,200,200,200,200,200,200,200,200,200,200,200,200,200,200,200,200,200,200,200,200,200,200,200,200,200,200,200,200,200,200,200,200,200,200,200,200,200,200,200,200,200,200,200,200,200,200,200,200,200,200,200,200,200,200,200,200,200,200,200,200,200,200,200,200,200,200,200,200,200,200,200,200,200,200,200,200,200,200,200,200,200,200,200,200,200,200,200,200,200,200,200,200,200,200,200,200,200,200,200,200,200,200,200,200,200,200,200,200,200,200,200,200,128,128,64,64,32,32,16,16,8,8,4,4,2,2,1,1],"nn":[0.6193605986554329,0.5470829058664468,0.4987410236625296,0.4660374558383113,0.4436526778325457,0.4281433177849333,0.41726322018855083,0.4095323635355301,0.4039668389541217,0.3999069181452641,0.3969055163280522,0.39465908276837663,0.3929565094628424,0.39165127713482195,0.3906393427496643,0.3898480190520554,0.389226597310144,0.3887350615704397,0.3883457724996026,0.3880382651584513,0.38779899943051,0.38761528655343647,0.3874798106935631,0.3873864330752613,0.38733195663547443,0.3873142887609392,0.3873326872884545,0.38738788705960886,0.38748173355425897,0.38761810458453605,0.3878025084401032,0.38804318218074035,0.38835094343001697,0.38874136597046116,0.3892343604650505,0.38985707887929527,0.39064732062832747,0.3916585767673834,0.39296356288170764,0.394665762314681,0.39691127120152186,0.3999108314338711,0.4039693946971083,0.4095332829687937,0.4172631953737846,0.4281424477137062,0.44365162535610625,0.46603689645380714,0.4987481931853795,0.5471118596098634]}