{"bd2":[2,4,4,4,4,8,8,8,16,32,32,32,64,122,122,122,200,200,200,200,200,200,200,200,200,200,200,200,200,200,200,200,200,200,200,200,200,200,200,200,200,200,200,200,200,200,200,200,200,200,200,200,200,200,200,200,200,200,200,200,200,200,200,200,200,200,200,200,200,200,200,200,200,200,200,200,200,200,200,200,200,200,200,200,200,200,200,200,200,200,200,200,200,200,200,200,200,200,200,200,200,200,200,200,200,200,200,200,200,200,200,200,200,200,200,200,200,200,200,200,200,200,200,200,200,200,200,200,200,200,200,200,200,200,200,200,200,200,200,200,200,200,200,200,200,200,200,200,200,200,200,200,200,200,200,200,200,200,200,200,200,200,200,200,200,200,200,200,200,200,200,200,200,200,200,200,200,200,200,200,200,200,200,200,200,200,200,200,200,122,122,122,64,32,32,32,16,8,8,8,4,2,2,2,2,1,1,1],"taus":[0.2,0.4,0.6000000000000001,0.8,1.0,1.2000000000000002,1.4000000000000001,1.6,1.8,2.0,2.2,2.4000000000000004,2.6,2.8000000000000003,3.0,3.2,3.4000000000000004,3.6,3.8000000000000003,4.0,4.2,4.4,4.6000000000000005,4.800000000000001,5.0,5.2,5.4,5.6000000000000005,5.800000000000001,6.0,6.2,6.4,6.6000000000000005,6.800000000000001,7.0,7.2,7.4,7.6000000000000005,7.800000000000001,8.0,8.200000000000001,8.4,8.6,8.8,9.0,9.200000000000001,9.4,9.600000000000001,9.8,10.0,10.200000000000001],"gtau":[0.00013118887069504925,0.00012131498067122173,0.00011283699342102197,0.0001053368447790777,9.868213263778563e-5,9.277054686113058e-5,8.751538574468826e-5,8.28419645383554e-5,7.86856708184453e-5,7.499052022627272e-5,7.170798896242718e-5,6.879601568136328e-5,6.621816736919669e-5,6.394292449308952e-5,6.194307289226888e-5,6.019518615308275e-5,5.867918625223193e-5,5.7377971806546764e-5,5.627710526961001e-5,5.5364551811133544e-5,5.4630463875556874e-5,5.406700649286332e-5,5.3668219370709845e-5,5.342991267157815e-5,5.3349594098998045e-5,5.3426425680873613e-5,5.366120927213916e-5,5.405640045488611e-5,5.461615113267538e-5,5.5346381758987434e-5,5.6254884835285446e-5,5.735146198515504e-5,5.8648097707777285e-5,6.015917375710492e-5,6.190172904277595e-5,6.389577104550885e-5,6.61646460092794e-5,6.873547657527748e-5,7.16396775268696e-5,7.491356167591424e-5,7.859905188080488e-5,8.274451683166433e-5,8.740576048877416e-5,9.264719656450286e-5,9.854330403171795e-5,0.00010518070751208645,0.00011266892116871201,0.00012180414801790783,0.0001973181599579734,0.00694759485241251,0.9998688111293049],"bd1":[1,1,1,1,1,2,2,4,4,8,8,16,14,27,22,38,32,52,37,56,43,69,47,69,53,81,56,78,61,92,62,85,67,99,67,91,70,102,70,93,73,108,74,96,75,111,76,100,77,113,78,103,80,116,80,105,82,118,82,108,84,121,85,113,86,124,86,113,88,125,88,114,90,129,91,115,91,129,91,115,91,130,91,119,91,130,91,119,92,133,92,120,93,134,93,120,93,134,93,121,95,137,95,122,95,137,95,122,96,137,97,123,97,138,97,124,98,139,98,125,98,139,98,125,98,139,98,124,98,140,99,124,99,139,100,125,99,139,99,123,98,138,99,125,98,138,99,126,97,137,97,124,97,137,97,122,97,136,96,123,95,134,94,120,93,130,93,115,92,129,92,114,87,122,89,111,86,119,84,105,81,111,79,97,75,101,71,87,64,88,60,73,51,65,42,47,27,29,16,16,8,8,4,4,2,2,1,1],"nn":[0.999868811129305,0.9997388570430834,0.9997376671696891,0.9997376526496444,0.9997376506188577,0.9997376491636313,0.9997376479888147,0.9997376470182017,0.9997376462079095,0.9997376455274437,0.9997376449534818,0.9997376444679211,0.999737644056334,0.9997376437070733,0.9997376434107191,0.9997376431595486,0.9997376429472865,0.9997376427687565,0.9997376426197324,0.9997376424967621,0.9997376423970266,0.9997376423182761,0.9997376422587595,0.9997376422171541,0.9997376421925368,0.9997376421843416,0.9997376421924805,0.9997376422170497,0.9997376422586165,0.9997376423180957,0.9997376423968182,0.9997376424965503,0.9997376426195493,0.9997376427686221,0.999737642947297,0.9997376431597451,0.9997376434111644,0.9997376437078209,0.9997376440574242,0.9997376444694562,0.9997376449554864,0.9997376455298611,0.9997376462107556,0.9997376470215378,0.9997376479923845,0.9997376491673614,0.9997376506227159,0.9997376526538899,0.9997376671750077,0.9997388570509156]}