{"ns":[-0.24038570521528654,-0.24048345631260049,-0.23925324267786752,-0.24086941172621512,-0.24518715591658075,-0.2505353871457269,-0.2623128729254314,-0.2713741573389469,-0.2832047841967808,-0.28526183179789877,-0.2763188991184473,-0.2706140859563615,-0.28121080152978556,-0.2959253285823203,-0.3105374776774823,-0.33500425592551175,-0.3632215924227234,-0.38492690736474755,-0.42181435426137437,-0.46461578203035164,-0.5092797095109596,-0.5447311349325692,-0.5862499069300823,-0.6179474297926436,-0.6485064185830227,-0.6750343553689147,-0.7096509468415443,-0.7616449257958625,-0.8159595081540442,-0.8599928735530687,-0.8963947706423422,-0.9294279648232873,-0.9580724577807513,-0.9785501675820389,-0.9865204557738863,-0.994433140980185,-0.9974797421365432,-0.997820778165316,-0.9996371586127872,-0.9997102119319041],"taus":[0.1,0.2,0.30000000000000004,0.4,0.5,0.6000000000000001,0.7000000000000001,0.8,0.9,1.0,1.1],"bd":[2,4,8,16,8,16,8,16,16,32,32,64,64,128,128,256,256,512,512,900,880,900,888,900,896,900,896,900,896,900,896,900,896,900,896,900,896,900,896,900,892,900,856,900,480,900,488,900,472,892,900,452,226,452,900,450,450,886,900,884,828,900,900,875,871,900,900,885,827,900,900,872,868,900,900,882,831,900,900,872,871,900,900,885,832,900,900,872,869,900,900,882,830,900,900,872,870,900,900,884,827,900,900,872,871,900,900,882,828,900,900,874,873,900,900,884,826,900,900,873,872,900,900,881,822,900,900,876,873,900,900,881,823,900,900,873,869,900,900,879,822,900,900,872,868,900,900,879,820,900,900,873,869,900,900,881,819,900,900,874,870,900,900,881,820,900,900,875,872,900,900,880,818,900,900,872,871,900,900,882,819,900,900,878,875,900,900,883,817,900,900,874,873,900,900,881,820,900,900,880,878,900,900,883,817,900,900,879,878,900,900,883,817,900,900,879,878,900,900,882,817,900,900,877,876,900,900,881,815,900,900,878,877,900,900,885,814,900,900,878,878,900,900,884,815,900,900,877,876,900,900,885,813,900,900,876,874,900,900,880,811,900,900,877,875,900,900,880,811,900,900,873,873,900,900,885,810,900,900,878,877,900,900,884,810,900,900,876,875,900,900,880,807,900,900,878,876,900,900,883,808,900,900,876,875,900,900,880,806,900,900,873,871,900,900,882,803,900,900,873,873,900,900,879,802,900,900,874,873,900,900,876,800,900,900,874,870,900,900,878,793,900,900,869,863,900,900,870,768,900,900,882,756,899,900,660,352,400,416,208,104,112,128,64,32,32,32,16,8,16,8,4,2,4,2,1],"lt":[{"re":-0.03815157535365847,"im":0.24038570521528654},{"re":-0.14102372647359077,"im":0.19276279017195383},{"re":-0.2011254039570473,"im":0.10398576233916622},{"re":-0.2127662510704193,"im":0.006444410658814811},{"re":-0.18234071136793548,"im":-0.07628312971920058},{"re":-0.12701324701544864,"im":-0.13212871748685617},{"re":-0.060549830603561144,"im":-0.15817192518909903},{"re":0.0038071708521057062,"im":-0.1574663755424527},{"re":0.057204227399581205,"im":-0.1356407572415748},{"re":0.09382704449825448,"im":-0.0990840313453781},{"re":0.11259047666911347,"im":-0.054134955503836714},{"re":0.11312048802021012,"im":-0.009321136654692492},{"re":0.09928082087807813,"im":0.030416825409916963},{"re":0.07564791696610053,"im":0.06034671693461851},{"re":0.046060632548601425,"im":0.07977522471988031},{"re":0.014717421310392229,"im":0.08750223963269317},{"re":-0.014936545022327203,"im":0.08445958271123394},{"re":-0.0403339816239928,"im":0.07269113841607382},{"re":-0.05950933441628531,"im":0.05380014750045259},{"re":-0.06983365948891589,"im":0.030162987549779814},{"re":-0.07095420176474107,"im":0.005461772704964314},{"re":-0.06403372177147873,"im":-0.016859317998827256},{"re":-0.050649580271845726,"im":-0.03454129415286231},{"re":-0.0332596884647194,"im":-0.045897283545649356},{"re":-0.014523237828830223,"im":-0.050681115435311425},{"re":0.0034294568102494253,"im":-0.049476922450725935},{"re":0.018841571396854714,"im":-0.04280962984056676},{"re":0.02997740382272628,"im":-0.032299433166894924},{"re":0.036375697298576815,"im":-0.019625550486379928},{"re":0.03796873310531267,"im":-0.0062416313682977865},{"re":0.03492922328579878,"im":0.005991445619155229},{"re":0.028319684823475872,"im":0.015863440270663456},{"re":0.0194208359435918,"im":0.02255557578215967},{"re":0.009548364572132791,"im":0.02575731284217421},{"re":-6.220133394472003e-5,"im":0.025649832463703833},{"re":-0.008409724271607398,"im":0.022731976912936963},{"re":-0.01495649134459259,"im":0.0176213660492703},{"re":-0.019312243251590908,"im":0.011059384421050807},{"re":-0.021270875692321445,"im":0.0037814567673194895},{"re":-0.02082592599133495,"im":-0.003397110880272022},{"re":-0.01817972111724725,"im":-0.009773574674409983}],"gtau":[{"re":0.00022513708045969466,"im":6.225537138047298e-6},{"re":0.00035817062397581025,"im":1.8870140206930895e-5},{"re":0.0006273753720690486,"im":4.826067230505451e-5},{"re":0.0011613015191670273,"im":0.0001110887386136224},{"re":0.0022370604711980536,"im":0.00024789297637079725},{"re":0.004453083791732291,"im":0.0005508614942443838},{"re":0.009133464175131497,"im":0.001229204199799864},{"re":0.019323359097217788,"im":0.0027813003805373395},{"re":0.04237221402258804,"im":0.006433210784664236},{"re":0.09736937858400199,"im":0.015338087394132682},{"re":0.9997748629195403,"im":-6.225537138047298e-6}],"ts":[0.05,0.1,0.15000000000000002,0.2,0.25,0.30000000000000004,0.35000000000000003,0.4,0.45,0.5,0.55,0.6000000000000001,0.65,0.7000000000000001,0.75,0.8,0.8500000000000001,0.9,0.9500000000000001,1.0,1.05,1.1,1.1500000000000001,1.2000000000000002,1.25,1.3,1.35,1.4000000000000001,1.4500000000000002,1.5,1.55,1.6,1.6500000000000001,1.7000000000000002,1.75,1.8,1.85,1.9000000000000001,1.9500000000000002,2.0,2.0500000000000003],"gt":[{"re":6.226151550178931e-6,"im":-0.0002251319627814332},{"re":5.69632299907776e-5,"im":-0.0002156644062805493},{"re":0.00010065724193293204,"im":-0.00018404512687734704},{"re":0.00013508596192577716,"im":-0.0001436240145990391},{"re":0.00015503860864216767,"im":-9.447980513599153e-5},{"re":0.00015921738255064114,"im":-4.006163144662294e-5},{"re":0.00014304485217196748,"im":1.196267528363588e-5},{"re":0.0001135223363695329,"im":5.4807807392982243e-5},{"re":7.577166598322982e-5,"im":8.604721871981133e-5},{"re":3.3920143339080304e-5,"im":0.00010242149015278124},{"re":-9.854641536416844e-6,"im":0.00010054611239529215},{"re":-4.569152383269487e-5,"im":8.37718912272935e-5},{"re":-7.214813696353656e-5,"im":5.582411461595801e-5},{"re":-8.611731439193858e-5,"im":2.3539914289582922e-5},{"re":-8.900763560052497e-5,"im":-1.0244531774232811e-5},{"re":-8.071141553444548e-5,"im":-3.969198292504074e-5},{"re":-6.434335287470459e-5,"im":-6.325819058039341e-5},{"re":-4.187579550352643e-5,"im":-7.964811676700001e-5},{"re":-1.570296529770035e-5,"im":-8.737139489284554e-5},{"re":1.1161517072870202e-5,"im":-8.492216017090197e-5},{"re":3.47957914170248e-5,"im":-7.324071983205083e-5},{"re":5.24720152129489e-5,"im":-5.5353591954588425e-5},{"re":6.274619673026433e-5,"im":-3.3815603711713e-5},{"re":6.513192145178275e-5,"im":-1.1472956325256892e-5},{"re":6.0812783010029746e-5,"im":9.335172270145065e-6},{"re":5.111991610241103e-5,"im":2.6924177039899063e-5},{"re":3.694744408281209e-5,"im":3.9549701544223786e-5},{"re":2.066549329399941e-5,"im":4.60315962326015e-5},{"re":4.1624574227468165e-6,"im":4.646257925425901e-5},{"re":-1.0966362637337146e-5,"im":4.116735431550339e-5},{"re":-2.252055989105519e-5,"im":3.114188184500719e-5},{"re":-2.9555530049432393e-5,"im":1.8124009028751692e-5},{"re":-3.157548738501522e-5,"im":4.0621236230735134e-6},{"re":-2.8778559045130773e-5,"im":-9.235172917580329e-6},{"re":-2.198412792331826e-5,"im":-2.029260954753453e-5},{"re":-1.2339312592080711e-5,"im":-2.8056359772518503e-5},{"re":-8.584639595431133e-7,"im":-3.206330992574947e-5},{"re":1.1209070159088697e-5,"im":-3.205375041551569e-5},{"re":2.260843310140537e-5,"im":-2.806126607306999e-5},{"re":3.20091394430802e-5,"im":-2.0559806016677888e-5},{"re":3.836727023430771e-5,"im":-1.0359825799109553e-5}]}