{"gf":[0.0009554959168799606,0.0010687143865112576,0.0012042470113782964,0.0013654022035715866,0.0015563358444851542,0.0017821472998499157,0.0020490251919828,0.0023644408745806074,0.002737393304687147,0.003178712980232068,0.003701436071927218,0.0043212634592771785,0.005057123480928075,0.005931862156366882,0.0069730907631388615,0.008214228351980813,0.00969578654087387,0.011466956381734467,0.013587573076313402,0.016130554947410804,0.019184939854014368,0.02285967722609464,0.027288379908621426,0.0326353009675017,0.039102882036734614,0.04694132952324185,0.05646082435119425,0.06804717648494993,0.08218202185222541,0.0994690637810618,0.1206684411986854,0.1467421523059644,0.1789147215855002,0.2187552122149189,0.26828966848239877,0.3301578513005286,0.40783603310117755,0.5059611744193644,0.6308160552663907,0.7910804965712723,0.9990445040831201],"ts":[0.0,0.025,0.05,0.07500000000000001,0.1,0.125,0.15000000000000002,0.17500000000000002,0.2,0.225,0.25,0.275,0.30000000000000004,0.325,0.35000000000000003,0.375,0.4,0.42500000000000004,0.45,0.47500000000000003,0.5,0.525,0.55,0.5750000000000001,0.6000000000000001,0.625,0.65,0.675,0.7000000000000001,0.7250000000000001,0.75,0.775,0.8,0.8250000000000001,0.8500000000000001,0.875,0.9,0.925,0.9500000000000001,0.9750000000000001,1.0]}