{"ns":[-0.7162483309812101,-0.7156962224993926,-0.71539495651125,-0.716250036396857,-0.7190195687050485,-0.7233113535535557,-0.7271255784052142,-0.7357903403987361,-0.7438748662735944,-0.7564084193553253,-0.7750103519338767,-0.7863466008791355,-0.812393000789825,-0.8330892057871865,-0.8519493236732673,-0.8709784660820932,-0.8626513293845383,-0.8763859857848157,-0.8997595386378177,-0.929486984669768,-0.9446108821452072,-0.9603764191070167,-0.9684070024410635,-0.9789288040647297,-0.9817284235980128,-0.9857483219616832,-0.9911401988506147,-0.9960159486787449,-1.0029278620872015,-1.0102203861291053,-1.0099486434187162,-1.0076935085427503,-1.0105356398672865,-1.0097183730159427,-1.0045610824980424,-1.0020222520206201,-1.0001117565900146,-0.9992147394870168,-0.9992020926297888,-0.9992718678010721],"taus":[0.1,0.2,0.30000000000000004,0.4,0.5,0.6000000000000001,0.7000000000000001,0.8,0.9,1.0,1.1],"bd":[2,4,8,16,8,16,8,16,16,32,32,64,64,128,128,256,256,400,396,400,396,400,396,400,396,400,392,400,400,400,392,400,396,400,392,400,396,400,400,400,396,400,380,400,200,400,200,400,200,392,400,200,100,200,400,200,200,394,400,394,353,400,400,393,392,400,400,397,351,400,400,397,395,400,400,395,350,400,400,394,393,400,400,395,349,400,400,392,390,400,400,396,347,400,400,393,391,400,400,393,347,400,400,392,390,400,400,395,346,400,400,388,386,400,400,392,345,400,400,392,390,400,400,393,345,400,400,391,389,400,400,393,342,400,400,390,388,400,400,393,345,400,400,390,387,400,400,394,343,400,400,392,389,400,400,394,342,400,400,392,390,400,400,393,342,400,400,393,390,400,400,395,337,400,400,392,390,400,400,393,335,400,400,392,390,400,400,396,335,400,400,391,389,400,400,395,334,400,400,393,390,400,400,396,334,400,400,393,391,400,400,395,335,400,400,394,391,400,400,394,337,400,400,393,392,400,400,394,335,400,400,395,392,400,400,394,334,400,400,394,388,400,400,392,334,400,400,396,391,400,400,394,334,400,400,395,391,400,400,393,334,400,400,396,391,400,400,393,334,400,400,394,389,400,400,393,338,400,400,392,389,400,400,393,337,400,400,396,392,400,400,392,338,400,400,399,393,400,400,394,336,400,400,391,386,400,400,392,337,400,400,396,389,400,400,393,331,400,400,396,389,400,400,396,335,400,400,392,386,400,400,393,332,400,400,393,384,400,400,397,333,400,400,392,380,400,400,391,332,400,400,394,365,400,400,388,271,362,391,208,104,112,128,64,32,32,32,16,8,16,8,4,2,4,2,1],"lt":[{"re":-0.08197438553121204,"im":0.7162483309812101},{"re":-0.24688457468450412,"im":0.6746889004274825},{"re":-0.3933533183175061,"im":0.5930798300962861},{"re":-0.5111111909686512,"im":0.47704866246078087},{"re":-0.5924147980785496,"im":0.3387563403365647},{"re":-0.636728950912271,"im":0.1951387863554269},{"re":-0.6427856276879972,"im":0.05082141164532016},{"re":-0.6191302458533953,"im":-0.08381067645874671},{"re":-0.565745140439226,"im":-0.2032079409954768},{"re":-0.49457986931351283,"im":-0.3019944526386581},{"re":-0.40767117576299283,"im":-0.37971642925684407},{"re":-0.31098986910730997,"im":-0.4362326090617675},{"re":-0.20847127407734745,"im":-0.47306807386363253},{"re":-0.1049268327414578,"im":-0.4884608629922883},{"re":-0.006818604020247675,"im":-0.4853752564651322},{"re":0.0849467156354431,"im":-0.46605136332678554},{"re":0.16942444958996894,"im":-0.4314773431256099},{"re":0.2422743604451443,"im":-0.38531089926058293},{"re":0.30208127408680147,"im":-0.3292732498445647},{"re":0.3479161844871748,"im":-0.26618749200681735},{"re":0.37913687614323816,"im":-0.19779080267110205},{"re":0.39613250969865527,"im":-0.12700140775737903},{"re":0.39928904222498723,"im":-0.05555957280072525},{"re":0.3896611466188474,"im":0.012643640162822397},{"re":0.36897575788711345,"im":0.0759988711590595},{"re":0.3379892897552489,"im":0.1331479029991551},{"re":0.29890451713780747,"im":0.18216535843925197},{"re":0.2537321797676614,"im":0.22288392195227635},{"re":0.20413660320340302,"im":0.25510007429843545},{"re":0.15192887306004543,"im":0.2781050517214682},{"re":0.09866259711491278,"im":0.2928314724110462},{"re":0.04600578305915437,"im":0.29870343653165915},{"re":-0.004791209976938787,"im":0.29636239958911137},{"re":-0.0524710940739808,"im":0.28592581042151505},{"re":-0.09627937947881385,"im":0.2681685322282051},{"re":-0.13497452128021314,"im":0.24428006305331526},{"re":-0.16812980123361868,"im":0.21526638253848976},{"re":-0.19522122235497313,"im":0.18201813135165051},{"re":-0.21567562023649783,"im":0.14554190087511717},{"re":-0.22933933037631574,"im":0.1073029215608802},{"re":-0.23609698712012744,"im":0.06851764958222338}],"gtau":[{"re":0.000668092600093429,"im":9.595955522678545e-5},{"re":0.0011103379765265925,"im":0.0001360026547210408},{"re":0.0019648580063424933,"im":0.00022883865132771174},{"re":0.003628412472733328,"im":0.0004142264082403635},{"re":0.006944268374022363,"im":0.0007910865872800061},{"re":0.013711457892420368,"im":0.0015816756091233195},{"re":0.027915152833135986,"im":0.003271295978240757},{"re":0.05865789210578016,"im":0.00697129723401656},{"re":0.1278324998441806,"im":0.015271380020265206},{"re":0.29190503859605665,"im":0.03447312644475489},{"re":0.9993319073999065,"im":-9.595955522678545e-5}],"ts":[0.025,0.05,0.07500000000000001,0.1,0.125,0.15000000000000002,0.17500000000000002,0.2,0.225,0.25,0.275,0.30000000000000004,0.325,0.35000000000000003,0.375,0.4,0.42500000000000004,0.45,0.47500000000000003,0.5,0.525,0.55,0.5750000000000001,0.6000000000000001,0.625,0.65,0.675,0.7000000000000001,0.7250000000000001,0.75,0.775,0.8,0.8250000000000001,0.8500000000000001,0.875,0.9,0.925,0.9500000000000001,0.9750000000000001,1.0,1.0250000000000001],"gt":[{"re":9.595955519235385e-5,"im":-0.0006680926000914554},{"re":0.00016527690752948028,"im":-0.0006550844360216914},{"re":0.000249612714149269,"im":-0.000637001429736105},{"re":0.0003193990260953463,"im":-0.0006004406547392162},{"re":0.00038885399957352116,"im":-0.0005466159399901691},{"re":0.00043736401532877946,"im":-0.0004939043177466021},{"re":0.0004763872233074616,"im":-0.0004306225531159822},{"re":0.0005050494272535427,"im":-0.0003610234234541562},{"re":0.0005154931893005149,"im":-0.0002819191876675718},{"re":0.0005113118887172392,"im":-0.0002048366643247193},{"re":0.0004901628096069509,"im":-0.00012809128442011565},{"re":0.0004635027501885158,"im":-5.1950271992013055e-5},{"re":0.00042509867939231514,"im":2.2315263084794305e-5},{"re":0.0003773598364828741,"im":9.316255873661183e-5},{"re":0.00032232436847150306,"im":0.00015610451395409292},{"re":0.0002596114560349747,"im":0.00021072133308829135},{"re":0.0001912417081146124,"im":0.0002567928802888227},{"re":0.00011994357444336553,"im":0.00028997103016527835},{"re":4.919661321915055e-5,"im":0.00030847595698652274},{"re":-1.926275954241242e-5,"im":0.0003131523606612953},{"re":-8.560939116161018e-5,"im":0.0003031685890002647},{"re":-0.0001474083152239547,"im":0.00027890831824657034},{"re":-0.0002035563938193342,"im":0.00024201294265343418},{"re":-0.0002484805956481035,"im":0.00019505173755041236},{"re":-0.0002824698278155827,"im":0.00014094151682399506},{"re":-0.0003042879350390831,"im":8.1201975132406e-5},{"re":-0.00031337666136758394,"im":1.9510702948914322e-5},{"re":-0.0003109985722057452,"im":-4.1694937689900245e-5},{"re":-0.00029786140012946506,"im":-0.0001004233142963174},{"re":-0.00027500148008778624,"im":-0.00015442397854356974},{"re":-0.0002440176843650743,"im":-0.0002027720560825139},{"re":-0.0002057191187790065,"im":-0.0002433313081943637},{"re":-0.00016174306290827166,"im":-0.00027490630524110203},{"re":-0.00011398467077837211,"im":-0.00029658972035201983},{"re":-6.411742484116116e-5,"im":-0.00030838415878035435},{"re":-1.4462712034400057e-5,"im":-0.00031030098341785323},{"re":3.34672222753955e-5,"im":-0.0003031244539146503},{"re":7.829200965137057e-5,"im":-0.000287582025083472},{"re":0.00011857639368698161,"im":-0.0002645597772220352},{"re":0.00015309069594002096,"im":-0.00023556394745413332},{"re":0.00018094484190938137,"im":-0.00020194135774335116}]}