{"taus":[0.2,0.4,0.6000000000000001,0.8,1.0,1.2000000000000002,1.4000000000000001,1.6,1.8,2.0,2.2,2.4000000000000004,2.6,2.8000000000000003,3.0,3.2,3.4000000000000004,3.6,3.8000000000000003,4.0,4.2,4.4,4.6000000000000005,4.800000000000001,5.0,5.2,5.4,5.6000000000000005,5.800000000000001,6.0,6.2,6.4,6.6000000000000005,6.800000000000001,7.0,7.2,7.4,7.6000000000000005,7.800000000000001,8.0,8.200000000000001,8.4,8.6,8.8,9.0,9.200000000000001,9.4,9.600000000000001,9.8,10.0,10.200000000000001],"bd":[2,4,8,16,8,16,8,16,16,32,32,64,64,128,128,256,256,400,388,400,400,400,400,400,396,400,396,400,400,400,400,400,396,400,396,400,396,400,396,400,392,400,396,400,392,400,396,400,400,400,392,400,400,400,392,400,396,400,396,400,400,400,392,400,400,400,392,400,400,400,392,400,400,400,396,400,400,400,396,400,400,400,396,400,400,400,396,400,400,400,396,400,400,400,400,400,400,400,392,400,400,400,396,400,400,400,396,400,400,400,396,400,400,400,396,400,400,400,396,400,396,400,400,400,396,400,400,400,396,400,400,400,396,400,396,400,400,400,400,400,400,400,400,400,400,400,400,400,400,400,396,400,400,400,396,400,396,400,396,400,396,400,396,400,400,400,396,400,396,400,396,400,396,400,392,400,396,400,392,400,400,400,400,400,396,400,392,400,400,400,396,400,388,400,256,256,128,128,64,64,32,32,16,16,8,4,2,1],"gtau":[-2.6714572604965192e-14,-4.989067653621411e-14,5.174367494723012e-14,5.6492824682430195e-15,4.168369639506704e-14,-5.430664405033472e-14,-4.9504599721293614e-14,-6.364145966202744e-14,-5.6271914839340095e-14,-7.521310695548492e-15,-4.0815945654619266e-14,-1.390595469057484e-13,-2.505731908379694e-13,-2.563145701651661e-13,-2.003909651494876e-13,3.5132586792583993e-14,-1.6242512411299013e-15,9.176646683932274e-14,-1.4424762575244528e-13,-3.7959641878869525e-13,-2.6122343921022983e-13,9.161454552062516e-16,-2.9432404865158563e-14,3.047301530655073e-14,-4.183052845296177e-13,-2.868292049325321e-13,-1.4687835567164592e-13,-2.0587037399764213e-13,-2.4873511917593957e-13,1.8276473556602538e-13,4.1082165429777424e-14,8.314615415649633e-13,2.4019552987683916e-12,1.0494080059637873e-11,4.469605227262013e-11,1.8859264817535606e-10,7.965217766223409e-10,3.3655237086057337e-9,1.4227052497722792e-8,6.016242189562156e-8,2.547811590389718e-7,1.0817912653857578e-6,4.612126048232314e-6,1.9779478145799628e-5,8.551801006322092e-5,0.0003737284885122275,0.0016572513368305418,0.007504073870855677,0.03511036289703011,0.174330453761137,1.0000000000060316]}