{"taus":[0.2,0.4,0.6000000000000001,0.8,1.0,1.2000000000000002,1.4000000000000001,1.6,1.8,2.0,2.2,2.4000000000000004,2.6,2.8000000000000003,3.0,3.2,3.4000000000000004,3.6,3.8000000000000003,4.0,4.2,4.4,4.6000000000000005,4.800000000000001,5.0,5.2,5.4,5.6000000000000005,5.800000000000001,6.0,6.2,6.4,6.6000000000000005,6.800000000000001,7.0,7.2,7.4,7.6000000000000005,7.800000000000001,8.0,8.200000000000001,8.4,8.6,8.8,9.0,9.200000000000001,9.4,9.600000000000001,9.8,10.0,10.200000000000001],"bd":[2,4,8,16,8,16,8,16,16,32,32,64,64,128,128,140,140,140,136,140,136,140,136,140,140,140,136,140,140,140,128,140,140,140,128,140,140,140,136,140,140,140,136,140,140,140,132,140,140,140,136,140,136,140,132,140,140,140,132,140,140,140,132,140,140,140,132,140,140,140,136,140,140,140,136,140,140,140,128,140,140,140,132,140,140,140,132,140,140,140,132,140,136,140,136,140,140,140,128,140,140,140,128,140,140,140,132,140,140,140,128,140,140,140,128,140,140,140,128,140,140,140,128,140,136,140,128,140,140,140,128,140,140,140,128,140,140,140,132,140,140,140,136,140,140,140,136,140,136,140,132,140,140,140,128,140,140,140,132,140,140,140,128,140,140,140,128,140,140,140,132,140,140,140,132,140,140,140,128,140,136,140,128,140,136,140,132,140,136,140,128,140,140,140,128,140,128,128,64,64,32,32,16,16,8,4,2,1],"gtau":[0.9999958517826888,0.8426271336469874,0.6576787758835317,0.49970981194743797,0.3745833477022333,0.28054985021674755,0.20957057413536817,0.15506129418832496,0.11404256468077219,0.08375494237459233,0.062148469553932606,0.04755801211361036,0.0356096604209479,0.027124750606280456,0.019869448460433786,0.014724789984164616,0.010762504563355157,0.007989417415719808,0.006074737585539586,0.004726903171609407,0.003654451417199364,0.00280565730707521,0.002210586658300082,0.0017788742705493394,0.0014256653749400638,0.0011402447215128572,0.0009120027226926328,0.0007378070625112577,0.0005959956346832879,0.00047706055085025106,0.00038144749578249756,0.0003048791428536179,0.00024268390412392256,0.00019245542243676624,0.00015179162613184738,0.00011943400310640737,9.352524477751551e-5,7.257434796376201e-5,5.6186256960744424e-5,4.354756156770126e-5,3.3716701519042706e-5,2.5977834311953426e-5,1.9836526204893645e-5,1.5118683794388169e-5,1.1347776851230263e-5,8.53333454302569e-6,6.501087375477669e-6,5.097413543568594e-6,4.189949534142575e-6,3.766237718861879e-6,4.148217293708347e-6]}