{"ns":[0.00571252700099415,0.00757288280257341,0.005526309322742556,0.006681320348753064,0.006324910533937106,0.00024301817848677927,-0.014304395966935255,-0.03825036280519292,-0.04912959215921668,-0.05026283924474004,-0.04379080509445863,-0.03144893078450789,-0.01309992997172679,0.005913660144359294,0.019109840443958886,0.018772757680872026,-0.0039587742160295996,-0.047333130167477484,-0.11005937381705516,-0.18611847259996284,-0.2775201729790706,-0.3735131418280295,-0.4654505846412991,-0.5565674070493364,-0.6400521886234913,-0.719173302860741,-0.7904430816486949,-0.8536375901615628,-0.8925319329623583,-0.9165829475558036,-0.9698948651575753,-0.9901831652050158,-1.0086502982148797,-1.0256645910263562,-1.0212175848166014,-1.0335838502864791,-1.037783531817037,-1.0171098314476863,-1.0013540692701066,-0.9979894299469061],"taus":[0.05,0.1,0.15000000000000002,0.2,0.25,0.30000000000000004,0.35000000000000003,0.4,0.45,0.5,0.55,0.6000000000000001,0.65,0.7000000000000001,0.75,0.8,0.8500000000000001,0.9,0.9500000000000001,1.0,1.05],"bd":[1,1,1,1,1,2,2,4,4,8,8,16,16,32,32,64,64,128,128,256,256,300,300,300,300,300,300,300,300,300,300,300,300,300,300,300,300,300,300,300,300,300,300,300,300,300,300,300,300,300,300,300,300,300,300,300,300,300,300,300,300,300,300,300,300,300,300,300,300,300,300,300,300,300,300,300,300,300,300,300,300,300,300,300,300,300,300,300,300,300,300,300,300,300,300,300,300,300,300,300,300,300,300,300,300,300,300,300,300,300,300,300,300,300,300,300,300,300,300,300,300,300,300,300,300,300,300,300,300,300,300,300,300,300,300,300,300,300,300,300,300,300,300,300,300,300,300,300,300,300,300,300,300,300,300,300,300,300,300,300,300,300,300,300,300,300,300,300,300,300,300,300,300,300,300,300,300,300,300,300,300,300,300,300,300,300,300,300,300,300,300,300,300,300,300,300,300,300,300,300,300,300,300,300,300,300,300,300,300,300,300,300,300,300,300,300,300,300,300,300,300,300,300,300,300,300,300,300,300,300,300,300,300,300,300,300,300,300,300,300,300,300,300,300,300,300,300,300,300,300,300,300,300,300,300,300,300,300,300,300,300,300,300,300,300,300,300,300,300,300,300,300,300,300,300,300,300,300,300,300,300,300,300,300,300,300,300,300,300,300,300,300,300,300,300,300,300,300,300,300,300,300,300,300,300,300,300,300,300,300,300,300,300,300,300,300,300,300,300,300,300,300,300,300,300,300,300,300,300,300,300,300,300,300,300,300,300,300,300,300,300,300,300,300,300,300,300,300,300,300,300,300,300,300,300,300,300,300,300,300,300,300,300,300,300,300,300,300,300,300,300,300,300,300,300,300,300,300,300,300,300,300,300,300,300,300,300,300,300,300,300,300,300,300,300,300,300,300,300,213,111,126,128,64,32,32,32,16,8,8,8,4,2,2,2,1],"lt":[{"re":0.039198807961110964,"im":-0.00571252700099415},{"re":0.03706129395803622,"im":0.010482794374254027},{"re":0.02574183077235625,"im":0.021831713348819864},{"re":0.01166110380735969,"im":0.026416442189265935},{"re":-0.004964371137635619,"im":0.026437654556355248},{"re":-0.017634568874713492,"im":0.02147731481026301},{"re":-0.025205378891457762,"im":0.012988100839141837},{"re":-0.028180738633858716,"im":0.003346059550065321},{"re":-0.026471287283304352,"im":-0.005336564215316996},{"re":-0.021781893392659988,"im":-0.01221173408144033},{"re":-0.014829040523929407,"im":-0.016708010417054605},{"re":-0.006990161456251988,"im":-0.01873248047790754},{"re":0.0006789291157134768,"im":-0.018248633089825914},{"re":0.007355868562372783,"im":-0.01550268670882367},{"re":0.0123172011352194,"im":-0.011067534782823915},{"re":0.015183294567232967,"im":-0.005701911409078551},{"re":0.015878781812832227,"im":-0.00015648031259781712},{"re":0.014618853417721745,"im":0.004857615177521623},{"re":0.011837092244496184,"im":0.008758710081849105},{"re":0.008116602298694752,"im":0.011205786206841643},{"re":0.0040401807951071,"im":0.012127698834230453},{"re":0.00016036703902066787,"im":0.01159265938481444},{"re":-0.0030908859938787963,"im":0.009872030179352008},{"re":-0.005413928439875686,"im":0.007338716157289249},{"re":-0.006695945186600794,"im":0.004366987021145918},{"re":-0.006924945057772539,"im":0.0013882264496710404},{"re":-0.0062000578296966796,"im":-0.0012823469897330106},{"re":-0.004767719698504104,"im":-0.0034308673273109394},{"re":-0.002896604707854935,"im":-0.004853366875134071},{"re":-0.0007672958896851251,"im":-0.005490106522779798},{"re":0.0012543697269743123,"im":-0.005297664008929617},{"re":0.002976149067889333,"im":-0.00437464308298529},{"re":0.004233575527283919,"im":-0.0029130436325233255},{"re":0.004912510805923271,"im":-0.0011056196518247298},{"re":0.0049504394898410254,"im":0.0007890483189577387},{"re":0.004320759982893878,"im":0.002529582062576181},{"re":0.003177420189497653,"im":0.0039470089106426465},{"re":0.001658193297688707,"im":0.004833632183798532},{"re":-8.816679527874357e-6,"im":0.005098434233862641},{"re":-0.0015844997208923801,"im":0.004764084524815602},{"re":-0.0028770364399753673,"im":0.003932421098760645}],"gtau":[{"re":-1.5190464354239132e-5,"im":-3.715286245309091e-5},{"re":-1.9148039407408994e-5,"im":-4.6489108755766737e-5},{"re":-2.4488993184379502e-5,"im":-5.981227755205455e-5},{"re":-3.1653492647927346e-5,"im":-7.847396199061616e-5},{"re":-4.131480181303683e-5,"im":-0.00010454772975875191},{"re":-5.434825104284295e-5,"im":-0.0001410613469052966},{"re":-7.195267739603804e-5,"im":-0.00019241623155330983},{"re":-9.577820216006182e-5,"im":-0.00026501012250978187},{"re":-0.00012806986417135237,"im":-0.00036820013980952534},{"re":-0.00017195077445354847,"im":-0.000515784617722999},{"re":-0.00023168560256355138,"im":-0.0007282348523284862},{"re":-0.0003131319586734077,"im":-0.0010362160802779021},{"re":-0.0004243923238075457,"im":-0.001486089757958918},{"re":-0.0005767822930680466,"im":-0.002148771883949395},{"re":-0.0007863807479513399,"im":-0.003134314427039895},{"re":-0.001076447655978363,"im":-0.004615839131450782},{"re":-0.0014812064641183712,"im":-0.00687008755551508},{"re":-0.0020521661089702666,"im":-0.010348321126351201},{"re":-0.0028666395415184245,"im":-0.01580822029803754},{"re":-0.004037084952533605,"im":-0.024581329256134668},{"re":1.0000151904643542,"im":3.715286245309091e-5}],"ts":[0.05,0.1,0.15000000000000002,0.2,0.25,0.30000000000000004,0.35000000000000003,0.4,0.45,0.5,0.55,0.6000000000000001,0.65,0.7000000000000001,0.75,0.8,0.8500000000000001,0.9,0.9500000000000001,1.0,1.05,1.1,1.1500000000000001,1.2000000000000002,1.25,1.3,1.35,1.4000000000000001,1.4500000000000002,1.5,1.55,1.6,1.6500000000000001,1.7000000000000002,1.75,1.8,1.85,1.9000000000000001,1.9500000000000002,2.0,2.0500000000000003],"gt":[{"re":-3.7152862454068055e-5,"im":1.5190464350621131e-5},{"re":-3.84128852109748e-5,"im":6.614987811685901e-6},{"re":-3.6711687426623554e-5,"im":-2.4715007779704233e-6},{"re":-3.3077994545677863e-5,"im":-1.1758052369655253e-5},{"re":-2.7852800420213532e-5,"im":-1.900015301750832e-5},{"re":-2.1171326835887355e-5,"im":-2.3897482807350345e-5},{"re":-1.3148302979874652e-5,"im":-2.60620482149499e-5},{"re":-5.003578552762546e-6,"im":-2.5538475585820313e-5},{"re":2.2653814661846988e-6,"im":-2.2666851592633558e-5},{"re":8.362306276192856e-6,"im":-1.8332897566844593e-5},{"re":1.2867072549102111e-5,"im":-1.2795678691732128e-5},{"re":1.5405769674759554e-5,"im":-6.621586234230956e-6},{"re":1.593419457938044e-5,"im":-4.793987055263393e-7},{"re":1.4560518746779801e-5,"im":5.010520047610555e-6},{"re":1.1635172913590277e-5,"im":9.325636547464929e-6},{"re":7.707650513767201e-6,"im":1.2159675179356548e-5},{"re":3.3332064304243774e-6,"im":1.3402042915625348e-5},{"re":-9.411995738080339e-7,"im":1.3130658553313339e-5},{"re":-4.652103974898014e-6,"im":1.155823274540711e-5},{"re":-7.449731001874228e-6,"im":9.036374440786451e-6},{"re":-9.16850032630353e-6,"im":5.942119425040635e-6},{"re":-9.767835858023668e-6,"im":2.7135518203834826e-6},{"re":-9.338805127559043e-6,"im":-3.1505664876093213e-7},{"re":-8.062726764462576e-6,"im":-2.8430598633100324e-6},{"re":-6.1979384075339785e-6,"im":-4.6952946100266395e-6},{"re":-4.011631688014894e-6,