{"ns":[-8.560921322264591e-9,-4.819664681719775e-9,-1.1907224770649442e-8,-1.9149607977615642e-8,-2.731823485819596e-8,-4.1513954659922154e-8,-5.71197540729786e-8,-5.9230096116823035e-8,-3.4458048623704127e-8,-6.075831832441778e-9,1.197687168110756e-7,4.2599078038831314e-7,8.690765683164816e-7,1.5562518441821968e-6,2.5827806095671147e-6,3.936572300645542e-6,6.518309048555586e-6,1.067078526003065e-5,1.711760623885215e-5,2.6773047216082507e-5,4.0884089825263645e-5,6.122764264423213e-5,9.026379821516229e-5,0.0001302638182133533,0.00018440510773694063,0.0002556719007490248,0.0003346393864163361,0.00041856379936898333,0.0004974703431540243,0.0005336792669776541,0.0005490167507438521,0.0004267587885355905,6.205074578253252e-5,-0.001004851341569316,-0.002784590965423738,-0.006075189045113909,-0.01157702607901487,-0.021002537653112278,-0.03592269183652732,-0.06384620818637864,-0.11214243294468032,-0.18620781515906176,-0.29294353275443324,-0.43228142478343573,-0.5817738784413105,-0.7074627342942063,-1.1088284885709019,-1.2440383984581609,-1.3377041199965531,-0.9782023087304687],"taus":[0.05,0.1,0.15000000000000002,0.2,0.25,0.30000000000000004,0.35000000000000003,0.4,0.45,0.5,0.55,0.6000000000000001,0.65,0.7000000000000001,0.75,0.8,0.8500000000000001,0.9,0.9500000000000001,1.0,1.05,1.1,1.1500000000000001,1.2000000000000002,1.25,1.3,1.35,1.4000000000000001,1.4500000000000002,1.5,1.55,1.6,1.6500000000000001,1.7000000000000002,1.75,1.8,1.85,1.9000000000000001,1.9500000000000002,2.0,2.0500000000000003,2.1,2.15,2.2,2.25,2.3000000000000003,2.35,2.4000000000000004,2.45,2.5,2.5500000000000003,2.6,2.6500000000000004,2.7,2.75,2.8000000000000003,2.85,2.9000000000000004,2.95,3.0,3.0500000000000003,3.1,3.1500000000000004,3.2,3.25,3.3000000000000003,3.35,3.4000000000000004,3.45,3.5,3.5500000000000003,3.6,3.6500000000000004,3.7,3.75,3.8000000000000003,3.85,3.9000000000000004,3.95,4.0,4.05,4.1000000000000005,4.15,4.2,4.25,4.3,4.3500000000000005,4.4,4.45,4.5,4.55,4.6000000000000005,4.65,4.7,4.75,4.800000000000001,4.8500000000000005,4.9,4.95,5.0,5.050000000000001],"bd":[2,4,8,16,8,16,8,16,16,32,32,64,64,80,80,80,80,80,80,80,80,80,80,80,80,80,80,80,80,80,80,80,80,80,80,80,80,80,80,80,80,80,80,80,80,80,76,80,80,80,76,80,80,80,76,80,80,80,76,80,80,80,80,80,80,80,80,80,80,80,80,80,80,80,80,80,80,80,80,80,80,80,80,80,80,80,80,80,80,80,80,80,80,80,80,80,80,80,80,80,80,80,80,80,80,80,80,80,80,80,80,80,80,80,80,80,80,80,80,80,80,80,80,80,80,80,80,80,80,80,80,80,80,80,80,80,80,80,80,80,80,80,80,80,80,80,80,80,80,80,80,80,80,80,80,80,80,80,80,80,80,80,80,80,80,80,80,80,80,80,80,80,80,80,80,80,80,80,80,80,80,80,80,80,80,80,80,80,80,80,80,80,80,80,80,80,80,80,80,80,80,80,76,80,80,80,76,80,80,80,76,80,80,80,76,80,80,80,76,80,80,80,76,80,80,80,76,80,80,80,76,80,80,80,72,80,80,80,72,80,80,80,72,80,80,80,72,80,80,80,72,80,80,80,76,80,80,80,76,80,80,80,76,80,80,80,76,80,80,80,76,80,80,80,76,80,80,80,76,80,80,80,76,80,80,80,76,80,80,80,76,80,80,80,76,80,80,80,76,80,80,80,76,80,80,80,76,80,80,80,72,80,80,80,72,80,80,80,72,80,80,80,72,80,80,80,72,80,80,80,72,80,80,80,72,80,80,80,72,80,80,80,72,80,80,80,72,80,80,80,76,80,80,80,80,80,80,80,80,80,80,80,80,80,80,80,80,80,80,80,80,80,80,80,80,80,80,80,80,80,80,80,76,80,80,80,76,80,80,80,76,80,80,80,80,80,80,80,80,80,80,80,80,80,40,80,40,80,40,72,80,40,20,40,80,40,40,73,80,75,69,80,80,76,76,80,80,75,69,80,80,75,75,80,80,75,69,80,80,75,74,80,80,77,68,79,80,74,73,80,80,72,67,79,80,74,74,80,80,76,71,80,80,76,76,80,80,75,70,80,80,77,76,80,80,74,70,80,80,77,74,80,80,74,70,80,80,75,75,80,80,74,70,80,80,73,73,80,80,75,69,80,80,73,73,80,80,76,67,80,80,73,73,80,80,77,69,80,80,73,73,80,80,76,68,80,80,73,72,80,80,76,67,80,80,74,74,80,80,77,68,80,80,74,74,80,80,77,68,80,80,74,73,80,80,76,68,80,80,75,74,80,80,76,68,80,80,75,74,80,80,76,68,80,80,75,74,80,80,76,68,80,80,75,74,80,80,76,68,80,80,75,74,80,80,76,68,80,80,75,74,80,80,76,68,80,80,75,74,80,80,75,69,80,80,72,71,80,80,76,69,80,80,72,71,80,80,76,69,80,80,73,73,80,80,76,69,80,80,72,72,80,80,76,69,80,80,73,73,80,80,76,68,80,80,74,73,80,80,76,68,80,80,74,73,80,80,77,69,80,80,72,72,80,80,77,68,80,80,73,72,80,80,75,67,80,80,73,72,80,80,76,68,80,80,73,72,80,80,76,68,80,80,73,72,80,80,76,67,80,80,73,72,80,80,75,68,78,80,74,73,80,80,77,68,79,80,74,73,80,80,78,69,79,80,74,73,80,80,76,67,80,80,76,75,80,80,76,69,80,80,73,73,80,80,75,70,80,80,73,72,80,80,75,68,80,80,75,74,80,80,75,68,80,80,74,74,80,80,77,71,80,80,75,74,80,80,73,69,80,80,73,73,80,80,75,72,80,80,73,72,80,80,64,32,32,32,16,8,16,8,4,2,4,2,1],"lt":[{"re":-1.140749420918555e-8,"im":8.560921322264591e-9},{"re":-9.610459863721591e-9,"im":7.180139153367226e-10},{"re":-7.55015788671668e-9,"im":-2.1139008380695357e-9},{"re":-5.606208438268975e-9,"im":-3.534135573051746e-9},{"re":-3.598705736460691e-9,"im":-4.3588876992876644e-9},{"re":-1.2498175147338355e-9,"im":-4.287042272902054e-9},{"re":8.66903016185264e-10,"im":-3.617033779351903e-9},{"re":2.579143374160723e-9,"im":-2.2725007636316387e-9},{"re":3.462796703748188e-9,"im":-6.101408551479663e-10},{"re":3.2519509908041992e-9,"im":8.56539784972929e-10},{"re":2.476728962226705e-9,"im":1.9274934679963393e-9},{"re":1.2250274022488171e-9,"im":2.719260505438635e-9},{"re":-8.67342811814805e-11,"im":2.642559043046387e-9},{"re":-1.14970325028312e-9,"im":2.018802039714296e-9},{"re":-1.6939669196321236e-9,"im":1.2437961967635107e-9},{"re":-1.916931236637248e-9,"im":2.0000139506629177e-10},{"re":-1.7276190579708935e-9,"im":-6.517374610792288e-10},{"re":-1.231387822515195e-9,"im":-1.3085894973236619e-9},{"re":-5.239239421129666e-10,"im":-1.6914133426498816e-9},{"re":2.650904242493127e-10,"im":-1.7359075950299545e-9},{"re":9.848967423254968e-10,"im":-1.4441669450968084e-9},{"re":1.502841156631867e-9,"im":-8.736049129385702e-10},{"re":1.709034450298178e-9,"im":-1.318074496516872e-10},{"re":1.5647869903839025e-9,"im":6.116654086247607e-10},{"re":1.1128562503400158e-9,"im":1.209614729675715e-9},{"re":4.333932098839024e-10,"im":1.5447361068498227e-9},{"re":-3.1737658977064003e-10,"im":1.509130987527299e-9},{"re":-9.203960295063335e-10,"im":1.183006026257209e-9},{"re":-1.3064561198981078e-9,"im":6.40732188110449e-10},{"re":-1.4245251094471306e-9,"im":-1.1605068463375728e-11},{"re":-1.2545642050013831e-9,"im":-5.822768255747538e-10},{"re":-8.244212664272086e-10,"im":-9.936837332262787e-10},{"re":-2.7812614646613373e-10,"im":-1.1560113587433324e-9},{"re":1.9801483606568822e-10,"im":-1.047802114743928e-9},{"re":5.297505431082556e-10,"im":-8.085688997052719e-10},{"re":7.056882027683044e-10,"im":-4.684375308715444e-10},{"re":7.201778398355921e-10,"im":-1.3786500710015648e-10},{"re":6.333285947909169e-10,"im":1.6333720288926603e-10},{"re":4.707491443957435e-10,"im":3.99603218601265e-10},{"re":2.3152238174910228e-10,"im":5.541915404080785e-10},{"re":-4.163343437588484e-11,"im":5.887034831853227e-10},{"re":-2.9656192134371983e-10,"im":5.025366234135073e-10},{"re":-4.732393372777617e-10,"im":3.106186384156136e-10},{"re":-5.126239998781073e-10,"im":5.385924064785e-11},{"re":-3.918446319026391e-10,"im":-1.855580895665239e-10},{"re":-2.433056299205222e-10,"im":-3.2294320904858064e-10},{"re":-8.81377481450917e-11,"im":-3.4563477419133717e-10},{"re":1.149917599685632e-10,"im":-2.770103303030624e-10},{"re":2.2239117798081537e-10,"im":-9.305073971457482e-11},{"re":2.2856597570678978e-10,"im":6.483748850397552e-11},{"re":1.4127288147705511e-10,"im":1.53142366001743e-10}],"gtau":[{"re":4.756665917713383e-21,"im":4.0176508682042835e-21},{"re":4.3668992309164565e-21,"im":4.267866325710624e-21},{"re":5.8472075948598126e-21,"im":5.814710092500742e-21},{"re":7.617742818170793e-21,"im":7.903164435007844e-21},{"re":1.0090761526380796e-20,"im":1.0959534884188174e-20},{"re":1.2864727308364571e-20,"im":1.4763335036430044e-20},{"re":1.6976126592761875e-20,"im":1.9882994943208858e-20},{"re":2.2361088980848218e-20,"im":2.6798823379254255e-20},{"re":2.937327678899203e-20,"im":3.6123437029968726e-20},{"re":3.843503136859485e-20,