{"ns":[-1.0293426632078464,-1.0250550208563216,-1.020019820739106,-1.013428103481949,-1.0051312153199166,-0.9971338948046448,-0.9932621442305662,-0.9949815081209072,-1.0003938893371274,-1.012100485557854,-1.030639408405248,-1.046558731049525,-1.061171578369695,-1.0814799762524885,-1.0905940893167023,-1.1083369207166487,-1.1188865921881512,-1.1326344255126104,-1.1491619586367783,-1.1520661283592406,-1.15170844078646,-1.1447401608957188,-1.1333424939864094,-1.1195043564791016,-1.1126542556664412,-1.1035498503813828,-1.0912501366093803,-1.0804520926400893,-1.0664959075994287,-1.0545664341994851,-1.0396682047704504,-1.0281523534598178,-1.0181485747584058,-1.0102546355814188,-1.0055135460896818,-1.0027953543638208,-1.0011983099369821,-0.9999278393433009,-0.9991540051924234,-0.9990822990920565],"taus":[0.1,0.2,0.30000000000000004,0.4,0.5,0.6000000000000001,0.7000000000000001,0.8,0.9,1.0,1.1],"bd":[2,4,8,16,8,16,8,16,16,32,32,64,64,128,128,256,256,500,488,500,496,500,492,500,492,500,496,500,496,500,500,500,500,500,496,500,500,500,496,500,500,500,484,500,272,500,280,500,268,500,500,252,126,252,500,250,250,498,500,493,445,500,500,494,489,500,500,494,436,500,500,488,487,500,500,494,440,500,500,492,490,500,500,495,441,500,500,490,487,500,500,494,438,500,500,490,487,500,500,494,434,500,500,491,487,500,500,494,433,500,500,491,488,500,500,491,434,500,500,490,489,500,500,492,432,500,500,493,489,500,500,494,434,500,500,491,490,500,500,492,429,500,500,492,487,500,500,494,431,500,500,491,487,500,500,494,426,500,500,492,487,500,500,495,425,500,500,491,487,500,500,494,424,500,500,491,486,500,500,492,422,500,500,491,489,500,500,492,420,500,500,492,487,500,500,493,420,500,500,493,489,500,500,493,424,500,500,494,488,500,500,493,419,500,500,494,489,500,500,492,418,500,500,492,489,500,500,491,422,500,500,491,486,500,500,495,421,500,500,491,486,500,500,493,422,500,500,491,485,500,500,492,420,500,500,493,487,500,500,494,421,500,500,493,487,500,500,491,423,500,500,492,485,500,500,492,423,500,500,492,487,500,500,493,417,500,500,493,488,500,500,490,418,500,500,493,485,500,500,490,416,500,500,493,487,500,500,490,412,500,500,493,483,500,500,491,414,500,500,491,484,500,500,492,413,500,500,491,481,500,500,494,413,500,500,492,478,500,500,490,411,500,500,493,466,500,500,487,399,500,500,492,426,500,500,478,280,360,384,192,100,106,116,60,32,32,32,16,8,16,8,4,2,4,2,1],"lt":[{"re":0.3806548266162272,"im":1.0293426632078464},{"re":0.12572366073179553,"im":1.0832569027953802},{"re":-0.12928469160482942,"im":1.0660663133623225},{"re":-0.36251636573798396,"im":0.9860100644955926},{"re":-0.5550230335184855,"im":0.8565402192694912},{"re":-0.7035106772139387,"im":0.6896574385189231},{"re":-0.8037969808448876,"im":0.5007283546481777},{"re":-0.8568525021346959,"im":0.30723329678820915},{"re":-0.8670306668573461,"im":0.11684391557559548},{"re":-0.839286542973142,"im":-0.06146008437965406},{"re":-0.7785030210054263,"im":-0.22370917659027909},{"re":-0.6897640146508853,"im":-0.3624074866964224},{"re":-0.5810378209472602,"im":-0.4737380970204731},{"re":-0.45969360257410663,"im":-0.5576806502024808},{"re":-0.3301022764954123,"im":-0.6127983115881117},{"re":-0.19913702011595685,"im":-0.6411664575722454},{"re":-0.07124997850231873,"im":-0.6441497091076989},{"re":0.04955777431180255,"im":-0.6256362873489316},{"re":0.16090068796770576,"im":-0.5860852841681236},{"re":0.2587328003980612,"im":-0.5287117697500583},{"re":0.3409027428221262,"im":-0.45706882027884627},{"re":0.40558671061166063,"im":-0.37426031542795024},{"re":0.4505986826661942,"im":-0.2839760049631809},{"re":0.476441142325294,"im":-0.190392609346831},{"re":0.4827480206012435,"im":-0.0982080379654307},{"re":0.47100892120536564,"im":-0.009616450664210721},{"re":0.44189801174047694,"im":0.07164247647701327},{"re":0.39900413482011304,"im":0.14332511232357723},{"re":0.34474222774272,"im":0.2033467545446863},{"re":0.282047384415517,"im":0.2504695457700274},{"re":0.21409731192976367,"im":0.28365496946362206},{"re":0.14385534515878975,"im":0.3026329908894652},{"re":0.07411013893416303,"im":0.3077016223381679},{"re":0.007313506888254145,"im":0.29968383121015996},{"re":-0.0541133789209893,"im":0.27987420237234967},{"re":-0.10836712062506573,"im":0.24984262799378945},{"re":-0.15412133272589956,"im":0.21146905787897413},{"re":-0.19012768562323676,"im":0.16668821867415134},{"re":-0.21583650879308522,"im":0.11754727309434242},{"re":-0.23120808490891734,"im":0.06601108697820396},{"re":-0.23628992109781277,"im":0.014081086658734698}],"gtau":[{"re":0.0009844369281399234,"im":-0.00033468758843100836},{"re":0.001615888101168749,"im":-0.0005927047346998514},{"re":0.002838447486383179,"im":-0.0010828990348157493},{"re":0.0052210537196999965,"im":-0.002037208422542205},{"re":0.009965358086754108,"im":-0.00392835410008096},{"re":0.01964484426340059,"im":-0.0077654940143288345},{"re":0.03994840859312363,"im":-0.01574409944496738},{"re":0.08387048960191279,"im":-0.03281645876521086},{"re":0.1826778526546471,"im":-0.07064324836167522},{"re":0.41748681514731895,"im":-0.1586223437238489},{"re":0.9990155630718601,"im":0.00033468758843100836}],"ts":[0.025,0.05,0.07500000000000001,0.1,0.125,0.15000000000000002,0.17500000000000002,0.2,0.225,0.25,0.275,0.30000000000000004,0.325,0.35000000000000003,0.375,0.4,0.42500000000000004,0.45,0.47500000000000003,0.5,0.525,0.55,0.5750000000000001,0.6000000000000001,0.625,0.65,0.675,0.7000000000000001,0.7250000000000001,0.75,0.775,0.8,0.8250000000000001,0.8500000000000001,0.875,0.9,0.925,0.9500000000000001,0.9750000000000001,1.0,1.0250000000000001],"gt":[{"re":-0.0003346915093433234,"im":-0.0009844621766137074},{"re":-0.0002263432104466339,"im":-0.0010133416027186886},{"re":-0.00010564458253393585,"im":-0.0010315132802416413},{"re":1.6804488311786104e-5,"im":-0.0010267632076987484},{"re":0.0001286733875224416,"im":-0.0010032904600468043},{"re":0.00023873960969609997,"im":-0.0009537946053597037},{"re":0.00034044172249438087,"im":-0.0008827171402323458},{"re":0.0004262328220222222,"im":-0.00079733836000392},{"re":0.0004954499012822874,"im":-0.0006983923697172768},{"re":0.0005480498362554334,"im":-0.0005893045319712905},{"re":0.0005842733669712119,"im":-0.00047085755275331933},{"re":0.0006057827081930507,"im":-0.0003471500753028385},{"re":0.0006091087861049908,"im":-0.00022327785270223672},{"re":0.0005967793511882901,"im":-0.0001030272189053577},{"re":0.0005686837561799626,"im":1.20632358103374e-5},{"re":0.0005271523292419185,"im":0.00011756871936091438},{"re":0.00047328446424775545,"im":0.00021309165410120023},{"re":0.0004108342988201887,"im":0.00029616459232197605},{"re":0.0003397707171190729,"im":0.0003658919035765955},{"re":0.00026321230549147676,"im":0.00042126436292997305},{"re":0.00018290705529520914,"im":0.00046129325162181024},{"re":0.00010111279115335036,"im":0.0004859820052041713},{"re":1.9500328465412394e-5,"im":0.0004944309961597917},{"re":-5.986658823650864e-5,"im":0.0004882650659053724},{"re":-0.00013355856401540695,"im":0.0004679120823000804},{"re":-0.0002003986223699423,"im":0.00043485123862610595},{"re":-0.00025826162002019466,"im":0.0003899289502108364},{"re":-0.00030569824495068476,"im":0.00033605996721337893},{"re":-0.0003418594147703788,"im":0.0002752843301275434},{"re":-0.0003661686647593955,"im":0.00020934383361471574},{"re":-0.00037817148637934447,"im":0.00014057784635266972},{"re":-0.00037777531686404857,"im":7.154969929172076e-5},{"re":-0.0003654765061679578,"im":4.770342077305197e-6},{"re":-0.0003423779248184381,"im":-5.7788383117752024e-5},{"re":-0.0003097575352603293,"im":-0.00011422189736013194},{"re":-0.0002691029852133305,"im":-0.00016293202195533175},{"re":-0.00022207920030413724,"im":-0.00020293308866974993},{"re":-0.00017047864784321972,"im":-0.00023324805142959585},{"re":-0.00011616702339709729,"im":-0.0002535805874878222},{"re":-6.0898620997068484e-5,"im":-0.0002641580040056855},{"re":-6.412696852743285e-6,"im":-0.00026519779190995596}]}