{"taus":[0.2,0.4,0.6000000000000001,0.8,1.0,1.2000000000000002,1.4000000000000001,1.6,1.8,2.0,2.2,2.4000000000000004,2.6,2.8000000000000003,3.0,3.2,3.4000000000000004,3.6,3.8000000000000003,4.0,4.2,4.4,4.6000000000000005,4.800000000000001,5.0,5.2,5.4,5.6000000000000005,5.800000000000001,6.0,6.2,6.4,6.6000000000000005,6.800000000000001,7.0,7.2,7.4,7.6000000000000005,7.800000000000001,8.0,8.200000000000001,8.4,8.6,8.8,9.0,9.200000000000001,9.4,9.600000000000001,9.8,10.0,10.200000000000001],"bd":[2,4,8,16,8,16,8,16,16,32,32,64,64,128,128,200,196,200,196,200,200,200,192,200,196,200,196,200,196,200,196,200,196,200,192,200,200,200,196,200,200,200,196,200,192,200,196,200,200,200,200,200,196,200,196,200,200,200,196,200,196,200,192,200,196,200,200,200,196,200,200,200,196,200,192,200,196,200,192,200,196,200,196,200,200,200,196,200,200,200,196,200,196,200,196,200,200,200,196,200,196,200,196,200,192,200,196,200,196,200,196,200,196,200,196,200,192,200,196,200,192,200,196,200,192,200,196,200,192,200,196,200,192,200,188,200,192,200,196,200,196,200,192,200,192,200,196,200,192,200,192,200,192,200,192,200,188,200,196,200,192,200,196,200,192,200,196,200,192,200,192,200,196,200,196,200,192,200,196,200,192,200,196,200,196,200,192,200,200,200,196,200,192,200,192,200,128,128,64,64,32,32,16,16,8,4,2,1],"gtau":[9.622131949762427e-12,1.2845400901531253e-11,1.9522096112953034e-11,3.0639261207643676e-11,4.879560793811652e-11,7.864164513452423e-11,1.2768700138280486e-10,2.085928871119892e-10,3.4117114618790865e-10,5.612100077381062e-10,9.242533325848663e-10,1.530134074774487e-9,2.533248536187691e-9,4.189189153592475e-9,6.914141402958281e-9,1.1388067866319681e-8,1.8763333193014484e-8,3.099963709518028e-8,5.1111169210907615e-8,8.445074978722015e-8,1.3969180116737498e-7,2.306041776619155e-7,3.8317475949885033e-7,6.393150895651253e-7,1.0637241122059218e-6,1.7705979965090384e-6,2.955834444757922e-6,4.935860561115754e-6,8.2412747028248e-6,1.3773611251765275e-5,2.3055865097675338e-5,3.8519306058074536e-5,6.429423424637146e-5,0.00010723214610070966,0.00017860118422861768,0.0002978860672694461,0.0004966388311512634,0.000828177166225741,0.001380170986534918,0.0022992410258919874,0.0038328544599595935,0.00639897518897343,0.010707773458888193,0.01799260528443603,0.030410078003474988,0.05177381503806368,0.08905221673010086,0.15540559872991988,0.2767891971893741,0.5088462350750736,0.9999999999918341]}