{"ns":[8.693799466982435e-5,0.00011830000856855167,0.0001241547281534355,0.00019502156913312287,0.0002535818480289882,0.0003374870384382272,0.00043159724387296174,0.0005482253250491384,0.0007152657045845255,0.0008115344703359571,0.0009573361799074461,0.001197861775730679,0.0013816782244222125,0.0015863773994466595,0.0016124794230610127,0.0017692652640369294,0.0016958531194136677,0.0015173351387808179,0.001217085206273602,0.0005332587825367641,-0.00038618159256386916,-0.001942215556854494,-0.004078575199000254,-0.006569120654801473,-0.009726498070073404,-0.013854708629219174,-0.019295758928703118,-0.026396213137815417,-0.03578431853561245,-0.047688406249507286,-0.06235271012649958,-0.08053166909031124,-0.10224445807160701,-0.1266961867206001,-0.15260922445241035,-0.1815762392419077,-0.19554096522613806,-0.22222385585213747,-0.2685649205106813,-0.2997019656684012,-0.34535160539124393,-0.4046491453705531,-0.3291546978849696,-0.4663808595091555,-0.5649599280620775,-0.6612474399201659,-0.6917197612025806,-0.6707134053751285,-0.9105295035477737,-1.0361221326921835],"taus":[0.05,0.1,0.15000000000000002,0.2,0.25,0.30000000000000004,0.35000000000000003,0.4,0.45,0.5,0.55,0.6000000000000001,0.65,0.7000000000000001,0.75,0.8,0.8500000000000001,0.9,0.9500000000000001,1.0,1.05,1.1,1.1500000000000001,1.2000000000000002,1.25,1.3,1.35,1.4000000000000001,1.4500000000000002,1.5,1.55,1.6,1.6500000000000001,1.7000000000000002,1.75,1.8,1.85,1.9000000000000001,1.9500000000000002,2.0,2.0500000000000003,2.1,2.15,2.2,2.25,2.3000000000000003,2.35,2.4000000000000004,2.45,2.5,2.5500000000000003,2.6,2.6500000000000004,2.7,2.75,2.8000000000000003,2.85,2.9000000000000004,2.95,3.0,3.0500000000000003,3.1,3.1500000000000004,3.2,3.25,3.3000000000000003,3.35,3.4000000000000004,3.45,3.5,3.5500000000000003,3.6,3.6500000000000004,3.7,3.75,3.8000000000000003,3.85,3.9000000000000004,3.95,4.0,4.05,4.1000000000000005,4.15,4.2,4.25,4.3,4.3500000000000005,4.4,4.45,4.5,4.55,4.6000000000000005,4.65,4.7,4.75,4.800000000000001,4.8500000000000005,4.9,4.95,5.0,5.050000000000001],"bd":[2,4,8,16,8,16,8,16,16,32,32,64,64,100,98,100,100,100,98,100,100,100,96,100,100,100,94,100,100,100,94,100,100,100,94,100,100,100,94,100,100,100,94,100,100,100,94,100,100,100,94,100,100,100,94,100,100,100,96,100,100,100,96,100,100,100,96,100,100,100,96,100,100,100,96,100,100,100,96,100,100,100,96,100,100,100,96,100,100,100,96,100,100,100,96,100,100,100,96,100,100,100,96,100,100,100,98,100,100,100,98,100,100,100,98,100,100,100,98,100,100,100,98,100,100,100,98,100,100,100,98,100,100,100,98,100,100,100,98,100,100,100,98,100,100,100,98,100,100,100,98,100,100,100,98,100,100,100,98,100,100,100,98,100,100,100,98,100,100,100,98,100,100,100,98,100,100,100,98,100,100,100,98,100,100,100,98,100,100,100,98,100,100,100,98,100,100,100,98,100,100,100,98,100,98,100,98,100,98,100,98,100,98,100,98,100,98,100,98,100,98,100,98,100,100,100,98,100,100,100,98,100,100,100,98,100,100,100,98,100,100,100,98,100,100,100,98,100,100,100,98,100,100,100,98,100,100,100,98,100,100,100,98,100,100,100,98,100,100,100,98,100,100,100,98,100,100,100,98,100,100,100,98,100,100,100,98,100,100,100,98,100,100,100,98,100,100,100,98,100,100,100,98,100,100,100,98,100,100,100,98,100,100,100,98,100,100,100,98,100,100,100,98,100,100,100,98,100,100,100,98,100,100,100,96,100,100,100,94,100,100,100,94,100,100,100,94,100,100,100,96,100,100,100,96,100,100,100,96,100,100,100,96,100,100,100,98,100,100,100,96,100,98,100,98,100,100,100,96,100,100,100,96,100,100,100,96,100,100,100,96,100,100,100,96,100,100,100,96,100,100,100,98,100,72,100,74,100,72,100,100,84,42,82,100,50,50,98,100,94,87,100,100,98,97,100,100,96,87,100,100,97,96,100,100,97,87,100,100,94,94,100,100,96,87,100,100,94,94,100,100,98,88,100,100,93,93,100,100,96,88,100,100,95,94,100,100,96,87,100,100,94,93,100,100,97,85,100,100,94,93,100,100,99,85,100,100,96,93,100,100,96,86,100,100,94,93,100,100,94,85,100,100,95,95,100,100,93,85,100,100,93,92,100,100,95,87,100,100,94,93,100,100,97,85,100,100,96,95,100,100,95,85,100,100,95,94,100,100,94,86,100,100,94,93,100,100,95,86,100,100,95,95,100,100,94,85,100,100,94,94,100,100,94,85,100,100,94,94,100,100,95,86,100,100,96,94,100,100,95,84,100,100,94,94,100,100,95,85,100,100,96,96,100,100,95,85,100,100,96,96,100,100,95,85,100,100,96,96,100,100,95,85,100,100,96,95,100,100,95,85,100,100,95,95,100,100,96,85,100,100,94,94,100,100,95,85,100,100,94,94,100,100,96,85,100,100,94,94,100,100,96,85,100,100,94,94,100,100,96,85,100,100,96,95,100,100,95,86,100,100,95,94,100,100,95,86,100,100,95,95,100,100,94,85,100,100,95,95,100,100,96,85,100,100,95,95,100,100,94,85,100,100,95,94,100,100,95,88,100,100,95,95,100,100,95,87,100,100,96,95,100,100,96,87,100,100,96,95,100,100,96,87,100,100,94,94,100,100,96,87,100,100,96,96,100,100,96,89,100,100,96,95,100,100,95,86,100,100,96,95,100,100,95,88,100,100,96,96,100,100,96,88,100,100,94,93,100,100,97,89,100,100,94,93,100,100,98,91,100,100,94,93,100,100,95,87,100,100,96,95,100,100,64,32,32,32,16,8,16,8,4,2,4,2,1],"lt":[{"re":-8.840425798829654e-5,"im":-8.693799466982435e-5},{"re":-3.197782730271218e-5,"im":-9.657706414824797e-5},{"re":-2.0006723551434277e-5,"im":-4.993044778962684e-5},{"re":-5.891977142691267e-6,"im":-3.9271474415570384e-5},{"re":8.615450306552752e-6,"im":-3.116104042284915e-5},{"re":1.845679349032007e-5,"im":-2.021825020116027e-5},{"re":2.3124192138575142e-5,"im":-9.102937721741546e-6},{"re":2.2436402785274372e-5,"im":1.956532373422684e-6},{"re":1.7482921927503855e-5,"im":1.0240584354778218e-5},{"re":9.249721448530295e-6,"im":1.5334126188120208e-5},{"re":9.006299381411662e-7,"im":1.5839243059161606e-5},{"re":-5.778611216837785e-6,"im":1.3543570342990644e-5},{"re":-1.048774016839001e-5,"im":8.751173095195657e-6},{"re":-1.2261126098609803e-5,"im":3.2072500759007857e-6},{"re":-1.1261456826520168e-5,"im":-2.369025703654408e-6},{"re":-8.228104769953568e-6,"im":-6.392106544113643e-6},{"re":-3.965118268558271e-6,"im":-8.52054741433962e-6},{"re":2.153463173095451e-7,"im":-8.51118627891521e-6},{"re":3.5831577293092586e-6,"im":-6.842448089899303e-6},{"re":5.599444075780754e-6,"im":-4.260827473403458e-6},{"re":6.218470252440991e-6,"im":-1.396409571010966e-6},{"re":5.669301183184874e-6,"im":1.2926255605667661e-6},{"re":4.125658048989962e-6,"im":3.3025850166087734e-6},{"re":2.085393550023963e-6,"im":4.340377090087986e-6},{"re":3.572472071531999e-9,"im":4.3853305878042276e-6},{"re":-1.7246288108104158e-6,"im":3.6024358464506463e-6},{"re":-2.8414776645924725e-6,"im":2.2819224623302756e-6},{"re":-3.2357208391285018e-6,"im":7.704893645776921e-7},{"re":-2.954210783424183e-6,"im":-6.49836101124328e-7},{"re":-2.1352854664041805e-6,"im":-1.6873430545838848e-6},{"re":-1.0632986530955645e-6,"im":-2.202317045724049e-6},{"re":1.0674322160440203e-8,"im":-2.2007990784007444e-6},{"re":8.704818023949624e-7,"im":-1.774444930296605e-6},{"re":1.3988822921509101e-6,"im":-1.0897762033458106e-6},{"re":1.5572617000652957e-6,"im":-3.289863766889188e-7},{"re":1.4045043003237157e-6,"im":3.001339008217411e-7},{"re":1.0060627740586545e-6,"im":7.49312359856394e-7},{"re":5.454360503432775e-7,"im":1.0075854387872293e-6},{"re":4.541808238409818e-8,"im":1.0302743432342962e-6},{"re":-3.922544046546283e-7,"im":8.522355540070827e-7},{"re":-6.974339196336633e-7,"im":5.2268221489315e-7},{"re":-8.296331766428324e-7,"im":1.1600202444631037e-7},{"re":-7.170905788056927e-7,"im":-3.138921104905948e-7},{"re":-3.965064636931222e-7,"im":-5.189033067903503e-7},{"re":-2.5945483997463587e-8,"im":-5.435646403149835e-7},{"re":1.9651525264942135e-7,"im":-4.233033639233307e-7},{"re":3.545183398858672e-7,"im":-1.8572290847396516e-7},{"re":3.2767922876787426e-7,"im":7.021338426147965e-8},{"re":1.9503880120068974e-7,"im":2.1649516733607793e-7},{"re":3.9441937788179013e-8,"im":2.847561503264945e-7},{"re":-1.0970911653341328e-7,"im":2.5622145639991087e-7}],"gtau":[{"re":-1.0392772317297252e-17,"im":-8.20233428905444e-18},{"re":-2.312112216826968e-17,"im":2.5460326101858034e-17},{"re":-2.5363233655472983e-17,