{"ns":[-1.1413451488300663,-1.1518031563320965,-1.1540008794693586,-1.1536967265317988,-1.1520825849573215,-1.133238177008067,-1.1024753777791079,-1.0828708501717688,-1.061568835925533,-1.0394733065766224,-1.0206225859707525,-1.0090435243371003,-0.998182464984232,-0.9876166564934066,-0.9818797851200234,-0.983058001989127,-0.987377730725229,-0.9871282127222074,-0.9935717858828251,-1.0000409247517474,-1.0047453431069708,-1.0109372928386262,-1.0168094349231565,-1.023308074701742,-1.028863674367016,-1.0303492237109608,-1.0306439455010805,-1.0307308708880631,-1.0299410172447256,-1.0256530123533694,-1.0176378908929098,-1.011395059693871,-1.0059185281021044,-1.0032661169611874,-1.0026122700048812,-1.0007261061477613,-0.9994657546319305,-0.9989182931083346,-0.9989663927982673,-0.9989408856350774],"taus":[0.05,0.1,0.15000000000000002,0.2,0.25,0.30000000000000004,0.35000000000000003,0.4,0.45,0.5,0.55,0.6000000000000001,0.65,0.7000000000000001,0.75,0.8,0.8500000000000001,0.9,0.9500000000000001,1.0,1.05],"bd":[2,4,8,16,8,16,8,16,16,32,32,64,64,128,128,256,256,512,512,800,724,800,740,800,792,800,748,800,796,800,748,800,800,800,744,800,800,800,744,800,800,800,748,800,796,800,748,800,796,800,744,800,796,800,752,800,796,800,756,800,800,800,756,800,800,800,756,800,800,800,752,800,800,800,756,800,800,800,756,800,796,800,780,800,400,800,400,800,400,800,800,400,200,400,800,400,400,800,800,789,673,800,800,790,770,800,800,789,668,800,800,789,769,800,800,790,666,800,800,793,771,800,800,791,656,800,800,794,772,800,800,792,658,800,800,795,769,800,800,791,658,800,800,791,770,800,800,791,658,800,800,794,771,800,800,790,657,800,800,793,771,800,800,788,655,800,800,794,771,800,800,789,654,800,800,795,768,800,800,788,655,800,800,792,770,800,800,788,653,800,800,792,768,800,800,788,656,800,800,790,772,800,800,788,654,800,800,791,770,800,800,788,656,800,800,790,769,800,800,786,653,800,800,791,767,800,800,786,654,800,800,791,767,800,800,784,653,800,800,793,770,800,800,786,653,800,800,790,766,800,800,786,652,800,800,790,767,800,800,788,652,800,800,791,767,800,800,788,648,800,800,790,767,800,800,787,648,800,800,790,765,800,800,788,652,800,800,789,763,800,800,786,652,800,800,787,763,800,800,786,653,800,800,789,762,800,800,785,652,800,800,789,764,800,800,784,649,800,800,788,760,800,800,787,650,800,800,790,758,800,800,787,650,800,800,789,758,800,800,788,649,800,800,788,751,800,800,785,649,800,800,787,746,800,800,784,644,800,800,787,740,800,800,783,638,800,800,785,727,800,800,784,629,800,800,786,706,800,800,780,612,800,800,783,665,800,800,773,559,800,800,735,466,744,800,506,283,341,357,186,96,96,96,48,24,32,32,16,8,16,8,4,2,4,2,1],"lt":[{"re":0.034313146317756296,"im":1.1413451488300663},{"re":-0.23509815263062875,"im":1.118895293145212},{"re":-0.4832138020062042,"im":1.0221773223814172},{"re":-0.6836997465046702,"im":0.8663290936460192},{"re":-0.833987759422483,"im":0.6705206890466057},{"re":-0.9238058246437748,"im":0.4532758182503228},{"re":-0.953343284145555,"im":0.23269816121646247},{"re":-0.9358707571548613,"im":0.026190252260268585},{"re":-0.881550831418378,"im":-0.16095756509380918},{"re":-0.7967171848250076,"im":-0.3196488318818103},{"re":-0.6891875720487044,"im":-0.45041305908714035},{"re":-0.5652795235075809,"im":-0.5488971317652751},{"re":-0.42906384362453975,"im":-0.6195528237712516},{"re":-0.28763102224036363,"im":-0.6606115895520499},{"re":-0.14598735040939703,"im":-0.6747654021616913},{"re":-0.008679026621314848,"im":-0.6639233413180569},{"re":0.11977389435388006,"im":-0.6317591793547802},{"re":0.23542749538393498,"im":-0.5796425192041577},{"re":0.3352731661741766,"im":-0.5103287790570806},{"re":0.41746243143934963,"im":-0.42919446572412057},{"re":0.48006140913545836,"im":-0.338633022016807},{"re":0.5231784300612273,"im":-0.24174267001006883},{"re":0.5465740406093197,"im":-0.14217326545841028},{"re":0.5512969360522002,"im":-0.04358873453453418},{"re":0.5393774223026805,"im":0.05032071731715055},{"re":0.511387056716627,"im":0.13774396518994522},{"re":0.4693672653369358,"im":0.21624187014857937},{"re":0.41510419161907464,"im":0.28389478990716654},{"re":0.3514874205602591,"im":0.33963440946280055},{"re":0.2808443867438173,"im":0.38258649108761},{"re":0.2057916380846584,"im":0.41243851751305216},{"re":0.12871091842012833,"im":0.42913453655991873},{"re":0.051395716595446325,"im":0.4327484346788074},{"re":-0.02400716780987084,"im":0.4239566846278731},{"re":-0.09501691252140554,"im":0.40348279547779287},{"re":-0.15986531326312717,"im":0.3723169900177128},{"re":-0.2168430174550657,"im":0.33178834052320366},{"re":-0.264652424470081,"im":0.2833195118729545},{"re":-0.30232276435489236,"im":0.22849394258624758},{"re":-0.32913207523288374,"im":0.169145668332273},{"re":-0.3447542867011827,"im":0.10738151284563136}],"gtau":[{"re":0.0010842445184249426,"im":-2.2365803542905568e-5},{"re":0.001365329273993068,"im":-3.0431720093154444e-5},{"re":0.0017618633540452866,"im":-4.219548475149101e-5},{"re":0.0023160485381545437,"im":-5.891547350098974e-5},{"re":0.0030901061567143364,"im":-8.316906824306395e-5},{"re":0.004174153244541426,"im":-0.00011953621931917212},{"re":0.005696845178868478,"im":-0.00017261156965729782},{"re":0.007845843683432272,"im":-0.0002502210268778365},{"re":0.0108953204159637,"im":-0.0003630240778226064},{"re":0.015248627640666455,"im":-0.0005274324573306238},{"re":0.02150374012789105,"im":-0.0007639653901550266},{"re":0.030555025542285178,"im":-0.001104467527650423},{"re":0.043752291112546964,"im":-0.001592335007291108},{"re":0.06315939504530914,"im":-0.0022895259503967836},{"re":0.09195687112355241,"im":-0.0032826365221361115},{"re":0.13516462133915852,"im":-0.004698844035183894},{"re":0.20080568585652983,"im":-0.006750290811631418},{"re":0.3020161848805002,"im":-0.009781640357216797},{"re":0.46095173507020526,"im":-0.014403773927635229},{"re":0.7165324754962199,"im":-0.02180108477392167},{"re":0.9989157554815751,"im":2.2365803542905568e-5}],"ts":[0.025,0.05,0.07500000000000001,0.1,0.125,0.15000000000000002,0.17500000000000002,0.2,0.225,0.25,0.275,0.30000000000000004,0.325,0.35000000000000003,0.375,0.4,0.42500000000000004,0.45,0.47500000000000003,0.5,0.525,0.55,0.5750000000000001,0.6000000000000001,0.625,0.65,0.675,0.7000000000000001,0.7250000000000001,0.75,0.775,0.8,0.8250000000000001,0.8500000000000001,0.875,0.9,0.925,0.9500000000000001,0.9750000000000001,1.0,1.0250000000000001],"gt":[{"re":-2.2365803615668683e-5,"im":-0.0010842445182141},{"re":9.549029187276894e-5,"im":-0.0010748102908773038},{"re":0.00021155434376359525,"im":-0.0010421740536152857},{"re":0.0003249025810746128,"im":-0.0009896738334695587},{"re":0.00043134401574573865,"im":-0.0009164415054150792},{"re":0.0005255875577754013,"im":-0.0008277913946279214},{"re":0.0006087971103546894,"im":-0.0007244616922974044},{"re":0.000675632612305789,"im":-0.0006100251897551167},{"re":0.0007250344850296476,"im":-0.00048785033613935204},{"re":0.0007548220718344195,"im":-0.0003627087201589382},{"re":0.0007663175434463814,"im":-0.00023702869149253136},{"re":0.000759002393310408,"im":-0.00011518938414414484},{"re":0.0007336838589939919,"im":9.171800389628676e-7},{"re":0.0006919378301694689,"im":0.00010812356251938632},{"re":0.0006358511494988728,"im":0.00020459703289321327},{"re":0.0005676319989350661,"im":0.0002883621528330826},{"re":0.0004899996488420665,"im":0.0003585339049698796},{"re":0.00040516932669676213,"im":0.0004136173062804263},{"re":0.0003160314642516985,"im":0.00045398896948420267},{"re":0.00022535468880087862,"im":0.00047946145730954124},{"re":0.00013569380961877956,"im":0.0004895863705586929},{"re":4.9269993066878945e-5,"im":0.0004852043734931742},{"re":-3.1860028887120855e-5,"im":0.00046765451935344465},{"re":-0.00010591073358672406,"im":0.00043859104990393087},{"re":-0.00017159852597374098,"im":0.00039979962652934533},{"re":-0.00022811072626921803,"im":0.00035226190591412733},{"re":-0.000274359087447101,"im":0.0002976171213945114},{"re":-0.0003094018180494643,