{"taus":[0.2,0.4,0.6000000000000001,0.8,1.0,1.2000000000000002,1.4000000000000001,1.6,1.8,2.0,2.2,2.4000000000000004,2.6,2.8000000000000003,3.0,3.2,3.4000000000000004,3.6,3.8000000000000003,4.0,4.2,4.4,4.6000000000000005,4.800000000000001,5.0,5.2,5.4,5.6000000000000005,5.800000000000001,6.0,6.2,6.4,6.6000000000000005,6.800000000000001,7.0,7.2,7.4,7.6000000000000005,7.800000000000001,8.0,8.200000000000001,8.4,8.6,8.8,9.0,9.200000000000001,9.4,9.600000000000001,9.8,10.0,10.200000000000001],"bd":[2,4,8,16,8,16,8,16,16,32,32,64,64,128,128,140,140,140,136,140,140,140,136,140,136,140,136,140,136,140,136,140,136,140,136,140,140,140,136,140,136,140,132,140,136,140,136,140,140,140,136,140,140,140,132,140,140,140,132,140,140,140,132,140,140,140,132,140,140,140,136,140,136,140,136,140,136,140,140,140,136,140,136,140,136,140,136,140,136,140,136,140,136,140,136,140,136,140,136,140,136,140,136,140,136,140,136,140,136,140,136,140,136,140,136,140,136,140,136,140,136,140,136,140,136,140,140,140,140,140,136,140,136,140,136,140,136,140,136,140,136,140,136,140,136,140,132,140,136,140,140,140,136,140,136,140,140,140,136,140,136,140,136,140,132,140,136,140,136,140,136,140,132,140,136,140,136,140,136,140,132,140,136,140,136,140,136,140,136,140,132,140,140,140,136,140,124,128,64,64,32,32,16,16,8,4,2,1],"gtau":[6.509172109300571e-12,9.277473019526376e-12,1.4301653184599703e-11,2.2606410310408028e-11,3.622035942207386e-11,5.856421873610201e-11,9.539834853194344e-11,1.5623169247798674e-10,2.573994191842841e-10,4.2618640160999135e-10,7.074000496243158e-10,1.1767391974439145e-9,1.951170092710086e-9,3.2328104820677615e-9,5.351418172886875e-9,8.881762683510325e-9,1.482052151489363e-8,2.4753530179727977e-8,4.127948019702924e-8,6.865791926871348e-8,1.1419409271049061e-7,1.903305947545956e-7,3.1802395011297675e-7,5.322831959387488e-7,8.935165906230974e-7,1.4981948438076933e-6,2.5130439207981104e-6,4.228458588039749e-6,7.124022445047132e-6,1.2004492351374811e-5,2.0236346833960865e-5,3.4100059736806724e-5,5.7496543789897314e-5,9.698524583208588e-5,0.00016332095783437898,0.0002746474306603862,0.0004615494437195531,0.0007748758752922717,0.0013013562650712456,0.0021828569281107215,0.003661960131405461,0.006159599331086721,0.010395823368283081,0.017602789100992233,0.029958395695877472,0.05134448217648031,0.0888290249018069,0.15570252203859147,0.27818301821456454,0.512362423523184,0.9999999999923747]}