{"taus":[0.2,0.4,0.6000000000000001,0.8,1.0,1.2000000000000002,1.4000000000000001,1.6,1.8,2.0,2.2,2.4000000000000004,2.6,2.8000000000000003,3.0,3.2,3.4000000000000004,3.6,3.8000000000000003,4.0,4.2,4.4,4.6000000000000005,4.800000000000001,5.0,5.2,5.4,5.6000000000000005,5.800000000000001,6.0,6.2,6.4,6.6000000000000005,6.800000000000001,7.0,7.2,7.4,7.6000000000000005,7.800000000000001,8.0,8.200000000000001,8.4,8.6,8.8,9.0,9.200000000000001,9.4,9.600000000000001,9.8,10.0,10.200000000000001],"bd":[2,4,8,16,8,16,8,16,16,32,32,64,64,80,80,80,76,80,76,80,80,80,72,80,76,80,76,80,80,80,76,80,80,80,76,80,80,80,72,80,80,80,72,80,76,80,72,80,80,80,76,80,80,80,72,80,80,80,72,80,76,80,72,80,80,80,76,80,80,80,76,80,78,80,68,80,76,80,76,80,80,80,80,80,80,80,80,80,80,80,80,80,80,80,80,80,80,80,76,80,80,80,76,80,76,80,76,80,80,80,76,80,80,80,72,80,80,80,72,80,80,80,72,80,80,80,72,80,80,80,72,80,80,80,76,80,80,80,72,80,80,80,76,80,80,80,80,80,80,80,80,80,80,80,80,80,80,80,76,80,80,80,76,80,80,80,80,80,80,80,80,80,80,80,76,80,76,80,76,80,76,80,76,80,80,80,80,80,80,80,76,80,80,80,76,80,76,80,64,64,32,32,16,16,8,4,2,1],"gtau":[0.9999270659563093,1.1022898504673875,0.9239904092887724,0.7312234011458888,0.5655440918918082,0.4346391626705379,0.33747472334234324,0.26341256577980054,0.21233785054119628,0.1723416153311871,0.14039361579710447,0.11305662544051548,0.09038168000084634,0.07219917031606664,0.05807732499733418,0.04669576547445334,0.03768710917857609,0.03041468617519453,0.024653987438514106,0.01992951355611453,0.015996698831047203,0.012930164088655554,0.010509072172785803,0.008482552360892279,0.006842286599853859,0.005537658267253515,0.0045326372362973115,0.0037265271949056826,0.0030870566871467114,0.0025407413590645394,0.0020901694741031493,0.0017311627744119066,0.0014341218190099432,0.0011858872313468243,0.000979396451623293,0.0008093961834841153,0.0006662342179460292,0.0005515203022724597,0.00046210777115648086,0.00038960346929587406,0.00032613508429282394,0.00027023575586538034,0.00022371261562561558,0.00018066407061862843,0.00014286309962817888,0.00011221680812083095,8.783143258958e-5,7.086151497515956e-5,5.981686070091053e-5,5.6871664831353345e-5,7.293404368074376e-5]}