{"taus":[0.2,0.4,0.6000000000000001,0.8,1.0,1.2000000000000002,1.4000000000000001,1.6,1.8,2.0,2.2,2.4000000000000004,2.6,2.8000000000000003,3.0,3.2,3.4000000000000004,3.6,3.8000000000000003,4.0,4.2,4.4,4.6000000000000005,4.800000000000001,5.0,5.2,5.4,5.6000000000000005,5.800000000000001,6.0,6.2,6.4,6.6000000000000005,6.800000000000001,7.0,7.2,7.4,7.6000000000000005,7.800000000000001,8.0,8.200000000000001,8.4,8.6,8.8,9.0,9.200000000000001,9.4,9.600000000000001,9.8,10.0,10.200000000000001],"bd":[2,4,8,16,8,16,8,16,16,32,32,64,64,128,128,160,160,160,160,160,160,160,156,160,160,160,156,160,160,160,156,160,160,160,156,160,160,160,160,160,160,160,160,160,160,160,160,160,160,160,160,160,160,160,160,160,160,160,160,160,160,160,160,160,160,160,160,160,160,160,160,160,160,160,160,160,160,160,160,160,160,160,160,160,160,160,160,160,160,160,160,160,160,160,160,160,160,160,160,160,160,160,160,160,160,160,160,160,160,160,160,160,160,160,160,160,160,160,160,160,160,160,160,160,160,160,160,160,160,160,160,160,160,160,160,160,160,160,160,160,160,160,160,160,160,160,160,160,160,160,160,160,160,160,160,160,160,160,160,160,160,160,160,160,160,160,160,160,160,160,156,160,160,160,152,160,156,160,156,160,160,160,160,160,160,160,156,160,160,160,156,160,160,160,156,160,128,128,64,64,32,32,16,16,8,4,2,1],"gtau":[0.5000221246961838,0.2064342677801618,0.08646716937713397,0.03643403482279402,0.015402454664721846,0.006525003684435839,0.0027683146264639866,0.0011757659222811961,0.0004997974843099432,0.0002126023335604254,9.048696735673856e-5,3.852998009137e-5,1.6412974573744827e-5,6.993907981453134e-6,2.981062243602538e-6,1.2709587127450268e-6,5.419950314168202e-7,2.3117781156504552e-7,9.86214106001639e-8,4.208027251107931e-8,1.7957569248695613e-8,7.664225498595693e-9,3.271438767876347e-9,1.3966424225157276e-9,5.967303918802822e-10,2.562230884848531e-10,1.1358129277949226e-10,6.048237697562885e-11,6.008432596549481e-11,1.2365131153588914e-10,3.3316723975880913e-10,9.445294420718027e-10,2.699369792362653e-9,7.725116639546887e-9,2.2116269713775028e-8,6.333305291324284e-8,1.8140882285770228e-7,5.197655449108675e-7,1.4896803912265606e-6,4.27103697383762e-6,1.2250430571053026e-5,3.515414902263619e-5,0.00010093617038061634,0.0002900106188075824,0.0008339659215516492,0.002400792722001295,0.006921491358709372,0.01999665136053165,0.057961737247963205,0.1690084316717387,0.49997787530380544]}