{"ns":[-0.00014481621566306806,-0.00014834056325037327,-0.00012611095007603092,-0.00011648660914298727,-8.915968585308817e-5,-7.039859631796819e-5,9.599416708403074e-5,9.679862619840925e-5,0.00031722146718134766,0.0004546524968516249,0.0007030626350638293,0.0009283286043742831,0.0011299400035201274,0.0009942181579789622,0.0004076006700713888,-0.0007933927004599747,-0.0024035996885857394,-0.004411872970087037,-0.006766470825712493,-0.008805731206107685,-0.009773837630877018,-0.008566447460180798,-0.00508520071490166,0.0014724550635011316,0.01148851379301129,0.02408886828591073,0.03868052360017149,0.05207693707370112,0.05857445579672269,0.05799800101995918,0.04239758392248888,0.006256194783181782,-0.05244712300788955,-0.12892782952141196,-0.23323219303826895,-0.32569464956223176,-0.371787901317152,-0.32636806087456227,-0.13840316053532847,0.18894949436921069,0.6237104773388228,0.9338849843026584,0.9666055500206362,0.809636812648691,0.1502249653600058,-0.22845827056991408,-0.9568751407456499,-1.1266745507573452,-1.1111639420546366,-1.0083498061511913],"taus":[0.1,0.2,0.30000000000000004,0.4,0.5,0.6000000000000001,0.7000000000000001,0.8,0.9,1.0,1.1,1.2000000000000002,1.3,1.4000000000000001,1.5,1.6,1.7000000000000002,1.8,1.9000000000000001,2.0,2.1,2.2,2.3000000000000003,2.4000000000000004,2.5,2.6,2.7,2.8000000000000003,2.9000000000000004,3.0,3.1,3.2,3.3000000000000003,3.4000000000000004,3.5,3.6,3.7,3.8000000000000003,3.9000000000000004,4.0,4.1000000000000005,4.2,4.3,4.4,4.5,4.6000000000000005,4.7,4.800000000000001,4.9,5.0,5.1000000000000005],"bd":[2,4,8,16,8,16,8,16,16,32,32,64,64,128,128,200,196,200,200,200,200,200,200,200,200,200,196,200,200,200,196,200,200,200,196,200,200,200,196,200,200,200,196,200,200,200,196,200,200,200,196,200,200,200,196,200,200,200,196,200,200,200,196,200,200,200,196,200,200,200,200,200,200,200,200,200,200,200,200,200,200,200,200,200,200,200,200,200,200,200,200,200,200,200,200,200,200,200,200,200,200,200,200,200,200,200,200,200,200,200,200,200,200,200,200,200,200,200,200,200,200,200,200,200,200,200,200,200,200,200,200,200,200,200,200,200,200,200,200,200,200,200,200,200,200,200,198,200,200,200,200,200,200,200,200,200,200,200,200,200,200,200,200,200,200,200,200,200,198,200,198,200,198,200,198,200,198,200,200,200,200,200,200,200,200,200,200,200,200,200,200,200,200,200,198,200,200,200,200,200,200,200,190,200,112,200,104,200,104,184,200,100,50,100,196,98,98,189,200,194,187,200,200,193,192,199,200,193,181,197,200,187,184,200,200,191,183,199,200,192,190,200,200,190,183,200,200,188,188,200,200,189,179,200,200,192,192,200,200,192,182,200,200,191,191,200,200,193,182,200,200,191,190,200,200,192,182,200,200,189,188,200,200,190,179,200,200,189,188,200,200,188,177,200,200,188,188,200,200,188,179,200,200,192,190,200,200,189,178,200,200,192,191,200,200,190,177,200,200,191,190,200,200,191,179,200,200,189,187,200,200,190,178,200,200,191,190,200,200,192,177,200,200,189,189,200,200,192,177,200,200,190,190,200,200,193,177,200,200,189,189,200,200,193,178,200,200,188,188,200,200,193,178,200,200,189,189,200,200,192,178,200,200,191,190,200,200,191,179,200,200,190,188,200,200,192,178,200,200,191,189,200,200,191,178,200,200,190,188,200,200,191,178,200,200,191,189,200,200,191,178,200,200,191,190,200,200,192,179,200,200,191,189,200,200,191,178,200,200,192,191,200,200,191,179,200,200,190,189,200,200,192,179,200,200,191,190,200,200,192,179,200,200,191,189,200,200,192,177,200,200,189,188,200,200,190,177,200,200,191,191,200,200,192,178,200,200,191,189,200,200,191,177,200,200,191,190,200,200,191,179,200,200,190,189,200,200,193,179,200,200,192,190,200,200,192,180,200,200,189,188,200,200,190,178,200,200,191,191,200,200,191,179,200,200,191,189,200,200,192,177,200,200,192,192,200,200,190,180,200,200,190,190,200,200,191,180,200,200,193,193,200,200,193,180,200,200,193,191,200,200,192,182,200,200,193,191,200,200,192,181,200,200,194,191,200,200,191,182,200,200,193,191,200,200,191,184,200,200,194,128,128,128,64,32,32,32,16,8,16,8,4,2,4,2,1],"lt":[{"re":6.144227454214048e-6,"im":0.00014481621566306806},{"re":-0.00011325485900398296,"im":7.047606129666698e-5},{"re":-0.00011145479561551068,"im":-4.9173560542513534e-5},{"re":-2.1089942588255875e-5,"im":-0.0001077426428807595},{"re":6.140367872441991e-5,"im":-8.686083301691988e-5},{"re":8.938520492047737e-5,"im":-2.682913917273147e-5},{"re":6.139428332881408e-5,"im":6.259089353567412e-5},{"re":-3.703083552202921e-5,"im":0.00013214574079945687},{"re":-0.0001712929328715134,"im":0.0001003752728101649},{"re":-0.0002495120690572492,"im":1.924451165386097e-6},{"re":-0.00024721783949110965,"im":-0.0001325378480859949},{"re":-0.00016431647613695708,"im":-0.00030329814532418327},{"re":2.9128285231783227e-5,"im":-0.00039295456589792297},{"re":0.00025562027699382254,"im":-0.0003401170093135567},{"re":0.00041693609632813397,"im":-0.00014920331505864287},{"re":0.0004370082314350137,"im":0.00012100267289578581},{"re":0.00027269124557965994,"im":0.0003696758463607496},{"re":-1.0514594978967253e-5,"im":0.00048026182275808665},{"re":-0.00031552809453603604,"im":0.000399157137629112},{"re":-0.0005167334559026157,"im":0.0001385814254180173},{"re":-0.0005217160678447552,"im":-0.0002066595335484707},{"re":-0.0003114426616328445,"im":-0.0004998189530221522},{"re":6.560218964601412e-5,"im":-0.0006211269689403164},{"re":0.00044375439638514696,"im":-0.00048937292542964},{"re":0.00069384362119069,"im":-0.00013413409030153264},{"re":0.0006701524693026306,"im":0.00032907146622035476},{"re":0.0003481951634700838,"im":0.0007088832708054333},{"re":-0.00016500085777816604,"im":0.0008224855205005011},{"re":-0.0006711055417427024,"im":0.0005808259967016092},{"re":-0.0009492104837689754,"im":6.177433850432022e-5},{"re":-0.0008524637282801066,"im":-0.0005611524907700753},{"re":-0.0003840002774160385,"im":-0.0010186381212149735},{"re":0.0003289329773062338,"im":-0.0011194453096074763},{"re":0.001007090987766524,"im":-0.0007564274004280596},{"re":0.0013677342003649484,"im":-2.2772569734420115e-5},{"re":0.0012033597732389577,"im":0.0008819664240948529},{"re":0.0005277243859689939,"im":0.0015452778127018052},{"re":-0.0005679336061866074,"im":0.0016749227655015815},{"re":-0.0015854387699446614,"im":0.0010866997287656273},{"re":-0.0020537467928294826,"im":-6.66339001459851e-6},{"re":-0.0018532038471494757,"im":-0.0013314216763052303},{"re":-0.0007827498773550579,"im":-0.0022637828128415994},{"re":0.0007317583753829595,"im":-0.0023623860595780176},{"re":0.002021404837121107,"im":-0.0015432452988825719},{"re":0.0025352141865208964,"im":-7.103964672551877e-5},{"re":0.0020554937715818594,"im":0.0012029637765580757},{"re":0.0010594375087745924,"im":0.0020395384126134565},{"re":-0.00020419602693312364,"im":0.002160475616254656},{"re":-0.0012539141546528238,"im":0.001550614241091137},{"re":-0.0016880135694449692,"im":0.0005213281490813816},{"re":-0.0014642993101726743,"im":-0.00047567660763695157}],"gtau":[{"re":1.8690107532545745e-15,"im":-6.57670694234791e-17},{"re":1.710151059031293e-16,"im":-2.878482184811148e-16},{"re":4.737873485915356e-17,"im":-1.3702968235719913e-16},{"re":-1.219672855210023e-17,"im":3.526194392518546e-18},{"re":6.333233515776274e-17,"im":-2.4957526507477616e-17},{"re":7.635654804978601e-17,"im":-8.981259572051748e-17},{"re":1.2121182292759238e-16,"im":1.8079715745325717e-16},{"re":-1.3466298808134517e-17,"im":-1.4834812179296424e-17},{"re":-3.5237544225397496e-17,"im":-1.390434159135867e-16},{"re":1.863624022848505e-17,"im":-3.06275780103518e-17},{"re":2.1441717110954295e-17,"im":1.1092778383045904e-16},{"re":-1.688121082491041e-16,"im":8.876101427076252e-17},{"re":-3.5597847371936897e-16,"im":2.500882923761404e-16},{"re":-1.982541054270313e-16,"im":1.6343081939496624e-16},{"re":-6.024085415561067e-16,"im":4.1494812415026867e-16},{"re":-1.443212292639976e-15,"im":6.195589702494738e-16},{"re":-2.3500007093650295e-15,"im":1.4861962217051456e-15},{"re":-4.248761929436969e-15,"im":3.335667386746188e-15},{"re":-7.28895157350271e-15,