{"ns":[-4.515572938766365,-4.448167763625767,-4.416958324730673,-4.310322416035306,-4.182339125062544,-3.94857364854961,-3.6318887813356135,-3.2708880926242525,-2.8557891124078676,-2.360044246156561,-2.0402419480170146,-1.68058839887784,-1.2287755393143744,-0.9983154772413501,-0.6614289917127923,-0.48665760916340495,-0.3340068726556826,-0.005800505657508858,0.018524256419018857,0.33754717476490526,0.583457764597764,1.0457308040429012,1.5954051402540093,2.096142076255184,2.598318768234387,2.8121842790128335,2.8644168297619284,2.7390326925684216,2.475538951981937,3.3195916839699042,3.4194705143298485,3.604012680252297,3.7380192833594905,3.7606833664286543,3.77666558266491,4.011088909602571,4.066112762652972,3.928840293449833,4.25286637901436,4.602793704003881,5.077305465394009,5.532507196345281,5.935672739694133,6.316147573986328,6.790463297325475,7.262905371507388,7.756813520549982,8.32959193369901,8.428267084839007,8.400285419035091,8.262546013951276,8.06766345309886,7.82554368948036,7.516178976683263,7.155865509702979,6.653822282030531,6.1144636213259025,5.326832503226878,4.639393539055003,4.167338507167226,3.6494074936012018,3.290834057414798,2.9941414019138457,2.6825776189585255,2.3420879581329945,2.022559088735853,1.6156051086402918,1.2757935956351985,0.8255857188496969,0.4132953909971808,0.05234725017320574,-0.2746937487269084,-0.5368761350624073,-0.6608425941771371,-0.7983003209898634,-0.8493214310258091,-0.9298042025423195,-0.973456221691655,-0.9901328301035475,-0.9938402147864959],"taus":[0.1,0.2,0.30000000000000004,0.4,0.5,0.6000000000000001,0.7000000000000001,0.8,0.9,1.0,1.1],"bd":[2,4,8,16,8,16,8,16,16,32,32,64,64,128,128,256,256,500,486,500,496,500,496,500,496,500,496,500,496,500,500,500,500,500,500,500,500,500,496,500,496,500,480,500,292,500,288,500,272,500,500,252,126,252,500,250,250,496,500,495,445,500,500,490,489,500,500,494,442,500,500,491,489,500,500,496,442,500,500,492,491,500,500,496,442,500,500,493,489,500,500,496,437,500,500,491,489,500,500,495,438,500,500,491,487,500,500,494,435,500,500,491,489,500,500,493,434,500,500,492,487,500,500,493,433,500,500,488,487,500,500,492,429,500,500,489,486,500,500,494,431,500,500,492,488,500,500,494,431,500,500,493,489,500,500,492,428,500,500,495,492,500,500,494,425,500,500,494,491,500,500,493,426,500,500,494,492,500,500,493,423,500,500,494,492,500,500,495,421,500,500,495,491,500,500,494,424,500,500,494,492,500,500,494,421,500,500,492,488,500,500,492,421,500,500,492,487,500,500,492,422,500,500,491,486,500,500,492,421,500,500,492,487,500,500,491,419,500,500,492,488,500,500,492,420,500,500,493,489,500,500,492,421,500,500,493,490,500,500,494,416,500,500,493,490,500,500,492,417,500,500,494,493,500,500,491,420,500,500,493,489,500,500,492,419,500,500,495,491,500,500,493,419,500,500,495,489,500,500,493,421,500,500,495,488,500,500,491,421,500,500,494,486,500,500,490,422,500,500,493,489,500,500,493,421,500,500,492,485,500,500,492,422,500,500,494,488,500,500,493,422,500,500,493,486,500,500,492,421,500,500,494,485,500,500,493,422,500,500,493,488,500,500,494,422,500,500,492,487,500,500,494,421,500,500,494,490,500,500,494,421,500,500,495,490,500,500,495,419,500,500,495,488,500,500,493,421,500,500,494,486,500,500,493,422,500,500,493,487,500,500,492,421,500,500,493,488,500,500,493,419,500,500,492,485,500,500,494,419,500,500,493,489,500,500,494,417,500,500,493,488,500,500,494,418,500,500,493,488,500,500,492,418,500,500,494,487,500,500,494,418,500,500,492,486,500,500,493,416,500,500,493,485,500,500,493,417,500,500,492,488,500,500,493,415,500,500,492,486,500,500,493,416,500,500,491,489,500,500,493,416,500,500,490,488,500,500,493,418,500,500,492,487,500,500,493,419,500,500,494,489,500,500,492,413,500,500,492,486,500,500,491,415,500,500,493,489,500,500,492,413,500,500,495,488,500,500,491,415,500,500,493,489,500,500,490,415,500,500,493,488,500,500,490,416,500,500,489,486,500,500,489,418,500,500,491,486,500,500,491,423,500,500,490,487,500,500,492,417,500,500,492,485,500,500,493,415,500,500,491,487,500,500,492,415,500,500,495,487,500,500,492,411,500,500,494,486,500,500,493,411,500,500,493,483,500,500,493,410,500,500,495,485,500,500,490,412,500,500,494,481,500,500,491,412,500,500,489,475,500,500,489,413,500,500,490,474,500,500,486,405,500,500,492,465,500,500,486,404,500,500,492,429,500,500,480,283,352,384,192,96,112,128,64,32,32,32,16,8,16,8,4,2,4,2,1],"lt":[{"re":-14.940334022462332,"im":4.515572938766365},{"re":-15.390295816807956,"im":0.8841213601670493},{"re":-14.937699127797833,"im":-2.5659344427522512},{"re":-13.620599509492678,"im":-5.791103237901988},{"re":-11.669410515686478,"im":-8.333546121000195},{"re":-9.248597745788366,"im":-10.295050402266982},{"re":-6.573786124624575,"im":-11.538813706910513},{"re":-3.874666662099633,"im":-12.048729047843128},{"re":-1.297881918110158,"im":-11.974642809858443},{"re":1.1404408197609917,"im":-11.369937857162272},{"re":3.2811675343388798,"im":-10.317044876315586},{"re":5.122917357659145,"im":-9.043681732667922},{"re":6.623055036038785,"im":-7.49232293700431},{"re":7.702376617326804,"im":-5.770961460741037},{"re":8.385685694682055,"im":-3.926978400638134},{"re":8.730572872923133,"im":-2.153827478921212},{"re":8.736840528935813,"im":-0.37054227008788887},{"re":8.464426935438519,"im":1.2991567309831396},{"re":7.9270427523091005,"im":2.837554451527234},{"re":7.175043030359878,"im":4.184151286900179},{"re":6.224744661104968,"im":5.330238096754557},{"re":5.113557743068356,"im":6.238601006447701},{"re":3.8838100632690704,"im":6.892486017863754},{"re":2.580068903833182,"im":7.286102709603311},{"re":1.2518206478895595,"im":7.418961348061622},{"re":-0.05307097897367932,"im":7.280501438815415},{"re":-1.2969333332722168,"im":6.913302276467771},{"re":-2.4358773703170318,"im":6.328767677271563},{"re":-3.3966361479951597,"im":5.573376089630019},{"re":-4.218591471034975,"im":4.664165140365493},{"re":-4.851114343173228,"im":3.6214762556815843},{"re":-5.254151083731873,"im":2.534944069667484},{"re":-5.442653348257895,"im":1.439188641890396},{"re":-5.4118935321119155,"im":0.3566312235637271},{"re":-5.175725996246112,"im":-0.6728272032372723},{"re":-4.757637827296166,"im":-1.5983366905961482},{"re":-4.168621248446479,"im":-2.4140145486154636},{"re":-3.4566120188566742,"im":-3.0591402955071967},{"re":-2.655163411284916,"im":-3.5448776413892524},{"re":-1.8068106234141033,"im":-3.8539467141293766},{"re":-0.9430922880686037,"im":-3.9838550409341655},{"re":-0.10174483536625879,"im":-3.9391581162331173},{"re":0.6788348235392723,"im":-3.739983641636704},{"re":1.3762415493290732,"im":-3.402455776449508},{"re":1.9635997413652198,"im":-2.943266667209999},{"re":2.4299220345292323,"im":-2.387426129245875},{"re":2.7653894210928467,"im":-1.757904692048123},{"re":2.959915882942659,"im":-1.0912540400672408},{"re":3.015910826581923,"im":-0.4410476462862151},{"re":2.951622015097482,"im":0.19118416177091124},{"re":2.773568092694862,"im":0.7789570208671547},{"re":2.4900134599957275,"im":1.308822621734812},{"re":2.1233216792389906,"im":1.7693720860846571},{"re":1.6828181487053868,"im":2.1446391329712253},{"re":1.1884076871242566,"im":2.4267301252818294},{"re":0.6603506004501841,"im":2.6082286110497535},{"re":0.11218226013283056,"im":2.6844274703415403},{"re":-0.44081549316996477,"im":2.656068250181352},{"re":-0.9807851321364042,"im":2.522687143150943},{"re":-1.4828488990166524,"im":2.2864050559747664},{"re":-1.9278621549398876,"im":1.9614817926451962},{"re":-2.303551934767389,"im":1.5597926189208895},{"re":-2.5945454573969022,"im":1.09881825028038},{"re":-2.793163705124728,"im":0.5964088396269167},{"re":-2.8924251649765655,"im":0.0670382671141765},{"re":-2.8884038754358623,"im":-0.4646672597685968},{"re":-2.7833375583492863,"im":-0.9772998383049274},{"re":-2.5941246710059245,"im":-1.4516015370915758},{"re":-2.324460617869339,"im":-1.8787513505351867},{"re":-1.9879100945815187,"im":-2.2474106909767553},{"re":-1.5981198672254067,"im":-2.5446389567082477},{"re":-1.1672838985547125,