{"taus":[0.2,0.4,0.6000000000000001,0.8,1.0,1.2000000000000002,1.4000000000000001,1.6,1.8,2.0,2.2,2.4000000000000004,2.6,2.8000000000000003,3.0,3.2,3.4000000000000004,3.6,3.8000000000000003,4.0,4.2,4.4,4.6000000000000005,4.800000000000001,5.0,5.2,5.4,5.6000000000000005,5.800000000000001,6.0,6.2,6.4,6.6000000000000005,6.800000000000001,7.0,7.2,7.4,7.6000000000000005,7.800000000000001,8.0,8.200000000000001,8.4,8.6,8.8,9.0,9.200000000000001,9.4,9.600000000000001,9.8,10.0,10.200000000000001],"bd":[2,4,8,16,8,16,8,16,16,32,32,64,64,120,116,120,120,120,112,120,120,120,116,120,120,120,116,120,120,120,120,120,120,120,116,120,120,120,116,120,120,120,116,120,120,120,116,120,120,120,116,120,120,120,116,120,120,120,116,120,120,120,116,120,120,120,116,120,120,120,116,120,120,120,116,120,120,120,116,120,120,120,116,120,120,120,116,120,120,120,116,120,120,120,116,120,120,120,116,120,120,120,116,120,120,120,116,120,116,120,116,120,116,120,116,120,116,120,116,120,116,120,116,120,116,120,116,120,116,120,116,120,116,120,116,120,116,120,116,120,116,120,116,120,116,120,116,120,116,120,116,120,116,120,120,120,116,120,120,120,116,120,120,120,116,120,120,120,116,120,120,120,116,120,120,120,120,120,116,120,120,120,116,120,120,120,116,120,120,120,120,120,116,120,120,120,112,120,64,64,32,32,16,16,8,4,2,1],"gtau":[6.879354296092654e-15,-8.449094879359063e-15,4.4790528920834984e-14,-8.223260288348146e-15,-1.261207026953984e-14,2.4237400318991754e-14,3.924732409444181e-14,-3.830316563977784e-15,-3.415204091683305e-14,-2.9212912387578806e-14,-2.22422393932071e-14,3.719644183961667e-14,1.516926931557877e-14,3.8467244623365306e-15,-1.1934739923412375e-14,-1.2568807142909932e-14,-2.0388625525048293e-14,-1.3128687142264897e-14,-3.730336823128965e-15,-3.190032032538744e-15,-8.034789239954793e-15,3.695448875289708e-15,5.607392966469401e-14,8.825470984100666e-14,2.83886457348275e-13,8.368778467163668e-13,2.510600879210819e-12,7.570499742192398e-12,2.2758817709028143e-11,6.84153649152885e-11,2.0563175799386163e-10,6.181322241569438e-10,1.8584266692031228e-9,5.587271311258886e-9,1.6794688284972965e-8,5.0463034647252713e-8,1.514998940911517e-7,4.5415060888183585e-7,1.357583955317209e-6,4.032241243604291e-6,1.1897196038491326e-5,3.495657615717214e-5,0.00010235430486661301,0.0002997009567527681,0.0008812216327011734,0.0026142485055252406,0.007856436137351392,0.024108930766962085,0.07642928590216976,0.25706977374495643,0.9999999999999857]}