{"taus":[0.2,0.4,0.6000000000000001,0.8,1.0,1.2000000000000002,1.4000000000000001,1.6,1.8,2.0,2.2,2.4000000000000004,2.6,2.8000000000000003,3.0,3.2,3.4000000000000004,3.6,3.8000000000000003,4.0,4.2,4.4,4.6000000000000005,4.800000000000001,5.0,5.2],"bd":[2,4,8,16,8,16,8,16,16,32,32,60,60,60,60,60,60,60,60,60,60,60,60,60,60,60,56,60,60,60,56,60,60,60,60,60,60,60,60,60,60,60,60,60,60,60,60,60,60,60,60,60,60,60,60,60,60,60,60,60,60,60,60,60,60,60,60,60,60,60,60,60,60,60,60,60,60,60,56,60,60,60,56,60,60,60,56,60,60,60,60,60,60,60,60,60,60,60,56,60,32,32,16,16,8,4,2,1],"gtau":[-2.687706891792626e-15,-1.0344182925580911e-14,-3.3040636556716713e-15,-1.0006652035360755e-14,7.598793087564057e-15,5.6110275552965e-14,2.1647627388227086e-13,9.700511609174978e-13,4.424095530677885e-12,2.012681891577763e-11,9.181737225511656e-11,4.1914135602143726e-10,1.914678340072075e-9,8.749487731777607e-9,3.9974473644271054e-8,1.824221425825869e-7,8.304691405395474e-7,3.7719286482403316e-6,1.7145263572308682e-5,7.790425214852022e-5,0.00035336137010906244,0.0015999318892918387,0.007319837911645652,0.03458390622975141,0.1731524695108228,0.9999999999992656]}