{"gf":[0.0009554959168799606,0.0015563358444851542,0.002737393304687147,0.005057123480928075,0.00969578654087387,0.019184939854014368,0.039102882036734614,0.08218202185222541,0.1789147215855002,0.40783603310117755,0.9990445040831201],"ts":[0.0,0.1,0.2,0.30000000000000004,0.4,0.5,0.6000000000000001,0.7000000000000001,0.8,0.9,1.0]}