{"ns":[0.019354904512169993,0.01868842400579505,0.016812659488332448,0.016748554250963766,0.012986864530129505,0.008825050719504766,0.003537163288625259,-0.0011536013004860319,-0.0059856205696232016,-0.01611539320358714,-0.018744629362260325,-0.034775016014466476,-0.046069078617055774,-0.057898994151113325,-0.07005861644246619,-0.08877903753989334,-0.10438939362361144,-0.11646338019907579,-0.13344151210664257,-0.14994737948195974,-0.18137571486071422,-0.22254832316092985,-0.29969460423106886,-0.3902872428491791,-0.49284078637714324,-0.597815315191761,-0.7050418779112462,-0.8082884285641397,-0.8973202035039821,-0.969153704430892,-1.021102648810638,-1.0419308431271674,-1.0566857546234147,-1.0589878750103359,-1.047054108038264,-1.0329317375646203,-1.0199210699526777,-1.006743570040883,-1.0012260158956923,-1.0001067181125185],"taus":[0.1,0.2,0.30000000000000004,0.4,0.5,0.6000000000000001,0.7000000000000001,0.8,0.9,1.0,1.1],"bd":[2,4,8,16,8,16,8,16,16,32,32,64,64,128,128,256,256,400,392,400,396,400,396,400,400,400,400,400,400,400,400,400,400,400,400,400,400,400,396,400,396,400,376,400,200,400,200,400,200,392,400,200,100,200,400,200,200,394,400,392,378,400,400,389,388,400,400,392,376,400,400,388,386,400,400,388,375,400,400,384,381,400,400,387,376,400,400,389,386,400,400,393,374,400,400,388,387,400,400,393,374,400,400,386,386,400,400,391,376,400,400,390,388,400,400,394,375,400,400,389,389,400,400,395,374,400,400,388,388,400,400,393,373,400,400,388,388,400,400,390,373,400,400,386,386,400,400,393,371,400,400,391,390,400,400,391,371,400,400,390,389,400,400,393,371,400,400,387,387,400,400,393,368,400,400,388,388,400,400,393,371,400,400,389,389,400,400,395,367,400,400,390,390,400,400,393,367,400,400,389,387,400,400,392,367,400,400,388,387,400,400,390,369,400,400,389,387,400,400,391,370,400,400,386,386,400,400,391,369,400,400,388,387,400,400,389,372,400,400,390,390,400,400,391,370,400,400,388,388,400,400,390,368,400,400,387,387,400,400,391,365,400,400,387,386,400,400,391,372,400,400,388,386,400,400,393,369,400,400,387,386,400,400,392,369,400,400,387,386,400,400,393,371,400,400,387,385,400,400,393,370,400,400,388,388,400,400,393,368,400,400,389,387,400,400,391,367,400,400,389,388,400,400,392,367,400,400,390,388,400,400,388,366,400,400,388,387,400,400,389,365,400,400,387,387,400,400,390,364,400,400,391,390,400,400,387,321,400,400,224,112,128,128,64,32,32,32,16,8,16,8,4,2,4,2,1],"lt":[{"re":0.051563529864117594,"im":-0.019354904512169993},{"re":0.05457807350115955,"im":0.006523642013904251},{"re":0.04392793404757283,"im":0.029399485269868783},{"re":0.02504131422456018,"im":0.04261958615353158},{"re":0.004025033744764706,"im":0.046674965471438054},{"re":-0.014525298350825564,"im":0.04166003284706119},{"re":-0.027935154674713032,"im":0.03148131850926151},{"re":-0.035630455253272374,"im":0.017464578365148156},{"re":-0.0368630544238238,"im":0.002698247848854896},{"re":-0.032738095303448206,"im":-0.010261115512056862},{"re":-0.026449058558210416,"im":-0.02067941021978634},{"re":-0.017662413516984568,"im":-0.02817746854362251},{"re":-0.006913020637867623,"im":-0.03167745997548223},{"re":0.003496596372725759,"im":-0.031335340794644284},{"re":0.01274515021440859,"im":-0.026998162994390857},{"re":0.019224972146844956,"im":-0.019617006092108275},{"re":0.022705971247489024,"im":-0.01097331099759844},{"re":0.023168699179364528,"im":-0.0024184824959405772},{"re":0.020898719256079848,"im":0.005170622849456688},{"re":0.016382541211656786,"im":0.011010170810974298},{"re":0.01082573911949241,"im":0.014531939664780436},{"re":0.004949783828346147,"im":0.016024004317506807},{"re":-0.0008589374542105831,"im":0.015519659900211785},{"re":-0.005493059511478324,"im":0.01356335346539155},{"re":-0.008847226120426264,"im":0.010240872499633943},{"re":-0.0104420291292999,"im":0.006282354300452991},{"re":-0.010565138348920769,"im":0.002364853838111264},{"re":-0.009341435178668362,"im":-0.0009878892496735646},{"re":-0.007277377271976396,"im":-0.0034090339172685156},{"re":-0.00476889869381371,"im":-0.004742988595015646},{"re":-0.002221708128302191,"im":-0.005001075797162216},{"re":-0.00012415636846765807,"im":-0.004327316030114916},{"re":0.001353519970629245,"im":-0.003139844657255784},{"re":0.002118980431936802,"im":-0.0017324470618424992},{"re":0.002251857370121801,"im":-0.0004157313253752186},{"re":0.0019351362562964349,"im":0.0006225294492920195},{"re":0.0013229241554680454,"im":0.0013305495607707646},{"re":0.0005389700929082613,"im":0.0016601607529249422},{"re":-0.0003022014964519312,"im":0.0016315271639192896},{"re":-0.0010270608201159391,"im":0.0012990381631068921},{"re":-0.0015320519885787835,"im":0.0007475111988410685}],"gtau":[{"re":-2.844283181081515e-5,"im":-2.5609089539348397e-5},{"re":-4.007552140935994e-5,"im":-4.889172368005187e-5},{"re":-6.359729948872366e-5,"im":-9.630257243940427e-5},{"re":-0.00010888320334701721,"im":-0.00019356138802098722},{"re":-0.00019722938670682985,"im":-0.00039677117126143285},{"re":-0.00037401969625745665,"im":-0.0008298401154420086},{"re":-0.0007424941843693684,"im":-0.001772208622470201},{"re":-0.0015375553449098296,"im":-0.0038833085354091704},{"re":-0.003342843201686209,"im":-0.008769699966498857},{"re":-0.007732005707805551,"im":-0.020614237365377593},{"re":1.000028442831811,"im":2.5609089539348397e-5}],"ts":[0.05,0.1,0.15000000000000002,0.2,0.25,0.30000000000000004,0.35000000000000003,0.4,0.45,0.5,0.55,0.6000000000000001,0.65,0.7000000000000001,0.75,0.8,0.8500000000000001,0.9,0.9500000000000001,1.0,1.05,1.1,1.1500000000000001,1.2000000000000002,1.25,1.3,1.35,1.4000000000000001,1.4500000000000002,1.5,1.55,1.6,1.6500000000000001,1.7000000000000002,1.75,1.8,1.85,1.9000000000000001,1.9500000000000002,2.0,2.0500000000000003],"gt":[{"re":-2.5609089555585463e-5,"im":2.844283181625931e-5},{"re":-3.312145472546446e-5,"im":2.1068926054650168e-5},{"re":-3.7330563041125066e-5,"im":9.787781799463292e-6},{"re":-3.53770742790902e-5,"im":-3.659433585664653e-6},{"re":-3.220380244837796e-5,"im":-1.5384788586649896e-5},{"re":-2.4892090680993562e-5,"im":-2.5335840632780407e-5},{"re":-1.5044468582403404e-5,"im":-3.18519066070651e-5},{"re":-3.467695040398813e-6,"im":-3.406061754814461e-5},{"re":7.625520962691923e-6,"im":-3.186494773174635e-5},{"re":1.691233017808019e-5,"im":-2.5819002996237035e-5},{"re":2.400407874012719e-5,"im":-1.8231921814019182e-5},{"re":2.8728855176025283e-5,"im":-9.139264227883439e-6},{"re":2.967344980996445e-5,"im":1.0397100870210778e-6},{"re":2.7328294719178305e-5,"im":1.0128907613378038e-5},{"re":2.1696925901193658e-5,"im":1.7295660034917966e-5},{"re":1.3889098407704024e-5,"im":2.137511195759389e-5},{"re":5.468118617624328e-6,"im":2.2501662156233805e-5},{"re":-2.0901785269161933e-6,"im":2.0979834567564294e-5},{"re":-8.138902982131307e-6,"im":1.7272601443015393e-5},{"re":-1.2168878616241539e-5,"im":1.206702590659191e-5},{"re":-1.3863869691007786e-5,"im":6.531951565621623e-6},{"re":-1.376470859456104e-5,"im":1.2736614947689535e-6},{"re":-1.1956864199458092e-5,"im":-3.4604751706066493e-6},{"re":-9.268326924754238e-6,"im":-6.802679705640483e-6},{"re":-5.71218929017909e-6,"im":-8.749386647664195e-6},{"re":-2.1246228029055e-6,"im":-9.020770250213224e-6},{"re":1.0283893690670912e-6,"im":-8.077717063915802e-6},{"re":3.32051199169853e-6,"im":-6.17760870241256e-6},{"re":4.577713604447981e-6,"im":-3.871070304346016e-6},{"re":4.838279382961497e-6,"im":-1.517128868045098e-6},{"re":4.195987086320685e-6,"im":5.352397477358899e-7},{"re":2.9266327990240106e-6,"im":1.914237537088078e-6},{"re":1.4678498003630442e-6,"im":2.624010384837821e-6},{"re":9.111574861267708e-8,"im":2.6818041211604805e-6},{"re":-9.548122729545007e-7,"im":2.2567396902057423e-6},{"re":-1.5914513332668521e-6,"im":1.5881870673792472e-6},{"re":-1.8587737203654486e-6,"im":8.179568908768676e-7},{"re":-1.7734215827931972e-6,"im":5.375507644756768e-8},{"re":-1.4025849478995202e-6,"im":-6.237773238029594e-7},{"re":-8.541529760932559e-7,"im":-1.0946897346233577e-6},{"re":-2.2977192212424317e-7,