{"ns":[-0.012153624846610311,-0.016749347391660653,-0.026072881980673257,-0.03472745067242704,-0.04103491670594237,-0.051641107693251274,-0.06451959698701244,-0.06957650771026969,-0.07353857129637043,-0.07635269022827647,-0.08233820724563144,-0.09502050636043947,-0.10204754856918156,-0.10836666889059937,-0.1131037545945741,-0.11687337320925534,-0.11542679261021768,-0.10526568792900105,-0.0886299719949808,-0.08811043349190585,-0.09775539088082619,-0.11889957002077901,-0.15855701635778532,-0.22069348223567853,-0.28981669758651646,-0.3830850763351372,-0.49115642079526606,-0.5892083847332872,-0.6872591784495323,-0.7481545032142681,-0.7897457017613466,-0.8119439432235895,-0.8640486976217503,-0.8946225788806575,-0.9446501680943972,-0.9654084845960529,-0.9882553140253292,-1.0028246450666822,-0.9987018353834196,-0.9959380065569381],"taus":[0.05,0.1,0.15000000000000002,0.2,0.25,0.30000000000000004,0.35000000000000003,0.4,0.45,0.5,0.55,0.6000000000000001,0.65,0.7000000000000001,0.75,0.8,0.8500000000000001,0.9,0.9500000000000001,1.0,1.05],"bd":[1,1,1,1,1,2,2,4,4,8,8,16,16,32,32,64,64,128,128,256,256,500,500,500,500,500,500,500,500,500,500,500,500,500,500,500,500,500,500,500,500,500,500,500,500,500,500,500,500,500,500,500,500,500,500,500,500,500,500,500,500,500,500,500,500,500,500,500,500,500,500,500,500,500,500,500,500,500,500,500,500,500,500,500,500,500,500,500,500,500,500,500,500,500,500,500,500,500,500,500,500,500,500,500,500,500,500,500,500,500,500,500,500,500,500,500,500,500,500,500,500,500,500,500,500,500,500,500,500,500,500,500,500,500,500,500,500,500,500,500,500,500,500,500,500,500,500,500,500,500,500,500,500,500,500,500,500,500,500,500,500,500,500,500,500,500,500,500,500,500,500,500,500,500,500,500,500,500,500,500,500,500,500,500,500,500,500,500,500,500,500,500,500,500,500,500,500,500,500,500,500,500,500,500,500,500,500,500,500,500,500,500,500,500,500,500,500,500,500,500,500,500,500,500,500,500,500,500,500,500,500,500,500,500,500,500,500,500,500,500,500,500,500,500,500,500,500,500,500,500,500,500,500,500,500,500,500,500,500,500,500,500,500,500,500,500,500,500,500,500,500,500,500,500,500,500,500,500,500,500,500,500,500,500,500,500,500,500,500,500,500,500,500,500,500,500,500,500,500,500,500,500,500,500,500,500,500,500,500,500,500,500,500,500,500,500,500,500,500,500,500,500,500,500,500,500,500,500,500,500,500,500,500,500,500,500,500,500,500,500,500,500,500,500,500,500,500,500,500,500,500,500,500,500,500,500,500,500,500,500,500,500,500,500,500,500,500,500,500,500,500,500,500,500,500,500,500,500,500,500,500,500,500,500,500,500,500,500,500,500,500,500,500,500,500,500,363,387,388,195,99,115,123,63,32,32,32,16,8,8,8,4,2,2,2,1],"lt":[{"re":0.1047677213359015,"im":0.012153624846610311},{"re":0.08631272710804191,"im":0.05890773405902109},{"re":0.05136150774287565,"im":0.08908489764758128},{"re":0.012544913705469245,"im":0.09623499894128035},{"re":-0.01941676208781212,"im":0.08583336905041708},{"re":-0.04204550003735562,"im":0.06439586394383279},{"re":-0.05425105039079258,"im":0.037524717114584716},{"re":-0.056494110139943605,"im":0.011565290863605221},{"re":-0.050720980052140506,"im":-0.01063757104583243},{"re":-0.039040663688282726,"im":-0.026973859954326582},{"re":-0.0238748415282049,"im":-0.03657330605119171},{"re":-0.0075412696181603725,"im":-0.03957073029490553},{"re":0.0076650249265877955,"im":-0.036739803240536474},{"re":0.019908111457301612,"im":-0.029104776398660055},{"re":0.028093063751054234,"im":-0.018336341396328337},{"re":0.03165057947218136,"im":-0.006131657085854152},{"re":0.030515164813742713,"im":0.006072336401958957},{"re":0.02527713007028792,"im":0.01663906609756566},{"re":0.01698227389286261,"im":0.02430935523638216},{"re":0.007015420479391023,"im":0.028371371598793375},{"re":-0.0031670670561219963,"im":0.02853529341819805},{"re":-0.012407203764194184,"im":0.025171867630054634},{"re":-0.0196185939858059,"im":0.019067250652689955},{"re":-0.024073091643078078,"im":0.011232029355335285},{"re":-0.025503060242965357,"im":0.0027936746694851864},{"re":-0.02409009692561995,"im":-0.005198576974358185},{"re":-0.020301339116452592,"im":-0.01189867955668207},{"re":-0.01486266449944135,"im":-0.016733130932034452},{"re":-0.0084672064517263,"im":-0.019449521790454706},{"re":-0.001910568384362769,"im":-0.019950810347337568},{"re":0.004066758365841704,"im":-0.01837931738949262},{"re":0.008910707399508546,"im":-0.0151911472944607},{"re":0.012262134950202095,"im":-0.010899553719351704},{"re":0.013975033262533614,"im":-0.006079112096596513},{"re":0.01407353881997448,"im":-0.001290451198726548},{"re":0.012759618391349023,"im":0.0029824184990648902},{"re":0.0102860442156554,"im":0.0063678566924167505},{"re":0.007052832501982881,"im":0.008558253711012306},{"re":0.003553447440084548,"im":0.009454665134364961},{"re":0.00019117069072301275,"im":0.00915558186071023},{"re":-0.002681549839308601,"im":0.00788290772680268}],"gtau":[{"re":6.074689581138554e-6,"im":-9.597116453269483e-5},{"re":8.600780922834669e-6,"im":-0.00012125755700610093},{"re":1.2319708367167297e-5,"im":-0.00015685631447017755},{"re":1.758034258581709e-5,"im":-0.00020658540316187212},{"re":2.498916527285769e-5,"im":-0.00027601983063784314},{"re":3.547445722461461e-5,"im":-0.000373247228938067},{"re":5.043346114390084e-5,"im":-0.0005099417397260729},{"re":7.190544382328113e-5,"im":-0.0007031267288671991},{"re":0.00010296565278390305,"im":-0.0009777593916166878},{"re":0.00014819595346840931,"im":-0.0013706681663240025},{"re":0.0002145156439310989,"im":-0.0019366333082690545},{"re":0.0003125071506960736,"im":-0.0027578796573158528},{"re":0.00045837640250317806,"im":-0.003958930406910732},{"re":0.0006769249199434646,"im":-0.005730475066288245},{"re":0.001006156883293449,"im":-0.008368059737837379},{"re":0.001504322576773509,"im":-0.012336200987257745},{"re":0.002260470288574671,"im":-0.018377326224316266},{"re":0.0034113525070332672,"im":-0.027702989501053},{"re":0.005170974152711242,"im":-0.042344736858323344},{"re":0.007886792301464343,"im":-0.06584417763955885},{"re":0.9999939253104189,"im":9.597116453269483e-5}],"ts":[0.05,0.1,0.15000000000000002,0.2,0.25,0.30000000000000004,0.35000000000000003,0.4,0.45,0.5,0.55,0.6000000000000001,0.65,0.7000000000000001,0.75,0.8,0.8500000000000001,0.9,0.9500000000000001,1.0,1.05,1.1,1.1500000000000001,1.2000000000000002,1.25,1.3,1.35,1.4000000000000001,1.4500000000000002,1.5,1.55,1.6,1.6500000000000001,1.7000000000000002,1.75,1.8,1.85,1.9000000000000001,1.9500000000000002,2.0,2.0500000000000003],"gt":[{"re":-9.597116453360707e-5,"im":-6.074689585174248e-6},{"re":-9.069865085352054e-5,"im":-2.6272254580810295e-5},{"re":-7.80992552858488e-5,"im":-4.434758751094293e-5},{"re":-5.885881177883409e-5,"im":-5.8822074544209415e-5},{"re":-3.608642735355978e-5,"im":-6.865505652695839e-5},{"re":-1.2794520149760579e-5,"im":-7.201303058876904e-5},{"re":8.68091065186673e-6,"im":-6.848537757553882e-5},{"re":2.6698881949343493e-5,"im":-5.867044293312885e-5},{"re":4.018520328877793e-5,"im":-4.395933541456758e-5},{"re":4.804214313635037e-5,"im":-2.6598012646869343e-5},{"re":5.013780323353871e-5,"im":-9.103552100690255e-6},{"re":4.6858064873406564e-5,"im":7.1567491469641876e-6},{"re":3.913116760142408e-5,"im":2.0524766111112522e-5},{"re":2.803571389184988e-5,"im":2.9914886814674434e-5},{"re":1.5145878955850436e-5,"im":3.477854147398796e-5},{"re":2.0539012737083103e-6,"im":3.502995667173608e-5},{"re":-9.89245354802707e-6,"im":3.0900526818797434e-5},{"re":-1.92681295450993e-5,"im":2.3290595670439473e-5},{"re":-2.5084431776823438e-5,"im":1.3452230435321011e-5},{"re":-2.703024915256312e-5,"im":2.8590556771159477e-6},{"re":-2.509619089601224e-5,"im":-7.02709252575383e-6},{"re":-1.9944921159176495e-5,"im":-1.5149684035179441e-5},{"re":-1.2597649483214817e-5,"im":-2.0684263789979813e-5},{"re":-4.192595907933426e-6,"im":-2.3099739631273115e-5},{"re":4.0927376030116255e-6,"im":-2.238048346521683e-5},{"re":1.1234874050215656e-5,"im":-1.8971048470856298e-5},{"re":1.6466370905123947e-5,