{"ns":[0.5527172088314992,0.5563018532358088,0.5562910978767948,0.5538836657124848,0.5442596198137079,0.5328434689960047,0.5083564793748646,0.4533876187404103,0.40748436049278525,0.3184519681090737,0.24372674709685568,0.13642252808066951,0.0560891972715664,-0.028507568133545744,-0.060442097039445926,-0.0912217969332695,-0.08378186593092456,-0.08843781988562746,-0.12537284285033945,-0.14167037418326717,-0.1821716362646765,-0.21780632170384054,-0.24871289181455802,-0.27628563548512913,-0.348774383346216,-0.4102808792165286,-0.44441081158522017,-0.4728247180965018,-0.4283655809832328,-0.4934019527962915,-0.5748135057274965,-0.7103205552744141,-0.8206677034567301,-0.872053976396987,-0.94665713919693,-0.9784057036149603,-0.9839972445607577,-0.9967713921996616,-1.0005881364102507,-1.0011124750299214],"taus":[0.1,0.2,0.30000000000000004,0.4,0.5,0.6000000000000001,0.7000000000000001,0.8,0.9,1.0,1.1],"bd":[2,4,8,16,8,16,8,16,16,32,32,64,64,128,128,256,256,512,512,600,596,600,600,600,600,600,596,600,600,600,596,600,600,600,596,600,597,600,596,600,596,600,567,600,316,600,304,600,304,584,600,300,150,300,600,300,300,592,600,590,559,600,600,586,584,600,600,589,559,600,600,579,578,600,600,589,561,600,600,581,580,600,600,588,560,600,600,584,581,600,600,588,559,600,600,583,582,600,600,586,558,600,600,583,581,600,600,586,556,600,600,579,579,600,600,585,557,600,600,584,583,600,600,584,555,600,600,582,582,600,600,587,555,600,600,583,582,600,600,584,554,600,600,585,582,600,600,584,553,600,600,584,580,600,600,587,554,600,600,584,582,600,600,589,551,600,600,586,583,600,600,589,555,600,600,583,580,600,600,587,552,600,600,583,581,600,600,586,555,600,600,584,581,600,600,588,552,600,600,585,583,600,600,588,552,600,600,585,582,600,600,586,553,600,600,586,583,600,600,588,552,600,600,583,582,600,600,589,549,600,600,584,583,600,600,590,551,600,600,584,582,600,600,587,552,600,600,583,582,600,600,588,553,600,600,585,583,600,600,589,550,600,600,586,584,600,600,589,549,600,600,583,583,600,600,590,549,600,600,585,584,600,600,589,550,600,600,584,584,600,600,592,549,600,600,585,585,600,600,587,548,600,600,583,583,600,600,586,547,600,600,586,586,600,600,585,545,600,600,587,586,600,600,588,547,600,600,586,586,600,600,585,542,600,600,586,584,600,600,583,537,600,600,586,581,600,600,580,530,600,600,584,571,600,600,574,343,405,416,213,108,117,128,64,32,32,32,16,8,16,8,4,2,4,2,1],"lt":[{"re":-0.19756046137953465,"im":-0.5527172088314992},{"re":0.07083156550716176,"im":-0.5685952488093449},{"re":0.29613483408887886,"im":-0.45458224518232826},{"re":0.4294863014569714,"im":-0.26791731734976976},{"re":0.46500536479776555,"im":-0.06519999425912135},{"re":0.41514216058592207,"im":0.11189410939568341},{"re":0.30376173548844515,"im":0.24209767028979337},{"re":0.169558242750005,"im":0.3097727695813345},{"re":0.04190181135069296,"im":0.3290405623128743},{"re":-0.07363622775421366,"im":0.29647514094126687},{"re":-0.15808943122171754,"im":0.2400009745769353},{"re":-0.20588611009147512,"im":0.1585626288726473},{"re":-0.2181179752735801,"im":0.07401162375844993},{"re":-0.20225504623560173,"im":-0.00522630091819645},{"re":-0.16327869202349593,"im":-0.07008180768370666},{"re":-0.10736056315282817,"im":-0.1136578348383869},{"re":-0.046635133008219906,"im":-0.12803344241113057},{"re":0.0067270698133595624,"im":-0.12025912801282736},{"re":0.05035965246311132,"im":-0.09518916977418386},{"re":0.07925756914228348,"im":-0.060231751258420264},{"re":0.08821686335356074,"im":-0.020784970295623262},{"re":0.08282890363954128,"im":0.014762229137489521},{"re":0.06599334238330544,"im":0.043151042253064716},{"re":0.03978220374022963,"im":0.06132115573589307},{"re":0.011248763999261523,"im":0.0682940226159521},{"re":-0.014863029717674696,"im":0.06570143945192677},{"re":-0.03609051471628141,"im":0.05399882651634541},{"re":-0.04977145429417791,"im":0.03673434976362073},{"re":-0.05585215895911768,"im":0.01683085430652768},{"re":-0.054664305570588864,"im":-0.002502849092501961},{"re":-0.04719031179031832,"im":-0.018980103464277042},{"re":-0.035435766857978675,"im":-0.03124193042843107},{"re":-0.021452721623108798,"im":-0.038105921763158496},{"re":-0.007165513803519369,"im":-0.03973357678484869},{"re":0.005698023960018729,"im":-0.03672735342880151},{"re":0.016088049462322528,"im":-0.030192457177927078},{"re":0.023241495336734624,"im":-0.021298845029484505},{"re":0.02682654345800221,"im":-0.01121688619276693},{"re":0.02686192302273618,"im":-0.0011889170141797358},{"re":0.023775114441223894,"im":0.007625335584603011},{"re":0.0182784472061541,"im":0.014373474381180175}],"gtau":[{"re":-0.0004589962227945869,"im":0.00028705362306234846},{"re":-0.0007598679610698451,"im":0.0004266414707505205},{"re":-0.001362978726410276,"im":0.0007029173158771562},{"re":-0.0025648968104499178,"im":0.001229485232227705},{"re":-0.005002381257483924,"im":0.002258329152945697},{"re":-0.010053355266918196,"im":0.004316975594963907},{"re":-0.020773575880695578,"im":0.008558093066487506},{"re":-0.04418634880776853,"im":0.01753663700603374},{"re":-0.09719431154817745,"im":0.03727250675130985},{"re":-0.2236037735922035,"im":0.08287962635686884},{"re":1.0004589962227945,"im":-0.00028705362306234846}],"ts":[0.05,0.1,0.15000000000000002,0.2,0.25,0.30000000000000004,0.35000000000000003,0.4,0.45,0.5,0.55,0.6000000000000001,0.65,0.7000000000000001,0.75,0.8,0.8500000000000001,0.9,0.9500000000000001,1.0,1.05,1.1,1.1500000000000001,1.2000000000000002,1.25,1.3,1.35,1.4000000000000001,1.4500000000000002,1.5,1.55,1.6,1.6500000000000001,1.7000000000000002,1.75,1.8,1.85,1.9000000000000001,1.9500000000000002,2.0,2.0500000000000003],"gt":[{"re":0.0002874557054341989,"im":0.0004588869337725436},{"re":0.00019114718347163786,"im":0.0005070795683645737},{"re":8.457764497604202e-5,"im":0.0005209441540340268},{"re":-3.082460417910382e-5,"im":0.0005100320242573982},{"re":-0.00015103391975039733,"im":0.000466037389040868},{"re":-0.00024332176149929777,"im":0.00037550825231103327},{"re":-0.0002914202873630327,"im":0.0002672461501252539},{"re":-0.00029846725760142024,"im":0.00015984356756371812},{"re":-0.0002821801879655484,"im":6.664247031234375e-5},{"re":-0.00024673680552012565,"im":-1.6063187014895234e-5},{"re":-0.00020883419911740074,"im":-8.156857392628615e-5},{"re":-0.0001565776621875492,"im":-0.00012258145834007385},{"re":-0.00010524835508805647,"im":-0.0001360304121615671},{"re":-5.777050032083726e-5,"im":-0.00013133331966575318},{"re":-1.9313953598425623e-5,"im":-0.00011365848658366818},{"re":7.260019096191858e-6,"im":-8.869364873023499e-5},{"re":1.6717693057519468e-5,"im":-6.199237381910113e-5},{"re":1.7252377961468686e-5,"im":-4.00909745404491e-5},{"re":1.1415874859269411e-5,"im":-2.2204916324302243e-5},{"re":1.204727924684979e-6,"im":-9.296807589502698e-6},{"re":-8.650868205110632e-6,"im":-7.648733796122368e-6},{"re":-1.4393019925047681e-5,"im":-1.0706937269733128e-5},{"re":-1.6237978024742225e-5,"im":-1.595233396999582e-5},{"re":-1.444857021498399e-5,"im":-2.3529342159922213e-5},{"re":-1.0162436314335764e-5,"im":-2.942862770617534e-5},{"re":-5.905323467009357e-6,"im":-3.2013131383222864e-5},{"re":-2.0899139681303003e-7,"im":-3.139704395827185e-5},{"re":4.6947396039562705e-6,"im":-2.7570991220624076e-5},{"re":7.648605365317921e-6,"im":-2.2154365292027944e-5},{"re":8.529153774515869e-6,"im":-1.588335022641283e-5},{"re":7.038353881780435e-6,"im":-9.824173175998353e-6},{"re":3.764852944067888e-6,"im":-5.378557005224305e-6},{"re":-3.4725587126929994e-7,"im":-3.2374789416212102e-6},{"re":-4.506443398615815e-6,"im":-3.3577620116748293e-6},{"re":-7.716220428231612e-6,"im":-5.442761466708778e-6},{"re":-9.46872758382593e-6,"im":-8.815582131113543e-6},{"re":-9.565421138575728e-6,"im":-1.3000320358958383e-5},{"re":-7.93837850641951e-6,"im":-1.760002199308701e-5},{"re":-4.625132786893803e-6,"im":-2.1974028852617293e-5},{"re":1.8753322754555358e-7,"im":-2.5457664490980134e-5},{"re":6.140654287352389e-6,"im":-2.7439077544017356e-5}]}