{"taus":[0.2,0.4,0.6000000000000001,0.8,1.0,1.2000000000000002,1.4000000000000001,1.6,1.8,2.0,2.2,2.4000000000000004,2.6,2.8000000000000003,3.0,3.2,3.4000000000000004,3.6,3.8000000000000003,4.0,4.2,4.4,4.6000000000000005,4.800000000000001,5.0,5.2],"bd":[2,4,8,16,8,16,8,16,16,20,20,20,20,20,20,20,20,20,20,20,20,20,20,20,20,20,20,20,20,20,20,20,20,20,20,20,20,20,20,20,20,20,20,20,20,20,20,20,20,20,20,20,20,20,20,20,20,20,20,20,20,20,20,20,20,20,20,20,20,20,20,20,20,20,20,20,20,20,20,20,20,20,20,20,20,20,20,20,20,20,20,20,20,20,20,20,20,20,20,20,20,20,16,16,8,4,2,1],"gtau":[-9.346298145751e-15,-1.4181010311024832e-14,-2.4033512739273666e-14,2.6715303781602036e-14,-3.2723049623144496e-14,-3.328608148233094e-14,2.932677653503641e-14,6.002576453638056e-14,2.2489043964924082e-13,1.1711309330150318e-12,6.576537407290833e-12,3.647028243784029e-11,2.0126922736736329e-10,1.1144802752578787e-9,6.19593983304485e-9,3.4339397065063616e-8,1.8955593297795152e-7,1.0456297109332096e-6,5.770243534862796e-6,3.18537680977836e-5,0.00017589102892509806,0.0009716852652684917,0.0053706109578938385,0.029696446399283066,0.16164924471786804,1.0000000000001004]}