{"ns":[-1.4462327645693998,-1.4288472616682315,-1.4134049752698452,-1.3998207981600257,-1.3934762872839845,-1.3885326127242432,-1.390719607017015,-1.3952624087037055,-1.396701753993887,-1.399288101227533,-1.4068583440055948,-1.3942632718781698,-1.3980642930640887,-1.3964949340428923,-1.3916279586064213,-1.3761897586770666,-1.3850763870283183,-1.361994079306403,-1.360585158368943,-1.3502908704253906,-1.3483451003288782,-1.3398659866175813,-1.3196323877341192,-1.3231076954665577,-1.3460413461453078,-1.3663875535434777,-1.275793281878591,-1.2130166328220056,-1.1467559019455777,-1.072729778956701,-0.9860327067491208,-0.8660431800713625,-0.7634504569493159,-0.6350892682465765,-0.5163235945129103,-0.3663244556887893,-0.2166194565898168,-0.0667176544004385,0.08463994525312037,0.22691891781047738,0.3533600014916025,0.4521684930606438,0.5242546847568591,0.5827738042212938,0.625936663428519,0.6586097820365202,0.677073651559958,0.6766226818286157,0.6707679793284109,0.6382922862395041,0.5830130378545155,0.524674192630515,0.4484260959387797,0.3281094498938005,0.23145424430388364,0.09687377062574049,-0.02343330655917885,-0.14469024535105432,-0.21948394928864087,-0.3074935614017273,-0.3733015394547471,-0.4393245524834911,-0.5000127151176988,-0.5506027883054415,-0.5917480998518433,-0.655312681691451,-0.6864481866135889,-0.7425249416691216,-0.7921260421505513,-0.8327470778822244,-0.8736892664829878,-0.907362527849984,-0.9393066497202632,-0.9637436958795295,-0.9740692534367498,-0.9803903586659461,-0.9903028540083256,-0.9955247602749216,-0.9981263402434642,-0.9981363172915244],"taus":[0.2,0.4,0.6000000000000001,0.8,1.0,1.2000000000000002],"bd":[2,4,8,16,8,16,8,16,16,32,32,64,64,128,128,256,256,500,476,500,494,500,466,500,274,500,280,500,264,496,500,252,126,252,500,250,250,498,500,493,441,500,500,495,494,500,500,495,434,500,500,494,491,500,500,492,437,500,500,492,489,500,500,493,438,500,500,495,493,500,500,493,438,500,500,491,489,500,500,490,438,500,500,492,489,500,500,494,435,500,500,492,486,500,500,494,431,500,500,492,488,500,500,495,427,500,500,495,489,500,500,494,426,500,500,495,489,500,500,494,424,500,500,493,486,500,500,494,425,500,500,496,488,500,500,492,429,500,500,494,486,500,500,494,423,500,500,494,490,500,500,493,424,500,500,493,489,500,500,493,421,500,500,493,489,500,500,492,419,500,500,493,491,500,500,494,417,500,500,492,490,500,500,493,419,500,500,494,489,500,500,493,416,500,500,494,490,500,500,493,416,500,500,491,488,500,500,491,417,500,500,493,488,500,500,492,416,500,500,493,486,500,500,491,417,500,500,492,488,500,500,491,417,500,500,494,490,500,500,494,420,500,500,492,491,500,500,493,418,500,500,493,488,500,500,492,420,500,500,494,488,500,500,492,419,500,500,493,487,500,500,491,420,500,500,492,486,500,500,491,419,500,500,492,487,500,500,492,421,500,500,494,488,500,500,491,420,500,500,493,488,500,500,491,419,500,500,493,488,500,500,491,420,500,500,493,487,500,500,491,420,500,500,493,489,500,500,491,421,500,500,493,485,500,500,492,420,500,500,492,487,500,500,491,419,500,500,493,487,500,500,491,420,500,500,492,488,500,500,491,420,500,500,493,488,500,500,490,420,500,500,494,488,500,500,490,421,500,500,494,488,500,500,490,419,500,500,494,490,500,500,491,419,500,500,492,487,500,500,491,417,500,500,492,486,500,500,492,418,500,500,492,488,500,500,492,420,500,500,492,489,500,500,492,421,500,500,491,488,500,500,493,420,500,500,491,487,500,500,493,415,500,500,491,487,500,500,494,417,500,500,493,488,500,500,494,417,500,500,493,489,500,500,495,414,500,500,492,488,500,500,494,417,500,500,492,489,500,500,494,415,500,500,493,489,500,500,494,418,500,500,494,488,500,500,492,415,500,500,494,487,500,500,492,414,500,500,494,487,500,500,492,414,500,500,494,488,500,500,492,414,500,500,491,486,500,500,490,417,500,500,491,486,500,500,490,417,500,500,490,487,500,500,490,418,500,500,490,487,500,500,492,419,500,500,491,486,500,500,491,422,500,500,490,485,500,500,494,417,500,500,492,485,500,500,494,414,500,500,494,486,500,500,493,414,500,500,494,488,500,500,492,413,500,500,494,486,500,500,495,412,500,500,494,486,500,500,494,411,500,500,494,484,500,500,492,414,500,500,494,484,500,500,489,413,500,500,491,478,500,500,490,412,500,500,487,472,500,500,485,407,500,500,492,464,500,500,485,399,500,500,490,421,500,500,470,273,352,387,199,100,112,128,64,32,32,32,16,8,16,8,4,2,4,2,1],"lt":[{"re":-1.6509426586697236,"im":1.4462327645693998},{"re":-1.9247606085021582,"im":1.0160408199684297},{"re":-2.072289918382625,"im":0.5386756357247975},{"re":-2.0943467029890463,"im":0.052081356213649135},{"re":-2.0008282472668752,"im":-0.40258009339932743},{"re":-1.8068118597787333,"im":-0.8003273180672571},{"re":-1.5392949566763705,"im":-1.1188971531948075},{"re":-1.2279052957563519,"im":-1.3583260328630802},{"re":-0.8889045631653756,"im":-1.518925775876803},{"re":-0.5425561816612148,"im":-1.6021330605193351},{"re":-0.20124123330195204,"im":-1.6167742640541665},{"re":0.12362787596394209,"im":-1.564286500325441},{"re":0.4148387350128139,"im":-1.455365410121724},{"re":0.6681706354770902,"im":-1.3044722726876827},{"re":0.8759078020403351,"im":-1.1164066867066178},{"re":1.0367084780496105,"im":-0.9026993073070784},{"re":1.1475532710875496,"im":-0.6737510582517151},{"re":1.213176468313157,"im":-0.4380534521443618},{"re":1.2348462862147376,"im":-0.20663641273509287},{"re":1.2167123477406472,"im":0.017751910459795427},{"re":1.1599054682450767,"im":0.22656242865329845},{"re":1.0695295679278718,"im":0.41231382254485854},{"re":0.9503318166891691,"im":0.5691573730497654},{"re":0.8112717856632623,"im":0.6960389772104708},{"re":0.6561555997344859,"im":0.7889501286590006},{"re":0.49202066647756443,"im":0.8470831162596907},{"re":0.32464573271124086,"im":0.8741462392378325},{"re":0.1642066380291766,"im":0.8683194889843167},{"re":0.01188175893782525,"im":0.8341395471305061},{"re":-0.12567581050377,"im":0.7758568481207662},{"re":-0.24370104772672888,"im":0.6979217321320971},{"re":-0.34469009016146557,"im":0.6074020909177613},{"re":-0.4258805719280391,"im":0.5050625557975302},{"re":-0.48810786351921365,"im":0.3958634499235124},{"re":-0.5266887243054754,"im":0.28354058033340135},{"re":-0.5441542737228684,"im":0.17346813349282794},{"re":-0.5415059737825205,"im":0.06869954424315482},{"re":-0.5211579642759931,"im":-0.027300653344616715},{"re":-0.4854291141104035,"im":-0.11269873676847601},{"re":-0.43651616782506114,"im":-0.1851267096858064},{"re":-0.37781662392464616,"im":-0.2437115207887272},{"re":-0.31206085167735254,"im":-0.2891130613358164},{"re":-0.2414733144094974,"im":-0.32032175405361213},{"re":-0.1688276145679076,"im":-0.3378295797930129},{"re":-0.0969779560591869,"im":-0.34217865248476714},{"re":-0.02814216825946995,"im":-0.3343057263595383},{"re":0.03564485224285074,"im":-0.3149052552007588},{"re":0.09209096575704923,"im":-0.2851486532599326},{"re":0.14017374387490328,"im":-0.24687434797920355},{"re":0.1792605879300431,"im":-0.2017660841852992},{"re":0.20825562591710725,"im":-0.15233176236385534},{"re":0.22726179032639363,"im":-0.1007587621336179},{"re":0.2355954183175238,"im":-0.04831925639425383},{"re":0.23361473831514484,"im":0.0031070975801077184},{"re":0.2223203714052315,"im":0.05139329138101182},{"re":0.20244698204111763,"im":0.09600799359004583},{"re":0.1743972960341453,"im":0.13503598631591482},{"re":0.14001847492429068,"im":0.16673272193649294},{"re":0.0998789049986711,"im":0.1906141027440833},{"re":0.0566730556025562,"im":0.20565079872595557},{"re":0.012026913652347,"im":0.21190979698007192},{"re":-0.032245799909620045,"im":0.20968486032581538},{"re":-0.07449043508324102,"im":0.19905944406796114},{"re":-0.11333009773153191,"im":0.18105763348611642},{"re":-0.14733948571994318,"im":0.1563428900335457},{"re":-0.17521551405453883,"im":0.126367467689507},{"re":-0.19608260482418505,"im":0.0922314511741125},{"re":-0.2100955061418219,"im":0.05581008977685469},{"re":-0.21682580975541288,"im":0.017918223684617887},{"re":-0.2164119085016175,"im":-0.01981769177582959},{"re":-0.20921528652527172,