{"ns":[2.162414366868698e-7,3.041346752441947e-7,3.2579070835388214e-7,3.7115659148309303e-7,4.07269870226892e-7,4.795294591423586e-7,6.257163220459769e-7,8.119453588302173e-7,9.721938406083455e-7,1.2758491555036863e-6,1.6391929380286938e-6,2.002370668451065e-6,2.4851249429956574e-6,2.8533221345235933e-6,3.3469206822308905e-6,3.819701095655835e-6,4.438766817578257e-6,4.948310398517847e-6,5.570613915111566e-6,6.311066253720781e-6,7.247577028761984e-6,8.422633165361092e-6,9.827410517509534e-6,1.1569255405208178e-5,1.3606550128800934e-5,1.5895941415818872e-5,1.8436460699238562e-5,2.1255747815896042e-5,2.4284998515581762e-5,2.6539729057268354e-5,2.8487419018169612e-5,3.0111644412180007e-5,3.11665203315863e-5,3.1261697172095395e-5,3.0073511257198464e-5,2.775419110394027e-5,2.3450826055614e-5,1.705763134461391e-5,8.286168351512049e-6,-3.3039841786366677e-6,-1.8389730142003545e-5,-3.6444109842660865e-5,-5.9440877736628836e-5,-8.587889023205907e-5,-0.00011793825667110941,-0.00015608692017721364,-0.000203289797386974,-0.00025289435453862706,-0.0003027714192183567,-0.0003834295475069114,-0.00046120180226048716,-0.0005467372661666042,-0.0006414061934183593,-0.0007460222500386479,-0.0008628806046715857,-0.0009926567228846265,-0.0011495860822167462,-0.001320651384706709,-0.00159672994651342,-0.001988656619214548,-0.002361390116901362,-0.0027982951949485847,-0.0032875611935253703,-0.0038894654764168803,-0.004570620727037852,-0.005369766124387704,-0.006297979898967789,-0.007373134036301411,-0.008694668967164686,-0.010153838484348057,-0.011914763127619823,-0.013980782774055353,-0.01634079682359402,-0.019253354282627887,-0.022568912392165907,-0.02665004001528293,-0.03134239039488286,-0.03673899415545443,-0.043264481021185214,-0.05101261005146597,-0.05911899604065671,-0.07042890131540518,-0.0885122304337792,-0.10773903246876783,-0.13211743129837178,-0.15931274618567653,-0.19176356564141836,-0.22963922887459035,-0.2731076770369154,-0.3225966071463937,-0.3772667534480187,-0.4484775560268084,-0.5161190890768905,-0.5980244667036758,-0.6828753283921378,-0.7654754842701434,-0.8588366336936395,-0.9471936289269254,-0.9864406931035764,-1.0020402321098498],"taus":[0.05,0.1,0.15000000000000002,0.2,0.25,0.30000000000000004,0.35000000000000003,0.4,0.45,0.5,0.55,0.6000000000000001,0.65,0.7000000000000001,0.75,0.8,0.8500000000000001,0.9,0.9500000000000001,1.0,1.05],"bd":[2,4,8,16,8,16,8,16,16,32,32,64,64,80,76,80,80,80,76,80,80,80,80,80,80,80,80,80,80,80,80,80,80,80,80,80,80,80,80,80,80,80,80,80,80,80,80,80,80,80,80,80,80,80,80,80,80,80,80,80,80,80,80,80,80,80,80,80,80,80,80,80,80,80,80,80,80,80,80,80,80,80,80,80,40,80,40,80,40,72,80,40,20,40,80,40,40,73,80,75,68,80,80,72,71,80,80,73,68,80,80,74,74,80,80,74,70,80,80,75,74,80,80,76,71,80,80,73,73,80,80,72,68,80,80,76,75,80,80,76,70,80,80,74,74,80,80,76,68,80,80,72,72,80,80,77,68,80,80,74,74,80,80,76,68,80,80,73,73,80,80,76,71,80,80,73,73,80,80,74,69,80,80,73,73,80,80,78,68,80,80,76,76,80,80,76,64,80,80,72,72,80,80,80,67,80,80,73,73,80,80,75,67,80,80,76,74,80,80,77,65,80,80,72,72,80,80,78,66,80,80,72,72,80,80,78,66,80,80,73,73,80,80,78,68,80,80,76,76,80,80,76,68,80,80,76,76,80,80,76,67,80,80,76,76,80,80,76,67,80,80,76,76,80,80,76,68,80,80,77,76,80,80,76,68,80,80,77,76,80,80,76,68,80,80,77,76,80,80,76,68,80,80,77,77,80,80,75,67,80,80,76,76,80,80,76,67,80,80,76,76,80,80,76,67,80,80,76,76,80,80,76,67,80,80,76,76,80,80,76,67,80,80,76,76,80,80,76,67,80,80,76,76,80,80,75,67,80,80,74,74,80,80,74,67,80,80,76,76,80,80,75,68,80,80,75,75,80,80,74,68,80,80,75,75,80,80,74,68,80,80,75,75,80,80,74,68,80,80,75,75,80,80,74,68,80,80,76,76,80,80,74,68,80,80,76,76,80,80,74,67,80,80,75,75,80,80,74,68,80,80,76,76,80,80,75,67,80,80,75,75,80,80,74,67,80,80,77,75,80,80,76,67,80,80,75,75,80,80,76,67,80,80,76,76,80,80,75,69,80,80,75,75,80,80,75,69,80,80,76,75,80,80,77,69,80,80,76,75,80,80,76,70,80,80,76,76,80,80,76,70,80,80,76,76,80,80,76,70,80,80,76,76,80,80,76,70,80,80,76,76,80,80,76,70,80,80,77,77,80,80,77,70,80,80,76,76,80,80,76,70,80,80,77,76,80,80,76,69,80,80,75,75,80,80,72,68,80,80,76,76,80,80,77,71,80,80,74,73,80,80,75,70,80,80,76,74,80,80,77,72,80,80,77,76,80,80,77,70,80,80,75,75,80,80,75,67,80,80,77,77,80,80,78,70,80,80,74,74,80,80,75,67,80,80,77,76,80,80,78,70,80,80,75,75,80,80,75,67,80,80,77,76,80,80,78,70,80,80,75,75,80,80,76,68,80,80,76,75,80,80,77,68,80,80,75,75,80,80,76,67,80,80,74,74,80,80,76,69,80,80,73,73,80,80,76,67,80,80,75,74,80,80,78,71,80,80,75,75,80,80,74,68,80,80,74,74,80,80,78,69,80,80,73,73,80,80,75,68,80,80,75,75,80,80,78,71,80,80,74,74,80,80,74,68,80,80,74,74,80,80,78,68,80,80,74,74,80,80,78,68,80,80,74,74,80,80,78,68,80,80,75,75,80,80,79,68,80,80,74,74,80,80,78,69,80,80,75,75,80,80,78,69,80,80,75,75,80,80,77,69,80,80,75,75,80,80,77,69,80,80,75,74,80,80,78,69,80,80,76,75,80,80,77,68,80,80,75,74,80,80,77,72,80,80,75,75,80,80,74,72,80,80,76,75,80,80,75,69,80,80,76,75,80,80,75,70,80,80,76,75,80,80,73,71,80,80,75,74,80,80,74,71,80,80,76,75,80,80,73,70,80,80,77,75,80,80,74,69,80,80,79,76,80,80,78,71,80,80,74,72,80,80,64,32,32,32,16,8,16,8,4,2,4,2,1],"lt":[{"re":-1.3931707133831136e-7,"im":-2.162414366868698e-7},{"re":-3.6261931101065614e-8,"im":-2.63079604744185e-7},{"re":8.271319803790033e-8,"im":-2.0845491762570884e-7},{"re":1.3766855007241422e-7,"im":-1.376696779777422e-7},{"re":1.7509417518314715e-7,"im":-6.343963941248099e-8},{"re":1.830952735761778e-7,"im":9.762545152711693e-9},{"re":1.6541104204248285e-7,"im":7.866989212604158e-8},{"re":1.2205191695713725e-7,"im":1.3547108354701223e-7},{"re":6.91686871767228e-8,"im":1.6802261382845518e-7},{"re":8.661320505865272e-9,"im":1.8030718841189327e-7},{"re":-6.37218632424662e-8,"im":1.7799646078508824e-7},{"re":-1.0860301553084571e-7,"im":1.5372441742102176e-7},{"re":-1.6130701398554417e-7,"im":1.0931361430793936e-7},{"re":-1.8058517412837623e-7,"im":6.056784893325368e-8},{"re":-1.9007089900033938e-7,"im":4.654836093455353e-9},{"re":-1.8174078888357925e-7,"im":-5.280590700295029e-8},{"re":-1.5439970082823387e-7,"im":-9.838942640094163e-8},{"re":-1.1859718589506572e-7,"im":-1.319508690134406e-7},{"re":-7.653505693304369e-8,"im":-1.528987741837037e-7},{"re":-3.18785356400509e-8,"im":-1.6232855117937027e-7},{"re":1.1355973349225324e-8,"im":-1.586939961693851e-7},{"re":4.967991440313812e-8,"im":-1.4411899194501734e-7},{"re":8.126866055784247e-8,"im":-1.1988298426683431e-7},{"re":1.0398248235814514e-7,"im":-9.060907251534787e-8},{"re":1.1789359101834443e-7,"im":-5.8155679294887025e-8},{"re":1.2291508335751317e-7,"im":-2.471242004847477e-8},{"re":1.1933297020224918e-7,"im":7.519092313132196e-9},{"re":1.0785080247144671e-7,"im":3.652787495161551e-8},{"re":9.002209176157911e-8,"im":5.991506325466835e-8},{"re":6.767799750797321e-8,"im":7.728671018700746e-8},{"re":4.287054995201129e-8,"im":8.77674689125899e-8},{"re":1.7596813031032874e-8,"im":9.121170885306321e-8},{"re":-6.4118238132036975e-9,"im":8.809368213906572e-8},{"re":-2.7647831377939278e-8,"im":7.929834969085247e-8},{"re":-4.5640094326173813e-8,"im":6.646551051565938e-8},{"re":-5.658198986818289e-8,"im":5.2149208753268815e-8},{"re":-6.348982780298836e-8,"im":3.6355438434309425e-8},{"re":-6.620178381314968e-8,"im":2.02945959625765e-8},{"re":-6.509347887464072e-8,"im":5.0370534391355836e-9},{"re":-6.077127927824334e-8,"im":-8.579961051485368e-9},{"re":-5.394431910020557e-8,"im":-2.0041363580901545e-8},{"re":-4.543711065405934e-8,"im":-2.8981573974367887e-8},{"re":-3.6079923756989905e-8,"im":-3.529375279514023e-8},{"re":-2.6426206872787762e-8,"im":-3.898686074833084e-8},{"re":-1.621871573676223e-8,"im":-4.056316961008215e-8},{"re":-7.562689636286607e-9,"im":-4.020975125980271e-8},{"re":3.0751356133854537e-10,"im":-3.80110569638976e-8},{"re":8.43037524407335e-9,"im":-3.4495930077128435e-8},{"re":1.46708192159443e-8,"im":-2.9896755701330725e-8},{"re":1.9508618015709242e-8,"im":-2.442974348656187e-8},{"re":2.3699113146272818e-8,"im":-1.8173937934733032e-8},{"re":2.6216646803015734e-8,"im":-1.1282215731530832e-8},{"re":2.6969998254692006e-8,