{"gf":[0.5000000000000022,0.35366642687214517,0.2890446259838027,0.25072100531034947,0.22475556496257387,0.2057669440202361,0.19117933988040067,0.17958459747938021,0.17013949784050336,0.16230440506655353,0.15571603627335934,0.15011992819822473,0.1453320935823525,0.14121604333978363,0.13766839457404487,0.13460951885657188,0.13197727533380557,0.12972270083840975,0.12780698123887183,0.12619928569075706,0.12487519750170288,0.12381556811368102,0.12300567906963972,0.12243463463193525,0.12209493296600664,0.12198218127815208,0.12209493296600647,0.12243463463193509,0.12300567906963879,0.12381556811368079,0.12487519750170266,0.12619928569075672,0.1278069812388715,0.12972270083840945,0.13197727533380518,0.13460951885657133,0.1376683945740443,0.14121604333978302,0.14533209358235186,0.15011992819822406,0.1557160362733585,0.16230440506655203,0.17013949784050234,0.1795845974793791,0.19117933988039942,0.20576694402023465,0.2247555649625716,0.2507210053103476,0.2890446259838007,0.35366642687214245,0.4999999999999978],"ts":[0.0,0.2,0.4,0.6000000000000001,0.8,1.0,1.2000000000000002,1.4000000000000001,1.6,1.8,2.0,2.2,2.4000000000000004,2.6,2.8000000000000003,3.0,3.2,3.4000000000000004,3.6,3.8000000000000003,4.0,4.2,4.4,4.6000000000000005,4.800000000000001,5.0,5.2,5.4,5.6000000000000005,5.800000000000001,6.0,6.2,6.4,6.6000000000000005,6.800000000000001,7.0,7.2,7.4,7.6000000000000005,7.800000000000001,8.0,8.200000000000001,8.4,8.6,8.8,9.0,9.200000000000001,9.4,9.600000000000001,9.8,10.0]}