{"taus":[0.2,0.4,0.6000000000000001,0.8,1.0,1.2000000000000002,1.4000000000000001,1.6,1.8,2.0,2.2,2.4000000000000004,2.6,2.8000000000000003,3.0,3.2,3.4000000000000004,3.6,3.8000000000000003,4.0,4.2,4.4,4.6000000000000005,4.800000000000001,5.0,5.2,5.4,5.6000000000000005,5.800000000000001,6.0,6.2,6.4,6.6000000000000005,6.800000000000001,7.0,7.2,7.4,7.6000000000000005,7.800000000000001,8.0,8.200000000000001,8.4,8.6,8.8,9.0,9.200000000000001,9.4,9.600000000000001,9.8,10.0,10.200000000000001],"bd":[2,4,8,16,8,16,8,16,16,32,32,64,64,128,128,140,136,140,140,140,140,140,136,140,136,140,140,140,140,140,136,140,140,140,136,140,140,140,136,140,140,140,136,140,136,140,140,140,140,140,140,140,140,140,140,140,140,140,136,140,140,140,140,140,140,140,140,140,140,140,140,140,140,140,136,140,136,140,136,140,136,140,140,140,140,140,136,140,136,140,140,140,140,140,140,140,140,140,140,140,140,140,140,140,140,140,140,140,140,140,140,140,140,140,140,140,140,140,136,140,140,140,136,140,140,140,136,140,140,140,136,140,140,140,136,140,140,140,132,140,140,140,140,140,140,140,140,140,140,140,140,140,140,140,136,140,140,140,136,140,136,140,136,140,140,140,136,140,136,140,140,140,140,140,140,140,140,140,136,140,136,140,136,140,140,140,136,140,140,140,136,140,140,140,132,140,128,128,64,64,32,32,16,16,8,4,2,1],"gtau":[0.39979191002328895,0.3489786603104802,0.32303553342982916,0.3068806157181873,0.2930048147119656,0.28171072346371495,0.27166396573022084,0.2616213495594349,0.25444180084647905,0.24752966299820187,0.24599158911028568,0.24411495321526389,0.2388955473558096,0.23570454345248393,0.23535955413771742,0.2350204223775303,0.23374100437837145,0.2331744799770096,0.23259692015341024,0.23122485923607655,0.22940621799295371,0.2287263068524241,0.2285054921062106,0.22843920243547408,0.22958328338222278,0.2306456345942158,0.23203934573579138,0.23419529341543652,0.23643842871783546,0.23936775912643646,0.24254516445050192,0.24523063215292493,0.24720789821226166,0.24970466626675647,0.2519703646840094,0.25434798029828865,0.25661495787818506,0.25866743065856385,0.26069114050680225,0.2622754717603023,0.26442078758110243,0.2674359905597516,0.2717879062250128,0.2777312625745171,0.285907220649385,0.29752149852960463,0.31432695947714023,0.338827863710421,0.3773138959435464,0.44533527957020147,0.6002080899771509]}