{"taus":[0.2,0.4,0.6000000000000001,0.8,1.0,1.2000000000000002,1.4000000000000001,1.6,1.8,2.0,2.2,2.4000000000000004,2.6,2.8000000000000003,3.0,3.2,3.4000000000000004,3.6,3.8000000000000003,4.0,4.2,4.4,4.6000000000000005,4.800000000000001,5.0,5.2,5.4,5.6000000000000005,5.800000000000001,6.0,6.2,6.4,6.6000000000000005,6.800000000000001,7.0,7.2,7.4,7.6000000000000005,7.800000000000001,8.0,8.200000000000001,8.4,8.6,8.8,9.0,9.200000000000001,9.4,9.600000000000001,9.8,10.0,10.200000000000001],"bd":[2,4,8,16,8,16,8,16,16,32,32,64,64,128,128,256,256,300,292,300,300,300,296,300,300,300,288,300,300,300,292,300,300,300,296,300,296,300,296,300,296,300,292,300,300,300,296,300,300,300,296,300,300,300,296,300,300,300,292,300,300,300,296,300,300,300,300,300,300,300,300,300,300,300,296,300,300,300,292,300,300,300,292,300,300,300,292,300,300,300,292,300,300,300,292,300,300,300,292,300,300,300,292,300,300,300,292,300,300,300,296,300,300,300,296,300,300,300,292,300,300,300,296,300,300,300,296,300,300,300,296,300,300,300,292,300,300,300,296,300,300,300,292,300,300,300,296,300,300,300,292,300,300,300,296,300,300,300,296,300,300,300,296,300,300,300,296,300,300,300,296,300,300,300,300,300,300,300,288,300,300,300,300,300,300,300,296,300,300,300,296,300,300,300,256,256,128,128,64,64,32,32,16,16,8,4,2,1],"gtau":[0.0736579345446065,0.07480334786804581,0.07707198947617093,0.07988389318367174,0.08307124377496272,0.08656793444139234,0.09034502910442063,0.09439045268448082,0.09870139873304166,0.10328009704732197,0.10813248284015926,0.1132672197360699,0.11869408766479655,0.12442489395287261,0.13047261889835685,0.13685298513395275,0.14357985573810847,0.15067207509045302,0.15815033603493914,0.16603490610775906,0.17434782489012438,0.1831133687898559,0.19235759635335725,0.20210667564631035,0.21239026434479227,0.22324156097082404,0.2346956443143443,0.24679067260985815,0.259568031677671,0.27307269735367046,0.2873540109663687,0.3024666330604262,0.3184684022855111,0.33542327247923565,0.35340254951635774,0.37248406803620215,0.3927512911762447,0.41429971789505116,0.4372449552314241,0.4617135726778235,0.4878542950757676,0.5158301267125398,0.5458398984083689,0.5781229522697916,0.6129787990542352,0.6508010271235611,0.6921342011555398,0.7377992040184141,0.789180683559613,0.8491494827500401,0.9263420654512233]}