{"taus":[0.1,0.2,0.30000000000000004,0.4,0.5,0.6000000000000001,0.7000000000000001,0.8,0.9,1.0,1.1,1.2000000000000002,1.3,1.4000000000000001,1.5,1.6,1.7000000000000002,1.8,1.9000000000000001,2.0,2.1,2.2,2.3000000000000003,2.4000000000000004,2.5,2.6,2.7,2.8000000000000003,2.9000000000000004,3.0,3.1,3.2,3.3000000000000003,3.4000000000000004,3.5,3.6,3.7,3.8000000000000003,3.9000000000000004,4.0,4.1000000000000005,4.2,4.3,4.4,4.5,4.6000000000000005,4.7,4.800000000000001,4.9,5.0,5.1000000000000005],"bd":[2,4,8,16,8,16,8,16,16,32,32,64,64,120,120,120,120,120,120,120,120,120,120,120,120,120,120,120,120,120,120,120,120,120,120,120,120,120,120,120,120,120,120,120,120,120,120,120,120,120,120,120,120,120,120,120,120,120,120,120,120,120,120,120,120,120,120,120,120,120,120,120,120,120,120,120,120,120,120,120,120,120,120,120,116,120,116,120,116,120,116,120,116,120,116,120,116,120,116,120,116,120,116,120,116,120,116,120,120,120,120,120,120,120,120,120,120,120,120,120,120,120,120,120,120,120,120,120,120,120,120,120,120,120,120,120,120,120,120,120,120,120,120,120,120,120,120,120,120,120,120,120,120,120,116,120,120,120,116,120,120,120,116,120,120,120,116,120,120,120,120,120,120,120,120,120,116,120,116,120,116,120,116,120,120,120,120,120,120,120,120,120,120,120,116,120,120,120,64,64,32,32,16,16,8,4,2,1],"gtau":[3.3242410238872643e-15,5.401750566869764e-15,1.8252398835418095e-14,-1.0330069660674841e-14,6.812982908341448e-15,-5.472912728263562e-15,-2.8640935181296986e-14,-1.1894177784874366e-14,2.9839959061443685e-14,7.736959208150906e-15,1.2989221197512608e-14,1.5718040145985263e-13,3.409818242987474e-13,7.07079735685295e-13,1.4045289088881064e-12,2.9482726165124256e-12,6.182185495157146e-12,1.3160550989264223e-11,2.779482094194987e-11,5.890895522791772e-11,1.25040391693572e-10,2.6527932875986787e-10,5.630119005800367e-10,1.194970610942469e-9,2.536194686763094e-9,5.3814546869629335e-9,1.1411398811358841e-8,2.418740982515206e-8,5.1235387844422375e-8,1.0848251274239113e-7,2.2957872075966304e-7,4.853486235425118e-7,1.0249310723687613e-6,2.1596646474999447e-6,4.537296311563832e-6,9.491223809538403e-6,1.9790302920027473e-5,4.11848167971236e-5,8.571887624429821e-5,0.0001786871070642658,0.0003734330319592314,0.0007832167808309305,0.0016505624527232096,0.0034982454026096935,0.007466033933221664,0.01607184800340469,0.034980756873097325,0.07723773194407654,0.17406772158684178,0.40503235471113747,1.000000000006772]}