{"taus":[0.2,0.4,0.6000000000000001,0.8,1.0,1.2000000000000002,1.4000000000000001,1.6,1.8,2.0,2.2,2.4000000000000004,2.6,2.8000000000000003,3.0,3.2,3.4000000000000004,3.6,3.8000000000000003,4.0,4.2,4.4,4.6000000000000005,4.800000000000001,5.0,5.2,5.4,5.6000000000000005,5.800000000000001,6.0,6.2,6.4,6.6000000000000005,6.800000000000001,7.0,7.2,7.4,7.6000000000000005,7.800000000000001,8.0,8.200000000000001,8.4,8.6,8.8,9.0,9.200000000000001,9.4,9.600000000000001,9.8,10.0,10.200000000000001],"bd":[2,4,8,16,8,16,8,16,16,32,32,64,64,120,116,120,120,120,116,120,120,120,116,120,120,120,116,120,120,120,116,120,120,120,120,120,120,120,120,120,120,120,116,120,120,120,120,120,120,120,120,120,120,120,120,120,120,120,116,120,120,120,116,120,120,120,120,120,116,120,116,120,120,120,120,120,120,120,112,120,120,120,116,120,120,120,116,120,120,120,116,120,120,120,116,120,116,120,116,120,120,120,120,120,120,120,120,120,120,120,120,120,120,120,120,120,120,120,120,120,120,120,116,120,120,120,120,120,120,120,116,120,116,120,116,120,116,120,116,120,116,120,116,120,116,120,120,120,120,120,120,120,120,120,112,120,120,120,116,120,120,120,120,120,116,120,116,120,120,120,112,120,120,120,116,120,120,120,112,120,120,120,116,120,120,120,116,120,120,120,112,120,120,120,116,120,120,120,64,64,32,32,16,16,8,4,2,1],"gtau":[0.41152131291671,0.3384153169908574,0.30550066239068074,0.28690007839654535,0.27824857909598194,0.2753766476460187,0.2723192959480091,0.2686318838140462,0.2698496807300071,0.2677319179239706,0.2641289391462123,0.2607721848188054,0.25893743983626444,0.2525687940179447,0.24658749491768503,0.24058115278959594,0.23464995034125022,0.22963650390813564,0.2282692883457048,0.2286560072593946,0.22940248132361163,0.23076628967394833,0.2335077551853968,0.23819111984671976,0.2410477839936283,0.24374083226212576,0.24579053638774093,0.24891245346754398,0.2527124650263928,0.2562955463121014,0.2582267399400017,0.2605506203608302,0.26353696777698626,0.26631381354330796,0.2678650306331627,0.26937587508899363,0.27214543890586773,0.27458669995554386,0.2764259630279306,0.27793592526550803,0.2800628318142843,0.28279802893536926,0.285900965429903,0.2894064903693304,0.29593246498279024,0.3058110335958485,0.3204237426685743,0.3424215013386359,0.3780236320682842,0.44168834183963745,0.5884786870830501]}