{"taus":[0.2,0.4,0.6000000000000001,0.8,1.0,1.2000000000000002,1.4000000000000001,1.6,1.8,2.0,2.2,2.4000000000000004,2.6,2.8000000000000003,3.0,3.2,3.4000000000000004,3.6,3.8000000000000003,4.0,4.2,4.4,4.6000000000000005,4.800000000000001,5.0,5.2,5.4,5.6000000000000005,5.800000000000001,6.0,6.2,6.4,6.6000000000000005,6.800000000000001,7.0,7.2,7.4,7.6000000000000005,7.800000000000001,8.0,8.200000000000001,8.4,8.6,8.8,9.0,9.200000000000001,9.4,9.600000000000001,9.8,10.0,10.200000000000001],"bd":[2,4,8,16,8,16,8,16,16,32,32,64,64,128,128,200,196,200,192,200,200,200,196,200,200,200,196,200,200,200,196,200,200,200,196,200,200,200,196,200,200,200,196,200,200,200,196,200,200,200,196,200,200,200,196,200,200,200,196,200,200,200,196,200,200,200,196,200,200,200,196,200,200,200,196,200,200,200,196,200,200,200,196,200,200,200,196,200,200,200,196,200,200,200,196,200,200,200,196,200,200,200,196,200,200,200,196,200,200,200,196,200,200,200,196,200,200,200,196,200,200,200,196,200,200,200,196,200,200,200,196,200,200,200,196,200,200,200,196,200,200,200,196,200,200,200,196,200,200,200,196,200,200,200,196,200,200,200,200,200,200,200,200,200,200,200,196,200,200,200,196,200,200,200,196,200,200,200,196,200,200,200,196,200,200,200,196,200,196,200,196,200,200,200,196,200,128,128,64,64,32,32,16,16,8,4,2,1],"gtau":[0.07672521242729143,0.07791205331307051,0.08027300739476413,0.08319868986169691,0.08651316069074397,0.09014758232527453,0.09406951914068763,0.09826468921519586,0.10272521485868284,0.10745538424897111,0.11246150932060889,0.11775594818155526,0.1233434000956295,0.12923479295374482,0.1354507408609206,0.14200358655267692,0.14890850242458636,0.15618281605324394,0.163848492314665,0.1719258357026537,0.18043591318244195,0.18940409001628117,0.19885573878733628,0.20881799637175877,0.21932030429626684,0.23039462542556724,0.24207534550094892,0.2543998207430821,0.2674083432105902,0.2811445718367435,0.2956559640041172,0.3109940840522037,0.3272155624608956,0.3443825553898574,0.3625639733248924,0.38182234107381413,0.40224794939225583,0.4239429807260201,0.44700445662574473,0.47156868918091105,0.49771083822160245,0.5256271652114863,0.5555107716055189,0.5875857122337431,0.6221368084230559,0.6595225969964224,0.7002425972884884,0.7450072829912805,0.7949931685392094,0.8524569544574392,0.9232747875704309]}