{"ns":[-4.594643108079512e-6,-3.1589062461114445e-6,-2.6556303331132198e-6,-2.7117124409838504e-6,-4.808375709041816e-6,-4.316553208399668e-6,-2.2818865321788916e-6,2.3823883399988165e-7,-1.0545090141858745e-6,-1.0662273678934718e-5,-2.9612279557379186e-5,-4.212264103326839e-5,-5.861259761180516e-5,-5.608800098652204e-5,-1.528660524497967e-5,8.786305437281854e-5,0.00023657907861434724,0.0004269718726091198,0.0006036274257835788,0.0007145742485100672,0.0007330841013130561,0.0005475345017502287,6.190875005569449e-5,-0.0006098467134647846,-0.0017325603629370888,-0.0028040536986854605,-0.003749868585660853,-0.004189110089758867,-0.004381623364597777,-0.004359404749701797,-0.004253849524153878,-0.0043746546599577624,-0.005203406012511835,-0.006366225793973934,-0.005929876595541155,-0.00425517700153175,0.0022233255937410016,0.012662856872282961,0.026064914306248677,0.05598279809932773,0.07834536055843346,0.08159586328189758,0.04717373162530977,0.001339729505745915,-0.05598546390587038,-0.19222485527450175,-0.4997323691727156,-0.737401252725192,-0.8937736175848723,-0.9989762220303701],"taus":[0.05,0.1,0.15000000000000002,0.2,0.25,0.30000000000000004,0.35000000000000003,0.4,0.45,0.5,0.55,0.6000000000000001,0.65,0.7000000000000001,0.75,0.8,0.8500000000000001,0.9,0.9500000000000001,1.0,1.05,1.1,1.1500000000000001,1.2000000000000002,1.25,1.3,1.35,1.4000000000000001,1.4500000000000002,1.5,1.55,1.6,1.6500000000000001,1.7000000000000002,1.75,1.8,1.85,1.9000000000000001,1.9500000000000002,2.0,2.0500000000000003,2.1,2.15,2.2,2.25,2.3000000000000003,2.35,2.4000000000000004,2.45,2.5,2.5500000000000003,2.6,2.6500000000000004,2.7,2.75,2.8000000000000003,2.85,2.9000000000000004,2.95,3.0,3.0500000000000003,3.1,3.1500000000000004,3.2,3.25,3.3000000000000003,3.35,3.4000000000000004,3.45,3.5,3.5500000000000003,3.6,3.6500000000000004,3.7,3.75,3.8000000000000003,3.85,3.9000000000000004,3.95,4.0,4.05,4.1000000000000005,4.15,4.2,4.25,4.3,4.3500000000000005,4.4,4.45,4.5,4.55,4.6000000000000005,4.65,4.7,4.75,4.800000000000001,4.8500000000000005,4.9,4.95,5.0,5.050000000000001],"bd":[2,4,8,16,8,16,8,16,16,32,32,64,64,120,120,120,116,120,116,120,120,120,116,120,118,120,116,120,120,120,116,120,120,120,116,120,120,120,116,120,120,120,116,120,120,120,116,120,120,120,116,120,120,120,116,120,120,120,116,120,120,120,116,120,120,120,116,120,120,120,116,120,120,120,116,120,120,120,116,120,120,120,116,120,120,120,116,120,120,120,116,120,120,120,116,120,120,120,116,120,120,120,116,120,120,120,116,120,120,120,116,120,120,120,116,120,120,120,116,120,120,120,116,120,120,120,116,120,120,120,116,120,120,120,116,120,120,120,116,120,120,120,116,120,120,120,116,120,120,120,116,120,120,120,116,120,120,120,116,120,120,120,116,120,120,120,116,120,120,120,116,120,120,120,116,120,120,120,116,120,120,120,116,120,120,120,116,120,120,120,116,120,120,120,116,120,120,120,116,120,120,120,116,120,120,120,116,120,120,120,116,120,120,120,116,120,120,120,116,120,120,120,116,120,120,120,116,120,120,120,116,120,120,120,116,120,120,120,116,120,120,120,116,120,120,120,116,120,120,120,116,120,120,120,116,120,120,120,116,120,120,120,116,120,120,120,116,120,120,120,116,120,120,120,116,120,120,120,116,120,120,120,116,120,120,120,116,120,120,120,116,120,120,120,116,120,120,120,116,120,120,120,116,120,120,120,116,120,120,120,116,120,120,120,116,120,120,120,116,120,120,120,116,120,120,120,116,120,120,120,116,120,120,120,116,120,120,120,116,120,120,120,116,120,120,120,116,120,120,120,116,120,120,120,116,120,120,120,116,120,120,120,116,120,120,120,116,120,120,120,116,120,120,120,116,120,120,120,116,120,120,120,116,120,120,120,116,120,120,120,116,120,120,120,116,120,120,120,116,120,120,120,116,120,69,120,64,120,64,120,120,60,30,60,120,60,60,117,120,114,107,120,120,116,115,120,120,115,108,120,120,115,115,120,120,114,105,120,120,114,113,120,120,113,104,120,120,114,112,120,120,114,106,120,120,116,115,120,120,114,104,120,120,114,112,120,120,113,106,120,120,115,115,120,120,114,106,120,120,117,115,120,120,114,107,120,120,116,116,120,120,114,105,120,120,116,114,120,120,112,105,120,120,114,114,120,120,114,106,120,120,114,114,120,120,114,106,120,120,114,112,120,120,114,104,120,120,114,113,120,120,115,105,120,120,114,112,120,120,116,106,120,120,114,112,120,120,115,106,120,120,115,114,120,120,115,106,120,120,115,113,120,120,115,106,120,120,115,114,120,120,116,107,120,120,115,115,120,120,114,107,120,120,112,112,120,120,114,105,120,120,115,113,120,120,112,104,120,120,113,113,120,120,114,106,120,120,114,113,120,120,114,106,120,120,116,115,120,120,113,106,120,120,115,112,120,120,112,106,120,120,116,114,120,120,113,106,120,120,115,113,120,120,112,105,120,120,115,113,120,120,112,105,120,120,115,113,120,120,112,105,120,120,115,114,120,120,113,105,120,120,114,114,120,120,114,107,120,120,112,111,120,120,115,105,120,120,114,113,120,120,115,107,120,120,113,112,120,120,114,106,120,120,116,116,120,120,113,106,120,120,116,115,120,120,116,107,120,120,115,113,120,120,115,106,120,120,115,114,120,120,114,108,120,120,115,114,120,120,114,108,120,120,115,113,120,120,114,107,120,120,114,113,120,120,114,107,120,120,116,116,120,120,114,109,120,120,115,114,120,120,115,108,120,120,114,113,120,120,115,105,120,120,115,114,120,120,112,104,120,120,115,113,120,120,114,104,120,120,115,111,120,120,64,32,32,32,16,8,16,8,4,2,4,2,1],"lt":[{"re":-9.133656455776645e-6,"im":4.594643108079512e-6},{"re":-6.948178700787441e-6,"im":-4.7409916310651463e-7},{"re":-2.222591079893756e-6,"im":-3.0437167666407396e-6},{"re":1.2898499942021506e-6,"im":-3.8061811618899824e-6},{"re":2.3100121192052555e-6,"im":-2.454926943002873e-6},{"re":2.6313153629589456e-6,"im":-6.336641611330885e-7},{"re":2.313605597362061e-6,"im":7.287707205049356e-7},{"re":1.5248563240440012e-6,"im":1.625785572562297e-6},{"re":4.872504654272844e-7,"im":2.0375940388759044e-6},{"re":-5.981460663119327e-7,"im":1.8264778511671776e-6},{"re":-1.4098187339239866e-6,"im":1.080835655536904e-6},{"re":-1.7244466646039748e-6,"im":1.2239152068923985e-7},{"re":-1.4554258695126546e-6,"im":-8.902850549585545e-7},{"re":-7.611678241081948e-7,"im":-1.5450974488407817e-6},{"re":1.4127947004466187e-7,"im":-1.7261267639410564e-6},{"re":9.242862409383448e-7,"im":-1.391132060530489e-6},{"re":1.4578767351734984e-6,"im":-6.849645983579182e-7},{"re":1.5346267267214093e-6,"im":1.7496354505790756e-7},{"re":1.1605398310456524e-6,"im":9.082760085150281e-7},{"re":5.215732430196487e-7,"im":1.3187077853557203e-6},{"re":-2.1688374739775344e-7,"im":1.3175845469848278e-6},{"re":-8.053369678808927e-7,"im":9.816546751673859e-7},{"re":-1.1464557612214206e-6,"im":3.932586421021876e-7},{"re":-1.1474549275848319e-6,"im":-2.0638068430657555e-7},{"re":-8.470871877947819e-7,"im":-7.32022351755146e-7},{"re":-3.6824621805967005e-7,"im":-9.874073525222323e-7},{"re":1.6948255885840529e-7,"im":-9.821131954361351e-7},{"re":6.032913000628401e-7,"im":-7.322835809837388e-7},{"re":8.462826399690872e-7,"im":-3.247963674357045e-7},{"re":8.530358914488083e-7,"im":1.243778279058921e-7},{"re":6.468719364437459e-7,"im":4.922959061567083e-7},{"re":2.9700513285730265e-7,"im":7.080585893497034e-7},{"re":-1.0806213705880697e-7,"im":7.168969289372894e-7},{"re":-4.4462248870002127e-7,"im":5.310419950947066e-7},{"re":-6.233805464538439e-7,"im":2.2101556616135685e-7},{"re":-6.158391025625045e-7,"im":-1.215956751185344e-7},{"re":-4.425056885197423e-7,"im":-3.9333910847452664e-7},{"re":-1.5230973348421936e-7,"im":-5.580617775781394e-7},{"re":1.553168042152876e-7,"im":-5.502933532954711e-7},{"re":4.2190414169701153e-7,"im":-3.938246414228775e-7},{"re":5.713616013297077e-7,"im":-1.399758983003462e-7},{"re":5.665737026793877e-7,"im":1.662360205254501e-7},{"re":3.934702692601427e-7,"im":4.2344753798350203e-7},{"re":1.21168328841716e-7,"im":5.413529599065999e-7},{"re":-1.548955056650528e-7,"im":4.969280806094206e-7},{"re":-3.9798044088022783e-7,"im":3.36008750662905e-7},{"re":-4.896445360198225e-7,"im":8.775819149129577e-8},{"re":-4.4121758217076284e-7,