{"taus":[0.1,0.2,0.30000000000000004,0.4,0.5,0.6000000000000001,0.7000000000000001,0.8,0.9,1.0,1.1,1.2000000000000002,1.3,1.4000000000000001,1.5,1.6,1.7000000000000002,1.8,1.9000000000000001,2.0,2.1,2.2,2.3000000000000003,2.4000000000000004,2.5,2.6,2.7,2.8000000000000003,2.9000000000000004,3.0,3.1,3.2,3.3000000000000003,3.4000000000000004,3.5,3.6,3.7,3.8000000000000003,3.9000000000000004,4.0,4.1000000000000005,4.2,4.3,4.4,4.5,4.6000000000000005,4.7,4.800000000000001,4.9,5.0,5.1000000000000005],"bd":[2,4,8,16,8,16,8,16,16,32,32,40,40,40,40,40,40,40,40,40,40,40,40,40,40,40,40,40,40,40,40,40,40,40,40,40,40,40,40,40,40,40,40,40,40,40,40,40,40,40,40,40,40,40,40,40,40,40,40,40,40,40,40,40,40,40,40,40,40,40,40,40,40,40,40,40,40,40,40,40,40,40,40,40,40,40,40,40,40,40,40,40,40,40,40,40,40,40,40,40,40,40,40,40,40,40,40,40,40,40,40,40,40,40,40,40,40,40,40,40,40,40,40,40,40,40,40,40,40,40,40,40,40,40,40,40,40,40,40,40,40,40,40,40,40,40,40,40,40,40,40,40,40,40,40,40,40,40,40,40,40,40,40,40,36,40,40,40,40,40,40,40,36,40,40,40,40,40,40,40,40,40,40,40,40,40,40,40,40,40,40,40,40,40,40,40,40,40,40,40,32,32,16,16,8,4,2,1],"gtau":[3.1649890224687516e-15,-1.014270609482107e-15,9.5713571816838e-15,6.2796463157387415e-15,8.181370716790416e-15,1.729169224776586e-15,2.1083627448640602e-14,-2.476228519985077e-15,1.193277010947792e-14,1.3026757936334792e-14,1.525058668306836e-14,2.331431282629855e-14,4.645354171847723e-14,1.2116117886440504e-13,3.2862300677582215e-13,6.512922637338666e-13,1.406574621533193e-12,3.1616001603370013e-12,6.993665264307183e-12,1.546317925354999e-11,3.413951122783523e-11,7.537229328779859e-11,1.6637354965003788e-10,3.673975979984121e-10,8.115647165137357e-10,1.7933575310032192e-9,3.964085323149091e-9,8.765563892182639e-9,1.938908761093495e-8,4.290192416541064e-8,9.493773403795356e-8,2.1005870835486942e-7,4.6470945904997847e-7,1.0278789270646818e-6,2.27349384654071e-6,5.030146167797596e-6,1.113633015305848e-5,2.4669373688338276e-5,5.467258744201574e-5,0.00012126864901583575,0.0002690222717457026,0.0005963765226357804,0.001320742464305586,0.002920560710555113,0.006448135076659546,0.014258605809619034,0.03173213055021746,0.07163969513424906,0.16570829446019053,0.3965517690318058,1.0000000000000202]}