{"taus":[0.2,0.4,0.6000000000000001,0.8,1.0,1.2000000000000002,1.4000000000000001,1.6,1.8,2.0,2.2,2.4000000000000004,2.6,2.8000000000000003,3.0,3.2,3.4000000000000004,3.6,3.8000000000000003,4.0,4.2,4.4,4.6000000000000005,4.800000000000001,5.0,5.2,5.4,5.6000000000000005,5.800000000000001,6.0,6.2,6.4,6.6000000000000005,6.800000000000001,7.0,7.2,7.4,7.6000000000000005,7.800000000000001,8.0,8.200000000000001,8.4,8.6,8.8,9.0,9.200000000000001,9.4,9.600000000000001,9.8,10.0,10.200000000000001],"bd":[2,4,8,16,8,16,8,16,16,32,32,64,64,100,96,100,96,100,96,100,100,100,96,100,100,100,96,100,100,100,96,100,100,100,96,100,96,100,92,100,96,100,96,100,100,100,100,100,100,100,100,100,100,100,96,100,96,100,96,100,100,100,100,100,100,100,96,100,100,100,96,100,100,100,96,100,100,100,96,100,96,100,100,100,96,100,100,100,100,100,100,100,100,100,96,100,100,100,100,100,100,100,92,100,100,100,96,100,100,100,100,100,100,100,96,100,100,100,96,100,100,100,100,100,100,100,100,100,100,100,100,100,100,100,100,100,100,100,96,100,96,100,100,100,100,100,96,100,100,100,100,100,100,100,100,100,96,100,100,100,100,100,100,100,100,100,100,100,100,100,96,100,100,100,92,100,100,100,96,100,100,100,96,100,100,100,96,100,100,100,96,100,96,100,96,100,100,100,64,64,32,32,16,16,8,4,2,1],"gtau":[0.4326129432622946,0.37062369350846713,0.34415637750119255,0.3276669280420289,0.31603097574746797,0.3032987599831393,0.28900287583120576,0.27444479877156663,0.2614093693203542,0.24845016727907326,0.24049754173332363,0.23264644783430982,0.22755003838319554,0.2230043372572731,0.219127366443619,0.2175377872676897,0.21728362359714748,0.21751177442182362,0.216195524106635,0.21587761723544047,0.215227092839721,0.21577249331404336,0.21633132581327888,0.21807171954685658,0.2178762982852874,0.21770258434952425,0.21732674247080414,0.2170103629532806,0.21608123777965138,0.21698551224976922,0.21730374242440015,0.21620254989203838,0.21533279236592243,0.21495447856966318,0.21532737967503776,0.2163672975068885,0.21641420201191203,0.21865697357511432,0.2208365106028798,0.22046267175201636,0.22046608293261627,0.22093836029540323,0.22283616567040512,0.2287829131605921,0.234338200826245,0.24416416090487586,0.257377127366881,0.2786003883544802,0.3142218060659301,0.384388065732171,0.5673870567378118]}