{"taus":[0.2,0.4,0.6000000000000001,0.8,1.0,1.2000000000000002,1.4000000000000001,1.6,1.8,2.0,2.2,2.4000000000000004,2.6,2.8000000000000003,3.0,3.2,3.4000000000000004,3.6,3.8000000000000003,4.0,4.2,4.4,4.6000000000000005,4.800000000000001,5.0,5.2,5.4,5.6000000000000005,5.800000000000001,6.0,6.2,6.4,6.6000000000000005,6.800000000000001,7.0,7.2,7.4,7.6000000000000005,7.800000000000001,8.0,8.200000000000001,8.4,8.6,8.8,9.0,9.200000000000001,9.4,9.600000000000001,9.8,10.0,10.200000000000001],"bd":[2,4,8,16,8,16,8,16,16,32,32,64,64,128,128,160,160,160,156,160,160,160,156,160,156,160,160,160,160,160,156,160,156,160,160,160,160,160,160,160,160,160,160,160,160,160,160,160,160,160,160,160,160,160,160,160,160,160,160,160,160,160,160,160,156,160,160,160,152,160,156,160,152,160,156,160,156,160,156,160,156,160,156,160,156,160,156,160,156,160,156,160,156,160,160,160,160,160,160,160,160,160,160,160,160,160,160,160,160,160,160,160,160,160,160,160,160,160,160,160,156,160,160,160,156,160,160,160,156,160,160,160,156,160,160,160,152,160,160,160,156,160,156,160,160,160,156,160,160,160,156,160,160,160,156,160,160,160,160,160,160,160,156,160,160,160,156,160,160,160,156,160,160,160,156,160,160,160,160,160,160,160,156,160,160,160,156,160,160,160,160,160,160,160,156,160,128,128,64,64,32,32,16,16,8,4,2,1],"gtau":[-8.996517769543138e-16,-5.409140597143441e-15,1.191330619780045e-14,-2.2119591130391327e-15,-4.1430640721638185e-14,-2.9251151851830865e-14,6.3698971321825605e-15,-2.309741435895546e-16,-4.116520964580345e-14,-1.5244296891347322e-14,4.9026051524898125e-15,1.1825855240675912e-14,2.988637635628461e-14,-2.1836617151175087e-14,-2.9163217025783124e-14,4.0177956685148454e-14,-9.31125420587964e-15,8.623331081156727e-15,1.4147817525626243e-14,1.7193912131349045e-14,-6.030625554970373e-15,-3.099539672503783e-14,-2.946093414406117e-14,2.201399084082064e-14,3.465779652234296e-14,-2.4036890918898648e-14,4.6080475171535154e-14,1.6296578591343247e-13,3.5802318136995537e-13,1.329507606220035e-12,4.719909676947214e-12,1.70529467510965e-11,6.150200241905608e-11,2.2180141520748592e-10,7.984468424330519e-10,2.8688092201526946e-9,1.0296688320710426e-8,3.692185034816821e-8,1.3224165180790127e-7,4.7285199499355147e-7,1.6869476523906897e-6,6.00643338868612e-6,2.1352425322117544e-5,7.591664364339556e-5,0.00027130227200788736,0.0009786001878848427,0.0035799250022998867,0.013370232317172335,0.05159467744265005,0.21128048935487093,1.0000000000039542]}