{"ns":[-3.992856475948031e-7,-3.253954083924119e-7,4.263878549300214e-7,6.849495683180389e-7,2.4132190360336383e-6,5.9859065953360155e-6,1.1047531726842305e-5,1.7406253978275066e-5,2.1445352117685015e-5,2.5180220612556522e-5,2.8814078836400033e-5,3.2219552473593164e-5,3.408380555816323e-5,3.21443201179729e-5,2.056779910608839e-5,-6.016482889322018e-6,-5.7367962509059964e-5,-0.00014179194103232544,-0.00026690356349031976,-0.00044666059458586983,-0.0006824520220170991,-0.0009624356858780462,-0.0013083738926218168,-0.0017130930120382551,-0.002134825522030252,-0.0025199918266332645,-0.002810054136163404,-0.0027619394265941907,-0.00226241973751477,-0.0008478625626533621,0.0016749714011476688,0.005554628504675488,0.010915143498538074,0.01803191887032342,0.026527429761881747,0.03643154741846559,0.04758005020421416,0.05759930180848344,0.0663791586238096,0.07104346136883706,0.05270629213502184,-0.011407699571747719,-0.1347496631195307,-0.32307326450080626,-0.5167439259885303,-0.7019983821751575,-0.8390401473184937,-0.9210773965440956,-0.9872354973098627,-1.0000345202333827],"taus":[0.05,0.1,0.15000000000000002,0.2,0.25,0.30000000000000004,0.35000000000000003,0.4,0.45,0.5,0.55,0.6000000000000001,0.65,0.7000000000000001,0.75,0.8,0.8500000000000001,0.9,0.9500000000000001,1.0,1.05,1.1,1.1500000000000001,1.2000000000000002,1.25,1.3,1.35,1.4000000000000001,1.4500000000000002,1.5,1.55,1.6,1.6500000000000001,1.7000000000000002,1.75,1.8,1.85,1.9000000000000001,1.9500000000000002,2.0,2.0500000000000003,2.1,2.15,2.2,2.25,2.3000000000000003,2.35,2.4000000000000004,2.45,2.5,2.5500000000000003,2.6,2.6500000000000004,2.7,2.75,2.8000000000000003,2.85,2.9000000000000004,2.95,3.0,3.0500000000000003,3.1,3.1500000000000004,3.2,3.25,3.3000000000000003,3.35,3.4000000000000004,3.45,3.5,3.5500000000000003,3.6,3.6500000000000004,3.7,3.75,3.8000000000000003,3.85,3.9000000000000004,3.95,4.0,4.05,4.1000000000000005,4.15,4.2,4.25,4.3,4.3500000000000005,4.4,4.45,4.5,4.55,4.6000000000000005,4.65,4.7,4.75,4.800000000000001,4.8500000000000005,4.9,4.95,5.0,5.050000000000001],"bd":[2,4,8,16,8,16,8,16,16,32,32,64,64,128,128,160,160,160,160,160,160,160,156,160,160,160,156,160,160,160,160,160,160,160,160,160,160,160,156,160,160,160,156,160,160,160,156,160,160,160,156,160,160,160,156,160,160,160,156,160,160,160,156,160,160,160,156,160,160,160,156,160,160,160,156,160,160,160,156,160,160,160,156,160,160,160,152,160,160,160,156,160,160,160,160,160,160,160,156,160,160,160,152,160,160,160,152,160,160,160,156,160,160,160,160,160,160,160,160,160,160,160,160,160,160,160,160,160,160,160,160,160,160,160,160,160,160,160,160,160,160,160,156,160,160,160,156,160,160,160,156,160,160,160,156,160,160,160,156,160,160,160,156,160,160,160,156,160,160,160,156,160,160,160,156,160,160,160,156,160,160,160,156,160,160,160,156,160,160,160,156,160,160,160,156,160,160,160,156,160,160,160,156,160,160,160,156,160,160,160,156,160,160,160,156,160,160,160,156,160,160,160,156,160,160,160,156,160,160,160,156,160,160,160,156,160,160,160,156,160,160,160,156,160,160,160,156,160,160,160,156,160,160,160,156,160,160,160,156,160,160,160,156,160,160,160,156,160,160,160,152,160,160,160,152,160,160,160,152,160,160,160,152,160,160,160,152,160,160,160,152,160,160,160,152,160,160,160,152,160,160,160,152,160,160,160,152,160,160,160,152,160,160,160,152,160,160,160,156,160,160,160,160,160,160,160,160,160,160,160,160,160,160,160,160,160,160,160,152,160,160,160,152,160,160,160,152,160,160,160,156,160,160,160,160,160,160,160,160,160,160,160,160,160,160,160,160,160,160,160,160,160,160,160,160,160,160,160,160,160,160,160,160,160,160,160,156,160,160,160,160,160,160,160,156,160,160,160,156,160,160,160,160,160,80,160,80,160,80,144,160,80,40,80,160,80,80,154,160,152,145,160,160,153,152,160,160,153,145,160,160,153,152,160,160,157,143,160,160,155,155,160,160,157,144,160,160,153,152,160,160,157,141,160,160,151,151,160,160,154,140,160,160,154,154,160,160,154,143,160,160,154,154,160,160,153,142,160,160,153,153,160,160,155,144,160,160,154,154,160,160,154,143,160,160,155,155,160,160,154,144,160,160,155,155,160,160,154,143,160,160,155,155,160,160,154,145,160,160,155,155,160,160,154,144,160,160,154,154,160,160,154,144,160,160,155,155,160,160,154,144,160,160,154,154,160,160,154,144,160,160,154,154,160,160,154,144,160,160,154,154,160,160,154,144,160,160,154,154,160,160,154,144,160,160,154,154,160,160,154,144,160,160,154,153,160,160,154,144,160,160,153,153,160,160,155,144,160,160,154,153,160,160,154,144,160,160,154,153,160,160,154,144,160,160,154,153,160,160,154,143,160,160,153,152,160,160,154,144,160,160,153,153,160,160,155,145,160,160,154,153,160,160,155,144,160,160,154,153,160,160,155,144,160,160,154,153,160,160,155,144,160,160,154,153,160,160,155,144,160,160,154,154,160,160,154,143,160,160,153,152,160,160,154,144,160,160,153,152,160,160,155,144,160,160,154,154,160,160,155,144,160,160,153,153,160,160,155,144,160,160,153,153,160,160,155,143,160,160,153,152,160,160,155,144,160,160,153,152,160,160,157,143,160,160,154,153,160,160,156,144,160,160,153,152,160,160,157,144,160,160,154,153,160,160,156,143,160,160,155,154,160,160,156,142,160,160,153,153,160,160,155,141,160,160,155,155,160,160,154,142,160,160,154,153,160,160,155,141,160,160,154,154,160,160,153,143,160,160,159,120,128,128,64,32,32,32,16,8,16,8,4,2,4,2,1],"lt":[{"re":6.378644554224653e-6,"im":3.992856475948031e-7},{"re":3.7311768671936533e-6,"im":2.887512221270207e-6},{"re":2.851696759092145e-8,"im":3.0651376394628658e-6},{"re":-1.397233062932197e-6,"im":1.6403151803086836e-6},{"re":-1.8727724286909227e-6,"im":3.535060170836991e-7},{"re":-1.5499231820956078e-6,"im":-5.801817213570849e-7},{"re":-9.203944182801636e-7,"im":-1.188918704995992e-6},{"re":-6.158564243207524e-8,"im":-1.167926101481005e-6},{"re":5.769330462343435e-7,"im":-7.489055462360572e-7},{"re":8.890561989970741e-7,"im":-3.620807515424009e-8},{"re":7.09692749115119e-7,"im":6.839364559129261e-7},{"re":1.0259186851584925e-7,"im":1.066261404662187e-6},{"re":-5.841550483744405e-7,"im":9.658491423011442e-7},{"re":-1.0520952305311906e-6,"im":4.2367277061026836e-7},{"re":-1.1108569683586947e-6,"im":-2.8758510653700134e-7},{"re":-7.070902696022e-7,"im":-8.796617956143878e-7},{"re":-1.9746822219906162e-8,"im":-1.1284072797400386e-6},{"re":6.431023976256407e-7,"im":-8.842854223015198e-7},{"re":9.758328000638155e-7,"im":-3.0386157578492046e-7},{"re":8.659071003190785e-7,"im":3.1439220802452824e-7},{"re":4.2569009464479395e-7,"im":7.42587069682853e-7},{"re":-1.688362321113449e-7,"im":8.069804506240124e-7},{"re":-6.460249813797279e-7,"im":5.113639492369355e-7},{"re":-8.420859150035291e-7,"im":1.0845895693397692e-8},{"re":-6.728360074046994e-7,"im":-5.047825855086987e-7},{"re":-2.364080413636435e-7,"im":-8.018549098481675e-7},{"re":2.8872482332620634e-7,"im":-7.722620162168913e-7},{"re":6.844304888554093e-7,"im":-4.4355778567174567e-7},{"re":8.040262126753384e-7,"im":5.4781921972492554e-8},{"re":6.038476548978224e-7,"im":5.183243770659839e-7},{"re":1.7354776019180838e-7,"im":7.666425924414142e-7},{"re":-3.1318490335682925e-7,"im":7.082868608320713e-7},{"re":-6.634429519289294e-7,"im":3.758489621953619e-7},{"re":-7.471987489853352e-7,"im":-8.993211848416512e-8},{"re":-5.402675195782167e-7,"im":-4.996262879343207e-7},{"re":-1.3693116525936852e-7,"im":-7.166076093502849e-7},{"re":3.001900867586147e-7,"im":-6.514156900439998e-7},{"re":6.086019396656929e-7,"im":-3.5425617055642973e-7},{"re":6.883416587083528e-7,"im":6.035682383102853e-8},{"re":5.182319045937163e-7,"im":4.39637651083712e-7},{"re":1.8098226543764187e-7,"im":6.564176506811995e-7},{"re":-2.2854153188244017e-7,"im":6.013445761745059e-7},{"re":-5.482299086330708e-7,"im":3.3652699382878225e-7},{"re":-6.397819436202472e-7,"im":-5.921546061924821e-8},{"re":-4.948177190084653e-7,"im":-4.2384583806794206e-7},{"re":-1.6763669714893253e-7,"im":-6.003961114833312e-7},{"re":1.8727383104633282e-7,"im":-6.019507116468876e-7},{"re":4.723733890101608e-7,"im":-3.798111306466708e-7},{"re":5.648255466891754e-7,