{"gf":[0.5,0.20643440400181315,0.08647068006706059,0.03643687704426712,0.015404329895592109,0.006526179527980079,0.002768950818475434,0.0011761094651855783,0.0004999781688513012,0.00021269302502663717,9.053223493241558e-5,3.855346646197244e-5,1.6425002391748704e-5,7.000150589167153e-6,2.9843660720787007e-6,1.272699685660738e-6,5.428976552230071e-7,2.31643084550093e-7,9.886052065956775e-8,4.220100985522611e-8,1.801833467878802e-8,7.694767319879295e-9,3.286763834597137e-9,1.4043383934427588e-9,6.005826645629875e-10,2.5814358778510755e-10,1.1454376552084767e-10,6.097435232915644e-11,6.038992141167419e-11,1.2395729708438756e-10,3.336833042300239e-10,9.456377172223887e-10,2.7019086999669333e-9,7.730974534193385e-9,2.2129827986379212e-8,6.336403894833236e-8,1.8147951030937087e-7,5.199262419678202e-7,1.4900426038986647e-6,4.271845851580483e-6,1.2252205657384586e-5,3.5157920569716636e-5,0.00010094385136456236,0.0002900250233778102,0.0008339919595943842,0.00240084727773783,0.006921611594906386,0.01999698210482115,0.057963030243285446,0.16901419504960932,0.5],"ts":[0.0,0.2,0.4,0.6000000000000001,0.8,1.0,1.2000000000000002,1.4000000000000001,1.6,1.8,2.0,2.2,2.4000000000000004,2.6,2.8000000000000003,3.0,3.2,3.4000000000000004,3.6,3.8000000000000003,4.0,4.2,4.4,4.6000000000000005,4.800000000000001,5.0,5.2,5.4,5.6000000000000005,5.800000000000001,6.0,6.2,6.4,6.6000000000000005,6.800000000000001,7.0,7.2,7.4,7.6000000000000005,7.800000000000001,8.0,8.200000000000001,8.4,8.6,8.8,9.0,9.200000000000001,9.4,9.600000000000001,9.8,10.0]}