{"taus":[0.2,0.4,0.6000000000000001,0.8,1.0,1.2000000000000002,1.4000000000000001,1.6,1.8,2.0,2.2,2.4000000000000004,2.6,2.8000000000000003,3.0,3.2,3.4000000000000004,3.6,3.8000000000000003,4.0,4.2,4.4,4.6000000000000005,4.800000000000001,5.0,5.2,5.4,5.6000000000000005,5.800000000000001,6.0,6.2,6.4,6.6000000000000005,6.800000000000001,7.0,7.2,7.4,7.6000000000000005,7.800000000000001,8.0,8.200000000000001,8.4,8.6,8.8,9.0,9.200000000000001,9.4,9.600000000000001,9.8,10.0,10.200000000000001],"bd":[1,1,1,2,2,4,4,8,8,16,16,32,32,60,60,60,60,60,60,60,60,60,60,60,60,60,60,60,60,60,60,60,60,60,60,60,60,60,60,60,60,60,60,60,60,60,60,60,60,60,60,60,60,60,60,60,60,60,60,60,60,60,60,60,60,60,60,60,60,60,60,60,60,60,60,60,60,60,60,60,60,60,60,60,60,60,60,60,60,60,60,60,32,32,16,16,8,8,4,4,2,2,1,1],"gtau":[5.728207369324477e-19,7.18828093102685e-19,1.6176446767447209e-18,3.653950862739814e-18,8.367095489433258e-18,1.9253761048947698e-17,4.4414535636498856e-17,1.0259228187268911e-16,2.3716203136729797e-16,5.485116663290965e-16,1.2690040334300376e-15,2.936528506500672e-15,6.796285104293861e-15,1.5731012743855088e-14,3.6414782239363096e-14,8.429971749457603e-14,1.9516233032963995e-13,4.5183819574204937e-13,1.0461248745012026e-12,2.4221185584671627e-12,5.608112845918311e-12,1.2985127929405513e-11,3.0066501372621746e-11,6.96187236119367e-11,1.6120380612284706e-10,3.7327629026332974e-10,8.643535761386214e-10,2.0015140544800496e-9,4.634816294988674e-9,1.0732816929766924e-8,2.4854383333794094e-8,5.7557433681618126e-8,1.3329401804861976e-7,3.086971739080709e-7,7.149366140457839e-7,1.6558359030131654e-6,3.835207075980266e-6,8.8837071172026e-6,2.0580137867408444e-5,4.768351599222216e-5,0.00011050431529138439,0.00025616517469908065,0.0005940892444639885,0.001378720647316941,0.003203133469954719,0.00745580291344895,0.01741667274512859,0.04099689906845364,0.09840886632194862,0.25278628343642245,0.9999999999999973]}