{"taus":[0.025,0.05,0.07500000000000001,0.1,0.125,0.15000000000000002,0.17500000000000002,0.2,0.225,0.25,0.275,0.30000000000000004,0.325,0.35000000000000003,0.375,0.4,0.42500000000000004,0.45,0.47500000000000003,0.5,0.525,0.55,0.5750000000000001,0.6000000000000001,0.625,0.65,0.675,0.7000000000000001,0.7250000000000001,0.75,0.775,0.8,0.8250000000000001,0.8500000000000001,0.875,0.9,0.925,0.9500000000000001,0.9750000000000001,1.0,1.0250000000000001,1.05,1.075,1.1,1.125,1.1500000000000001,1.175,1.2000000000000002,1.225,1.25,1.2750000000000001,1.3,1.3250000000000002,1.35,1.375,1.4000000000000001,1.425,1.4500000000000002,1.475,1.5,1.5250000000000001,1.55,1.5750000000000002,1.6,1.625,1.6500000000000001,1.675,1.7000000000000002,1.725,1.75,1.7750000000000001,1.8,1.8250000000000002,1.85,1.875,1.9000000000000001,1.925,1.9500000000000002,1.975,2.0,2.025,2.0500000000000003,2.075,2.1,2.125,2.15,2.1750000000000003,2.2,2.225,2.25,2.275,2.3000000000000003,2.325,2.35,2.375,2.4000000000000004,2.4250000000000003,2.45,2.475,2.5,2.5250000000000004,2.5500000000000003,2.575,2.6,2.625,2.6500000000000004,2.6750000000000003,2.7,2.725,2.75,2.7750000000000004,2.8000000000000003,2.825,2.85,2.875,2.9000000000000004,2.9250000000000003,2.95,2.975,3.0,3.0250000000000004,3.0500000000000003,3.075,3.1,3.125,3.1500000000000004,3.1750000000000003,3.2,3.225,3.25,3.2750000000000004,3.3000000000000003,3.325,3.35,3.375,3.4000000000000004,3.4250000000000003,3.45,3.475,3.5,3.5250000000000004,3.5500000000000003,3.575,3.6,3.625,3.6500000000000004,3.6750000000000003,3.7,3.725,3.75,3.7750000000000004,3.8000000000000003,3.825,3.85,3.875,3.9000000000000004,3.9250000000000003,3.95,3.975,4.0,4.025,4.05,4.075,4.1000000000000005,4.125,4.15,4.175,4.2,4.2250000000000005,4.25,4.275,4.3,4.325,4.3500000000000005,4.375,4.4,4.425,4.45,4.4750000000000005,4.5,4.525,4.55,4.575,4.6000000000000005,4.625,4.65,4.675,4.7,4.7250000000000005,4.75,4.775,4.800000000000001,4.825,4.8500000000000005,4.875,4.9,4.925000000000001,4.95,4.9750000000000005,5.0,5.025],"bd":[2,4,2,4,4,8,8,16,16,32,32,40,38,40,40,40,40,40,40,40,40,40,40,40,40,40,40,40,40,40,40,40,40,40,38,40,38,40,38,40,38,40,38,40,38,40,40,40,38,40,38,40,38,40,38,40,40,40,40,40,40,40,40,40,40,40,40,40,40,40,40,40,40,40,40,40,40,40,40,40,40,40,40,40,40,40,40,40,40,40,40,40,40,40,40,40,40,40,40,40,40,40,40,40,40,40,40,40,40,40,40,40,40,40,40,40,40,40,40,40,40,40,40,40,40,40,40,40,40,40,40,40,40,40,40,40,40,40,40,40,40,40,40,40,40,40,40,40,40,40,40,40,40,40,40,40,40,40,40,40,40,40,40,40,40,40,40,40,38,40,38,40,38,40,38,40,38,40,38,40,38,40,38,40,40,40,40,40,40,40,40,40,40,40,40,40,40,40,40,40,40,40,40,40,40,40,40,40,40,40,40,40,40,40,40,40,40,40,40,40,40,40,40,40,40,40,40,40,40,40,40,40,40,40,40,40,40,40,40,40,40,40,40,40,40,40,40,40,40,40,40,40,40,40,40,40,40,40,40,40,40,40,40,40,40,40,40,40,40,40,40,40,40,40,40,40,40,40,40,40,40,40,40,40,40,40,40,40,40,40,40,40,40,40,40,40,40,40,40,40,40,40,40,40,40,40,40,40,40,40,40,40,38,40,38,40,38,40,38,40,38,40,38,40,38,40,38,40,40,40,40,40,40,40,40,40,40,40,40,40,40,40,40,40,40,40,40,40,40,40,40,40,40,40,40,40,40,40,38,40,40,40,40,40,40,40,40,40,40,40,40,40,40,40,40,40,40,40,40,40,40,40,40,40,38,40,38,40,38,40,36,40,38,40,32,32,16,16,8,8,4,4,2,1],"gtau":[1.8615599231363833e-5,1.868268995453067e-5,1.886769304093681e-5,1.915135764030759e-5,1.9520949293889644e-5,1.9967961557443688e-5,2.0486756959471138e-5,2.107372268221929e-5,2.1726720124072747e-5,2.244473321637809e-5,2.3227626368172813e-5,2.407595619744069e-5,2.4990905240897914e-5,2.597416632557468e-5,2.7027881789385617e-5,2.8154584965080174e-5,2.935716350244926e-5,3.0638846303734144e-5,3.2003200667563185e-5,3.345413184397079e-5,3.499588527244185e-5,3.663305543966524e-5,3.8370600545818505e-5,4.021385744878953e-5,4.21685571413145e-5,4.424083872615635e-5,4.643726299565442e-5,4.876483388289576e-5,5.123102033686048e-5,5.384377940810119e-5,5.66115809420344e-5,5.954343582215177e-5,6.264892591759992e-5,6.59382359022984e-5,6.942218580003335e-5,7.311226266372863e-5,7.702064368248639e-5,8.11602021176978e-5,8.55445293714639e-5,9.018827946857446e-5,9.510789737075984e-5,0.00010032157888238383,0.00010584843714863525,0.00011170793426642123,0.00011791979320909325,0.00012450423466287022,0.0001314823815984271,0.00013887652311586247,0.0001467100996260553,0.00015500768996302132,0.00016379513152768696,0.00017309969872030643,0.0001829502769583392,0.00019337751556795655,0.00020441396423875245,0.00021609420009456945,0.00022845495070469688,0.000241535218369442,0.00025537640858234393,0.00027002246501670393,0.000285520012451422,0.0003019185079907552,0.0003192704013269914,0.00033763130439994613,0.0003570601721698245,0.0003776194938972927,0.0003993754964917953,0.0004223983602264185,0.0004467624476777685,0.0004725465467473476,0.0004998341291211598,0.0005287136248225441,0.0005592787133533309,0.000591628633567182,0.0006258685127270394,0.0006621097154852246,0.0007004702139515855,0.0007410749801614429,0.0007840564018272462,0.0008295547240621922,0.0008777185186846596,0.000928705181557518,0.000982681457991686,0.0010398239950910398,0.0011003199242077381,0.0011643674790851682,0.001232176654628381,0.0013039699088014578,0.0013799829098191814,0.001460465329793458,0.0015456816870335031,0.0016359122391247517,0.0017314539294090684,0.001832621389816847,0.0019397480032414681,0.0020531870293479873,0.002173312797137283,0.0023005219692002117,0.0024352348815825544,0.0025778969642367006,0.0027289802470434285,0.0028889849566304175,0.0030584412097147905,0.003237910808978932,0.0034279891477834875,0.003629307230371352,0.003842533815085891,0.00406837768779169,0.004307590074086812,0.00456096719882583,0.004829353002523244,0.005113642024684054,0.005414782464687807,0.005733779430884752,0.006071698389963607,0.006429668828651799,0.006808888141217954,0.007210625756832098,0.007636227522505575,0.008087120356814286,0.008564817193369255,0.009070922230926644,0.009607136511110557,0.010175263843873903,0.010777217103784688,0.011415024920216586,0.012090838787511732,0.012806940621638604,0.013565750792371099,0.014369836661790217,0.015221921661348987,0.016124894943249674,0.017081821642259885,0.018095953788318152,0.019170741912334,0.020309847389727208,0.021517155570569168,0.02279678974723066,0.024153126014967104,0.02559080908421281,0.027114769107734575,0.028730239590178997,0.030442776453245956,0.03225827833475,0.03418300820675305,0.03622361640344973,0.03838716515676483,0.04068115474871849,0.04311355140371549,0.045692817040237886,0.04842794101256267,0.05132847399584255,0.05440456418522632,0.0576669959956745,0.0611272314686789,0.06479745461340788,0.0686906189317321,0.07282049840278615,0.07720174222817383,0.0818499336613082,0.0867816532283649,0.09201454662211907,0.09756739798446047,0.10346020926834917,0.10971428624983841,0.11635233055710888,0.12339853876552112,0.1308787102033701,0.1388203792335986,0.14725289672883865,0.15620760924786173,0.16571800659139413,0.17581988930505377,0.18655154604542207,0.19795393547529352,0.21007086821326154,0.22294906168872533,0.23663781092468866,0.25119175573266495,0.26667448901621743,0.283155472434873,0.3007077377037762,0.3194080482195614,0.3393381693164986,0.3605859800982715,0.3832469475591769,0.40742523760168264,0.43323527273505985,0.46080140751039905,0.49026048192267213,0.5217642367409809,0.5554816361413003,0.5916012947160167,0.6303353836513014,0.6719243044340826,0.7166421105590232,0.7648023993998242,0.8167692890865017,0.8729565739273074,0.9338495967444193,0.999981384397128]}