{"taus":[0.05,0.1,0.15000000000000002,0.2,0.25,0.30000000000000004,0.35000000000000003,0.4,0.45,0.5,0.55,0.6000000000000001,0.65,0.7000000000000001,0.75,0.8,0.8500000000000001,0.9,0.9500000000000001,1.0,1.05],"bd":[2,4,2,4,4,8,8,16,16,32,32,64,64,100,98,100,98,100,98,100,98,100,98,100,98,100,98,100,98,100,96,100,64,64,32,32,16,16,8,8,4,4,2,1],"gtau":[0.07585843868815847,0.07700591648265435,0.08003682774265228,0.08463840936537637,0.0907277266074046,0.0983519180949682,0.10765101882028434,0.11884701557842839,0.13224693112634017,0.1482560236698637,0.1674008692391971,0.19036450523653745,0.21803833527751493,0.2515991501661862,0.2926258484125016,0.3432820231238321,0.40661365946599165,0.4870606448378507,0.5913964159275521,0.7306101623438321,0.9241415613116762]}