{"taus":[0.2,0.4,0.6000000000000001,0.8,1.0,1.2000000000000002,1.4000000000000001,1.6,1.8,2.0,2.2,2.4000000000000004,2.6,2.8000000000000003,3.0,3.2,3.4000000000000004,3.6,3.8000000000000003,4.0,4.2,4.4,4.6000000000000005,4.800000000000001,5.0,5.2],"bd":[2,4,2,4,4,8,8,16,16,20,20,20,20,20,20,20,20,20,20,20,20,20,20,20,20,20,20,20,20,20,20,20,20,20,20,20,20,20,20,20,20,20,20,20,20,20,16,16,8,8,4,4,2,1],"gtau":[5.226064975673237e-6,6.170530822071757e-6,8.455249467423095e-6,1.224521335393944e-5,1.827644540075754e-5,2.779863298509673e-5,4.2814194627732917e-5,6.655953900296957e-5,0.00010420560118152204,0.00016419867184354082,0.0002603323968978202,0.000415178648525458,0.0006660507279864702,0.001075046623662857,0.0017464054055169782,0.002856740146634768,0.004708482512701748,0.007825970583526133,0.013131939684144242,0.022280656863866592,0.03831681476417198,0.06698497088968784,0.11988876223653257,0.22220532389675499,0.4380661408282101,0.9999947739349722]}