{"taus":[0.2,0.4,0.6000000000000001,0.8,1.0,1.2000000000000002,1.4000000000000001,1.6,1.8,2.0,2.2,2.4000000000000004,2.6,2.8000000000000003,3.0,3.2,3.4000000000000004,3.6,3.8000000000000003,4.0,4.2,4.4,4.6000000000000005,4.800000000000001,5.0,5.2],"bd":[2,4,2,4,4,8,8,16,16,20,20,20,20,20,20,20,20,20,20,20,20,20,20,20,20,20,20,20,20,20,20,20,20,20,20,20,20,20,20,20,20,20,20,20,20,20,16,16,8,8,4,4,2,1],"gtau":[2.896097101907605e-6,3.5366654874863445e-6,5.006739409370093e-6,7.482761465785669e-6,1.1512660643593116e-5,1.801390233165612e-5,2.8501633787516094e-5,4.5468392751862864e-5,7.301560598055026e-5,0.00011791287499354994,0.00019140412798350875,0.00031227282262144145,0.0005121067924436871,0.0008444188579059982,0.0014006154065857642,0.0023382891943130348,0.003932048882464279,0.006666408314508508,0.011409139785959687,0.019743484170360228,0.034628157026344204,0.0617804332952313,0.1127873607753354,0.21332447019822454,0.4292171474801802,0.9999971039028437]}