{"taus":[0.2,0.4,0.6000000000000001,0.8,1.0,1.2000000000000002,1.4000000000000001,1.6,1.8,2.0,2.2,2.4000000000000004,2.6,2.8000000000000003,3.0,3.2,3.4000000000000004,3.6,3.8000000000000003,4.0,4.2,4.4,4.6000000000000005,4.800000000000001,5.0,5.2,5.4,5.6000000000000005,5.800000000000001,6.0,6.2,6.4,6.6000000000000005,6.800000000000001,7.0,7.2,7.4,7.6000000000000005,7.800000000000001,8.0,8.200000000000001,8.4,8.6,8.8,9.0,9.200000000000001,9.4,9.600000000000001,9.8,10.0,10.200000000000001],"bd":[2,4,2,4,4,8,8,16,16,20,20,20,20,20,20,20,20,20,20,20,20,20,20,20,20,20,20,20,20,20,20,20,20,20,20,20,20,20,20,20,20,20,20,20,20,20,20,20,20,20,20,20,20,20,20,20,20,20,20,20,20,20,20,20,20,20,20,20,20,20,20,20,20,20,20,20,20,20,20,20,20,20,20,20,20,20,20,20,20,20,20,20,20,20,20,20,16,16,8,8,4,4,2,1],"gtau":[0.5540599287670483,0.3839524112455681,0.35880157372909927,0.350174048681545,0.34615573931879035,0.3439334589467923,0.34236296826341056,0.3409746609128784,0.33947839196156554,0.33791034599407466,0.33616701120334475,0.33442967883699776,0.33258078311843314,0.3308480014008744,0.329633053420391,0.3274869000996784,0.3253870032147555,0.3235325909100347,0.3218553842632492,0.32028264603366974,0.3187731451014845,0.31730577487051354,0.3158708010908162,0.31446306537817237,0.31307892080975486,0.3117149761379539,0.3103676215193114,0.3090328248548722,0.30770602641712963,0.30638211817574695,0.3050555525015091,0.3037206204426571,0.3023719130996591,0.30100495107774056,0.2996169463807521,0.29820763276598633,0.2967800414444399,0.295340997944216,0.2939010499691442,0.292473724762173,0.29107459035533384,0.28972162487941866,0.2884393340416664,0.28726301707155083,0.2862564355688025,0.28555380633461036,0.2854667475935704,0.28667912575647364,0.291335192651365,0.30916574713125977,0.4459400712330031]}