{"taus":[0.2,0.4,0.6000000000000001,0.8,1.0,1.2000000000000002,1.4000000000000001,1.6,1.8,2.0,2.2,2.4000000000000004,2.6,2.8000000000000003,3.0,3.2,3.4000000000000004,3.6,3.8000000000000003,4.0,4.2,4.4,4.6000000000000005,4.800000000000001,5.0,5.2],"bd":[2,4,2,4,4,8,8,16,16,20,20,20,20,20,20,20,20,20,20,20,20,20,20,20,20,20,20,20,20,20,20,20,20,20,20,20,20,20,20,20,20,20,20,20,20,20,16,16,8,8,4,4,2,1],"gtau":[8.882009490711764e-9,1.4647881808621801e-8,2.7500089170992735e-8,5.3993030980239554e-8,1.0826132989020397e-7,2.1949499310132546e-7,4.4788159659924164e-7,9.175096820125284e-7,1.8843106556853912e-6,3.876577114655917e-6,7.986132629273972e-6,1.647264651754279e-5,3.402125671424415e-5,7.036622279461831e-5,0.00014578609277248063,0.0003026871659571921,0.0006302668591934473,0.0013178600793202606,0.002772312648266216,0.005881795105393059,0.012629508595499958,0.027572386069445794,0.061621157939509334,0.14266697420207963,0.3513579805091811,0.9999999911180083]}