{"taus":[0.2,0.4,0.6000000000000001,0.8,1.0,1.2000000000000002,1.4000000000000001,1.6,1.8,2.0,2.2,2.4000000000000004,2.6,2.8000000000000003,3.0,3.2,3.4000000000000004,3.6,3.8000000000000003,4.0,4.2,4.4,4.6000000000000005,4.800000000000001,5.0,5.2,5.4,5.6000000000000005,5.800000000000001,6.0,6.2,6.4,6.6000000000000005,6.800000000000001,7.0,7.2,7.4,7.6000000000000005,7.800000000000001,8.0,8.200000000000001,8.4,8.6,8.8,9.0,9.200000000000001,9.4,9.600000000000001,9.8,10.0,10.200000000000001],"bd":[1,1,1,2,2,4,4,8,8,16,16,32,32,64,64,128,128,140,140,140,140,140,140,140,140,140,140,140,140,140,140,140,140,140,140,140,140,140,140,140,140,140,140,140,140,140,140,140,140,140,140,140,140,140,140,140,140,140,140,140,140,140,140,140,140,140,140,140,140,140,140,140,140,140,140,140,140,140,140,140,140,140,140,140,140,140,140,140,128,128,64,64,32,32,16,16,8,8,4,4,2,2,1,1],"gtau":[1.3838534200113028e-11,1.6145220676725206e-11,2.1754739566690812e-11,3.1131845266307075e-11,4.605268374722601e-11,6.95655688427077e-11,1.0661898467183489e-10,1.6518109440909173e-10,2.580710409788844e-10,4.0594138582472033e-10,6.421297826730976e-10,1.020621114016608e-9,1.6289740563636428e-9,2.6095053505172205e-9,4.1940890911874275e-9,6.7610064337592654e-9,1.0928645034996198e-8,1.770984371505631e-8,2.876652107782797e-8,4.6830321040779617e-8,7.639892320471183e-8,1.248905820263619e-7,2.0456185042635873e-7,3.3569878168769027e-7,5.519374796445383e-7,9.091512799580223e-7,1.5003262989833076e-6,2.4805118852624015e-6,4.1087656431220315e-6,6.8188409025966815e-6,1.1338621906639368e-5,1.889249593318723e-5,3.154532238278218e-5,5.2789080996113495e-5,8.854721411354091e-5,0.00014890147300615391,0.00025107575314700366,0.00042462134099253626,0.0007204875788060744,0.0012270168557442717,0.00209842157557528,0.0036060930624979945,0.006232452148167534,0.010846010762293865,0.019036583743318652,0.033780862182020824,0.060834869629760945,0.11188703070809253,0.21266731695198166,0.42901909558708595,0.9999999999861546]}