{"taus":[0.05,0.1,0.15000000000000002,0.2,0.25,0.30000000000000004,0.35000000000000003,0.4,0.45,0.5,0.55,0.6000000000000001,0.65,0.7000000000000001,0.75,0.8,0.8500000000000001,0.9,0.9500000000000001,1.0,1.05,1.1,1.1500000000000001,1.2000000000000002,1.25,1.3,1.35,1.4000000000000001,1.4500000000000002,1.5,1.55,1.6,1.6500000000000001,1.7000000000000002,1.75,1.8,1.85,1.9000000000000001,1.9500000000000002,2.0,2.0500000000000003,2.1,2.15,2.2,2.25,2.3000000000000003,2.35,2.4000000000000004,2.45,2.5,2.5500000000000003,2.6,2.6500000000000004,2.7,2.75,2.8000000000000003,2.85,2.9000000000000004,2.95,3.0,3.0500000000000003,3.1,3.1500000000000004,3.2,3.25,3.3000000000000003,3.35,3.4000000000000004,3.45,3.5,3.5500000000000003,3.6,3.6500000000000004,3.7,3.75,3.8000000000000003,3.85,3.9000000000000004,3.95,4.0,4.05,4.1000000000000005,4.15,4.2,4.25,4.3,4.3500000000000005,4.4,4.45,4.5,4.55,4.6000000000000005,4.65,4.7,4.75,4.800000000000001,4.8500000000000005,4.9,4.95,5.0,5.050000000000001],"bd":[2,4,2,4,4,8,8,16,16,32,32,60,52,60,54,60,54,60,54,60,54,60,54,60,54,60,54,60,54,60,54,60,54,60,54,60,56,60,54,60,54,60,54,60,54,60,54,60,54,60,54,60,54,60,54,60,54,60,54,60,54,60,54,60,54,60,54,60,54,60,54,60,54,60,54,60,54,60,54,60,54,60,54,60,54,60,54,60,54,60,54,60,54,60,54,60,54,60,54,60,54,60,54,60,54,60,54,60,54,60,54,60,54,60,54,60,54,60,54,60,54,60,54,60,54,60,54,60,54,60,54,60,54,60,54,60,54,60,56,60,56,60,56,60,56,60,56,60,56,60,56,60,56,60,56,60,56,60,56,60,56,60,56,60,54,60,54,60,54,60,54,60,54,60,54,60,54,60,54,60,54,60,54,60,54,60,54,60,54,60,54,60,52,60,32,32,16,16,8,8,4,4,2,1],"gtau":[4.23709992792741e-7,4.403687670128207e-7,4.67177321038608e-7,5.027172782730768e-7,5.466461125992458e-7,5.992024393290847e-7,6.610051061418217e-7,7.329689590598275e-7,8.162744225756092e-7,9.123648453301278e-7,1.0229596971923718e-6,1.15008095889263e-6,1.2960916134175978e-6,1.4637372888812798e-6,1.6562040097191993e-6,1.877183099564742e-6,2.130950151956553e-6,2.4224560935527283e-6,2.757428714940402e-6,3.142491993872581e-6,3.5853070218138946e-6,4.09477012806512e-6,4.681068791282917e-6,5.356183540600632e-6,6.133863837215344e-6,7.030011360624832e-6,8.06306410729233e-6,9.254385632460172e-6,1.0628735224513622e-5,1.2214818492269175e-5,1.404592577277134e-5,1.6160670493885464e-5,1.8603856417090444e-5,2.1427487128828597e-5,2.4691950344716135e-5,2.8467336442713923e-5,3.2835095750250854e-5,3.788986930145986e-5,4.3741661567268836e-5,5.051836815174719e-5,5.8368724209123715e-5,6.746574508917358e-5,7.801074244960525e-5,9.023801512845669e-5,0.00010442032922769744,0.0001208753237076893,0.0001399730006595935,0.0001621444863316826,0.00018789228432933183,0.00021780227885794765,0.0002525577944970825,0.00029295607227407695,0.00033992758796633395,0.00039455871469638154,0.0004581183244522247,0.0005320890316237015,0.0006182039110923624,0.0007184896851658827,0.0008353175407430582,0.0009714629883267199,0.001130176397989625,0.0013152662036595418,0.0015311971108662946,0.001783206114882489,0.0020774396720263117,0.0024211160209311857,0.002822717457426682,0.003292218314942551,0.003841355605180335,0.004483950715107769,0.005236292293576688,0.006117592726527574,0.007150533294004253,0.008361916720142176,0.009783449762201323,0.011452684477589951,0.0134141530166329,0.015720740157425108,0.01843534778084238,0.021632925622633633,0.02540295917629627,0.029852528591050306,0.03511007457414505,0.04132807215876451,0.04869635097172991,0.057442797225778094,0.06784612046098397,0.0802456917933792,0.09505781314396512,0.11279930022993137,0.13411746525807067,0.1598313769308784,0.19099081912748583,0.22896209839362602,0.2755706481377839,0.33327471310754514,0.4055535096747455,0.4974951071673317,0.6169159415637091,0.7766559831024872,0.9999995762907219]}