{"taus":[0.2,0.4,0.6000000000000001,0.8,1.0,1.2000000000000002,1.4000000000000001,1.6,1.8,2.0,2.2,2.4000000000000004,2.6,2.8000000000000003,3.0,3.2,3.4000000000000004,3.6,3.8000000000000003,4.0,4.2,4.4,4.6000000000000005,4.800000000000001,5.0,5.2,5.4,5.6000000000000005,5.800000000000001,6.0,6.2,6.4,6.6000000000000005,6.800000000000001,7.0,7.2,7.4,7.6000000000000005,7.800000000000001,8.0,8.200000000000001,8.4,8.6,8.8,9.0,9.200000000000001,9.4,9.600000000000001,9.8,10.0,10.200000000000001],"bd":[2,4,2,4,4,8,8,16,16,32,32,64,64,100,100,100,100,100,100,100,100,100,100,100,100,100,100,100,100,100,100,100,100,100,100,100,100,100,100,100,100,100,100,100,100,100,100,100,100,100,100,100,100,100,100,100,100,100,100,100,100,100,100,100,100,100,100,100,100,100,100,100,100,100,100,100,100,100,100,100,100,100,100,100,100,100,100,100,100,100,100,100,64,64,32,32,16,16,8,8,4,4,2,1],"gtau":[1.1310723592746213e-11,1.4054227030294066e-11,1.9572079504755938e-11,2.861248746294204e-11,4.311634409048267e-11,6.593302005594309e-11,1.0210639984124233e-10,1.5953491724656295e-10,2.5095254910970673e-10,3.969377376242548e-10,6.307771862463468e-10,1.0066378018612315e-9,1.6126325434498167e-9,2.5902488490866105e-9,4.171794004633665e-9,6.736434296350281e-9,1.090337589174772e-8,1.768757808360867e-8,2.8751487128642388e-8,4.6831727801891565e-8,7.642603391000954e-8,1.2496925858061173e-7,2.047279426955902e-7,3.360075001350813e-7,5.524658798458056e-7,9.100203909717835e-7,1.5016630289023066e-6,2.4825992298549855e-6,4.111707077449831e-6,6.823335815895466e-6,1.1344524264163027e-5,1.890089983585753e-5,3.15558053755034e-5,5.280280322018413e-5,8.856711900461849e-5,0.00014893132831379088,0.0002511120359195102,0.0004246937272970496,0.0007206082868459179,0.0012271895396470994,0.0020986499396859785,0.003606380666881673,0.006232813065323478,0.010846515914194353,0.019037418130112792,0.033782456857382084,0.06083786457391483,0.1118918745726073,0.21267201165784327,0.4290201978183545,0.9999999999879804]}