{"gf":[3.726639284162836e-6,3.7773123701939964e-6,3.908231839885151e-6,4.1016867695262495e-6,4.350004184471517e-6,4.65054920071551e-6,5.003617599038972e-6,5.411458100770363e-6,5.877797624033537e-6,6.407615569962455e-6,7.0070538018022425e-6,7.68340802035232e-6,8.445173272556911e-6,9.302129658401159e-6,1.0265461334020257e-5,1.1347905882156966e-5,1.256393354217308e-5,1.39299574036852e-5,1.5464576856294706e-5,1.7188857563704343e-5,1.912665211571872e-5,2.1304966381642902e-5,2.3754377494168157e-5,2.650951037168216e-5,2.9609580770419346e-5,3.309901407473026e-5,3.702815041274424e-5,4.1454048256156246e-5,4.644140046008371e-5,5.2063578759297885e-5,5.840382510315401e-5,6.555661093208253e-5,7.36291886299267e-5,8.274336299397525e-5,9.303751472409368e-5,0.00010466891273201652,0.00011781635761442471,0.00013268320503870583,0.00014950082519833743,0.0001685325630694428,0.0001900782741330658,0.0002144795217441675,0.0002421255356923724,0.0002734600470220676,0.0003089891322263497,0.00034929022093257365,0.0003950224456669166,0.00044693854082529494,0.0005058985313044648,0.0005728854902104698,0.0006490236906750661,0.0007355995302818596,0.0008340856693776248,0.0009461688983519954,0.0010737823358898287,0.001219142662742299,0.0013847932167520651,0.0015736539183738433,0.001789079166214575,0.0020349250446171736,0.002315627426687011,0.0026362928445940177,0.0030028043445682316,0.003421944959250847,0.0039015419305285953,0.0044506354211354855,0.005079676187616934,0.0058007575816443,0.0066278883404510035,0.0075773139706119584,0.008667896187233444,0.009921561926761368,0.01136383601563432,0.013024474793116768,0.014938222046280909,0.01714571377458821,0.019694564907395625,0.022640679623213006,0.026049838017931547,0.0299996264528294,0.034581798271765204,0.039905177558574575,0.04609925389599222,0.053318664649903376,0.06174882908466129,0.07161309470224134,0.08318189474484598,0.09678461933480344,0.11282520795052174,0.13180293921626504,0.15434063088776723,0.1812236559668539,0.2134551753342698,0.2523364452139764,0.29958730921351684,0.3575338494126941,0.42941401697014064,0.519903395964223,0.6360834579176169,0.7893876075866505,0.9999962733607158],"ts":[0.0,0.05,0.1,0.15000000000000002,0.2,0.25,0.30000000000000004,0.35000000000000003,0.4,0.45,0.5,0.55,0.6000000000000001,0.65,0.7000000000000001,0.75,0.8,0.8500000000000001,0.9,0.9500000000000001,1.0,1.05,1.1,1.1500000000000001,1.2000000000000002,1.25,1.3,1.35,1.4000000000000001,1.4500000000000002,1.5,1.55,1.6,1.6500000000000001,1.7000000000000002,1.75,1.8,1.85,1.9000000000000001,1.9500000000000002,2.0,2.0500000000000003,2.1,2.15,2.2,2.25,2.3000000000000003,2.35,2.4000000000000004,2.45,2.5,2.5500000000000003,2.6,2.6500000000000004,2.7,2.75,2.8000000000000003,2.85,2.9000000000000004,2.95,3.0,3.0500000000000003,3.1,3.1500000000000004,3.2,3.25,3.3000000000000003,3.35,3.4000000000000004,3.45,3.5,3.5500000000000003,3.6,3.6500000000000004,3.7,3.75,3.8000000000000003,3.85,3.9000000000000004,3.95,4.0,4.05,4.1000000000000005,4.15,4.2,4.25,4.3,4.3500000000000005,4.4,4.45,4.5,4.55,4.6000000000000005,4.65,4.7,4.75,4.800000000000001,4.8500000000000005,4.9,4.95,5.0]}