{"taus":[0.05,0.1,0.15000000000000002,0.2,0.25,0.30000000000000004,0.35000000000000003,0.4,0.45,0.5,0.55,0.6000000000000001,0.65,0.7000000000000001,0.75,0.8,0.8500000000000001,0.9,0.9500000000000001,1.0,1.05,1.1,1.1500000000000001,1.2000000000000002,1.25,1.3,1.35,1.4000000000000001,1.4500000000000002,1.5,1.55,1.6,1.6500000000000001,1.7000000000000002,1.75,1.8,1.85,1.9000000000000001,1.9500000000000002,2.0,2.0500000000000003,2.1,2.15,2.2,2.25,2.3000000000000003,2.35,2.4000000000000004,2.45,2.5,2.5500000000000003,2.6,2.6500000000000004,2.7,2.75,2.8000000000000003,2.85,2.9000000000000004,2.95,3.0,3.0500000000000003,3.1,3.1500000000000004,3.2,3.25,3.3000000000000003,3.35,3.4000000000000004,3.45,3.5,3.5500000000000003,3.6,3.6500000000000004,3.7,3.75,3.8000000000000003,3.85,3.9000000000000004,3.95,4.0,4.05,4.1000000000000005,4.15,4.2,4.25,4.3,4.3500000000000005,4.4,4.45,4.5,4.55,4.6000000000000005,4.65,4.7,4.75,4.800000000000001,4.8500000000000005,4.9,4.95,5.0,5.050000000000001],"bd":[2,4,2,4,4,8,8,16,16,20,18,20,20,20,20,20,20,20,20,20,18,20,18,20,18,20,18,20,18,20,18,20,18,20,18,20,18,20,18,20,18,20,18,20,18,20,18,20,18,20,18,20,18,20,18,20,18,20,18,20,18,20,18,20,18,20,18,20,18,20,18,20,18,20,18,20,18,20,18,20,18,20,18,20,18,20,18,20,18,20,18,20,18,20,18,20,18,20,18,20,18,20,18,20,18,20,18,20,18,20,18,20,18,20,18,20,18,20,18,20,18,20,18,20,18,20,18,20,18,20,18,20,18,20,18,20,18,20,18,20,18,20,18,20,18,20,18,20,18,20,18,20,18,20,18,20,18,20,18,20,18,20,18,20,18,20,18,20,18,20,18,20,18,20,18,20,18,20,18,20,20,20,18,20,18,20,18,20,18,20,20,20,20,20,20,20,16,16,8,8,4,4,2,1],"gtau":[5.583363661369235e-7,5.806608463390407e-7,6.163715798712464e-7,6.636379077859591e-7,7.220344540969894e-7,7.91896474510679e-7,8.740582157320898e-7,9.69741194894341e-7,1.0805087265966159e-6,1.2082576896913884e-6,1.3552616232640636e-6,1.5246316424350238e-6,1.7196579434732996e-6,1.9432191309517635e-6,2.1995555775462606e-6,2.49355383413761e-6,2.830881996401537e-6,3.218077110867918e-6,3.662669176599225e-6,4.173333539786988e-6,4.760068661642771e-6,5.43440268612924e-6,6.209629075629744e-6,7.101074629084403e-6,8.126403754732913e-6,9.305964022179751e-6,1.066318052355944e-5,1.2225008860454636e-5,1.4022458217741895e-5,1.6091196936855267e-5,1.8472253837807346e-5,2.1212829447868787e-5,2.436723310290758e-5,2.799796360889483e-5,3.217695365406149e-5,3.69870012204701e-5,4.2523427843701696e-5,4.88960892844067e-5,5.6231911338627045e-5,6.467734755134028e-5,7.44004630861495e-5,8.559406917868814e-5,9.847986273275113e-5,0.00011331297612295329,0.00013038695354039817,0.00015003934829347867,0.00017265812795706355,0.0001986890660269873,0.00022864431135607253,0.00026311235636921823,0.0003027696693457504,0.0003483943128772778,0.00040088193398387636,0.00046126457838067134,0.0005307328455838139,0.0006106619721417867,0.0007026425115089136,0.0008085163863448916,0.000930419227505327,0.0010708300926749533,0.0012326298830870042,0.001419170060277525,0.001634353609947384,0.0018827306224296952,0.002169611367957908,0.00250120036468763,0.002884755691631951,0.003328778704986267,0.0038432404683147675,0.004439852630771079,0.005132393892348816,0.005937101021083767,0.006873141488010637,0.00796318650206603,0.009234106531592005,0.010717819714151927,0.012452330952257567,0.014483010734426106,0.01686416260347528,0.019661101461892067,0.022952473842119597,0.02683101947810288,0.03141203882726035,0.036836523503440355,0.043276547960182106,0.05094358165655491,0.06009941706924323,0.07107052605102225,0.08426721745244618,0.10020960135827864,0.11956346782217515,0.14319100912336874,0.17227435898477092,0.2079683505114757,0.2526761052083109,0.30884900676271876,0.3802808152961867,0.47261552570530607,0.5947003873766326,0.7613570150525121,0.9999994416627712]}