{"taus":[0.05,0.1,0.15000000000000002,0.2,0.25,0.30000000000000004,0.35000000000000003,0.4,0.45,0.5,0.55,0.6000000000000001,0.65,0.7000000000000001,0.75,0.8,0.8500000000000001,0.9,0.9500000000000001,1.0,1.05,1.1,1.1500000000000001,1.2000000000000002,1.25,1.3,1.35,1.4000000000000001,1.4500000000000002,1.5,1.55,1.6,1.6500000000000001,1.7000000000000002,1.75,1.8,1.85,1.9000000000000001,1.9500000000000002,2.0,2.0500000000000003,2.1,2.15,2.2,2.25,2.3000000000000003,2.35,2.4000000000000004,2.45,2.5,2.5500000000000003,2.6,2.6500000000000004,2.7,2.75,2.8000000000000003,2.85,2.9000000000000004,2.95,3.0,3.0500000000000003,3.1,3.1500000000000004,3.2,3.25,3.3000000000000003,3.35,3.4000000000000004,3.45,3.5,3.5500000000000003,3.6,3.6500000000000004,3.7,3.75,3.8000000000000003,3.85,3.9000000000000004,3.95,4.0,4.05,4.1000000000000005,4.15,4.2,4.25,4.3,4.3500000000000005,4.4,4.45,4.5,4.55,4.6000000000000005,4.65,4.7,4.75,4.800000000000001,4.8500000000000005,4.9,4.95,5.0,5.050000000000001],"bd":[2,4,2,4,4,8,8,16,16,32,32,64,64,80,78,80,78,80,80,80,80,80,80,80,80,80,80,80,78,80,80,80,80,80,80,80,80,80,80,80,80,80,80,80,80,80,80,80,80,80,80,80,80,80,80,80,80,80,80,80,80,80,80,80,80,80,80,80,80,80,80,80,80,80,80,80,80,80,80,80,78,80,78,80,78,80,80,80,80,80,80,80,80,80,80,80,80,80,80,80,78,80,78,80,78,80,78,80,78,80,78,80,78,80,78,80,78,80,78,80,80,80,80,80,80,80,80,80,80,80,80,80,78,80,80,80,80,80,80,80,80,80,80,80,78,80,78,80,80,80,80,80,80,80,80,80,80,80,78,80,78,80,78,80,78,80,78,80,78,80,80,80,78,80,80,80,78,80,78,80,78,80,78,80,78,80,76,80,78,80,78,80,64,64,32,32,16,16,8,8,4,4,2,1],"gtau":[5.856215628551816e-6,5.93586045881225e-6,6.141616278023687e-6,6.445640826620699e-6,6.835874584248857e-6,7.308177344843226e-6,7.86301294974589e-6,8.503914829217291e-6,9.23673901124647e-6,1.0069309714190425e-5,1.1011279138222113e-5,1.2074114082032727e-5,1.3271165370366298e-5,1.4617800186897905e-5,1.6131563183244525e-5,1.7832533224614787e-5,1.9743440437722294e-5,2.1890058448704497e-5,2.4301604512419434e-5,2.701110610653891e-5,3.005595468486761e-5,3.347845337117736e-5,3.7326483369192255e-5,4.165452937512583e-5,4.65238305761904e-5,5.2004034419762266e-5,5.817397229080762e-5,6.512287224314761e-5,7.295180258586384e-5,8.17752887147832e-5,9.172314657227011e-5,0.00010294257166773805,0.00011560051906727292,0.00012988641116254215,0.00014601522279556763,0.00016423099958547967,0.00018481086816314954,0.00020806961294141232,0.00023436491133783333,0.0002641032982736365,0.00029774693882385415,0.0003358213934032128,0.0003789245064935869,0.00042773655656045876,0.0004830318491511285,0.0005456919701246074,0.000616720945631841,0.000697262586458027,0.0007886203350412299,0.0008922799917485281,0.001009935756236417,0.0011435200725091195,0.0012952378417071153,0.0014676056571946456,0.001663496823521493,0.0018861930451889817,0.002139443814089752,0.0024275346809044295,0.0027553657820965677,0.0031285422124265314,0.0035534780957307225,0.004037516510777414,0.0045890677893964645,0.0052177691245808245,0.005934668925515703,0.006752439950569862,0.007685625956407535,0.008750927430796052,0.009967533029332431,0.011357504374373023,0.01294622334255094,0.014762912833500058,0.016841244389462752,0.019220049438793924,0.021944154902121378,0.025065368157385526,0.02864363951468693,0.032748434346243964,0.037460356446489276,0.04287307816736903,0.04909564496134126,0.05625523786819915,0.06450052528559544,0.07400573960601017,0.08497566729281981,0.09765180841200573,0.11231984985462007,0.12931930870227995,0.14905646029272202,0.17201946713003222,0.1987935077408025,0.2301019608709383,0.26683607444890506,0.31010761659138625,0.3613246191096894,0.4223025909693308,0.4954349871707908,0.5839668681706269,0.6924401445435576,0.8275782877774301,0.9999941437834959]}