{"taus":[0.05,0.1,0.15000000000000002,0.2,0.25,0.30000000000000004,0.35000000000000003,0.4,0.45,0.5,0.55,0.6000000000000001,0.65,0.7000000000000001,0.75,0.8,0.8500000000000001,0.9,0.9500000000000001,1.0,1.05,1.1,1.1500000000000001,1.2000000000000002,1.25,1.3,1.35,1.4000000000000001,1.4500000000000002,1.5,1.55,1.6,1.6500000000000001,1.7000000000000002,1.75,1.8,1.85,1.9000000000000001,1.9500000000000002,2.0,2.0500000000000003,2.1,2.15,2.2,2.25,2.3000000000000003,2.35,2.4000000000000004,2.45,2.5,2.5500000000000003,2.6,2.6500000000000004,2.7,2.75,2.8000000000000003,2.85,2.9000000000000004,2.95,3.0,3.0500000000000003,3.1,3.1500000000000004,3.2,3.25,3.3000000000000003,3.35,3.4000000000000004,3.45,3.5,3.5500000000000003,3.6,3.6500000000000004,3.7,3.75,3.8000000000000003,3.85,3.9000000000000004,3.95,4.0,4.05,4.1000000000000005,4.15,4.2,4.25,4.3,4.3500000000000005,4.4,4.45,4.5,4.55,4.6000000000000005,4.65,4.7,4.75,4.800000000000001,4.8500000000000005,4.9,4.95,5.0,5.050000000000001],"bd":[2,4,2,4,4,8,8,16,16,32,32,60,52,60,54,60,54,60,52,60,54,60,54,60,54,60,56,60,56,60,56,60,56,60,56,60,56,60,56,60,54,60,54,60,54,60,54,60,54,60,54,60,54,60,54,60,54,60,54,60,54,60,56,60,56,60,56,60,56,60,56,60,54,60,56,60,56,60,56,60,56,60,56,60,56,60,56,60,56,60,56,60,56,60,56,60,56,60,56,60,56,60,56,60,56,60,56,60,56,60,56,60,56,60,56,60,56,60,56,60,56,60,56,60,54,60,54,60,54,60,54,60,54,60,54,60,52,60,52,60,52,60,52,60,52,60,52,60,52,60,52,60,52,60,52,60,52,60,52,60,52,60,52,60,52,60,52,60,52,60,52,60,54,60,54,60,54,60,52,60,52,60,52,60,52,60,52,60,54,60,54,60,52,60,32,32,16,16,8,8,4,4,2,1],"gtau":[9.615306780565727e-5,9.505759290067163e-5,9.592457050261349e-5,9.818653626204833e-5,0.00010155848270296406,0.00010589279289882163,0.00011111717390513031,0.00011720496649701928,0.00012415982907997602,0.00013200733263169458,0.00014079029887164072,0.00015056664274789165,0.00016140770632510148,0.00017339648951711776,0.00018662893975605473,0.00020121434216533588,0.0002172757429953798,0.0002349504776517317,0.00025439158735951706,0.0002757692374040147,0.0002992721867087384,0.0003251094734454869,0.0003535123380898467,0.00038473652616271826,0.00041906469135200475,0.0004568091056641232,0.0004983145899886153,0.0005439617046092732,0.0005941703059592796,0.0006494035597740865,0.0007101725574347341,0.0007770416065686131,0.0008506340075222772,0.0009316383417974963,0.0010208154560052477,0.0011190060600366769,0.0012271362855900134,0.0013462218534309146,0.001477385620059359,0.001621873486141531,0.0017810608721428617,0.0019564672952327783,0.0021497743269996666,0.002362844724349049,0.0025977424620781727,0.0028567540350780715,0.003142411615415471,0.003457518891655971,0.0038051801637307555,0.004188832978220789,0.004612284708177447,0.005079754059809459,0.005595917392964452,0.006165958949687432,0.006795626844347377,0.007491296360913816,0.008260040874032159,0.009109710921119962,0.01004902238509544,0.011087654997953595,0.012236362538944077,0.013507096272032991,0.014913143363276867,0.01646928226769861,0.018191957439286904,0.020099476545100567,0.022212231350157582,0.02455292868037158,0.027146875307361797,0.030022382359917554,0.03321111871062441,0.03674846251969989,0.04067394408891454,0.04503177791601658,0.0498715096777121,0.05524879284782858,0.06122614436356764,0.06787624588326531,0.07527358701122547,0.08350987505980409,0.09268658774096114,0.10291839295381332,0.11433546355459906,0.12708627717163476,0.141340909613388,0.15729503102640302,0.1751748474242707,0.19524354543330008,0.21780944385442944,0.24323648918600943,0.27196403499302596,0.3045282554027844,0.34159105556123104,0.3839810091220109,0.43275683189474534,0.48931239602436405,0.5555266461729147,0.6340912164801465,0.7290653416920634,0.8470446446249186,0.9999038469318893]}