{"taus":[0.1,0.2,0.30000000000000004,0.4,0.5,0.6000000000000001,0.7000000000000001,0.8,0.9,1.0,1.1],"bd":[2,4,2,4,4,8,8,16,16,32,32,40,40,40,32,32,16,16,8,8,4,4,2,1],"gtau":[0.07585821562067298,0.08003653246165948,0.09072740814334802,0.10765064272862118,0.13224647889649088,0.16740032131562252,0.21803760146142812,0.2926249424255597,0.40661280556584173,0.5913942327993796,0.9241417843792714]}