{"taus":[0.2,0.4,0.6000000000000001,0.8,1.0,1.2000000000000002,1.4000000000000001,1.6,1.8,2.0,2.2,2.4000000000000004,2.6,2.8000000000000003,3.0,3.2,3.4000000000000004,3.6,3.8000000000000003,4.0,4.2,4.4,4.6000000000000005,4.800000000000001,5.0,5.2,5.4,5.6000000000000005,5.800000000000001,6.0,6.2,6.4,6.6000000000000005,6.800000000000001,7.0,7.2,7.4,7.6000000000000005,7.800000000000001,8.0,8.200000000000001,8.4,8.6,8.8,9.0,9.200000000000001,9.4,9.600000000000001,9.8,10.0,10.200000000000001],"bd":[2,4,2,4,4,8,8,16,16,32,32,64,64,100,94,100,94,100,96,100,98,100,98,100,98,100,96,100,96,100,96,100,96,100,96,100,96,100,96,100,96,100,96,100,96,100,96,100,96,100,96,100,96,100,96,100,96,100,96,100,96,100,96,100,96,100,96,100,94,100,94,100,96,100,96,100,96,100,94,100,96,100,98,100,98,100,96,100,94,100,94,100,64,64,32,32,16,16,8,8,4,4,2,1],"gtau":[0.07591292015342706,0.07708906977628234,0.07942269777327432,0.08231556003387032,0.08559504608179486,0.0891928139356223,0.09307887419246648,0.0972408298151337,0.10167565631957994,0.10638593689164344,0.11137795690510206,0.11666067144306279,0.1222451170052229,0.12814406722740318,0.13437183544480769,0.14094416628015938,0.14787818791285534,0.15519239809326044,0.16290668786116339,0.1710423787140172,0.17962228088264334,0.18867077292732576,0.1982138970171005,0.2082794725568639,0.21889721788264987,0.2300988925751102,0.2419184657740967,0.2543923091212511,0.26755942037020825,0.28146168174059344,0.29614416339005245,0.3116554822781815,0.3280482314017459,0.345379503877429,0.3637115409664261,0.3831124997649226,0.4036573965174804,0.4254293911776103,0.44852158760499156,0.4730394962458433,0.49910439768898207,0.5268581285159365,0.5564701369926843,0.58814845297288,0.6221580802808827,0.6588531568606404,0.6987366106150505,0.7425896743043872,0.7917868394274876,0.849263200313221,0.9240870798467069]}