{"taus":[0.2,0.4,0.6000000000000001,0.8,1.0,1.2000000000000002,1.4000000000000001,1.6,1.8,2.0,2.2,2.4000000000000004,2.6,2.8000000000000003,3.0,3.2,3.4000000000000004,3.6,3.8000000000000003,4.0,4.2,4.4,4.6000000000000005,4.800000000000001,5.0,5.2,5.4,5.6000000000000005,5.800000000000001,6.0,6.2,6.4,6.6000000000000005,6.800000000000001,7.0,7.2,7.4,7.6000000000000005,7.800000000000001,8.0,8.200000000000001,8.4,8.6,8.8,9.0,9.200000000000001,9.4,9.600000000000001,9.8,10.0,10.200000000000001],"bd":[2,4,2,4,4,8,8,16,16,32,32,64,64,128,116,140,132,140,134,140,132,140,132,140,134,140,134,140,132,140,132,140,130,140,132,140,132,140,132,140,132,140,132,140,132,140,132,140,132,140,132,140,132,140,132,140,132,140,132,140,132,140,132,140,132,140,130,140,132,140,130,140,132,140,132,140,132,140,130,140,132,140,130,140,132,140,132,140,132,140,114,128,64,64,32,32,16,16,8,8,4,4,2,1],"gtau":[0.07589690366882948,0.07707280573598332,0.07940594179922392,0.08229819468058562,0.08557698992742645,0.08917399966568475,0.0930592407815872,0.0972203189276095,0.1016542103312512,0.10636349770973375,0.11135446534893675,0.11663606553898855,0.12221933142604235,0.1281170349476507,0.13434348916241654,0.14091444002712436,0.1478470142719222,0.15515971009074508,0.16287241481296455,0.1710064401017189,0.17958460260871473,0.18863128179737834,0.19817251861298812,0.2082361230819377,0.218851804614044,0.23005132176716908,0.24186864913553735,0.2543401667935298,0.26750488286517615,0.28140469416374697,0.29608469166175994,0.3115935212196544,0.32798381429123663,0.345312708833178,0.3636424890574796,0.3830413849624448,0.40358458717524465,0.42535555597758334,0.4484477394992629,0.4729669443842845,0.49903463548021804,0.5267927058987398,0.5564105678108209,0.58809629003136,0.6221149706322375,0.6588205632512434,0.6987167072949362,0.7425849197032577,0.7917980946532842,0.8492858134493749,0.9241030963323296]}