{"taus":[0.2,0.4,0.6000000000000001,0.8,1.0,1.2000000000000002,1.4000000000000001,1.6,1.8,2.0,2.2,2.4000000000000004,2.6,2.8000000000000003,3.0,3.2,3.4000000000000004,3.6,3.8000000000000003,4.0,4.2,4.4,4.6000000000000005,4.800000000000001,5.0,5.2,5.4,5.6000000000000005,5.800000000000001,6.0,6.2,6.4,6.6000000000000005,6.800000000000001,7.0,7.2,7.4,7.6000000000000005,7.800000000000001,8.0,8.200000000000001,8.4,8.6,8.8,9.0,9.200000000000001,9.4,9.600000000000001,9.8,10.0,10.200000000000001],"bd":[2,4,2,4,4,8,8,16,16,32,32,64,62,100,90,100,98,100,100,100,100,100,100,100,100,100,100,100,100,100,100,100,100,100,100,100,100,100,100,100,100,100,100,100,100,100,100,100,100,100,100,100,100,100,100,100,100,100,100,100,100,100,100,100,100,100,100,100,100,100,100,100,100,100,100,100,100,100,100,100,100,100,100,100,100,100,100,100,98,100,94,100,62,64,32,32,16,16,8,8,4,4,2,1],"gtau":[2.4996522811603555e-15,2.39821123171074e-16,1.2569562610019423e-16,1.707596961695498e-16,1.2358136693817028e-15,-1.5854778339921668e-15,5.766832493284882e-16,2.6573043875711247e-16,1.1944128806467167e-15,3.3182538788867976e-16,4.81859853607831e-17,-2.8477909900258146e-15,-2.0200538268314387e-15,-1.0123741819851442e-14,-3.09798812612758e-15,-1.1052997540082546e-15,-1.7105358354958976e-15,-1.031166047398146e-15,2.206990899317793e-16,3.1544721251321434e-15,1.918628834277215e-15,1.3107110567116005e-15,2.3511636829955674e-15,3.5198876316375365e-15,2.856082374103825e-15,2.7548665395390224e-15,-3.2187633602614134e-17,-3.1185039544267125e-15,2.726798406791544e-16,6.173743900154553e-15,4.207281819730872e-15,2.5663611743484825e-15,5.176019721142191e-16,3.718137249643588e-15,7.443390534153035e-15,5.9079031259574e-14,4.266265609562242e-13,3.1081526327710122e-12,2.29664778207806e-11,1.6977603111861509e-10,1.2553496678842416e-9,9.283968138108942e-9,6.868027729575274e-8,5.083131040477313e-7,3.764928175131666e-6,2.7921833541591604e-5,0.00020757990615195306,0.0015511681376900682,0.011743640900703482,0.0930145164573553,0.999999999999928]}