{"taus":[0.2,0.4,0.6000000000000001,0.8,1.0,1.2000000000000002,1.4000000000000001,1.6,1.8,2.0,2.2,2.4000000000000004,2.6,2.8000000000000003,3.0,3.2,3.4000000000000004,3.6,3.8000000000000003,4.0,4.2,4.4,4.6000000000000005,4.800000000000001,5.0,5.2,5.4,5.6000000000000005,5.800000000000001,6.0,6.2,6.4,6.6000000000000005,6.800000000000001,7.0,7.2,7.4,7.6000000000000005,7.800000000000001,8.0,8.200000000000001,8.4,8.6,8.8,9.0,9.200000000000001,9.4,9.600000000000001,9.8,10.0,10.200000000000001],"bd":[2,4,2,4,4,8,8,16,16,32,32,60,60,60,60,60,60,60,60,60,60,60,60,60,60,60,60,60,60,60,60,60,60,60,60,60,60,60,60,60,60,60,60,60,60,60,60,60,60,60,60,60,60,60,60,60,60,60,60,60,60,60,60,60,60,60,60,60,60,60,60,60,60,60,60,60,60,60,60,60,60,60,60,60,60,60,60,60,60,60,60,60,60,60,32,32,16,16,8,8,4,4,2,1],"gtau":[0.9999999999988288,0.42892274104625017,0.2125789442094102,0.11182882621893052,0.06079382473186623,0.03374822003527902,0.019008181532609796,0.010821070063052838,0.006212150408802022,0.0035862884623146297,0.0020740005417876667,0.0012006758467080416,0.0006955079342863028,0.0004028540719094111,0.0002335793856269209,0.00013564900753518423,7.890062704457308e-5,4.595853239397701e-5,2.68052201917868e-5,1.5653271295125366e-5,9.15177082185125e-6,5.356873383170325e-6,3.1393071172700443e-6,1.841845561349927e-6,1.0818184540019816e-6,6.360705906417564e-7,3.7434836539117073e-7,2.2052663209766117e-7,1.3003676909488031e-7,7.675252501003281e-8,4.534528884873662e-8,2.6814349493364623e-8,1.5869749964492642e-8,9.399421772928527e-9,5.570687434008226e-9,3.303164330950842e-9,1.9592797707195205e-9,1.1623993488451291e-9,6.897637428095928e-10,4.093317806161863e-10,2.4287019079238736e-10,1.440537744163519e-10,8.542473836259862e-11,5.067354484894475e-11,3.007439931863546e-11,1.7852885532082e-11,1.0576409656288368e-11,6.2121399483859685e-12,3.6044949197381605e-12,2.0460274391109343e-12,1.177389949935565e-12]}