{"ns":[-1.028731051270531,-1.0303951132969502,-1.030309412405974,-1.0300188905831913,-1.0299391212850586,-1.0302392709299977,-1.0309098342171805,-1.031148901759912,-1.0313253041118722,-1.031518056885445,-1.031750546946379,-1.0318106518513186,-1.031678049760816,-1.031376452540802,-1.0309460302612719,-1.0304134887125747,-1.0298110625015895,-1.0291694124934354,-1.0284290517186776,-1.0276092971315491,-1.0267632695102156,-1.0263449471314035,-1.0257580957844206,-1.0248127572960788,-1.023501999560869,-1.0223113969779092,-1.0210632478586248,-1.0196939868135828,-1.0182372968328774,-1.016854197862899,-1.0157557916492819,-1.0147343662001906,-1.0136005459533914,-1.0124575150775816,-1.0116432246113338,-1.0108789487633207,-1.0102074165611228,-1.0096177583563093,-1.0091120441459873,-1.0086955607934092,-1.0083652648695005,-1.0081176412052162,-1.007950863940378,-1.0078640306678819,-1.0078760170986545,-1.0079543594826041,-1.0081604352383022,-1.008446696870397,-1.0088060611165082,-1.0092096776452673,-1.009681872268907,-1.0102776844903159,-1.0104824444548175,-1.01008115797532,-1.0097803208092226,-1.0095818288572977,-1.0094684617093075,-1.0094450482548263,-1.009472488022156,-1.00950128033552,-1.009522705224092,-1.0095364725873004,-1.0095158873167756,-1.009449826337214,-1.009308719576668,-1.009075186625071,-1.0087629453552251,-1.0083529095460153,-1.0078862230995735,-1.0073680649699053,-1.0068202170858147,-1.0062323964047477,-1.005631902482713,-1.0052632101779204,-1.0048097709160173,-1.0044133657465832,-1.0039552685530995,-1.0035134078195993,-1.0030908457450232,-1.0026856501620576,-1.0023278924318728,-1.0020073356024386,-1.0017059876571084,-1.0015788763429727,-1.001373381977298,-1.0012643862765007,-1.001129713628187,-1.0009678072336332,-1.0008197266170744,-1.0006719294395998,-1.0005180031338432,-1.000406561786437,-1.0003328677931431,-1.0002203496877937,-1.0001223745431431,-1.0000297199617294,-0.9999989835423845,-1.0000007902722587,-1.0000095914366574,-1.0000101860435016],"taus":[0.1,0.2,0.30000000000000004,0.4,0.5,0.6000000000000001,0.7000000000000001,0.8,0.9,1.0,1.1,1.2000000000000002,1.3,1.4000000000000001,1.5,1.6,1.7000000000000002,1.8,1.9000000000000001,2.0,2.1,2.2,2.3000000000000003,2.4000000000000004,2.5,2.6,2.7,2.8000000000000003,2.9000000000000004,3.0,3.1,3.2,3.3000000000000003,3.4000000000000004,3.5,3.6,3.7,3.8000000000000003,3.9000000000000004,4.0,4.1000000000000005,4.2,4.3,4.4,4.5,4.6000000000000005,4.7,4.800000000000001,4.9,5.0,5.1000000000000005],"bd":[2,4,2,4,4,8,8,16,16,32,32,64,64,80,76,80,76,80,76,80,76,80,76,80,78,80,78,80,78,80,78,80,78,80,78,80,78,80,78,80,78,80,78,80,78,80,78,80,78,80,78,80,76,80,76,80,76,80,76,80,76,80,76,80,78,80,78,80,78,80,78,80,78,80,78,80,78,80,78,80,78,80,78,80,78,80,78,80,78,80,78,80,78,80,78,80,80,80,78,80,80,80,40,80,40,80,80,40,40,80,80,80,70,80,80,80,70,80,80,79,70,80,80,80,72,80,80,79,72,80,80,79,72,80,80,79,72,80,80,79,72,80,80,79,71,80,80,79,71,80,80,80,71,80,80,80,71,80,80,80,71,80,80,80,71,80,80,80,71,80,80,80,72,80,80,80,72,80,80,80,70,80,80,80,71,80,80,80,72,80,80,80,72,80,80,80,72,80,80,80,73,80,80,79,72,80,80,79,70,80,80,79,71,80,80,79,70,80,80,79,71,80,80,79,71,80,80,79,71,80,80,79,71,80,80,79,71,80,80,79,71,80,80,79,71,80,80,79,71,80,80,79,71,80,80,79,71,80,80,79,71,80,80,79,71,80,80,79,71,80,80,79,71,80,80,79,71,80,80,79,71,80,80,79,70,80,80,79,70,80,80,79,70,80,80,79,70,80,80,79,70,80,80,79,71,80,80,79,70,80,80,79,71,80,80,79,72,80,80,79,72,80,80,79,72,80,80,79,73,80,80,79,72,80,80,79,72,80,80,79,72,80,80,79,72,80,80,79,72,80,80,79,72,80,80,79,73,80,80,79,73,80,80,79,73,80,80,79,72,80,80,79,73,80,80,79,73,80,80,79,73,80,80,79,73,80,80,79,73,80,80,79,73,80,80,79,71,80,80,79,72,80,80,79,72,80,80,79,72,80,80,79,72,80,80,79,72,80,80,79,72,80,80,79,71,80,80,79,71,80,80,79,71,80,80,80,72,80,80,79,72,80,80,79,72,80,80,78,72,80,80,78,72,80,80,78,72,80,80,78,72,80,80,78,71,80,80,78,72,80,80,78,71,80,80,78,70,80,80,79,69,80,80,79,69,80,80,79,67,80,80,79,65,80,80,60,32,32,32,16,8,8,8,4,2,4,2,1],"lt":[{"re":-0.04360117042318938,"im":1.028731051270531},{"re":-0.31042629559050433,"im":0.9667697370738683},{"re":-0.520389794434846,"im":0.8133842066596353},{"re":-0.6554824033142004,"im":0.6284397993112445},{"re":-0.7255963686665472,"im":0.44166390646942244},{"re":-0.7475794559230211,"im":0.26890969278021193},{"re":-0.7364486719675545,"im":0.1160931429550708},{"re":-0.7025467314754618,"im":-0.016114849039263596},{"re":-0.652478353397874,"im":-0.129563637976021},{"re":-0.5904907615410718,"im":-0.22545145774882544},{"re":-0.519767675963242,"im":-0.30467470602750996},{"re":-0.44298628647815985,"im":-0.36795467291895484},{"re":-0.36239986508543837,"im":-0.4159916649882209},{"re":-0.2800565786254695,"im":-0.4495328236704979},{"re":-0.1977248619137233,"im":-0.46934187220623785},{"re":-0.1170209033780255,"im":-0.47623665062950005},{"re":-0.039443925920337124,"im":-0.4711261104987734},{"re":0.03361787736827386,"im":-0.4550452187027834},{"re":0.1009417053539188,"im":-0.4291634465448929},{"re":0.16149267220488198,"im":-0.39470551512518554},{"re":0.21442825987969624,"im":-0.3529795341229216},{"re":0.2591045720747937,"im":-0.30535393157047097},{"re":0.29506021271567867,"im":-0.25327625495012157},{"re":0.32198240699487857,"im":-0.19812817276336073},{"re":0.3397808794928436,"im":-0.14128591960746384},{"re":0.3485968446622323,"im":-0.08409397183356979},{"re":0.34872572095779475,"im":-0.027774026999044434},{"re":0.3406212784387785,"im":0.026483754895177795},{"re":0.3248851906288967,"im":0.07759085537172355},{"re":0.302225425685542,"im":0.1245825334076646},{"re":0.27347270869799145,"im":0.1666422586940977},{"re":0.23952623432138515,"im":0.20308312633452952},{"re":0.20132855315202014,"im":0.2333295924044727},{"re":0.1598921903892673,"im":0.2569721086915806},{"re":0.11628172969733012,"im":0.27375362113107005},{"re":0.07156504730996362,"im":0.28359580957422226},{"re":0.026761024825554713,"im":0.28655981937744157},{"re":-0.017164676697415244,"im":0.2828345041187771},{"re":-0.05928493922645266,"im":0.27273505288930794},{"re":-0.09873191002023508,"im":0.25669773406308555},{"re":-0.13471771688070283,"im":0.2352739206748326},{"re":-0.1665535225936089,"im":0.20911626858312596},{"re":-0.19366476877418615,"im":0.17895998009100084},{"re":-0.2155996496443669,"im":0.1456014850636996},{"re":-0.23203291086277852,"im":0.10988416426393749},{"re":-0.24276847122587458,"im":0.07267139636104869},{"re":-0.24774400214585052,"im":0.034830021747020115},{"re":-0.2470182426718756,"im":-0.002784778415593982},{"re":-0.2407697219491097,"im":-0.03935039750559515},{"re":-0.22929097031992954,"im":-0.07408191725151747},{"re":-0.21298667419889117,"im":-0.10626702770946811},{"re":-0.1923433798952616,"im":-0.13526900251428917},{"re":-0.16793124846053498,"im":-0.1605319944687767},{"re":-0.14039652067897332,"im":-0.18157442631771983},{"re":-0.11043806300706173,"im":-0.1980516905311965},{"re":-0.07877618472148391,"im":-0.20977199624055237},{"re":-0.046157519342860304,"im":-0.216591702430723},{"re":-0.01332410108025496,"im":-0.21846895519604845},{"re":0.01898900351584381,"im":-0.2154774419751784},{"re":0.0500682502998064,"im":-0.2078093000289501},{"re":0.07924813790487081,"im":-0.19576844734776044},{"re":0.10593040660090632,"im":-0.17975467090062416},{"re":0.12959982816011958,"im":-0.1602447770149144},{"re":0.14983185399852422,"im":-0.13777437581253418},{"re":0.16629248405132097,"im":-0.11292424937305784},{"re":0.1787363618627753,"im":-0.086299944768548},{"re":0.1870167211189237,"im":-0.05852360104585277},{"re":0.1910789800611482,"im":-0.030214933985716584},{"re":0.19095570464316663,"im":-0.0019921337693913858},{"re":0.18676414959241766,"im":0.025548876270776007},{"re":0.17869660768498102,"im":0.051842280518708705},{"re":0.16702515018277328,"im":0.07636506323874455},{"re":0.15209026037991424,"im":0.09863764764387702},{"re":0.13428689749016254,"im":0.11824372463143508},{"re":0.11406768469756341,"im":0.1348345921487973},{"re":0.09189570852475057,