{"ns":[-0.9088611290013536,-0.9043333317343242,-0.9013711588966281,-0.8993736572444347,-0.8969667553188343,-0.8957561517731284,-0.8943373481010479,-0.893820250626693,-0.8936044131184723,-0.8953701002231046,-0.8961976560078779,-0.8973889069401456,-0.8986702113412097,-0.8997270310894048,-0.9010271313908296,-0.902207959988398,-0.9034322958397261,-0.9048394637969469,-0.906412101393844,-0.9081271113948519,-0.9099784361738156,-0.9119721633629515,-0.9146731818959741,-0.9177669552407874,-0.9209889373524655,-0.9244376621206015,-0.9278587467517825,-0.9318584789276169,-0.9359228247529989,-0.9399723326961705,-0.944052373312328,-0.94811993973434,-0.9521443674907564,-0.9561028191092041,-0.9600526848630331,-0.96384468056014,-0.9676703075591588,-0.9714501427902067,-0.9752068455572555,-0.9789460138221567,-0.9825939317066735,-0.9862943255590666,-0.9899898808508681,-0.9942398620277466,-0.9943603830302451,-0.993657246764206,-0.9972875431117466,-1.0006058126313422,-1.0005517179531718,-1.0003281945368667],"taus":[0.1,0.2,0.30000000000000004,0.4,0.5,0.6000000000000001,0.7000000000000001,0.8,0.9,1.0,1.1,1.2000000000000002,1.3,1.4000000000000001,1.5,1.6,1.7000000000000002,1.8,1.9000000000000001,2.0,2.1,2.2,2.3000000000000003,2.4000000000000004,2.5,2.6,2.7,2.8000000000000003,2.9000000000000004,3.0,3.1,3.2,3.3000000000000003,3.4000000000000004,3.5,3.6,3.7,3.8000000000000003,3.9000000000000004,4.0,4.1000000000000005,4.2,4.3,4.4,4.5,4.6000000000000005,4.7,4.800000000000001,4.9,5.0,5.1000000000000005],"bd":[2,4,2,4,4,8,8,16,16,32,32,40,38,40,40,40,40,40,38,40,38,40,38,40,38,40,38,40,38,40,38,40,38,40,38,40,38,40,38,40,38,40,38,40,38,40,38,40,38,40,38,40,38,40,38,40,38,40,38,40,38,40,38,40,38,40,38,40,38,40,38,40,38,40,38,40,40,40,40,40,40,40,40,40,40,40,40,40,40,40,40,40,40,40,38,40,40,40,40,40,40,40,20,40,20,40,40,20,20,40,40,39,38,40,40,39,37,40,40,39,37,40,40,39,37,40,40,39,37,40,40,39,37,40,40,39,37,40,40,39,38,40,40,40,38,40,40,40,38,40,40,40,38,40,40,40,38,40,40,40,38,40,40,40,38,40,40,40,38,40,40,40,38,40,40,40,38,40,40,40,38,40,40,40,38,40,40,39,37,40,40,39,37,40,40,39,37,40,40,39,37,40,40,39,37,40,40,39,37,40,40,39,37,40,40,39,37,40,40,39,37,40,40,39,37,40,40,39,37,40,40,39,37,40,40,39,37,40,40,39,37,40,40,39,37,40,40,39,37,40,40,39,37,40,40,39,37,40,40,39,37,40,40,39,37,40,40,39,37,40,40,39,37,40,40,39,37,40,40,39,37,40,40,39,36,40,40,38,37,40,40,39,38,39,40,39,32,32,32,16,8,8,8,4,2,4,2,1],"lt":[{"re":-0.003785781489334321,"im":0.9088611290013536},{"re":-0.4192934658313112,"im":0.7396330226029603},{"re":-0.6089043478640435,"im":0.43601649310222695},{"re":-0.6375381290378821,"im":0.16062855455475195},{"re":-0.5784374216202991,"im":-0.05732628251353543},{"re":-0.4731011972699608,"im":-0.2178539709371439},{"re":-0.3449930121342176,"im":-0.3254799084371269},{"re":-0.20820183779863755,"im":-0.38600130259560883},{"re":-0.07252792086908637,"im":-0.40420792237947306},{"re":0.053524215172118556,"im":-0.38459428349892466},{"re":0.16177962725160938,"im":-0.33239582231052},{"re":0.2455567184880589,"im":-0.2547792768918273},{"re":0.30015097565630894,"im":-0.16012909965209332},{"re":0.323298268886423,"im":-0.057768976523715286},{"re":0.31536988965416524,"im":0.04302144548409543},{"re":0.27924654199219806,"im":0.1337118270161903},{"re":0.21989313409309486,"im":0.20728595539360456},{"re":0.14385434715610362,"im":0.2584764053288715},{"re":0.05858678818555595,"im":0.28422161711731003},{"re":-0.02809067918448799,"im":0.2837033128633749},{"re":-0.10854569810767196,"im":0.25828434692448926},{"re":-0.17637520298777512,"im":0.2115811506857021},{"re":-0.2264943153887294,"im":0.14857872924086912},{"re":-0.2552824988688958,"im":0.07544950710191461},{"re":-0.2615128725208441,"im":-0.001124324670412791},{"re":-0.24574500248308342,"im":-0.0747536091492522},{"re":-0.2100157875646909,"im":-0.1393280537171513},{"re":-0.15823157715387298,"im":-0.18981971276666362},{"re":-0.0954552549972432,"im":-0.22252718247295833},{"re":-0.027374455339591014,"im":-0.2354671507659056},{"re":0.04005355112911989,"im":-0.22838659032706363},{"re":0.10119433751996335,"im":-0.20277113250017464},{"re":0.15121742036983446,"im":-0.16162564465404156},{"re":0.1864802586726506,"im":-0.10906784621917173},{"re":0.20470308732809517,"im":-0.05004707378358347},{"re":0.20521350117116527,"im":0.010213289419309868},{"re":0.1888371791797182,"im":0.06665202438948234},{"re":0.15778005113180404,"im":0.1147840364238282},{"re":0.11533334547034713,"im":0.15106041896388941},{"re":0.06557117338956264,"im":0.1730850792464942},{"re":0.012961656643382821,"im":0.17976620144789274},{"re":-0.038013448523981766,"im":0.17129778770086654},{"re":-0.08318642032089205,"im":0.14918037511643145},{"re":-0.11912141077686872,"im":0.11594375964668176},{"re":-0.14343086555439744,"im":0.07503598974422543},{"re":-0.15475321118013127,"im":0.030059385215108776},{"re":-0.1526965613759781,"im":-0.015144491095280831},{"re":-0.13865856580675898,"im":-0.056964069538040035},{"re":-0.11389128495249286,"im":-0.09192866220341547},{"re":-0.08154036931421833,"im":-0.11720599500728787},{"re":-0.044294661504147896,"im":-0.1313848236218485}],"gtau":[{"re":2.980341395869533e-7,"im":2.0307842055580093e-9},{"re":3.309813240070408e-7,"im":2.730778393325131e-9},{"re":3.886747528935192e-7,"im":1.928565943005985e-9},{"re":4.703546826914102e-7,"im":8.592215522123705e-10},{"re":5.802636718990883e-7,"im":-4.1197669535749233e-10},{"re":7.261891028390734e-7,"im":-1.6216991413091347e-9},{"re":9.187956193330543e-7,"im":-2.380215109625825e-9},{"re":1.1724298935442783e-6,"im":-2.273472951575244e-9},{"re":1.506331595778342e-6,"im":-7.933273005364175e-10},{"re":1.946292500571706e-6,"im":2.7319558698058096e-9},{"re":2.5268321333873872e-6,"im":9.185341754758207e-9},{"re":3.2941009258334315e-6,"im":1.9761424882792647e-8},{"re":4.310054963944048e-6,"im":3.6175563009291444e-8},{"re":5.65815548099695e-6,"im":6.080802351270202e-8},{"re":7.450967066912982e-6,"im":9.687767729850796e-8},{"re":9.840463602901445e-6,"im":1.487751464188519e-7},{"re":1.3032116753369664e-5,"im":2.2256587449900098e-7},{"re":1.7304161596090756e-5,"im":3.267070168722428e-7},{"re":2.303396228063612e-5,"im":4.7303858571423963e-7},{"re":3.0734121882167134e-5,"im":6.7819519266491e-7},{"re":4.110200241892567e-5,"im":9.656329614524072e-7},{"re":5.508775113706003e-5,"im":1.3685046996191484e-6},{"re":7.398785733303744e-5,"im":1.933702552778416e-6},{"re":9.95738612053823e-5,"im":2.7277907963110233e-6},{"re":0.00013427041209784497,"im":3.8453171505228125e-6},{"re":0.00018140004615377301,"im":5.4210428074559056e-6},{"re":0.00024552339245249405,"im":7.645777053006047e-6},{"re":0.0003329101385760538,"im":1.0792065902824858e-5},{"re":0.00045219213994902147,"im":1.5247487671144247e-5},{"re":0.0006152740317918252,"im":2.1563305014849173e-5},{"re":0.0008386041535444234,"im":3.0524450054867866e-5},{"re":0.001144951068289736,"im":4.324284547788784e-5},{"re":0.0015658991647272728,"im":6.129176657985215e-5},{"re":0.002145351153244125,"im":8.689170776823156e-5},{"re":0.002944498847051685,"im":0.00012317460530415466},{"re":0.00404887230112204,"im":0.0001745472411131817},{"re":0.00557840927360465,"im":0.00024719244562211714},{"re":0.007701938795496727,"im":0.00034974082581451716},{"re":0.010658220159976634,"im":0.0004941322363715552},{"re":0.014787010327459495,"im":0.0006966237505847127},{"re":0.020575838176447512,"im":0.0009790726262026415},{"re":0.02872897336131044,"im":0.0013704949315045028},{"re":0.04027413265373562,"im":0.0019082648161027915},{"re":0.05673240674437742,"im":0.002641783478317459},{"re":0.08039339638416727,"im":0.0036268815579979133},{"re":0.1147830240990363,"im":0.004915011630136587},{"re":0.16550497902599345,"im":0.006519300920880955},{"re":0.2418736124971353,"im":0.00832540383785628},{"re":0.360495003960358,"im":0.009898966638367097},{"re":0.5547514455528282,"im":0.009912729180282225},{"re":0.9999997019658604,"im":-2.0307842055580093e-9}],