{"taus":[0.1,0.2,0.30000000000000004,0.4,0.5,0.6000000000000001,0.7000000000000001,0.8,0.9,1.0,1.1,1.2000000000000002,1.3,1.4000000000000001,1.5,1.6,1.7000000000000002,1.8,1.9000000000000001,2.0,2.1,2.2,2.3000000000000003,2.4000000000000004,2.5,2.6,2.7,2.8000000000000003,2.9000000000000004,3.0,3.1,3.2,3.3000000000000003,3.4000000000000004,3.5,3.6,3.7,3.8000000000000003,3.9000000000000004,4.0,4.1000000000000005,4.2,4.3,4.4,4.5,4.6000000000000005,4.7,4.800000000000001,4.9,5.0,5.1000000000000005],"bd":[2,4,2,4,4,8,8,16,16,32,32,64,64,100,90,100,94,100,94,100,94,100,94,100,96,100,94,100,94,100,94,100,94,100,96,100,96,100,96,100,96,100,96,100,96,100,96,100,96,100,96,100,96,100,96,100,96,100,96,100,96,100,96,100,96,100,96,100,94,100,94,100,94,100,94,100,94,100,94,100,94,100,94,100,94,100,94,100,94,100,90,100,64,64,32,32,16,16,8,8,4,4,2,1],"gtau":[3.06288433949906e-7,3.3765742942752655e-7,3.950768490864395e-7,4.777215832215803e-7,5.899391844677711e-7,7.393206375571701e-7,9.367286059594801e-7,1.1969998563884991e-6,1.5401153267621168e-6,1.9928693884957044e-6,2.591157829192834e-6,3.3830879704771477e-6,4.433199292583048e-6,5.828178011630432e-6,7.68461908089128e-6,1.0159567279770947e-5,1.3464846753597684e-5,1.7886576115902744e-5,2.3811776081730462e-5,3.1764788380381014e-5,4.245705989579201e-5,5.685534524454937e-5,7.627567319045611e-5,0.00010251232567783966,0.00013801583993346627,0.00018613892289220322,0.0002514770781684608,0.0003403416275079834,0.00046141831765080654,0.0006266869946256333,0.000852709950085798,0.0011624430544842433,0.0015877917214754318,0.002173233889096765,0.0029809307178763136,0.004098275742189038,0.005648400615803888,0.0078056982981003845,0.010818650718606111,0.015043435317607783,0.020994521994748647,0.029421738551945596,0.04143016578404244,0.05867081830716953,0.08365598313969556,0.1202978674824397,0.17488550832399674,0.25799563000546016,0.3886672626594022,0.6050964001974484,0.999999693710887]}