{"taus":[0.2,0.4,0.6000000000000001,0.8,1.0,1.2000000000000002,1.4000000000000001,1.6,1.8,2.0,2.2,2.4000000000000004,2.6,2.8000000000000003,3.0,3.2,3.4000000000000004,3.6,3.8000000000000003,4.0,4.2,4.4,4.6000000000000005,4.800000000000001,5.0,5.2,5.4,5.6000000000000005,5.800000000000001,6.0,6.2,6.4,6.6000000000000005,6.800000000000001,7.0,7.2,7.4,7.6000000000000005,7.800000000000001,8.0,8.200000000000001,8.4,8.6,8.8,9.0,9.200000000000001,9.4,9.600000000000001,9.8,10.0,10.200000000000001],"bd":[1,1,1,2,2,4,4,8,8,16,16,20,20,20,20,20,20,20,20,20,20,20,20,20,20,20,20,20,20,20,20,20,20,20,20,20,20,20,20,20,20,20,20,20,20,20,20,20,20,20,20,20,20,20,20,20,20,20,20,20,20,20,20,20,20,20,20,20,20,20,20,20,20,20,20,20,20,20,20,20,20,20,20,20,20,20,20,20,20,20,20,20,20,20,16,16,8,8,4,4,2,2,1,1],"gtau":[4.686993661344791e-19,6.639590274174164e-19,1.5119845876059463e-18,3.4493659729349415e-18,7.938740383619057e-18,1.833186276257692e-17,4.240498240317088e-17,9.818963436611234e-17,2.274946517320336e-16,5.272485190873229e-16,1.222086359328478e-15,2.8322295197781455e-15,6.563499470632363e-15,1.5212746700799984e-14,3.5262988671144195e-14,8.174645190482565e-14,1.8951962932036916e-13,4.394121562728963e-13,1.0188708312476574e-12,2.362604315758896e-12,5.478750974738874e-12,1.270520834115508e-11,2.946304889343698e-11,6.832015830059551e-11,1.5840957296335797e-10,3.6736127910848436e-10,8.519329067629839e-10,1.9756493443231464e-9,4.581471908748078e-9,1.0623966577389928e-8,2.4634773930829648e-8,5.711979879520847e-8,1.324336057373144e-7,3.070313684963404e-7,7.117758438416548e-7,1.6500104713995097e-6,3.824924269281114e-6,8.866588310300117e-6,2.0553191509227833e-5,4.764484334809309e-5,0.00011045836406124025,0.00025612814113647067,0.0005940904987498056,0.0013787342377983257,0.003203104449207933,0.007455784971829632,0.017416660456121866,0.04099686172386839,0.09840870903175296,0.2527866507607551,0.9999999999999929]}