{"taus":[0.05,0.1,0.15000000000000002,0.2,0.25,0.30000000000000004,0.35000000000000003,0.4,0.45,0.5,0.55,0.6000000000000001,0.65,0.7000000000000001,0.75,0.8,0.8500000000000001,0.9,0.9500000000000001,1.0,1.05,1.1,1.1500000000000001,1.2000000000000002,1.25,1.3,1.35,1.4000000000000001,1.4500000000000002,1.5,1.55,1.6,1.6500000000000001,1.7000000000000002,1.75,1.8,1.85,1.9000000000000001,1.9500000000000002,2.0,2.0500000000000003,2.1,2.15,2.2,2.25,2.3000000000000003,2.35,2.4000000000000004,2.45,2.5,2.5500000000000003,2.6,2.6500000000000004,2.7,2.75,2.8000000000000003,2.85,2.9000000000000004,2.95,3.0,3.0500000000000003,3.1,3.1500000000000004,3.2,3.25,3.3000000000000003,3.35,3.4000000000000004,3.45,3.5,3.5500000000000003,3.6,3.6500000000000004,3.7,3.75,3.8000000000000003,3.85,3.9000000000000004,3.95,4.0,4.05,4.1000000000000005,4.15,4.2,4.25,4.3,4.3500000000000005,4.4,4.45,4.5,4.55,4.6000000000000005,4.65,4.7,4.75,4.800000000000001,4.8500000000000005,4.9,4.95,5.0,5.050000000000001],"bd":[2,4,2,4,4,8,8,16,16,32,32,64,64,100,96,100,98,100,98,100,98,100,100,100,100,100,100,100,98,100,98,100,98,100,100,100,100,100,100,100,98,100,100,100,98,100,100,100,100,100,100,100,100,100,98,100,98,100,98,100,98,100,100,100,100,100,100,100,98,100,98,100,98,100,98,100,98,100,98,100,98,100,98,100,98,100,98,100,98,100,98,100,98,100,98,100,100,100,98,100,98,100,98,100,100,100,100,100,100,100,100,100,100,100,98,100,98,100,98,100,98,100,98,100,98,100,98,100,98,100,98,100,98,100,98,100,98,100,98,100,98,100,98,100,98,100,98,100,98,100,98,100,98,100,98,100,98,100,98,100,98,100,96,100,98,100,98,100,100,100,100,100,100,100,98,100,98,100,96,100,96,100,98,100,98,100,98,100,96,100,96,100,64,64,32,32,16,16,8,8,4,4,2,1],"gtau":[5.198329074870536e-6,5.269002807721673e-6,5.45165324015256e-6,5.721549925462777e-6,6.067980995275692e-6,6.487267428105141e-6,6.979820423962167e-6,7.548776778803892e-6,8.199335112099256e-6,8.938441417060578e-6,9.77466320205679e-6,1.0718177909927246e-5,1.1780835734752143e-5,1.2976277652557962e-5,1.4320104817267682e-5,1.5830080668770752e-5,1.7526385310824294e-5,1.943190891743792e-5,2.1572582040523213e-5,2.3977788200458533e-5,2.6680786901287754e-5,2.9719211811358357e-5,3.313569037410546e-5,3.69784778007987e-5,4.130218996302162e-5,4.616865775537009e-5,5.1647964040012744e-5,5.7819613853909825e-5,6.477372171125384e-5,7.261241929982785e-5,8.145154103436129e-5,9.142223869045325e-5,0.0001026732153762562,0.00011537498135423438,0.00012971949367424177,0.00014592562637747025,0.00016424203744897235,0.0001849512938878291,0.00020837459399388792,0.00023487723736892842,0.00026487489021369785,0.0002988406904616863,0.0003373134259385727,0.0003809067713939328,0.00043031995268743493,0.00048635000402053323,0.0005499059084022134,0.0006220248853694411,0.0007038911604870079,0.0007968575571553973,0.0009024702784238014,0.0010224972745629098,0.0011589606901044095,0.0013141739927030197,0.0014907845308797384,0.0016918224135142475,0.0019207567558355192,0.0021815604836547386,0.00247878505622521,0.0028176466780137836,0.0032041258242965468,0.003645082213296768,0.004148387714709881,0.004723080111256179,0.005379541144668516,0.006129702873810045,0.006987287108818422,0.007968083604490313,0.009090273974652242,0.010374810187165413,0.011845859784295257,0.01353133133658041,0.015463491564528179,0.017679679956893082,0.02022312987511266,0.023143917262747178,0.026500116757527493,0.030359006583467706,0.03479880738903039,0.03991057654871264,0.04580031578755711,0.052591975902576776,0.060430737002363864,0.06948728461429594,0.07996274502549658,0.0920947047669245,0.10616586843941143,0.12251400921900692,0.1415445076762036,0.1637460812727928,0.18971278413495957,0.220172993011387,0.2560292104151188,0.2984201260183235,0.3487952382372121,0.40904218086911587,0.4816940840024766,0.5702697401753066,0.6798999359763879,0.8185751726866477,0.9999948016677414]}