{"gf":[4.5397868702390376e-5,4.794886520334204e-5,5.862378289888817e-5,7.621462668891567e-5,0.0001025949406247427,0.00014132201613901958,0.00019795828197273938,0.00028094239279223787,0.00040302550972700274,0.0005835239221283433,0.0008518362250211572,0.0012529605039913673,0.001856214440829429,0.00276914654694772,0.004159975372822225,0.006294265653782638,0.009595844781885741,0.014750022091771672,0.022883001937742422,0.03588434157095176,0.057013370464925425,0.09211458957696056,0.1522917541966839,0.26070387555402014,0.47455610713779184,0.9999546021312976],"ts":[0.0,0.2,0.4,0.6000000000000001,0.8,1.0,1.2000000000000002,1.4000000000000001,1.6,1.8,2.0,2.2,2.4000000000000004,2.6,2.8000000000000003,3.0,3.2,3.4000000000000004,3.6,3.8000000000000003,4.0,4.2,4.4,4.6000000000000005,4.800000000000001,5.0]}