{"ns":[-0.4981831066455613,-0.4982090806089679,-0.49824428578445357,-0.4982884821642475,-0.4983413673290236,-0.4984025799182511,-0.49847170320166273,-0.49854826997173174,-0.4986317677717497,-0.4987216443570405,-0.4988173136521229,-0.4989181619351166,-0.4990235542685443,-0.4991328411697167,-0.49924536493529503,-0.49936046616985325,-0.49947749007388387,-0.4995957922819198,-0.49971474479523287,-0.4998337411164835,-0.4999522010882865,-0.5000695754541744,-0.5001853494719377,-0.5002990461327171,-0.5004102289507631,-0.5005185038336931,-0.5006235205498044,-0.50072497344952,-0.5008226017770394,-0.5009161894824181,-0.5010055641890997,-0.5010905960804675,-0.5011711960167581,-0.5012473134999317,-0.5013189342357308,-0.501386077446682,-0.5014487930284591,-0.5015071584386062,-0.501561275573941,-0.5016112676186126,-0.5016572757998634,-0.5016994563747428,-0.5017379775265457,-0.5017730164878189,-0.5018047568472568,-0.5018333859427868,-0.5018590925157007,-0.5018820645966774,-0.5019024875791438,-0.5019205426491872,-0.5019364053609645,-0.5019502443790659,-0.5019622206076427,-0.5019724863432953,-0.5019811848079665,-0.5019884497148844,-0.5019944050563229,-0.5019991652114716,-0.5020028345033419,-0.5020055077995007,-0.5020072707353657,-0.5020081999748818,-0.5020083637723276,-0.5020078214829026,-0.5020066253345746,-0.5020048198586082,-0.5020024420932452,-0.5019995238371812,-0.5019960900220456,-0.5019921607260708,-0.5019877502288664,-0.5019828687797869,-0.5019775221401139,-0.5019717123360705,-0.5019654380172611,-0.5019586949379351,-0.5019514763013774,-0.5019437729757646,-0.5019355740186038,-0.5019268673230105,-0.501917639865502,-0.5019078779596248,-0.501897567655658,-0.5018866950930683,-0.501875247063273,-0.501863211192627,-0.5018505761748052,-0.5018373323321477,-0.5018234718441196,-0.5018089887309569,-0.5017938795925703,-0.5017781435972617,-0.5017617827405075,-0.5017448021451889,-0.5017272090046307,-0.5017090142037143,-0.5016902320224377,-0.5016708798607283,-0.5016509780142705,-0.5016305496079606],"taus":[0.5,1.0,1.5,2.0,2.5,3.0,3.5,4.0,4.5,5.0,5.5,6.0,6.5,7.0,7.5,8.0,8.5,9.0,9.5,10.0,10.5],"bd":[1,1,2,4,8,16,32,59,110,140,140,140,140,140,140,140,140,140,140,140,140,140,140,140,140,140,140,140,140,140,140,140,140,140,140,140,140,140,140,140,140,140,140,140,140,140,140,140,140,140,140,140,140,140,140,140,140,140,140,140,140,140,140,140,140,140,140,140,140,140,140,140,140,140,140,140,140,140,140,140,140,140,140,140,140,140,140,140,140,140,140,140,140,140,140,140,140,140,140,140,140,140,140,140,140,140,140,140,140,140,140,140,140,140,140,140,140,140,140,140,140,140,140,140,140,140,140,140,140,140,140,140,140,140,140,140,140,140,140,140,140,140,140,140,140,140,140,140,140,140,140,140,140,140,140,140,140,140,140,140,140,140,140,140,140,140,140,140,140,140,140,140,140,140,140,140,140,140,140,140,140,140,140,140,140,140,140,140,140,140,140,140,140,140,140,140,140,140,140,140,140,140,140,140,140,140,140,140,140,140,140,140,140,140,140,140,140,140,140,140,140,140,140,140,140,140,140,140,140,140,140,140,140,140,140,140,140,140,140,140,140,140,140,140,140,140,140,140,140,140,140,140,140,140,140,140,140,140,140,140,140,140,140,140,140,140,140,140,140,140,140,140,140,140,140,140,140,140,140,140,140,140,140,140,140,140,140,140,140,140,140,140,140,140,140,140,140,140,140,140,140,140,140,140,140,140,140,140,140,140,140,140,140,140,140,140,140,140,140,140,140,140,140,140,140,140,140,140,140,140,140,140,140,140,140,140,140,140,140,140,140,140,140,140,140,140,140,140,140,140,140,140,140,140,140,140,140,140,140,140,140,140,140,140,140,140,140,140,140,140,140,140,140,140,140,140,140,140,140,139,140,140,140,137,140,140,140,132,140,140,140,132,140,140,140,129,140,140,140,123,140,140,140,122,140,139,140,121,140,139,140,122,139,134,135,116,133,127,126,107,124,117,115,96,111,99,95,80,93,84,80,65,75,63,61,48,56,42,36,25,31,20,12,6,8,4,2,1],"lt":[{"re":0.4981831066455613,"im":-3.3059846496665835e-7},{"re":0.4981322730974286,"im":0.003857029322881631},{"re":0.4979586533767569,"im":0.007708644769547982},{"re":0.4976627247328703,"im":0.01154881483315731},{"re":0.4972452974903095,"im":0.015371886072508395},{"re":0.49670751053357814,"im":0.019172274423513026},{"re":0.4960508258551188,"im":0.022944488144133905},{"re":0.4952770212393035,"im":0.02668314963886248},{"re":0.49438818133965684,"im":0.030383017235637994},{"re":0.49338668733890867,"im":0.034039005641784775},{"re":0.4922752050835311,"im":0.037646205777291546},{"re":0.49105667194704383,"im":0.041199903497017014},{"re":0.48973428237947103,"im":0.04469559712868439},{"re":0.48831147226020144,"im":0.048129014054659136},{"re":0.4867919021611092,"im":0.05149612586236659},{"re":0.4851794395029038,"im":0.05479316209308318},{"re":0.483478140132935,"im":0.05801662272479361},{"re":0.4816922287894913,"im":0.06116328891646381},{"re":0.47982607912040826,"im":0.06423023246790555},{"re":0.47788419312216335,"im":0.06721482342136682},{"re":0.4758711800949321,"im":0.07011473631879546},{"re":0.47379173538906644,"im":0.07292795458757965},{"re":0.4716506190349413,"im":0.0756527734407668},{"re":0.4694526341437105,"im":0.07828780098393931},{"re":0.46720260572147115,"im":0.08083195784858307},{"re":0.46490535939045274,"im":0.08328447511153154},{"re":0.4625657006247315,"im":0.0856448906412191},{"re":0.46018839420367097,"im":0.08791304390751992},{"re":0.4577781448243308,"im":0.09008906923298494},{"re":0.45533957770385913,"im":0.09217338772657555},{"re":0.45287722036950395,"im":0.09416669773420498},{"re":0.45039548511066474,"im":0.09606996411375479},{"re":0.44789865263101447,"im":0.09788440625197355},{"re":0.44539085656479277,"im":0.09961148492182867},{"re":0.4428760692249286,"im":0.10125288815755888},{"re":0.44035808846211794,"im":0.10281051625531246},{"re":0.4378405259176824,"im":0.10428646586170387},{"re":0.4353267964515572,"im":0.10568301344786316},{"re":0.43282010895335293,"im":0.10700259814749512},{"re":0.4303234585396367,"im":0.10824780415946292},{"re":0.4278396202408951,"im":0.10942134275428887},{"re":0.4253711439094746,"im":0.11052603404927787},{"re":0.422920350698327,"im":0.11156478866170298},{"re":0.4204893308300356,"im":0.1125405894039557},{"re":0.418079942920298,"im":0.11345647300661597},{"re":0.41569381447862924,"im":0.11431551209119066},{"re":0.4133323438669864,"im":0.11512079754929781},{"re":0.4109967035207084,"im":0.11587542129134654},{"re":0.4086878444369809,"im":0.1165824594764746},{"re":0.40640650179354026,"im":0.11724495649332899},{"re":0.40415320173669983,"im":0.11786590945055202},{"re":0.4019282690667946,"im":0.11844825377189833},{"re":0.3997318361485811,"im":0.11899484947026098},{"re":0.39756385259226507,"im":0.11950846833673313},{"re":0.3954240956658609,"im":0.11999178222021041},{"re":0.39331218151852515,"im":0.12044735232657007},{"re":0.39122757694041,"im":0.12087761930508277},{"re":0.38916961191790506,"im":0.12128489554696356},{"re":0.38713749222099186,"im":0.12167135713581007},{"re":0.38513031257708374,"im":0.12203903812034653},{"re":0.3831470700146682,"im":0.12238982541543264},{"re":0.3811866772574706,"im":0.12272545548182108},{"re":0.37924797619759665,"im":0.12304751117471699},{"re":0.37732975132484964,"im":0.1233574203370459},{"re":0.3754307432939009,"im":0.12365645573959887},{"re":0.37354966173570037,"im":0.12394573558561482},{"re":0.3716851985127953,"im":0.1242262263194931},{"re":0.3698360386012278,"im":0.12449874346431307},{"re":0.36800087375980556,"im":0.1247639576207146},{"re":0.36617841288121883,"im":0.1250223985091285},{"re":0.36436739276299474,"im":0.12527446071095172},{"re":0.36256658810610015,"im":0.12552041003541167},{"re":0.3607748208176895,"im":0.12576039061597624},{"re":0.35899096837253414,"im":0.1259944327372144},{"re":0.35721397165279895,"im":0.12622246112780686},{"re":0.355442841744108,"im":0.12644430380727273},{"re":0.35367666593911695,"im":0.12665970121903772},{"re":0.3519146126822223,"im":0.12686831590349046},{"re":0.3501559357460114,"im":0.12706974201497725},{"re":0.3483999775140854,