{"ns":[-0.4962338531731192,-0.496265206200259,-0.4963064864601712,-0.49635751491250996,-0.4964180392022358,-0.49648773484555836,-0.49656618475514247,-0.49665293873686533,-0.49674747424040455,-0.49684921516622693,-0.49695753574964396,-0.4970717695856225,-0.4971912156079672,-0.4973151453131549,-0.4974428105335542,-0.4975734506244588,-0.49770630030754537,-0.4978405966931426,-0.49797558724166596,-0.49811053616745976,-0.49824473282686904,-0.49837751493147586,-0.4985082063759594,-0.498636198788227,-0.498760926140568,-0.49888186932217715,-0.49899855909126867,-0.49911057870946907,-0.499217564744264,-0.4993192078726164,-0.4994152533823978,-0.4995054995749034,-0.4995897968412314,-0.4996680469557935,-0.49974020055791285,-0.4998062543564039,-0.4998662490370716,-0.49992026375071935,-0.49996841525952207,-0.5000108535732745,-0.500047757721028,-0.5000793309814159,-0.5001057987506666,-0.5001274022169194,-0.5001443968935503,-0.5001570528085276,-0.5001656370640315,-0.5001704261881866,-0.5001716997367082,-0.5001697313614585,-0.5001647912413633,-0.5001571459560509,-0.500147051995863,-0.5001347565837665,-0.5001204943203238,-0.5001044894893909,-0.5000869531497657,-0.500068079123517,-0.5000480499816676,-0.500027031369476,-0.5000051730801657,-0.49998261143966033,-0.4999594692277827,-0.49993585783426003,-0.4999118681429084,-0.4998875808775403,-0.49986306410851,-0.4998383730950001,-0.49981355311458603,-0.49978863928125794,-0.49976365638075065,-0.4997386227811276,-0.4997135456324776,-0.4996884259405394,-0.49966326018715185,-0.4996380410784987,-0.4996127481422864,-0.4995873592150687,-0.49956185525538144,-0.4995362141936613],"taus":[0.5,1.0,1.5,2.0,2.5,3.0,3.5,4.0,4.5,5.0,5.5,6.0,6.5,7.0,7.5,8.0,8.5,9.0,9.5,10.0,10.5,11.0,11.5,12.0,12.5,13.0,13.5,14.0,14.5,15.0,15.5,16.0,16.5,17.0,17.5,18.0,18.5,19.0,19.5,20.0,20.5,21.0,21.5,22.0,22.5,23.0,23.5,24.0,24.5,25.0,25.5,26.0,26.5,27.0,27.5,28.0,28.5,29.0,29.5,30.0,30.5,31.0,31.5,32.0,32.5,33.0,33.5,34.0,34.5,35.0,35.5,36.0,36.5,37.0,37.5,38.0,38.5,39.0,39.5,40.0,40.5],"bd":[1,1,2,4,8,16,31,52,80,80,80,80,80,80,80,80,80,80,80,80,80,80,80,80,80,80,80,80,80,80,80,80,80,80,80,80,80,80,80,80,80,80,80,80,80,80,80,80,80,80,80,80,80,80,80,80,80,80,80,80,80,80,80,80,80,80,80,80,80,80,80,80,80,80,80,80,80,80,80,80,80,80,80,80,80,80,80,80,80,80,80,80,80,80,80,80,80,80,80,80,80,80,80,80,80,80,80,80,80,80,80,80,80,80,80,80,80,80,80,80,80,80,80,80,80,80,80,80,80,80,80,80,80,80,80,80,80,80,80,80,80,80,80,80,80,80,80,80,80,80,80,80,80,80,80,80,80,80,80,80,80,80,80,80,80,80,80,80,80,80,80,80,80,80,80,80,80,80,80,80,80,80,80,80,80,80,80,80,80,80,80,80,80,80,80,80,80,80,80,80,80,80,80,80,80,80,80,80,80,80,80,80,80,80,80,80,80,80,80,80,80,80,80,80,80,80,80,80,80,80,80,80,80,80,80,80,80,80,80,80,80,80,80,80,80,80,80,80,80,80,80,80,80,80,80,80,80,80,80,80,80,80,80,80,80,80,80,80,80,80,80,80,80,80,80,80,80,80,80,80,80,80,80,80,80,80,80,80,80,80,80,80,80,80,80,80,80,80,80,80,80,80,80,80,80,80,80,80,80,80,80,80,80,80,80,80,80,80,80,80,80,80,80,80,80,80,80,80,80,80,80,80,80,80,80,80,80,80,80,80,80,80,80,80,80,80,80,80,80,80,80,80,80,80,80,80,80,80,80,80,80,80,80,80,80,80,80,80,80,80,80,80,80,80,80,80,80,80,80,80,80,80,80,80,80,80,80,80,80,80,80,80,80,80,80,79,80,80,80,76,80,80,80,77,80,80,80,78,80,80,80,78,80,80,80,76,80,80,80,77,80,80,80,74,80,80,80,70,80,80,80,69,80,80,80,69,80,79,80,68,80,77,78,67,79,76,77,66,77,75,75,65,76,74,73,64,73,70,67,59,68,65,65,56,62,57,56,48,53,48,46,38,43,39,36,29,34,26,24,17,21,15,11,6,8,4,2,1],"lt":[{"re":0.4962338531731192,"im":1.1091957780872758e-5},{"re":0.496166779846827,"im":0.0044686164941909875},{"re":0.49597464577744244,"im":0.00892138249100791},{"re":0.49565798153389207,"im":0.01336378505318516},{"re":0.49521765580094973,"im":0.017790260047852717},{"re":0.49465487057160973,"im":0.022195308891827678},{"re":0.49397118914910043,"im":0.026573540308179155},{"re":0.49316841658362504,"im":0.03091963167734528},{"re":0.4922487144200287,"im":0.03522840895250588},{"re":0.49121454508183265,"im":0.03949484852880043},{"re":0.49006865846792275,"im":0.043714094004026496},{"re":0.4888140793929,"im":0.04788147674907724},{"re":0.48745409235071324,"im":0.051992532738191544},{"re":0.4859922255178171,"im":0.056043018730959016},{"re":0.48443223356553883,"im":0.060028927012340014},{"re":0.4827780794910775,"im":0.06394649953247947},{"re":0.48103391582093313,"im":0.06779224084303548},{"re":0.47920406438581636,"im":0.07156292695758674},{"re":0.4772929958617128,"im":0.07525561613792711},{"re":0.47530530863139786,"im":0.07886765656710787},{"re":0.4732457082327357,"im":0.08239669460579865},{"re":0.47111898487965537,"im":0.08584067290087087},{"re":0.4689299911578061,"im":0.08919783953836186},{"re":0.46668362214736686,"im":0.09246674810254019},{"re":0.4643847923565242,"im":0.0956462569592969},{"re":0.46203841447412314,"im":0.09873552772248083},{"re":0.4596493781910454,"im":0.101734021963161},{"re":0.4572225298057311,"im":0.10464149660012322},{"re":0.45476265302317187,"im":0.10745799711053898},{"re":0.4522744473679055,"im":0.11018385026116986},{"re":0.4497625122972528,"im":0.11281965386167364},{"re":0.4472313262664463,"im":0.11536626820033291},{"re":0.444685234186335,"im":0.11782480334238549},{"re":0.44212842990811035,"im":0.12019660757625188},{"re":0.4395649418430813,"im":0.12248325251102805},{"re":0.43699861854845534,"im":0.12468651926389937},{"re":0.4344331206773958,"im":0.12680838436004557},{"re":0.43187190627486255,"im":0.1288510011493784},{"re":0.4293182252914237,"im":0.13081668498409485},{"re":0.426775108426614,"im":0.13270789425551127},{"re":0.4242453627444668,"im":0.13452721714279126},{"re":0.42173156648539967,"im":0.13627734811231712},{"re":0.41923606732103624,"im":0.13796107346398603},{"re":0.4167609758551638,"im":0.13958125363403703},{"re":0.4143081690646299,"im":0.14114080479378785},{"re":0.41187928826973946,"im":0.14264268070449934},{"re":0.4094757429199517,"im":0.14408985418928957},{"re":0.40709871448040685,"im":0.1454853026909535},{"re":0.40474915935990136,"im":0.1468319924231113},{"re":0.40242781511182235,"im":0.1481328597174729},{"re":0.40013520991120527,"im":0.1493907971743529},{"re":0.39787166905715815,"im":0.15060863898563928},{"re":0.3956373189555173,"im":0.15178915093510245},{"re":0.3934321069371172,"im":0.15293501213216945},{"re":0.39125580210017014,"im":0.1540488085718418},{"re":0.38910801293201347,"im":0.15513301812060895},{"re":0.38698819728759565,"im":0.15618999967791458},{"re":0.384895677752204,"im":0.15722199778711485},{"re":0.38282964921261853,"im":0.15823111989089567},{"re":0.38078919637198977,"im":0.15921933756561696},{"re":0.378773304928039,"im":0.16018847705018496},{"re":0.37678087515589415,"im":0.1611402187142456},{"re":0.3748107373675334,"im":0.16207609738068818},{"re":0.3728616630330526,"im":0.1629974924983865},{"re":0.37093238172354365,"im":0.16390563230524446},{"re":0.36902159051441397,"im":0.1648015962918189},{"re":0.36712797029032423,"im":0.16568631702665598},{"re":0.3652501927676427,"im":0.16656057812455474},{"re":0.36338694028220286,"im":0.16742502052065122},{"re":0.3615369115628365,"im":0.16828014865021873},{"re":0.35969883437616246,"im":0.1691263361096075},{"re":0.3578714757221734,"im":0.16996382734045892},{"re":0.3560536487093615,"im":0.17079274570181696},{"re":0.35424422053978366,"im":0.1716131074770339},{"re":0.35244212343640335,"im":0.17242482535039813},{"re":0.35064636522956183,"im":0.17322770999581671},{"re":0.3488560255011885,"im":0.17402149378853243},{"re":0.34707026801868657,"im":0.1748058269198725},{"re":0.3452883430465578,"im":0.17558029343138626},{"re":0.3435095914338172,"im":0.17634442156174795},{"re":0.3417334428485683,"im":0.17709768552160507}],"gtau":[{"re":0.5044408651559427,"im":-0.0006638344880161562},{"re":0.4651902019422527,"im":-0.0006894012441721095},{"re":0.43392132114007237,"im":-0.0006976843154985583},{"re":0.40814636138827093,"im":-0.000696349638508004},{"re":0.38634956718543506,"im":-0.0006895024991577948},{"re":0.3675591735503974,