{"ns":[-0.5009953473274585,-0.5010529727966467,-0.5011153214180971,-0.5011808382005128,-0.5012479187861267,-0.5013149630241135,-0.5013804384136121,-0.5014429331752702,-0.5015012065197321,-0.5015542174310378,-0.5016011478960477,-0.5016414153116562,-0.5016746694763595,-0.5017007739150838,-0.5017197975705456,-0.5017319751825755,-0.5017376756632731,-0.5017373665286075,-0.5017315774600533,-0.5017208652561131,-0.5017057855281691,-0.5016868664866061,-0.501664591022255,-0.5016393825107367,-0.5016115965223511,-0.5015815181484525,-0.5015493637980203,-0.5015152849805823,-0.5014793803086248,-0.5014416986757047,-0.5014022521824788,-0.5013610199279687,-0.501317966723671,-0.5012730461937679,-0.5012262070630987,-0.5011774003713908,-0.5011265836613684,-0.501073725083477,-0.501018809619708,-0.5009618403352454,-0.5009028433731039,-0.5008418683474217,-0.5007789935019663,-0.5007143244891429,-0.5006479956864149,-0.5005801688879402,-0.5005110323688355,-0.5004407980465324,-0.5003696981033638,-0.5002979806890765],"taus":[0.1,0.2,0.30000000000000004,0.4,0.5,0.6000000000000001,0.7000000000000001,0.8,0.9,1.0,1.1,1.2000000000000002,1.3,1.4000000000000001,1.5,1.6,1.7000000000000002,1.8,1.9000000000000001,2.0,2.1,2.2,2.3000000000000003,2.4000000000000004,2.5,2.6,2.7,2.8000000000000003,2.9000000000000004,3.0,3.1,3.2,3.3000000000000003,3.4000000000000004,3.5,3.6,3.7,3.8000000000000003,3.9000000000000004,4.0,4.1000000000000005,4.2,4.3,4.4,4.5,4.6000000000000005,4.7,4.800000000000001,4.9,5.0,5.1000000000000005,5.2,5.300000000000001,5.4,5.5,5.6000000000000005,5.7,5.800000000000001,5.9,6.0,6.1000000000000005,6.2,6.300000000000001,6.4,6.5,6.6000000000000005,6.7,6.800000000000001,6.9,7.0,7.1000000000000005,7.2,7.300000000000001,7.4,7.5,7.6000000000000005,7.7,7.800000000000001,7.9,8.0,8.1,8.200000000000001,8.3,8.4,8.5,8.6,8.700000000000001,8.8,8.9,9.0,9.1,9.200000000000001,9.3,9.4,9.5,9.600000000000001,9.700000000000001,9.8,9.9,10.0,10.100000000000001],"bd":[1,1,2,4,8,16,31,46,75,82,127,112,160,138,160,160,160,160,160,160,160,160,160,160,160,160,160,160,160,160,160,160,160,160,160,160,160,160,160,160,160,160,160,160,160,160,160,160,160,160,160,160,160,160,160,160,160,160,160,160,160,160,160,160,160,160,160,160,160,160,160,160,160,160,160,160,160,160,160,160,160,160,160,160,160,160,160,160,160,160,160,160,160,160,160,160,160,160,160,160,160,160,160,160,160,160,160,160,160,160,160,160,160,160,160,160,160,160,160,160,160,160,160,160,160,160,160,160,160,160,160,160,160,160,160,160,160,160,160,160,160,160,160,160,160,160,160,160,160,160,160,160,160,160,160,160,160,160,160,160,160,160,160,160,160,160,160,160,160,160,160,160,160,160,160,160,160,160,160,160,160,160,160,160,160,160,160,160,160,160,160,160,160,160,160,160,160,160,160,160,160,160,160,160,160,160,160,160,160,160,160,160,160,160,160,160,160,160,160,160,160,160,160,160,160,160,160,160,160,160,160,160,160,160,160,160,160,160,160,160,160,160,160,160,160,160,160,160,160,160,160,160,160,160,160,160,160,160,160,160,160,160,160,160,160,160,160,160,160,160,160,160,160,160,160,160,160,160,160,160,160,160,160,160,160,160,160,160,160,160,160,160,160,160,160,160,160,160,160,160,160,160,160,160,160,160,160,160,160,160,160,160,160,160,160,160,160,160,160,160,160,160,160,160,160,160,160,160,160,160,160,160,160,160,160,160,160,160,160,160,160,160,160,160,160,160,160,160,160,160,160,160,160,160,160,160,160,160,160,160,160,160,160,160,160,160,160,160,160,160,160,160,160,160,160,160,160,160,160,160,160,160,160,160,160,160,160,160,160,160,160,145,160,155,148,112,131,95,68,44,50,30,16,8,8,4,2,1],"lt":[{"re":0.5009953473274585,"im":-1.0711907770687944e-6},{"re":0.5007714311920566,"im":0.007747215818377085},{"re":0.5000478410661063,"im":0.015449431580569509},{"re":0.49883253667685545,"im":0.023060442210075416},{"re":0.49713876598477785,"im":0.03053659384204269},{"re":0.49498480104083353,"im":0.03783640977227078},{"re":0.49239357536903566,"im":0.04492124040753302},{"re":0.4893922320923179,"im":0.05175584398360797},{"re":0.48601159343297384,"im":0.05830889428754687},{"re":0.48228556505943776,"im":0.0645534017618337},{"re":0.4782504913965558,"im":0.07046703519295419},{"re":0.4739444743088981,"im":0.07603234243280943},{"re":0.4694066751091394,"im":0.08123687139608748},{"re":0.4646766115373879,"im":0.08607318324788069},{"re":0.4597934747877954,"im":0.09053875108718357},{"re":0.4547954696240441,"im":0.09463577895205678},{"re":0.44971920208861077,"im":0.09837091622395117},{"re":0.4445991259772948,"im":0.10175489373208531},{"re":0.439467055541612,"im":0.10480208641938277},{"re":0.434351758473949,"im":0.10753001911774669},{"re":0.42927863170910435,"im":0.10995882476350152},{"re":0.4242694730675759,"im":0.1121106761071667},{"re":0.4193423388427796,"im":0.11400919908819386},{"re":0.414511493945157,"im":0.11567888738325138},{"re":0.40978745506895037,"im":0.11714453053305351},{"re":0.40517711592392375,"im":0.11843066979729873},{"re":0.400683950141515,"im":0.11956109493273373},{"re":0.3963082837600814,"im":0.12055839125228328},{"re":0.3920476237527526,"im":0.12144354758634995},{"re":0.3878970347757244,"im":0.12223563123624588},{"re":0.38384954919966485,"im":0.1229515367618383},{"re":0.3798966028650989,"im":0.1236058022384091},{"re":0.37602847428048747,"im":0.1242105162322217},{"re":0.37223472054386786,"im":0.12477528593563528},{"re":0.3685046010797202,"im":0.12530728215284273},{"re":0.3648274729110192,"im":0.12581134804862162},{"re":0.3611931479684845,"im":0.12629016616972374},{"re":0.35759221021948046,"im":0.12674447541877334},{"re":0.35401627799751456,"im":0.127173327541315},{"re":0.3504582137762419,"im":0.12757437631054122},{"re":0.34691227469955477,"im":0.12794418487412013},{"re":0.34337420371289024,"im":0.12827854117877485},{"re":0.3398412636495831,"im":0.1285727745923225},{"re":0.33631221551149526,"im":0.1288220593788044},{"re":0.3327872458602989,"im":0.1290216986303493},{"re":0.3292678487253405,"im":0.1291673803470125},{"re":0.3257566688440751,"im":0.12925539882368822},{"re":0.3222573139898327,"im":0.12928283626981266},{"re":0.31877414476853977,"im":0.1292477012612686},{"re":0.3153120500953427,"im":0.1291490220270313},{"re":0.31187621693915873,"im":0.12898689359451368}],"gtau":[{"re":0.5006104883203515,"im":-0.0008489132768910964},{"re":0.4931666816155982,"im":-0.0008148338111236317},{"re":0.4861788146894147,"im":-0.0007827820881896366},{"re":0.4796087494772234,"im":-0.0007525578934276556},{"re":0.47342253826989456,"im":-0.0007239888656062103},{"re":0.4675899043574086,"im":-0.0006969222178495965},{"re":0.4620837904309672,"im":-0.0006712236079064732},{"re":0.4568799710792497,"im":-0.0006467734422422016},{"re":0.45195671529045156,"im":-0.0006234659626698938},{"re":0.44729449168916424,"im":-0.0006012064311738643},{"re":0.44287571254902686,"im":-0.0005799108596077552},{"re":0.4386845115193675,"im":-0.0005595011038090113},{"re":0.4347065495092511,"im":-0.0005399089744555496},{"re":0.4309288411398165,"im":-0.0005210727860719158},{"re":0.42733961102358914,"im":-0.0005029373458771946},{"re":0.423928160736953,"im":-0.00048545381152567853},{"re":0.4206847559670414,"im":-0.0004685777964245407},{"re":0.41760052431255434,"im":-0.00045226833817650516},{"re":0.41466736846170665,"im":-0.0004364884495722116},{"re":0.41187788671570397,"im":-0.000421205303999717},{"re":0.40922530522583217,"im":-0.0004063873450281865},{"re":0.40670341693164896,"im":-0.000392006600670947},{"re":0.40430652682928764,"im":-0.0003780370472424417},{"re":0.40202940573937707,"im":-0.0003644548738287715},{"re":0.3998672465230554,"im":-0.0003512380096409896},{"re":0.39781562716709173,"im":-0.0003383654916372967},{"re":0.3958704776431261,"im":-0.00032581840115904095},{"re":0.3940280494107304,"im":-0.00031357896021054997},{"re":0.39228488910038317,"im":-0.0003016309550376003},{"re":0.3906378153057855,"im":-0.0002899595779572031},{"re":0.3890838969825023,"im":-0.00027855059690993426},{"re":0.3876204345313754,"im":-0.0002673909392098023},{"re":0.3862449430296313,