{"ns":[-0.4981835654964339,-0.49820952302575955,-0.4982447089187622,-0.4982888842237995,-0.4983417470175235,-0.49840293585732787,-0.49847203417983466,-0.49854857477012543,-0.4986320447568739,-0.49872189152345314,-0.4988175285917039,-0.49891834186065637,-0.4990236960221764,-0.49913294099863154,-0.4992454188492542,-0.49936047002490186,-0.49947743956756807,-0.49959568372174396,-0.49971457393865143,-0.4998335031642438,-0.4999518911418375,-0.5000691884531615,-0.5001848803047786,-0.5002984897193381,-0.5004095801626639,-0.5005177574499148,-0.5006226703577797,-0.5007240140817036,-0.500821528674652,-0.5009149985855418,-0.5010042515531118,-0.5010891582189763,-0.5011696294261196,-0.5012456147537215,-0.5013171000291977,-0.5013841049811901,-0.5014466800955072,-0.5015049004167599,-0.5015588705131973,-0.5016087141780524,-0.5016545718712215,-0.5016965990146702,-0.5017349646838485,-0.5017698463692276,-0.5018014293946346,-0.5018299019366048,-0.5018554531054354,-0.5018782718429163,-0.5018985443793863,-0.5019164525331405,-0.5019321722789196,-0.5019458724179764,-0.5019577143481959,-0.5019678508864673,-0.501976425222689,-0.501983572034888,-0.5019894154215413,-0.501994069943024,-0.5019976402078149,-0.5020002215123355,-0.5020018995985759,-0.5020027510174557,-0.5020028437999836,-0.5020022374699654,-0.5020009835488328,-0.5019991262163359,-0.501996702960281,-0.5019937445362607,-0.501990275913838,-0.5019863154534429,-0.5019818769949701,-0.5019769719215705,-0.501971605944585,-0.5019657807900043,-0.5019594940793746,-0.501952740795988,-0.5019455150158052,-0.501937807873108,-0.5019296082193733,-0.5019209038599138,-0.5019116811386035,-0.501901926061034,-0.5018916238015618,-0.5018807603890122,-0.5018693226495475,-0.5018572971668012,-0.5018446727246055,-0.5018314391470541,-0.5018175889739392,-0.5018031165972896,-0.5017880187302485,-0.5017722948320995,-0.5017559471651659,-0.5017389809117344,-0.5017214042746888,-0.5017032286004997,-0.5016844684595217,-0.501665141576872,-0.5016452687362715,-0.5016248737310193],"taus":[0.5,1.0,1.5,2.0,2.5,3.0,3.5,4.0,4.5,5.0,5.5,6.0,6.5,7.0,7.5,8.0,8.5,9.0,9.5,10.0,10.5],"bd":[1,1,2,4,8,16,32,59,110,120,120,120,120,120,120,120,120,120,120,120,120,120,120,120,120,120,120,120,120,120,120,120,120,120,120,120,120,120,120,120,120,120,120,120,120,120,120,120,120,120,120,120,120,120,120,120,120,120,120,120,120,120,120,120,120,120,120,120,120,120,120,120,120,120,120,120,120,120,120,120,120,120,120,120,120,120,120,120,120,120,120,120,120,120,120,120,120,120,120,120,120,120,120,120,120,120,120,120,120,120,120,120,120,120,120,120,120,120,120,120,120,120,120,120,120,120,120,120,120,120,120,120,120,120,120,120,120,120,120,120,120,120,120,120,120,120,120,120,120,120,120,120,120,120,120,120,120,120,120,120,120,120,120,120,120,120,120,120,120,120,120,120,120,120,120,120,120,120,120,120,120,120,120,120,120,120,120,120,120,120,120,120,120,120,120,120,120,120,120,120,120,120,120,120,120,120,120,120,120,120,120,120,120,120,120,120,120,120,120,120,120,120,120,120,120,120,120,120,120,120,120,120,120,120,120,120,120,120,120,120,120,120,120,120,120,120,120,120,120,120,120,120,120,120,120,120,120,120,120,120,120,120,120,120,120,120,120,120,120,120,120,120,120,120,120,120,120,120,120,120,120,120,120,120,120,120,120,120,120,120,120,120,120,120,120,120,120,120,120,120,120,120,120,120,120,120,120,120,120,120,120,120,120,120,120,120,120,120,120,120,120,120,120,120,120,120,120,120,120,120,120,120,120,120,120,120,120,120,120,120,120,120,120,120,120,120,120,120,120,120,120,120,120,120,120,120,120,120,120,120,120,120,120,120,120,120,120,120,120,120,120,120,120,120,120,120,120,120,120,120,120,120,120,120,120,120,120,120,120,120,120,120,120,120,120,120,120,120,120,116,120,120,120,112,120,120,120,110,120,120,120,107,120,120,120,105,120,116,116,100,116,113,112,95,110,100,98,82,94,86,80,66,76,65,62,49,57,44,38,27,33,21,13,7,8,4,2,1],"lt":[{"re":0.4981835654964339,"im":-4.3260178090209945e-7},{"re":0.49813271375020884,"im":0.0038569026520771754},{"re":0.49795907374861337,"im":0.007708495099431321},{"re":0.49766312299608106,"im":0.01154864402762979},{"re":0.49724567188888447,"im":0.015371695596138848},{"re":0.496707859582908,"im":0.019172065685035166},{"re":0.49605114839022735,"im":0.022944262385822957},{"re":0.49527731629525357,"im":0.026682908267633084},{"re":0.494388448169915,"im":0.03038276164082814},{"re":0.49338692540731643,"im":0.0340387372722101},{"re":0.49227541406240727,"im":0.0376459261952645},{"re":0.4910568516449996,"im":0.041199614264582726},{"re":0.48973443273027495,"im":0.044695299847645246},{"re":0.4883115933019749,"im":0.04812871039903953},{"re":0.4867919940804617,"im":0.051495817480759765},{"re":0.48517950269668236,"im":0.0547928506398221},{"re":0.48347817509911545,"im":0.05801630978951407},{"re":0.4816922361678509,"im":0.061162976055317494},{"re":0.47982605960224173,"im":0.06422992116341796},{"re":0.4778841472567871,"im":0.06721451496394656},{"re":0.47587110860991844,"im":0.07011443207534178},{"re":0.4737916389789059,"im":0.07292765583501847},{"re":0.4716504983711576,"im":0.07565248144135199},{"re":0.4694524899632161,"im":0.07828751706954382},{"re":0.4672024386404792,"im":0.0808316831233314},{"re":0.464905169853466,"im":0.08328420982626077},{"re":0.4625654894112347,"im":0.085644636243747},{"re":0.4601881621750591,"im":0.08791280185261076},{"re":0.4577778927769991,"im":0.09008884098993825},{"re":0.4553393063376166,"im":0.092173174769879},{"re":0.4528769304705276,"im":0.09416650163175662},{"re":0.4503951773079232,"im":0.09606978632702505},{"re":0.44789832752379244,"im":0.09788424820253926},{"re":0.44539051469285357,"im":0.09961134800635006},{"re":0.44287571110154944,"im":0.10125277367918917},{"re":0.4403577144308216,"im":0.10281042518048474},{"re":0.43784013615840967,"im":0.10428639890979349},{"re":0.43532639042579946,"im":0.10568297210708333},{"re":0.4328196875290946,"im":0.107002583773863},{"re":0.4303230224506762,"im":0.10824781758545789},{"re":0.42783917047317316,"im":0.10942138528518912},{"re":0.42537068035907594,"im":0.11052610574579114},{"re":0.42291987338013753,"im":0.11156488957663754},{"re":0.4204888398350954,"im":0.11254071955362704},{"re":0.418079438487949,"im":0.11345663214114023},{"re":0.4156932971917836,"im":0.11431570041645676},{"re":0.41333181424937443,"im":0.11512101498889296},{"re":0.41099616217987883,"im":0.11587566769844887},{"re":0.4086872919770684,"im":0.11658273463714722},{"re":0.4064059388277125,"im":0.11724526007542922},{"re":0.4041526289264777,"im":0.11786624103312936},{"re":0.4019276871408797,"im":0.11844861307327144},{"re":0.3997312460146578,"im":0.11899523634962567},{"re":0.39756325534992243,"im":0.1195088824924396},{"re":0.39542349241671293,"im":0.11999222324020134},{"re":0.39331157252256066,"im":0.12044781980620972},{"re":0.3912269632113295,"im":0.12087811273463862},{"re":0.38916899441780706,"im":0.12128541418243076},{"re":0.38713687199349034,"im":0.12167190023885927},{"re":0.3851296906355566,"im":0.12203960467141083},{"re":0.3831464472122583,"im":0.12239041465520017},{"re":0.3811860543382271,"im":0.1227260659262005},{"re":0.37924735418827893,"im":0.1230481412439552},{"re":0.37732913149810576,"im":0.12335806831229128},{"re":0.37543012675976306,"im":0.1236571198698911},{"re":0.3735490496582339,"im":0.12394641435625553},{"re":0.37168459143905724,"im":0.12422691785586212},{"re":0.369835437454465,"im":0.12449944745420476},{"re":0.36800027908341115,"im":0.1247646745877521},{"re":0.3661778262403834,"im":0.12502313028448148},{"re":0.3643668149370351,"im":0.12527520736735234},{"re":0.3625660199089772,"im":0.12552117136567817},{"re":0.3607742629411889,"im":0.1257611663834296},{"re":0.35899042136931264,"im":0.12599522329461293},{"re":0.3572134362672144,"im":0.126223267910017},{"re":0.35544231865385406,"im":0.12644512638170996},{"re":0.3536761547454855,"im":0.12666053831497381},{"re":0.3519141129341825,"im":0.12686916627226147},{"re":0.35015544674869126,"im":0.1270706040780113},{"re":0.3483994983972869,"im":0.1272643874344228},{"re":0.3466457011642262,