{"ns":[-0.49818311348697447,-0.4982090871291654,-0.49824429208673326,-0.4982884883158825,-0.49834137350293933,-0.49840258598768944,-0.4984717090242685,-0.4985482754355761,-0.4986317727423282,-0.498721648703179,-0.49881731726386647,-0.4989181647405088,-0.4990235562068297,-0.49913284224864746,-0.49924536521870055,-0.4993604657412218,-0.4994774889995712,-0.4995957907239649,-0.4997147429044447,-0.499833739091712,-0.4999521991316835,-0.5000695737537257,-0.5001853481667917,-0.5002990454087022,-0.5004102288588181,-0.5005185043891668,-0.500623521665571,-0.5007249750517689,-0.5008226038231084,-0.5009161918246059,-0.5010055667097321,-0.5010905985913577,-0.5011711982472518,-0.5012473151115581,-0.5013189350704925,-0.5013860774403951,-0.5014487921099153,-0.5015071565679251,-0.5015612727434133,-0.5016112638554558,-0.5016572711890984,-0.5016994510127654,-0.5017379715338188,-0.5017730099726575,-0.5018047498965758,-0.5018333785882761,-0.5018590847785082,-0.501882056479632,-0.5019024791032438,-0.5019205338961933,-0.501936396326077,-0.5019502352075953,-0.5019622112906538,-0.5019724769018878,-0.5019811753034471,-0.5019884402839725,-0.5019943958553222,-0.5019991563121283,-0.502002825981217,-0.5020054997124668,-0.5020072629373894,-0.5020081931396286,-0.5020083578565413,-0.5020078166766183,-0.5020066216262061,-0.5020048171355662,-0.5020024406456395,-0.5019995234432758,-0.5019960906341591,-0.5019921618498279,-0.5019877517092021,-0.5019828702279957,-0.501977523224186,-0.5019717127266975,-0.5019654374076535,-0.5019586930436454,-0.5019514728587561,-0.5019437678804064,-0.5019355671714724,-0.5019268585273223,-0.5019176287946229,-0.5019078643987955,-0.501897551496432,-0.5018866762923848,-0.5018752256242368,-0.5018631870715968,-0.5018505494571402,-0.501837303117406,-0.5018234400379491,-0.5018089546065487,-0.5017938431607837,-0.501778104894419,-0.5017617418774033,-0.5017447590559583,-0.5017271644045209,-0.5017089690185015,-0.5016901871005989,-0.5016708359397435,-0.5016509358603027,-0.5016305101029925],"taus":[0.5,1.0,1.5,2.0,2.5,3.0,3.5,4.0,4.5,5.0,5.5,6.0,6.5,7.0,7.5,8.0,8.5,9.0,9.5,10.0,10.5],"bd":[1,1,2,4,8,16,32,63,121,140,140,140,140,140,140,140,140,140,140,140,140,140,140,140,140,140,140,140,140,140,140,140,140,140,140,140,140,140,140,140,140,140,140,140,140,140,140,140,140,140,140,140,140,140,140,140,140,140,140,140,140,140,140,140,140,140,140,140,140,140,140,140,140,140,140,140,140,140,140,140,140,140,140,140,140,140,140,140,140,140,140,140,140,140,140,140,140,140,140,140,140,140,140,140,140,140,140,140,140,140,140,140,140,140,140,140,140,140,140,140,140,140,140,140,140,140,140,140,140,140,140,140,140,140,140,140,140,140,140,140,140,140,140,140,140,140,140,140,140,140,140,140,140,140,140,140,140,140,140,140,140,140,140,140,140,140,140,140,140,140,140,140,140,140,140,140,140,140,140,140,140,140,140,140,140,140,140,140,140,140,140,140,140,140,140,140,140,140,140,140,140,140,140,140,140,140,140,140,140,140,140,140,140,140,140,140,140,140,140,140,140,140,140,140,140,140,140,140,140,140,140,140,140,140,140,140,140,140,140,140,140,140,140,140,140,140,140,140,140,140,140,140,140,140,140,140,140,140,140,140,140,140,140,140,140,140,140,140,140,140,140,140,140,140,140,140,140,140,140,140,140,140,140,140,140,140,140,140,140,140,140,140,140,140,140,140,140,140,140,140,140,140,140,140,140,140,140,140,140,140,140,140,140,140,140,140,140,140,140,140,140,140,140,140,140,140,140,140,140,140,140,140,140,140,140,140,140,140,140,140,140,140,140,140,140,140,140,140,140,140,140,140,140,140,140,140,140,140,140,140,140,140,140,140,140,140,140,140,140,140,140,140,140,140,140,140,140,140,140,140,140,140,140,140,140,140,140,140,140,140,140,140,140,140,140,140,140,140,140,140,140,140,140,140,140,140,140,140,140,140,140,140,140,140,140,140,140,140,140,140,140,140,140,136,140,140,140,123,140,136,130,108,128,111,99,78,88,65,52,35,40,25,15,8,8,4,2,1],"lt":[{"re":0.49818311348697447,"im":-3.284798017316581e-7},{"re":0.4981322795461217,"im":0.003857032038307703},{"re":0.4979586594151307,"im":0.007708648045373968},{"re":0.4976627303560299,"im":0.011548818444237685},{"re":0.4972453025933526,"im":0.015371890002788055},{"re":0.4967075150394211,"im":0.019172278623486028},{"re":0.49605082966046776,"im":0.022944492555020207},{"re":0.49527702429999343,"im":0.026683154170952305},{"re":0.494388183595038,"im":0.030383021818341283},{"re":0.493386688737287,"im":0.03403901022271928},{"re":0.49227520559676685,"im":0.0376462102768486},{"re":0.4910566715675628,"im":0.041199907839549535},{"re":0.48973428109962797,"im":0.04469560124399814},{"re":0.4883114700688164,"im":0.04812901787415646},{"re":0.4867918990397372,"im":0.05149612933234789},{"re":0.4851794355163887,"im":0.0547931651868475},{"re":0.4834781352735986,"im":0.058016625335459794},{"re":0.4816922230430726,"im":0.061163290983184196},{"re":0.479826072484253,"im":0.06423023391212175},{"re":0.47788418556590256,"im":0.06721482420211694},{"re":0.4758711716092469,"im":0.07011473636263513},{"re":0.47379172638811146,"im":0.07292795366483175},{"re":0.47165061010180415,"im":0.07565277131988965},{"re":0.4694526254348687,"im":0.07828779769660278},{"re":0.4672025973279042,"im":0.08083195349577703},{"re":0.4649053513791602,"im":0.08328446985460147},{"re":0.46256569301825146,"im":0.08564488464185299},{"re":0.4601883871698286,"im":0.08791303732288576},{"re":0.4577781384764609,"im":0.09008906223762907},{"re":0.45533957184032775,"im":0.09217338053053319},{"re":0.4528772152800288,"im":0.094166690498456},{"re":0.45039548090457077,"im":0.0960699570649425},{"re":0.4478986481914254,"im":0.0978843999041413},{"re":0.4453908518700722,"im":0.09961147930970804},{"re":0.44287606428996856,"im":0.10125288324704448},{"re":0.4403580833338395,"im":0.10281051200209852},{"re":0.43784052064772905,"im":0.10428646223924705},{"re":0.43532679108574884,"im":0.10568301044795173},{"re":0.4328201035531872,"im":0.10700259577152098},{"re":0.43032345320054466,"im":0.10824780241495795},{"re":0.4278396150290429,"im":0.10942134162693552},{"re":0.42537113888993583,"im":0.11052603351976686},{"re":0.4229203458994903,"im":0.11156478872888467},{"re":0.4204893263249865,"im":0.11254059004596553},{"re":0.4180799387295308,"im":0.11345647417987442},{"re":0.41569381061636446,"im":0.11431551378282331},{"re":0.41333234035411076,"im":0.11512079973126149},{"re":0.4109967003885686,"im":0.1158754238947793},{"re":0.4086878417115052,"im":0.11658246242109761},{"re":0.4064064994312374,"im":0.11724495971043736},{"re":0.40415319973326347,"im":0.11786591292817494},{"re":0.4019282673872954,"im":0.11844825751939879},{"re":0.3997318347552163,"im":0.11899485341557071},{"re":0.39756385145606465,"im":0.11950847242310485},{"re":0.3954240947578367,"im":0.11999178638495799},{"re":0.3933121807707442,"im":0.1204473564250044},{"re":0.39122757637048716,"im":0.12087762348098348},{"re":0.3891696114424786,"im":0.12128489969873052},{"re":0.38713749166460826,"im":0.12167136116033096},{"re":0.385130311668564,"im":0.12203904183689376},{"re":0.38314706873613313,"im":0.122389829390027},{"re":0.3811866756479722,"im":0.12272546001674497},{"re":0.3792479741075227,"im":0.12304751626339908},{"re":0.3773297486500734,"im":0.12335742593324375},{"re":0.37543073987622483,"im":0.12365646168733235},{"re":0.37354965742809176,"im":0.12394574182382032},{"re":0.3716851926986103,"im":0.12422623217864878},{"re":0.36983603146055116,"im":0.1244987489474594},{"re":0.368000865282401,"im":0.12476396272420633},{"re":0.3661784030089419,"im":0.12502240326320185},{"re":0.36436738149615067,"im":0.125274465110587},{"re":0.36256657553657196,"im":0.1255204139814727},{"re":0.3607748069491147,"im":0.12576039416150975},{"re":0.35899095334451636,"im":0.1259944359541785},{"re":0.3572139556060609,"im":0.12622246416230976},{"re":0.3554428248616684,"im":0.12644430683477315},{"re":0.35367664830810597,"im":0.12665970443021468},{"re":0.35191459431942174,"im":0.12686831947137867},{"re":0.35015591676887153,"im":0.12706974589678427},{"re":0.3483999580419819,