{"bd2":[2,4,4,8,16,32,64,116,140,140,140,140,140,140,140,140,140,140,140,140,140,140,140,140,138,140,138,140,138,140,138,140,138,140,138,140,138,140,138,140,138,140,138,140,138,140,138,140,138,140,138,140,138,140,138,140,138,140,138,140,138,140,138,140,138,140,138,140,138,140,138,140,138,140,140,140,140,140,140,140,140,140,140,140,140,140,140,140,140,140,140,140,140,140,140,116,64,32,16,8,4,4,2,1],"taus":[0.1,0.2,0.30000000000000004,0.4,0.5,0.6000000000000001,0.7000000000000001,0.8,0.9,1.0,1.1,1.2000000000000002,1.3,1.4000000000000001,1.5,1.6,1.7000000000000002,1.8,1.9000000000000001,2.0,2.1,2.2,2.3000000000000003,2.4000000000000004,2.5,2.6,2.7,2.8000000000000003,2.9000000000000004,3.0,3.1,3.2,3.3000000000000003,3.4000000000000004,3.5,3.6,3.7,3.8000000000000003,3.9000000000000004,4.0,4.1000000000000005,4.2,4.3,4.4,4.5,4.6000000000000005,4.7,4.800000000000001,4.9,5.0,5.1000000000000005],"gtau":[0.33304090958034954,0.3072500917515238,0.2843424082751123,0.26394173186403735,0.24573207109318074,0.22944654982063395,0.2148587060033897,0.20177557270936147,0.19003214266517704,0.1794869126334739,0.17001828000473948,0.16152161671973406,0.1539068863314443,0.1470967005469142,0.14102473487077216,0.13563443975264247,0.13087800148628612,0.12671551605773146,0.1231143379694125,0.12004859455631366,0.1174988435404139,0.11545186450455062,0.1139005782635487,0.11284409222711257,0.1122878738608404,0.1122440584035926,0.11273190131078081,0.11377839059990406,0.11541903969269855,0.11769888763781762,0.1206737412047313,0.12441170253232249,0.12899503745136473,0.13452245383568542,0.141111877305027,0.14890383445252947,0.15806558301914833,0.16879616616632656,0.18133261698441777,0.1959576033935464,0.21300888835309464,0.23289108991242288,0.2560903773669043,0.28319293793672184,0.31490832541322106,0.3520991621066048,0.3958191846362085,0.44736233219373245,0.5083265649267948,0.580697516716149,0.6669590904196505],"nn2":[0.617005746672506,0.5409769835704961,0.514453653556841,0.49300979411780776,0.4756240812660445,0.46148753175089763,0.4499584333043566,0.4405270268054362,0.4327877905630272,0.42641766124420827,0.4211588990603034,0.41680559160107694,0.41319301264315467,0.41018922426634236,0.4076884451426286,0.40560582008610874,0.403873259008765,0.40243617254463604,0.4012508840004414,0.40028259163081586,0.3995037688453488,0.39889291674310773,0.3984336025826183,0.39811373357799695,0.39792502790310574,0.3978626552618451,0.3979250284805509,0.3981137350674819,0.3984336056974916,0.39889292245466706,0.3995037783802193,0.4002826064142954,0.40125090552331755,0.40243620228809174,0.4038732982872137,0.4056058699806606,0.40768850643145316,0.41018929519074643,0.4131930968457252,0.4168056882547119,0.4211590029175033,0.4264177639408317,0.4327878851508737,0.4405271072753413,0.44995849449538056,0.4614875696805418,0.4756240939236181,0.49300978282034214,0.514453625219978,0.5409769542267898],"bd1":[1,1,1,2,2,4,4,8,8,16,16,32,21,40,24,47,27,53,31,58,33,60,33,62,34,63,35,67,35,69,36,70,36,70,37,71,37,72,37,72,38,73,38,73,38,73,38,73,38,73,38,73,38,73,38,73,38,73,38,73,38,73,38,72,38,72,37,72,37,71,36,71,36,69,35,67,34,65,33,63,33,62,32,59,31,56,29,52,26,47,24,40,21,32,16,16,8,8,4,4,2,2,1,1],"nn":[0.6669590904155495,0.6305730832378867,0.6011773243621017,0.577349500416462,0.5579681010639528,0.5421471303747036,0.5291853596465552,0.5185267901519947,0.5097297853768988,0.5024429258476532,0.49638609019394236,0.4913356080160997,0.4871125917328528,0.4835737552108514,0.48060418249336795,0.47811163867933726,0.47602205156024097,0.47427597566453994,0.4728257928559801,0.4716335116159317,0.47066904166265044,0.4699088500410841,0.46933492638630747,0.46893400200800245,0.4686969814635503,0.46861855651625856,0.4686969823295966,0.4689340041249037,0.4693349305073851,0.4699088572579479,0.47066905332784204,0.4716335292777018,0.4728258181542922,0.4742760102035496,0.47602209676276314,0.4781116956832622,0.4806042520987813,0.48357383527415293,0.48711268648526,0.4913357166131008,0.49638620671258066,0.5024430407908186,0.5097298909505672,0.5185268796899067,0.5291854274665296,0.5421471721375088,0.5579681146381511,0.577349487361172,0.6011772924562938,0.6305730503665099]}