{"bd2":[1,1,2,4,8,8,16,25,40,33,40,40,40,40,40,40,40,40,40,40,40,40,40,40,40,40,40,40,40,40,40,40,40,40,40,40,40,40,40,40,40,40,40,40,40,40,40,40,40,40,40,40,40,40,40,40,40,40,40,40,40,40,40,40,40,40,40,40,40,40,40,40,40,40,40,40,40,40,40,40,40,40,40,40,40,40,40,40,40,40,40,40,40,40,40,40,40,40,40,40,40,40,40,40,40,40,40,40,40,40,40,40,40,40,40,40,40,40,40,40,40,40,40,40,40,40,40,40,40,40,40,40,40,40,40,40,40,40,40,40,40,40,40,40,40,40,40,40,40,40,40,40,40,40,40,40,40,40,40,40,40,40,40,40,40,40,40,40,40,40,40,40,40,40,40,40,40,40,40,40,40,40,40,40,40,40,40,40,40,40,40,40,40,40,40,40,40,40,40,40,40,40,40,40,40,40,40,40,40,40,40,40,40,40,40,40,40,40,40,40,40,40,40,40,40,40,40,40,40,40,40,40,40,40,40,40,40,40,40,40,40,40,40,40,40,40,40,40,40,40,40,40,40,40,40,40,40,40,40,40,40,40,40,40,40,40,40,40,40,40,40,40,40,40,40,40,40,40,40,40,40,40,40,40,40,40,40,40,40,40,40,40,40,40,40,40,40,40,40,40,40,40,40,40,40,40,40,40,40,40,40,40,40,40,40,40,40,40,40,40,40,40,40,40,40,40,40,40,40,40,40,40,40,40,40,40,40,40,40,40,40,40,40,40,40,40,40,40,40,40,40,40,40,40,40,40,40,40,40,40,40,40,40,40,40,40,40,40,40,40,40,40,40,40,40,40,40,40,40,40,40,40,40,40,40,40,40,40,40,40,40,40,40,40,40,40,40,40,40,40,32,16,8,4,2,1],"bd1":[2,4,2,4,8,4,4,8,16,12,12,24,40,39,27,38,40,39,29,40,40,38,29,40,40,38,30,40,40,38,32,40,40,38,32,40,40,38,32,40,40,39,32,40,40,38,32,40,40,38,32,40,40,40,33,40,40,40,33,40,40,38,33,40,40,40,34,40,40,40,34,40,40,40,33,40,40,39,34,40,40,40,33,40,40,40,33,40,40,40,33,40,40,40,33,40,40,40,33,40,40,40,33,40,40,40,33,40,40,40,33,40,40,40,33,40,40,40,34,40,40,40,34,40,40,39,33,40,40,39,33,40,40,40,33,40,40,40,33,40,40,40,33,40,40,40,33,40,40,40,33,40,40,40,33,40,40,40,33,40,40,40,34,40,40,40,33,40,40,40,34,40,40,40,33,40,40,40,34,40,40,40,33,40,40,40,34,40,40,40,33,40,40,40,33,40,40,40,34,40,40,40,33,40,40,40,34,40,40,40,33,40,40,40,34,40,40,40,33,40,40,40,34,40,40,40,34,40,40,40,34,40,40,40,34,40,40,40,33,40,40,40,34,40,40,40,33,40,40,40,34,40,40,39,33,40,40,40,34,40,40,40,33,40,40,39,33,40,40,39,33,40,40,40,33,40,40,40,33,40,40,40,33,40,40,40,33,40,40,40,33,40,40,40,33,40,40,40,33,40,40,40,33,40,40,40,33,40,40,40,33,40,40,40,33,40,40,38,33,40,40,38,34,40,40,38,34,40,40,38,33,40,40,38,33,40,40,38,33,40,40,38,33,40,40,38,33,40,40,38,33,40,40,38,33,40,40,38,33,40,40,38,33,40,40,38,33,40,40,38,32,40,40,38,32,40,40,40,33,40,40,40,33,40,40,38,32,40,40,38,31,40,40,36,24,32,32,16,8,8,8,4,2,2,2,1],"ts":[0.05,0.1,0.15000000000000002,0.2,0.25,0.30000000000000004,0.35000000000000003,0.4,0.45,0.5,0.55,0.6000000000000001,0.65,0.7000000000000001,0.75,0.8,0.8500000000000001,0.9,0.9500000000000001,1.0,1.05,1.1,1.1500000000000001,1.2000000000000002,1.25,1.3,1.35,1.4000000000000001,1.4500000000000002,1.5,1.55,1.6,1.6500000000000001,1.7000000000000002,1.75,1.8,1.85,1.9000000000000001,1.9500000000000002,2.0,2.0500000000000003,2.1,2.15,2.2,2.25,2.3000000000000003,2.35,2.4000000000000004,2.45,2.5,2.5500000000000003,2.6,2.6500000000000004,2.7,2.75,2.8000000000000003,2.85,2.9000000000000004,2.95,3.0,3.0500000000000003,3.1,3.1500000000000004,3.2,3.25,3.3000000000000003,3.35,3.4000000000000004,3.45,3.5,3.5500000000000003,3.6,3.6500000000000004,3.7,3.75,3.8000000000000003,3.85,3.9000000000000004,3.95,4.0,4.05,4.1000000000000005,4.15,4.2,4.25,4.3,4.3500000000000005,4.4,4.45,4.5,4.55,4.6000000000000005,4.65,4.7,4.75,4.800000000000001,4.8500000000000005,4.9,4.95,5.0,5.050000000000001],"gt":[{"re":1.0000841838989805,"im":0.001360436497746112},{"re":0.9976915626184208,"im":-0.049500194091718464},{"re":0.9887607459499489,"im":-0.09955842441675151},{"re":0.9734096316320954,"im":-0.14816531698634608},{"re":0.9518318211858283,"im":-0.19468905262752462},{"re":0.92430688707472,"im":-0.2385357151954735},{"re":0.8911881773670313,"im":-0.2791615479297477},{"re":0.8528982222298803,"im":-0.316080002671423},{"re":0.8099185894557831,"im":-0.34887321226771123},{"re":0.7627795088263525,"im":-0.3771976780046535},{"re":0.7120321734662771,"im":-0.400777429342137},{"re":0.658279882321748,"im":-0.41943055591160167},{"re":0.6021275209922717,"im":-0.4330487728164966},{"re":0.5441840817772161,"im":-0.44160138133455606},{"re":0.485052374268939,"im":-0.4451313729188521},{"re":0.42531945754039036,"im":-0.4437507230755345},{"re":0.3655485583771776,"im":-0.4376342007542025},{"re":0.3062722307399657,"im":-0.4270127451137537},{"re":0.24798653226894343,"im":-0.4121663717109627},{"re":0.1911459025212903,"im":-0.39341574923547695},{"re":0.13617121475125468,"im":-0.37110349261529096},{"re":0.08338539361646043,"im":-0.3456665988330839},{"re":0.0328760324720032,"im":-0.3176316707740248},{"re":-0.014897958430840078,"im":-0.2872231910813441},{"re":-0.059711146986131385,"im":-0.25491751933812695},{"re":-0.10139262420200547,"im":-0.22115745887934388},{"re":-0.13982099945838383,"im":-0.18634764533482026},{"re":-0.17492952780055365,"im":-0.1509055280827324},{"re":-0.20669634231709058,"im":-0.11522596357879124},{"re":-0.23514206349987385,"im":-0.07967495640588686},{"re":-0.2603264192162855,"im":-0.04458649212754798},{"re":-0.2823459279824662,"im":-0.010261124785217},{"re":-0.30132593120596396,"im":0.02305887153795863},{"re":-0.3175841101308294,"im":0.05543495709896523},{"re":-0.33104494534311757,"im":0.0859256640248332},{"re":-0.3415651453673574,"im":0.1148951878700168},{"re":-0.34978871207240125,"im":0.1424150319617713},{"re":-0.3558500033773547,"im":0.1681863394632988},{"re":-0.3596969900313136,"im":0.1919770567404817},{"re":-0.36186382943889067,"im":0.2138902798341808},{"re":-0.36224545629920696,"im":0.2338676662744163},{"re":-0.3610921413013528,"im":0.2518960787175931},{"re":-0.35845046996453606,"im":0.2680048463066589},{"re":-0.3545654867210751,"im":0.2821665415800293},{"re":-0.3494723807695341,"im":0.2944411621747521},{"re":-0.343401886410509,"im":0.30478561395804243},{"re":-0.33637172301813295,"im":0.3132784176227906},{"re":-0.3285923041407848,"im":0.3198799083544473},{"re":-0.3200624735891635,"im":0.32467542936715726},{"re":-0.31096566377601215,"im":0.3276465570730426},{"re":-0.3012914351703778,"im":0.32887191490883766},{"re":-0.29118702704824145,"im":0.3283574310203919},{"re":-0.2806501072941975,"im":0.32617479898537566},{"re":-0.26978289539030154,"im":0.32234496924209105},{"re":-0.2585978431686684,"im":0.3169568001300087},{"re":-0.24714750791130946,"im":0.31003171795809537},{"re":-0.23543201160020477,"im":0.3017147672068401},{"re":-0.22345316959162528,"im":0.292023940798816},{"re":-0.2112079935573892,"im":0.2811538127801907},{"re":-0.19875025917408615,"im":0.2691684012597642},{"re":-0.18588980251428347,"im":0.25631198240102143},{"re":-0.17269432065369225,"im":0.24270139178491004},{"re":-0.15927080380802297,"im":0.22862893161445794},{"re":-0.14564718651014308,"im":0.21432220630845672},{"re":-0.13179862526667954,"im":0.1998408231921752},{"re":-0.11774755859762559,"im":0.18528116375627154},{"re":-0.10351123556810993,"im":0.17073856659740344},{"re":-0.0891015548951491,"im":0.15629401096832007},{"re":-0.07452445343863073,"im":0.1420159049254899},{"re":-0.05978553440145597,"im":0.12795978054166085},{"re":-0.044887545869605756,"im":0.11416535684217326},{"re":-0.029829660821243078,"im":0.1006895684533834},{"re":-0.014604552694229885,"im":0.08751601944254338},{"re":0.0007597227027488075,"im":0.07465289084622521},{"re":0.01627987953994628,"im":0.06208223999722263},{"re":0.03193376189883294,"im":0.049832371467271146},{"re":0.047693992173302606,"im":0.0378368139578315},{"re":0.06353185566381957,"im":0.026027772402464528},{"re":0.07940224506249037,"im":0.014328582021255481},{"re":0.09524580049198514,"im":0.002654966867101079},{"re":0.11098858446393535,"im":-0.009081761919262842},{"re":0.12654178748069603,"im":-0.02097109443072613},{"re":0.1417924903131988,"im":-0.03308982526648882},{"re":0.15664136779380844,"im":-0.045529252125273596},{"re":0.17096820727496567,"im":-0.058360659430128886},{"re":0.18463689760785362,"im":-0.07164282838799328},{"re":0.1975020218846272,"im":-0.08542297997736577},{"re":0.20941287752873805,