{"bd2":[1,1,2,4,8,8,16,25,40,33,40,40,40,40,40,40,40,40,40,40,40,40,40,40,40,40,40,40,40,40,40,40,40,40,40,40,40,40,40,40,40,40,40,40,40,40,40,40,40,40,40,40,40,40,40,40,40,40,40,40,40,40,40,40,40,40,40,40,40,40,40,40,40,40,40,40,40,40,40,40,40,40,40,40,40,40,40,40,40,40,40,40,40,40,40,40,40,40,40,40,40,40,40,40,40,40,40,40,40,40,40,40,40,40,40,40,40,40,40,40,40,40,40,40,40,40,40,40,40,40,40,40,40,40,40,40,40,40,40,40,40,40,40,40,40,40,40,40,40,40,40,40,40,40,40,40,40,40,40,40,40,40,40,40,40,40,40,40,40,40,40,40,40,40,40,40,40,40,40,40,40,40,40,40,40,40,40,40,40,40,40,40,40,40,40,40,40,40,40,40,40,40,40,40,40,40,40,40,40,40,40,40,40,40,40,40,40,40,40,40,40,40,40,40,40,40,40,40,40,40,40,40,40,40,40,40,40,40,40,40,40,40,40,40,40,40,40,40,40,40,40,40,40,40,40,40,40,40,40,40,40,40,40,40,40,40,40,40,40,40,40,40,40,40,40,40,40,40,40,40,40,40,40,40,40,40,40,40,40,40,40,40,40,40,40,40,40,40,40,40,40,40,40,40,40,40,40,40,40,40,40,40,40,40,40,40,40,40,40,40,40,40,40,40,40,40,40,40,40,40,40,40,40,40,40,40,40,40,40,40,40,40,40,40,40,40,40,40,40,40,40,40,40,40,40,40,40,40,40,40,40,40,40,40,40,40,40,40,40,40,40,40,40,40,40,40,40,40,40,40,40,40,40,40,40,40,40,40,40,40,40,40,40,40,40,40,40,40,40,40,32,16,8,4,2,1],"bd1":[2,4,2,4,8,4,4,8,16,12,12,24,40,36,24,38,40,38,24,38,40,38,26,40,40,38,28,40,40,40,29,40,40,40,30,40,40,39,30,40,40,39,30,40,40,39,31,40,40,39,31,40,40,39,30,40,40,39,31,40,40,40,30,40,40,40,30,40,40,40,31,40,40,40,31,40,40,40,31,40,40,40,31,40,40,40,31,40,40,40,31,40,40,40,30,40,40,40,30,40,40,40,30,40,40,40,30,40,40,40,30,40,40,40,31,40,40,40,31,40,40,40,31,40,40,40,31,40,40,40,31,40,40,40,32,40,40,40,32,40,40,40,32,40,40,40,32,40,40,40,32,40,40,40,32,40,40,40,32,40,40,40,32,40,40,40,32,40,40,39,32,40,40,39,32,40,40,38,32,40,40,38,32,40,40,38,32,40,40,38,32,40,40,38,33,40,40,38,33,40,40,39,32,40,40,39,32,40,40,39,32,40,40,40,32,40,40,40,32,40,40,40,32,40,40,39,31,40,40,39,31,40,40,39,32,40,40,38,31,40,40,38,31,40,40,38,31,40,40,38,31,40,40,38,31,40,40,38,32,40,40,38,32,40,40,38,32,40,40,38,32,40,40,38,32,40,40,38,32,40,40,38,32,40,40,38,32,40,40,38,32,40,40,38,32,40,40,38,32,40,40,38,32,40,40,39,32,40,40,39,32,40,40,39,32,40,40,39,32,40,40,38,31,40,40,38,31,40,40,38,31,40,40,38,31,40,40,38,31,40,40,38,31,40,40,38,31,40,40,38,31,40,40,38,31,40,40,38,30,40,40,38,30,40,40,38,29,40,40,38,29,40,40,38,29,40,40,38,28,40,40,38,28,40,40,38,28,40,40,38,27,40,40,37,22,28,32,16,8,8,8,4,2,2,2,1],"ts":[0.05,0.1,0.15000000000000002,0.2,0.25,0.30000000000000004,0.35000000000000003,0.4,0.45,0.5,0.55,0.6000000000000001,0.65,0.7000000000000001,0.75,0.8,0.8500000000000001,0.9,0.9500000000000001,1.0,1.05,1.1,1.1500000000000001,1.2000000000000002,1.25,1.3,1.35,1.4000000000000001,1.4500000000000002,1.5,1.55,1.6,1.6500000000000001,1.7000000000000002,1.75,1.8,1.85,1.9000000000000001,1.9500000000000002,2.0,2.0500000000000003,2.1,2.15,2.2,2.25,2.3000000000000003,2.35,2.4000000000000004,2.45,2.5,2.5500000000000003,2.6,2.6500000000000004,2.7,2.75,2.8000000000000003,2.85,2.9000000000000004,2.95,3.0,3.0500000000000003,3.1,3.1500000000000004,3.2,3.25,3.3000000000000003,3.35,3.4000000000000004,3.45,3.5,3.5500000000000003,3.6,3.6500000000000004,3.7,3.75,3.8000000000000003,3.85,3.9000000000000004,3.95,4.0,4.05,4.1000000000000005,4.15,4.2,4.25,4.3,4.3500000000000005,4.4,4.45,4.5,4.55,4.6000000000000005,4.65,4.7,4.75,4.800000000000001,4.8500000000000005,4.9,4.95,5.0,5.050000000000001],"gt":[{"re":0.9986232453939695,"im":0.001140933839844313},{"re":0.9949637184798409,"im":0.003070690286951663},{"re":0.98814641523501,"im":0.005019587007782726},{"re":0.9781959564864391,"im":0.006996844594542645},{"re":0.9651587183550266,"im":0.009014130910849136},{"re":0.9490917118203236,"im":0.011079716549012304},{"re":0.9300674056303364,"im":0.013199621240445335},{"re":0.9081723502489013,"im":0.015376660048939},{"re":0.8835072447181047,"im":0.017610008404235388},{"re":0.8561864577181219,"im":0.019895043919473106},{"re":0.8263374961456939,"im":0.022222909312322337},{"re":0.7941003054118374,"im":0.02458097645392691},{"re":0.7596265820555707,"im":0.026952812647135834},{"re":0.7230788945330224,"im":0.029318466769463813},{"re":0.68462945588743,"im":0.03165459342281113},{"re":0.6444588877362839,"im":0.03393493196724449},{"re":0.602753371072003,"im":0.03613028784425469},{"re":0.5597054646807251,"im":0.03820921861674689},{"re":0.5155111417603246,"im":0.04014041440685999},{"re":0.47036905319251643,"im":0.04188994163615033},{"re":0.4244785916626074,"im":0.04342246704212602},{"re":0.37803804081461373,"im":0.04470217239741874},{"re":0.331243723214131,"im":0.04569288420858062},{"re":0.28428885693628236,"im":0.046358633454181314},{"re":0.23736266920566715,"im":0.046664591560270065},{"re":0.19064746019474177,"im":0.04657584758927871},{"re":0.14430227957877514,"im":0.04612590443290833},{"re":0.09851588204137113,"im":0.04522899485720402},{"re":0.05345454486776497,"im":0.04385569665708754},{"re":0.009278346066393679,"im":0.04197563668350764},{"re":-0.033858829712838996,"im":0.039560829128914225},{"re":-0.07580980658093098,"im":0.03658601046086185},{"re":-0.11643412677216418,"im":0.03303024028665308},{"re":-0.15559843000719414,"im":0.028877297047919363},{"re":-0.19317801987024352,"im":0.024116116617170728},{"re":-0.2290552747962896,"im":0.018744467867678406},{"re":-0.2631227402043022,"im":0.012766166197490993},{"re":-0.2952921229635989,"im":0.006256759753806727},{"re":-0.3254660925932014,"im":-0.0008287779361272583},{"re":-0.3535638813722669,"im":-0.008466059957691577},{"re":-0.3795208085694205,"im":-0.016620929165197553},{"re":-0.40328303239231694,"im":-0.02525283396378235},{"re":-0.4248100743540814,"im":-0.03432229293290595},{"re":-0.4440541360097859,"im":-0.04377251294862265},{"re":-0.46097958315947435,"im":-0.05354794356111558},{"re":-0.47555722414244567,"im":-0.06358881143577759},{"re":-0.487761945890736,"im":-0.07382672111083115},{"re":-0.4975839983086945,"im":-0.08419456655993672},{"re":-0.5050273550245872,"im":-0.0946202372407038},{"re":-0.5101103840346718,"im":-0.10502531336143199},{"re":-0.5128651053082968,"im":-0.11532611423105377},{"re":-0.5133349777802522,"im":-0.12543786636465207},{"re":-0.5115737960191907,"im":-0.13527560670351924},{"re":-0.5076447058154087,"im":-0.1447565824157772},{"re":-0.5016188329668851,"im":-0.15380060966720424},{"re":-0.4935750859393022,"im":-0.16233195327209732},{"re":-0.4835998632537294,"im":-0.17027856745001468},{"re":-0.47178618870777084,"im":-0.1775744998701129},{"re":-0.4582334750975959,"im":-0.1841568548162508},{"re":-0.44303960570020423,"im":-0.18997331016392452},{"re":-0.4263124836152741,"im":-0.19497218994045995},{"re":-0.40816503350350153,"im":-0.19909454564022558},{"re":-0.38870837440718337,"im":-0.20229823319612333},{"re":-0.36805604658076496,"im":-0.20454830745372687},{"re":-0.34632165041574026,"im":-0.20581589844960313},{"re":-0.3236200194369026,"im":-0.20607878268979032},{"re":-0.3000663160112171,"im":-0.2053231860614446},{"re":-0.2757754522207672,"im":-0.20354226701610886},{"re":-0.2508616991741552,"im":-0.20073669966702323},{"re":-0.22540815515721901,"im":-0.19693525208691365},{"re":-0.19956298597585007,"im":-0.19213034827235706},{"re":-0.1734221928385373,"im":-0.1863523917947418},{"re":-0.14708035744245782,"im":-0.17963514763538108},{"re":-0.12062989351819602,"im":-0.17201941739168516},{"re":-0.09416147367291114,"im":-0.1635514957160722},{"re":-0.06776316669788698,"im":-0.15428566732690366},{"re":-0.041520509129919864,"im":-0.1442809496500572},{"re":-0.015515851409642276,"im":-0.13360051977384857},{"re":0.01017157177896518,"im":-0.12231394855130584},{"re":0.03546390768255872,"im":-0.11049281216529636},{"re":0.060287158158971614,"im":-0.09820794634383616},{"re":0.08457084779176621,"im":-0.08553002434265554},{"re":0.10824843909930246,"im":-0.07252830421374018},{"re":0.13125715087480616,"im":-0.05926948185421764},{"re":0.15353909897491383,"im":-0.04581748841347893},{"re":0.17504164726843174,"im":-0.03223122205359958},{"re":0.19571694012304194,