{"bd2":[2,4,4,8,16,32,64,116,140,140,140,140,140,140,140,140,140,140,140,140,140,140,140,140,138,140,138,140,138,140,138,140,138,140,138,140,138,140,138,140,138,140,138,140,138,140,138,140,138,140,138,140,138,140,138,140,138,140,138,140,138,140,138,140,138,140,138,140,138,140,138,140,138,140,140,140,140,140,140,140,140,140,140,140,140,140,140,140,140,140,140,140,140,140,140,116,64,32,16,8,4,4,2,1],"taus":[0.1,0.2,0.30000000000000004,0.4,0.5,0.6000000000000001,0.7000000000000001,0.8,0.9,1.0,1.1,1.2000000000000002,1.3,1.4000000000000001,1.5,1.6,1.7000000000000002,1.8,1.9000000000000001,2.0,2.1,2.2,2.3000000000000003,2.4000000000000004,2.5,2.6,2.7,2.8000000000000003,2.9000000000000004,3.0,3.1,3.2,3.3000000000000003,3.4000000000000004,3.5,3.6,3.7,3.8000000000000003,3.9000000000000004,4.0,4.1000000000000005,4.2,4.3,4.4,4.5,4.6000000000000005,4.7,4.800000000000001,4.9,5.0,5.1000000000000005],"gtau":[0.1757669919159136,0.1637093333016316,0.15303227299693772,0.1435407208316959,0.13507468762927072,0.1275019511397946,0.1207124850400901,0.11461418468808032,0.10912955943161894,0.10419315232672481,0.09974951487332147,0.09575160990751826,0.09215954904377126,0.08893959515732351,0.08606337816496253,0.0835072844249447,0.08125199755129531,0.07928215901467545,0.07758614606396565,0.0761559525902323,0.07498717109773197,0.07407907661445687,0.07343481815855209,0.07306172822185321,0.07297176620359618,0.07318211816325462,0.07371598311019369,0.07460358582001181,0.07588346860704911,0.07760413050827969,0.07982610322655041,0.08262458068697855,0.0860927555587983,0.0903460649239677,0.095527613119069,0.1018151292136371,0.10942993907938031,0.11864860107795182,0.12981808976432682,0.1433757425039861,0.15987565273791923,0.18002386136668044,0.2047256704473531,0.23514981103521848,0.27281629408872776,0.31971787934370244,0.378489820446445,0.45264976467497275,0.5469408958244621,0.6678290784972634,0.8242330080840864],"nn2":[0.6931730852088871,0.5678453052704309,0.5511162575224144,0.5380327810196078,0.527759328484625,0.5196593763921162,0.5132464472679281,0.5081476091782815,0.5040761482202861,0.5008110249805048,0.4981813749805765,0.49605477671631065,0.49432834561910055,0.49292195552014,0.4917730680031989,0.4908327874014279,0.4900628195462823,0.48943315848438657,0.4889203040115299,0.48850589590314636,0.48817566845126736,0.48791865412161106,0.4877265825407506,0.4875934347956854,0.4875151236793713,0.48748927905944617,0.48751512436082134,0.4875934362599872,0.48772658499620924,0.48791865786502714,0.4881756738820785,0.4885059034606502,0.488920314190533,0.48943317177606144,0.49006283642602627,0.4908328082410093,0.4917730930586913,0.4929219834085214,0.4943283797000788,0.49605481756084735,0.4981814201109121,0.500811069752693,0.5040761893549447,0.5081476441085351,0.5132464737961173,0.5196593926793739,0.5277593333360894,0.5380327745701335,0.5511162425407568,0.5678452894866111],"bd1":[1,1,1,2,2,4,4,8,8,16,16,32,26,50,29,57,34,65,38,73,41,80,45,83,46,87,46,90,48,93,49,96,51,97,52,99,52,100,52,100,53,100,53,100,53,100,53,100,53,100,53,100,53,100,52,101,52,100,52,100,52,100,52,100,52,99,51,97,50,96,50,94,48,93,47,91,46,89,45,85,44,81,42,77,39,71,36,63,32,56,29,47,24,32,16,16,8,8,4,4,2,2,1,1],"nn":[0.8242330080776453,0.797200095706471,0.7762007240022527,0.7597881996601333,0.746881577700239,0.7366688249637041,0.7285369119132984,0.7220209361386686,0.716766831983721,0.7125038648803415,0.7090242289158396,0.7061678373114104,0.7038109332345354,0.701857527231177,0.7002329376486934,0.6988789120261442,0.6977498976582323,0.6968102300606244,0.6960319816824347,0.6953933243802345,0.6948772835347315,0.6944707939403217,0.6941639905654294,0.6939496846574016,0.6938229891020832,0.6937810675231383,0.6938229901659897,0.6939496869107236,0.6941639942561594,0.6944707994286108,0.694877291278073,0.6953933349144679,0.6960319955862491,0.6968102479139099,0.697749919985966,0.6988789392502776,0.7002329700188303,0.7018575628241261,0.7038109765483964,0.7061678891903218,0.7090242861801048,0.71250392148833,0.7167668837631278,0.722020979890725,0.7285369449330844,0.7366688450079488,0.7468815833348778,0.7597881910765435,0.7762007047174934,0.7972000755325741]}