{"bd2":[1,1,2,4,8,8,15,20,20,20,20,20,20,20,20,20,20,20,20,20,20,20,20,20,20,20,20,20,20,20,20,20,20,20,20,20,20,20,20,20,20,20,20,20,20,20,20,20,20,20,20,20,20,20,20,20,20,20,20,20,20,20,20,20,20,20,20,20,20,20,20,20,20,20,20,20,20,20,20,20,20,20,20,20,20,20,20,20,20,20,20,20,20,20,20,20,20,20,20,20,20,20,20,20,20,20,20,20,20,20,20,20,20,20,20,20,20,20,20,20,20,20,20,20,20,20,20,20,20,20,20,20,20,20,20,20,20,20,20,20,20,20,20,20,20,20,20,20,20,20,20,20,20,20,20,20,20,20,20,20,20,20,20,20,20,20,20,20,20,20,20,20,20,20,20,20,20,20,20,20,20,20,20,20,20,20,20,20,20,20,20,20,20,20,20,20,20,20,20,20,20,20,20,20,20,20,20,20,20,20,20,20,20,20,20,20,20,20,20,20,20,20,20,20,20,20,20,20,20,20,20,20,20,20,20,20,20,20,20,20,20,20,20,20,20,20,20,20,20,20,20,20,20,20,20,20,20,20,20,20,20,20,20,20,20,20,20,20,20,20,20,20,20,20,20,20,20,20,20,20,20,20,20,20,20,20,20,20,20,20,20,20,20,20,20,20,20,20,20,20,20,20,20,20,20,20,20,20,20,20,20,20,20,20,20,20,20,20,20,20,20,20,20,20,20,20,20,20,20,20,20,20,20,20,20,20,20,20,20,20,20,20,20,20,20,20,20,20,20,20,20,20,20,20,20,20,20,20,20,20,20,20,20,20,20,20,20,20,20,20,20,20,20,20,20,20,20,20,20,20,20,20,20,20,20,20,20,20,20,20,20,20,20,20,20,20,20,20,20,20,20,16,8,4,2,1],"bd1":[2,4,2,4,8,4,4,8,16,14,12,20,20,18,18,20,20,18,18,20,20,20,19,20,20,18,18,20,20,20,19,20,20,18,18,20,20,20,18,20,20,18,17,20,20,20,19,20,20,18,17,20,20,20,19,20,20,18,17,20,20,20,19,20,20,18,17,20,20,20,17,20,20,18,16,20,20,20,17,20,20,18,17,20,20,20,17,20,20,18,17,20,20,20,17,20,20,18,17,20,20,20,17,20,20,18,17,20,20,20,17,20,20,18,17,20,20,20,18,20,20,18,18,20,20,19,17,20,20,18,17,20,20,20,19,20,20,18,18,20,20,20,19,20,20,18,18,20,20,20,18,20,20,18,17,20,20,20,18,20,20,18,17,20,20,20,18,20,20,18,17,20,20,20,18,20,20,18,18,20,20,20,18,20,20,18,18,20,20,19,18,20,20,18,18,20,20,19,18,20,20,18,18,20,20,18,18,20,20,18,17,20,20,18,18,20,20,18,18,20,20,18,18,20,20,18,18,20,20,18,17,20,20,17,17,20,20,18,17,20,20,18,16,20,20,18,16,20,20,18,17,20,20,18,16,20,20,18,17,20,20,18,16,20,20,19,17,20,20,18,17,20,20,18,17,20,20,18,16,20,20,20,19,20,20,18,17,20,20,18,18,20,20,18,17,20,20,18,18,20,20,18,17,20,20,18,18,20,20,18,17,20,20,18,18,20,20,18,18,20,20,18,18,20,20,18,18,20,20,18,18,20,20,18,18,20,20,18,18,20,20,18,18,20,20,18,18,20,20,18,18,20,20,18,17,20,20,18,17,20,20,18,17,20,20,18,17,20,20,18,18,20,20,19,18,20,20,18,18,20,20,19,18,20,20,18,18,20,20,19,18,20,20,18,18,20,20,16,8,8,8,4,2,2,2,1],"ts":[0.05,0.1,0.15000000000000002,0.2,0.25,0.30000000000000004,0.35000000000000003,0.4,0.45,0.5,0.55,0.6000000000000001,0.65,0.7000000000000001,0.75,0.8,0.8500000000000001,0.9,0.9500000000000001,1.0,1.05,1.1,1.1500000000000001,1.2000000000000002,1.25,1.3,1.35,1.4000000000000001,1.4500000000000002,1.5,1.55,1.6,1.6500000000000001,1.7000000000000002,1.75,1.8,1.85,1.9000000000000001,1.9500000000000002,2.0,2.0500000000000003,2.1,2.15,2.2,2.25,2.3000000000000003,2.35,2.4000000000000004,2.45,2.5,2.5500000000000003,2.6,2.6500000000000004,2.7,2.75,2.8000000000000003,2.85,2.9000000000000004,2.95,3.0,3.0500000000000003,3.1,3.1500000000000004,3.2,3.25,3.3000000000000003,3.35,3.4000000000000004,3.45,3.5,3.5500000000000003,3.6,3.6500000000000004,3.7,3.75,3.8000000000000003,3.85,3.9000000000000004,3.95,4.0,4.05,4.1000000000000005,4.15,4.2,4.25,4.3,4.3500000000000005,4.4,4.45,4.5,4.55,4.6000000000000005,4.65,4.7,4.75,4.800000000000001,4.8500000000000005,4.9,4.95,5.0,5.050000000000001],"gt":[{"re":0.995079316465083,"im":-0.00276260683974979},{"re":0.993435865764871,"im":-0.049949901870585615},{"re":0.9859235449580005,"im":-0.09682301203138563},{"re":0.9735210519180495,"im":-0.1426658155877146},{"re":0.9565623106931376,"im":-0.1871437113585783},{"re":0.9352813664647666,"im":-0.2296255059522734},{"re":0.9100758963339945,"im":-0.2698436079249971},{"re":0.8813954291697675,"im":-0.3072400449374176},{"re":0.8496680680093965,"im":-0.3416295647484507},{"re":0.8127160965012374,"im":-0.37317505496961106},{"re":0.7762295085371741,"im":-0.40398133502301453},{"re":0.7370566284637622,"im":-0.4313603961434339},{"re":0.6968424564941637,"im":-0.4549416253619493},{"re":0.6561132243931095,"im":-0.4746750530826176},{"re":0.6153276022605406,"im":-0.4903588785301473},{"re":0.5748731751858368,"im":-0.5021814637673705},{"re":0.5352310271285902,"im":-0.5103134977817931},{"re":0.4968486935356894,"im":-0.5150434238224675},{"re":0.4600622882972803,"im":-0.516385898457041},{"re":0.42511789449299847,"im":-0.5145699934759352},{"re":0.3923293878432099,"im":-0.5098855711611254},{"re":0.3617560059061479,"im":-0.5025971903969179},{"re":0.33354866730370186,"im":-0.493061283218028},{"re":0.307009585145198,"im":-0.48152891514331},{"re":0.2832292683642009,"im":-0.46886058651844054},{"re":0.2617917883872347,"im":-0.4549256191252437},{"re":0.24267205893418803,"im":-0.43812425968776847},{"re":0.2260769274139166,"im":-0.4223987661849144},{"re":0.21192374591714344,"im":-0.4047017924566762},{"re":0.1996619356041617,"im":-0.38858167749420114},{"re":0.18966706653260396,"im":-0.3713149268537998},{"re":0.17926280602605024,"im":-0.3565469329830283},{"re":0.17039444844989482,"im":-0.3422727750972442},{"re":0.1629215906792837,"im":-0.3287650724318424},{"re":0.15648134274118802,"im":-0.3151687174351817},{"re":0.15117204877017731,"im":-0.3025104124280979},{"re":0.14699609476356795,"im":-0.2906760103154679},{"re":0.1564270510190914,"im":-0.2777278959393434},{"re":0.15450316820138094,"im":-0.26713537954742805},{"re":0.15284466002746752,"im":-0.25746720206941043},{"re":0.15134668882982463,"im":-0.24870456476608524},{"re":0.14992673921790614,"im":-0.24082413777576736},{"re":0.14851993221284834,"im":-0.23379521028830538},{"re":0.1470641030222216,"im":-0.22766850878451533},{"re":0.14551099626276554,"im":-0.22225378487000524},{"re":0.1437613972943197,"im":-0.2177593979938439},{"re":0.14194919865297856,"im":-0.21394171966960163},{"re":0.140071390294638,"im":-0.210704973928102},{"re":0.13808108317301834,"im":-0.20803234199552928},{"re":0.13593082941966164,"im":-0.2059126953484268},{"re":0.13357237611592163,"im":-0.2043388602302099},{"re":0.1309573217165807,"im":-0.2033062485532751},{"re":0.12800767911002564,"im":-0.20275258838381247},{"re":0.12476290881846053,"im":-0.2026703883678623},{"re":0.12119516356831987,"im":-0.20311345296952607},{"re":0.11728433045153394,"im":-0.20406652391925692},{"re":0.11296307835453422,"im":-0.20552581948296256},{"re":0.1081620781944798,"im":-0.20797729583669938},{"re":0.10299661332170146,"im":-0.2103430467463589},{"re":0.09744956534210984,"im":-0.21308850830896164},{"re":0.09142028158276169,"im":-0.21620528312908968},{"re":0.08495329239550253,"im":-0.2196227024316222},{"re":0.0779896490867233,"im":-0.2232989707045152},{"re":0.07056840612917577,"im":-0.227162808619283},{"re":0.06215654173875203,"im":-0.23134443348347059},{"re":0.053238221929755636,"im":-0.23550108955574856},{"re":0.043863489740831825,"im":-0.23954345370857258},{"re":0.034090422177443,"im":-0.24339275328900342},{"re":0.02391922997949164,"im":-0.24695564878093682},{"re":0.014050931660260165,"im":-0.2502201159265878},{"re":0.0038217220773520575,"im":-0.25306704219942533},{"re":-0.006763423054166876,"im":-0.25543760514651476},{"re":-0.01766768816969744,"im":-0.2572789119876853},{"re":-0.028857999671936214,"im":-0.2584683683409908},{"re":-0.040301045574707046,"im":-0.2589280916205273},{"re":-0.0519041713068026,"im":-0.2586225089398364},{"re":-0.06363482342839735,"im":-0.25743559973867924},{"re":-0.07538624723547163,"im":-0.2553513213628845},{"re":-0.08709556326878286,"im":-0.2522929375574089},{"re":-0.09864284367165624,"im":-0.24827587720926111},{"re":-0.10994622535921529,"im":-0.24321855811757429},{"re":-0.120874931708357,"im":-0.23718312879475084},{"re":-0.1313268371292715,"im":-0.2301480055565838},{"re":-0.14118367973672197,"im":-0.22217699665716387},{"re":-0.15034365665234045,"im":-0.21327315645100384},{"re":-0.1586919496583743,"im":-0.20358292995102711},{"re":-0.1661318357389981,"im":-0.19311092805793897},{"re":-0.17256698277188878,