{"bd2":[1,1,2,4,8,8,15,27,40,35,40,40,40,40,40,40,40,40,40,40,40,40,40,40,40,40,40,40,40,40,40,40,40,40,40,40,40,40,40,40,40,40,40,40,40,40,40,40,40,40,40,40,40,40,40,40,40,40,40,40,40,40,40,40,40,40,40,40,40,40,40,40,40,40,40,40,40,40,40,40,40,40,40,40,40,40,40,40,40,40,40,40,40,40,40,40,40,40,40,40,40,40,40,40,40,40,40,40,40,40,40,40,40,40,40,40,40,40,40,40,40,40,40,40,40,40,40,40,40,40,40,40,40,40,40,40,40,40,40,40,40,40,40,40,40,40,40,40,40,40,40,40,40,40,40,40,40,40,40,40,40,40,40,40,40,40,40,40,40,40,40,40,40,40,40,40,40,40,40,40,40,40,40,40,40,40,40,40,40,40,40,40,40,40,40,40,40,40,40,40,40,40,40,40,40,40,40,40,40,40,40,40,40,40,40,40,40,40,40,40,40,40,40,40,40,40,40,40,40,40,40,40,40,40,40,40,40,40,40,40,40,40,40,40,40,40,40,40,40,40,40,40,40,40,40,40,40,40,40,40,40,40,40,40,40,40,40,40,40,40,40,40,40,40,40,40,40,40,40,40,40,40,40,40,40,40,40,40,40,40,40,40,40,40,40,40,40,40,40,40,40,40,40,40,40,40,40,40,40,40,40,40,40,40,40,40,40,40,40,40,40,40,40,40,40,40,40,40,40,40,40,40,40,40,40,40,40,40,40,40,40,40,40,40,40,40,40,40,40,40,40,40,40,40,40,40,40,40,40,40,40,40,40,40,40,40,40,40,40,40,40,40,40,40,40,40,40,40,40,40,40,40,40,40,40,40,40,40,40,40,40,40,40,40,40,40,40,40,40,40,31,16,8,4,2,1],"bd1":[2,4,2,4,8,4,4,8,16,12,12,24,40,39,28,40,40,39,30,40,40,39,31,40,40,38,32,40,40,38,32,40,40,39,32,40,40,39,32,40,40,38,32,40,40,38,32,40,40,40,33,40,40,40,35,40,40,40,33,40,40,40,33,40,40,39,33,40,40,40,33,40,40,39,33,40,40,40,34,40,40,40,33,40,40,40,33,40,40,40,33,40,40,40,33,40,40,40,33,40,40,40,33,40,40,40,33,40,40,40,33,40,40,40,33,40,40,39,33,40,40,39,33,40,40,39,33,40,40,39,34,40,40,39,34,40,40,39,33,40,40,39,33,40,40,39,33,40,40,40,33,40,40,40,33,40,40,40,33,40,40,39,33,40,40,40,33,40,40,40,34,40,40,40,34,40,40,40,33,40,40,38,34,40,40,38,34,40,40,40,33,40,40,38,34,40,40,40,33,40,40,38,33,40,40,40,33,40,40,38,33,40,40,40,33,40,40,38,33,40,40,40,33,40,40,38,33,40,40,40,33,40,40,38,34,40,40,40,33,40,40,38,33,40,40,40,33,40,40,38,33,40,40,40,34,40,40,40,33,40,40,40,33,40,40,38,34,40,40,40,34,40,40,38,33,40,40,40,35,40,40,40,34,40,40,40,35,40,40,38,34,40,40,39,33,40,40,38,34,40,40,38,34,40,40,38,34,40,40,38,34,40,40,38,34,40,40,37,34,40,40,38,34,40,40,38,34,40,40,38,34,40,40,38,34,40,40,38,33,40,40,38,33,40,40,38,33,40,40,37,32,40,40,38,32,40,40,38,32,40,40,38,32,40,40,38,33,40,40,38,32,40,40,38,32,40,40,38,32,40,40,38,32,40,40,38,32,40,40,38,31,40,40,39,24,32,32,16,8,8,8,4,2,2,2,1],"ts":[0.05,0.1,0.15000000000000002,0.2,0.25,0.30000000000000004,0.35000000000000003,0.4,0.45,0.5,0.55,0.6000000000000001,0.65,0.7000000000000001,0.75,0.8,0.8500000000000001,0.9,0.9500000000000001,1.0,1.05,1.1,1.1500000000000001,1.2000000000000002,1.25,1.3,1.35,1.4000000000000001,1.4500000000000002,1.5,1.55,1.6,1.6500000000000001,1.7000000000000002,1.75,1.8,1.85,1.9000000000000001,1.9500000000000002,2.0,2.0500000000000003,2.1,2.15,2.2,2.25,2.3000000000000003,2.35,2.4000000000000004,2.45,2.5,2.5500000000000003,2.6,2.6500000000000004,2.7,2.75,2.8000000000000003,2.85,2.9000000000000004,2.95,3.0,3.0500000000000003,3.1,3.1500000000000004,3.2,3.25,3.3000000000000003,3.35,3.4000000000000004,3.45,3.5,3.5500000000000003,3.6,3.6500000000000004,3.7,3.75,3.8000000000000003,3.85,3.9000000000000004,3.95,4.0,4.05,4.1000000000000005,4.15,4.2,4.25,4.3,4.3500000000000005,4.4,4.45,4.5,4.55,4.6000000000000005,4.65,4.7,4.75,4.800000000000001,4.8500000000000005,4.9,4.95,5.0,5.050000000000001],"gt":[{"re":1.0011906186288964,"im":-6.358574097281503e-5},{"re":0.9947314237325369,"im":0.05887187988884479},{"re":0.9813327322976687,"im":0.11688660659815307},{"re":0.9612858501088385,"im":0.1734348882161046},{"re":0.9349155228031507,"im":0.2279808351745092},{"re":0.9026219141825728,"im":0.2800285579193198},{"re":0.8648690984155563,"im":0.329111832908096},{"re":0.8221825987160529,"im":0.3748035590879469},{"re":0.7751381471324598,"im":0.41671978392370335},{"re":0.7243575357028337,"im":0.4545314096310816},{"re":0.670448382991525,"im":0.4879542850122667},{"re":0.6140985267918645,"im":0.5167742134048366},{"re":0.5559729711940282,"im":0.5408347943520411},{"re":0.49672756752291286,"im":0.5600425827185452},{"re":0.4370468709949827,"im":0.5744685469460488},{"re":0.37750557793842865,"im":0.5840943266823476},{"re":0.3186330213506493,"im":0.5889901449429276},{"re":0.2609517896674383,"im":0.5892782592992161},{"re":0.20492855141744212,"im":0.5851271699373966},{"re":0.15097474125094246,"im":0.5767678731844642},{"re":0.09944813414878224,"im":0.5644657075931507},{"re":0.05065765173314011,"im":0.5485243025774688},{"re":0.004838984100867806,"im":0.5292259986416559},{"re":-0.03760638613570505,"im":0.5065062080421383},{"re":-0.07654335573684447,"im":0.48115168529307206},{"re":-0.11185592758037678,"im":0.45358158577974517},{"re":-0.14349017065616324,"im":0.4242256954806878},{"re":-0.17146071878568414,"im":0.39344616042916636},{"re":-0.19618944880638656,"im":0.3624021622009397},{"re":-0.2175839120370105,"im":0.3302003141792613},{"re":-0.23559961776893718,"im":0.29776456252430883},{"re":-0.25055192006886157,"im":0.26529385627412444},{"re":-0.26247937195116616,"im":0.2330234079042624},{"re":-0.2714078232681275,"im":0.20101028151235548},{"re":-0.277505673816995,"im":0.1698615372391014},{"re":-0.28076844560716346,"im":0.13913076354161355},{"re":-0.28131903461541896,"im":0.10932011246044038},{"re":-0.27921435240592135,"im":0.08057370197489272},{"re":-0.27457168143250144,"im":0.053139218544992664},{"re":-0.26747228041073556,"im":0.027180032437248612},{"re":-0.2581014203367823,"im":0.002919429361290659},{"re":-0.24658393892573463,"im":-0.01945018767546251},{"re":-0.23318882211042102,"im":-0.03976611215749429},{"re":-0.2180869212742298,"im":-0.05785883570614247},{"re":-0.20163067591319417,"im":-0.07363642288624789},{"re":-0.18403289407124648,"im":-0.0869804457481473},{"re":-0.16569912054026256,"im":-0.09789620974118404},{"re":-0.14685954590522568,"im":-0.10633838368528424},{"re":-0.12793112272250382,"im":-0.11242318504269481},{"re":-0.1091333408210694,"im":-0.11618035019588982},{"re":-0.09084699031691466,"im":-0.11783525378093507},{"re":-0.07325427115671428,"im":-0.11748323704494917},{"re":-0.05665404596513934,"im":-0.11543870706377206},{"re":-0.0411718368550267,"im":-0.1118453103197364},{"re":-0.02698644801141594,"im":-0.10707416585656765},{"re":-0.014164467609106186,"im":-0.10130476508427637},{"re":-0.0027209427438979225,"im":-0.09487474618736444},{"re":0.007335932569508766,"im":-0.08799094753506151},{"re":0.016074672478066127,"im":-0.08095988837517422},{"re":0.023610412780855815,"im":-0.07396577571930209},{"re":0.03009120235205608,"im":-0.06726068781508614},{"re":0.035627842180517656,"im":-0.060924199685301904},{"re":0.040492775773784954,"im":-0.05510416679768679},{"re":0.044889612606238756,"im":-0.04977832481775468},{"re":0.048997807827686764,"im":-0.044911458959978647},{"re":0.05297716418716656,"im":-0.04044547217053937},{"re":0.056968370601755434,"im":-0.03629525261308111},{"re":0.06108323090755834,"im":-0.03235351089720331},{"re":0.06540310417563079,"im":-0.028496606394097578},{"re":0.06997461475464682,"im":-0.024591290399502697},{"re":0.0748145454518638,"im":-0.020497937493179873},{"re":0.0799000681841388,"im":-0.016088016643174784},{"re":0.08517457931294536,"im":-0.011245065941512143},{"re":0.09057242428208677,"im":-0.005894055834892568},{"re":0.0959590074387358,"im":7.105003635955518e-5},{"re":0.10123759503308548,"im":0.006681229240500171},{"re":0.10630202409475312,"im":0.013948968224281091},{"re":0.11105143311786513,"im":0.02186267656421083},{"re":0.11539321426396319,"im":0.030388161443480534},{"re":0.11924917161550387,"im":0.03946813905646427},{"re":0.12256051001235171,"im":0.049022022931736575},{"re":0.12528915386741427,"im":0.058951132947648865},{"re":0.12742068152479896,"im":0.06913808738213163},{"re":0.1289635272149137,"im":0.07945201970942457},{"re":0.12995966845676163,"im":0.08974693319728597},{"re":0.13045530458643964,"im":0.0998588992516785},{"re":0.13053528867664324,