{"bd2":[1,1,2,4,8,8,15,26,43,36,56,70,80,77,80,80,80,80,80,80,80,80,80,80,80,80,80,80,80,80,80,80,80,80,80,80,80,80,80,80,80,80,80,80,80,80,80,80,80,80,80,80,80,80,80,80,80,80,80,80,80,80,80,80,80,80,80,80,80,80,80,80,80,80,80,80,80,80,80,80,80,80,80,80,80,80,80,80,80,80,80,80,80,80,80,80,80,80,80,80,80,80,80,80,80,80,80,80,80,80,80,80,80,80,80,80,80,80,80,80,80,80,80,80,80,80,80,80,80,80,80,80,80,80,80,80,80,80,80,80,80,80,80,80,80,80,80,80,80,80,80,80,80,80,80,80,80,80,80,80,80,80,80,80,80,80,80,80,80,80,80,80,80,80,80,80,80,80,80,80,80,80,80,80,80,80,80,80,80,80,80,80,80,80,80,80,80,80,80,80,80,80,80,80,80,80,80,80,80,80,80,80,80,80,80,80,80,80,80,80,80,80,80,80,80,80,80,80,80,80,80,80,80,80,80,80,80,80,80,80,80,80,80,80,80,80,80,80,80,80,80,80,80,80,80,80,80,80,80,80,80,80,80,80,80,80,80,80,80,80,80,80,80,80,80,80,80,80,80,80,80,80,80,80,80,80,80,80,80,80,80,80,80,80,80,80,80,80,80,80,80,80,80,80,80,80,80,80,80,80,80,80,80,80,80,80,80,80,80,80,80,80,80,80,80,80,80,80,80,80,80,80,80,80,80,80,80,80,80,80,80,80,80,80,80,80,80,80,80,80,80,80,80,80,80,80,80,80,80,80,80,80,80,80,80,80,80,80,80,80,80,80,80,80,80,80,80,80,80,80,80,80,80,80,80,80,80,80,80,80,80,80,80,80,80,80,80,80,80,51,31,16,8,4,2,1],"bd1":[2,4,2,4,8,4,4,8,16,12,12,24,48,36,28,56,80,64,34,66,80,68,38,68,80,70,41,72,80,71,43,72,80,72,45,72,80,72,47,76,80,76,49,76,80,76,50,76,80,76,50,78,80,76,51,78,80,76,51,78,80,76,51,78,80,76,53,78,80,76,53,78,80,76,53,79,80,76,54,80,80,77,54,80,80,77,54,80,80,77,54,80,80,77,54,80,80,77,54,80,80,76,54,80,80,75,55,80,80,77,55,80,80,76,57,80,80,76,57,80,80,76,57,80,80,76,57,80,80,76,57,80,80,76,56,80,80,76,57,80,80,76,57,80,80,76,57,80,80,76,57,80,80,76,57,80,80,76,57,80,80,76,57,80,80,76,57,80,80,76,57,80,80,76,57,80,80,76,57,80,80,76,57,80,80,76,57,80,80,76,57,80,80,76,57,80,80,76,57,80,80,76,57,80,80,76,57,80,80,76,57,80,80,76,57,80,80,77,58,80,80,77,57,80,80,77,57,80,80,77,57,80,80,77,57,80,80,76,57,80,80,76,57,80,80,76,58,80,80,76,59,80,80,76,58,80,80,76,57,80,80,76,57,80,80,76,58,80,80,76,58,80,80,76,58,80,80,76,57,80,80,77,56,80,80,77,56,80,80,77,57,80,80,77,56,80,80,77,56,80,80,77,56,80,80,77,56,80,80,77,55,80,80,76,55,80,80,76,55,80,80,76,55,80,80,76,56,80,80,76,54,80,80,76,54,80,80,76,53,80,80,76,53,80,80,76,53,80,80,76,52,78,80,76,51,78,80,75,52,78,80,76,50,78,80,76,50,78,80,76,49,78,80,74,47,77,80,74,47,76,80,74,46,74,80,74,44,71,80,66,36,62,80,52,26,32,32,16,8,8,8,4,2,2,2,1],"ts":[0.05,0.1,0.15000000000000002,0.2,0.25,0.30000000000000004,0.35000000000000003,0.4,0.45,0.5,0.55,0.6000000000000001,0.65,0.7000000000000001,0.75,0.8,0.8500000000000001,0.9,0.9500000000000001,1.0,1.05,1.1,1.1500000000000001,1.2000000000000002,1.25,1.3,1.35,1.4000000000000001,1.4500000000000002,1.5,1.55,1.6,1.6500000000000001,1.7000000000000002,1.75,1.8,1.85,1.9000000000000001,1.9500000000000002,2.0,2.0500000000000003,2.1,2.15,2.2,2.25,2.3000000000000003,2.35,2.4000000000000004,2.45,2.5,2.5500000000000003,2.6,2.6500000000000004,2.7,2.75,2.8000000000000003,2.85,2.9000000000000004,2.95,3.0,3.0500000000000003,3.1,3.1500000000000004,3.2,3.25,3.3000000000000003,3.35,3.4000000000000004,3.45,3.5,3.5500000000000003,3.6,3.6500000000000004,3.7,3.75,3.8000000000000003,3.85,3.9000000000000004,3.95,4.0,4.05,4.1000000000000005,4.15,4.2,4.25,4.3,4.3500000000000005,4.4,4.45,4.5,4.55,4.6000000000000005,4.65,4.7,4.75,4.800000000000001,4.8500000000000005,4.9,4.95,5.0,5.050000000000001],"gt":[{"re":0.9984961250106371,"im":-0.00031865436320673897},{"re":0.9943169096759522,"im":0.05589500242678118},{"re":0.9832062559115621,"im":0.11163499866199941},{"re":0.9653358942463918,"im":0.16627206003376596},{"re":0.9409832691837148,"im":0.21919621731715352},{"re":0.9105241369413098,"im":0.26982810583875283},{"re":0.8744230791883949,"im":0.3176291529998474},{"re":0.8332217231025609,"im":0.36211090941498825},{"re":0.7875260353587191,"im":0.4028428919972605},{"re":0.7379916484900786,"im":0.43945910641041236},{"re":0.6853092983366516,"im":0.47166295499564753},{"re":0.6301899226610451,"im":0.49923097944482053},{"re":0.5733493319096681,"im":0.5220131904175888},{"re":0.5154935574259483,"im":0.5399355742905905},{"re":0.457296615199713,"im":0.5530114445391768},{"re":0.3994084853647347,"im":0.561300747639943},{"re":0.34242861775152506,"im":0.5649378149579334},{"re":0.2869023787755568,"im":0.5641183968015621},{"re":0.23331439813878424,"im":0.5590916997043801},{"re":0.18208125956395405,"im":0.5501525026884381},{"re":0.13355080470359346,"im":0.5376315597445485},{"re":0.0880004849085489,"im":0.5218890783335042},{"re":0.04563036086116984,"im":0.5033057474385694},{"re":0.006579960899892424,"im":0.48226766623512374},{"re":-0.029073853582949366,"im":0.45914660679289304},{"re":-0.06131116700679095,"im":0.4343193867580533},{"re":-0.09017735730193045,"im":0.40818359087493744},{"re":-0.11575413870133032,"im":0.3810842701055582},{"re":-0.13816276192784363,"im":0.35335898912218333},{"re":-0.15754613890108102,"im":0.3253106162923893},{"re":-0.17407245931593845,"im":0.29720435012239443},{"re":-0.1879242641184559,"im":0.26927131160731443},{"re":-0.19929039697949175,"im":0.24170652429091466},{"re":-0.20835619682093767,"im":0.21466526635040478},{"re":-0.2152875700475426,"im":0.18825022370829175},{"re":-0.22019221928120247,"im":0.1624981227699234},{"re":-0.22304703862827208,"im":0.13743927066249848},{"re":-0.2238917726554718,"im":0.11316970113571043},{"re":-0.22295597530949035,"im":0.08989165140724444},{"re":-0.22037092865811767,"im":0.06781015153973462},{"re":-0.2162818497359295,"im":0.0470293997167991},{"re":-0.21084998235183466,"im":0.02761066987979928},{"re":-0.2042536983828471,"im":0.009594708347746252},{"re":-0.19665858780476123,"im":-0.00700871915185428},{"re":-0.1882215557519935,"im":-0.022210942418993452},{"re":-0.17908874268081826,"im":-0.03604439208707194},{"re":-0.1693892215509181,"im":-0.048558913367574535},{"re":-0.15923401204819337,"im":-0.0598217553246259},{"re":-0.14871036167574397,"im":-0.06991062034436028},{"re":-0.1378779276563949,"im":-0.07890158346363656},{"re":-0.1267731644257231,"im":-0.08685037295283508},{"re":-0.11542491450306605,"im":-0.09378102129453604},{"re":-0.10386756506566214,"im":-0.09969349183040725},{"re":-0.09214654239673063,"im":-0.10457488299854369},{"re":-0.08032029824135661,"im":-0.10840765154807781},{"re":-0.0684569844848533,"im":-0.11117817984995446},{"re":-0.056630348978967286,"im":-0.11288120340464959},{"re":-0.04491553811424789,"im":-0.11352191298285312},{"re":-0.033385272147599454,"im":-0.11311656411768194},{"re":-0.022106612328020695,"im":-0.11169153610703612},{"re":-0.011138179090915487,"im":-0.10928192089520199},{"re":-0.0005286493037707298,"im":-0.10593082425914105},{"re":0.009683550178406242,"im":-0.10168757738154323},{"re":0.019469758796554902,"im":-0.09660517073275886},{"re":0.028810036705566196,"im":-0.09073643267769395},{"re":0.03769085048828753,"im":-0.08413056608216604},{"re":0.04610135427398099,"im":-0.07683044129419318},{"re":0.054029383196146814,"im":-0.06887253353291346},{"re":0.061456738307777016,"im":-0.06028420214045543},{"re":0.06835226029486538,"im":-0.0510959661632197},{"re":0.07467201252997094,"im":-0.04133366703667011},{"re":0.08035714587171565,"im":-0.031027943609616263},{"re":0.08533720663738428,"im":-0.020216339991832817},{"re":0.08953140345843627,"im":-0.008949097705918976},{"re":0.09285464892186897,"im":0.002706631765577051},{"re":0.09521875494179638,"im":0.014667058543201047},{"re":0.09653258541238528,"im":0.026830011083517537},{"re":0.09671131616284245,"im":0.03907924197062033},{"re":0.09569332022856365,"im":0.05128705971637934},{"re":0.09344565835517346,"im":0.0633069011914194},{"re":0.08996385325212441,"im":0.07497548192793642},{"re":0.08527248983090861,"im":0.08612238836379141},{"re":0.07942403514411459,"im":0.09657742802675286},{"re":0.07249784788094274,"im":0.106177191997432},{"re":0.06459917761246069,"im":0.11477129615816761},{"re":0.05585693699083598,"im":0.12222785006658032},{"re":0.046420957881194484,