{"bd2":[1,1,2,4,8,8,15,26,44,34,54,68,80,76,80,80,80,80,80,80,80,80,80,80,80,80,80,80,80,80,80,80,80,80,80,80,80,80,80,80,80,80,80,80,80,80,80,80,80,80,80,80,80,80,80,80,80,80,80,80,80,80,80,80,80,80,80,80,80,80,80,80,80,80,80,80,80,80,80,80,80,80,80,80,80,80,80,80,80,80,80,80,80,80,80,80,80,80,80,80,80,80,80,80,80,80,80,80,80,80,80,80,80,80,80,80,80,80,80,80,80,80,80,80,80,80,80,80,80,80,80,80,80,80,80,80,80,80,80,80,80,80,80,80,80,80,80,80,80,80,80,80,80,80,80,80,80,80,80,80,80,80,80,80,80,80,80,80,80,80,80,80,80,80,80,80,80,80,80,80,80,80,80,80,80,80,80,80,80,80,80,80,80,80,80,80,80,80,80,80,80,80,80,80,80,80,80,80,80,80,80,80,80,80,80,80,80,80,80,80,80,80,80,80,80,80,80,80,80,80,80,80,80,80,80,80,80,80,80,80,80,80,80,80,80,80,80,80,80,80,80,80,80,80,80,80,80,80,80,80,80,80,80,80,80,80,80,80,80,80,80,80,80,80,80,80,80,80,80,80,80,80,80,80,80,80,80,80,80,80,80,80,80,80,80,80,80,80,80,80,80,80,80,80,80,80,80,80,80,80,80,80,80,80,80,80,80,80,80,51,31,16,8,4,2,1],"bd1":[2,4,2,4,8,4,4,8,16,12,12,24,48,36,28,56,80,66,35,64,80,69,38,68,80,72,41,72,80,72,44,72,80,73,44,74,80,75,46,76,80,75,47,76,80,75,48,76,80,76,48,76,80,76,50,77,80,76,50,77,80,76,51,78,80,76,52,78,80,76,53,78,80,76,53,78,80,76,53,79,80,76,54,79,80,76,54,80,80,76,54,80,80,76,54,80,80,77,55,79,80,76,55,80,80,76,55,80,80,76,55,80,80,76,55,80,80,76,55,80,80,76,55,80,80,76,55,80,80,76,55,80,80,76,55,80,80,76,56,80,80,76,56,80,80,76,56,79,80,76,56,80,80,76,55,80,80,76,55,80,80,76,55,80,80,76,55,80,80,77,56,80,80,76,56,80,80,76,55,80,80,77,56,80,80,76,54,80,80,76,56,80,80,77,55,80,80,77,54,80,80,77,54,80,80,77,54,80,80,77,54,80,80,77,54,79,80,77,53,79,80,77,53,80,80,77,54,80,80,76,54,80,80,76,54,78,80,76,53,78,80,76,53,78,80,76,53,78,80,76,53,78,80,76,53,78,80,76,53,78,80,76,52,78,80,76,51,78,80,76,51,78,80,76,50,78,80,76,50,78,80,76,50,78,80,75,49,77,80,74,49,77,80,74,45,77,80,72,45,76,80,72,45,72,80,72,43,69,80,62,36,59,80,52,26,32,32,16,8,8,8,4,2,2,2,1],"ts":[0.05,0.1,0.15000000000000002,0.2,0.25,0.30000000000000004,0.35000000000000003,0.4,0.45,0.5,0.55,0.6000000000000001,0.65,0.7000000000000001,0.75,0.8,0.8500000000000001,0.9,0.9500000000000001,1.0,1.05,1.1,1.1500000000000001,1.2000000000000002,1.25,1.3,1.35,1.4000000000000001,1.4500000000000002,1.5,1.55,1.6,1.6500000000000001,1.7000000000000002,1.75,1.8,1.85,1.9000000000000001,1.9500000000000002,2.0,2.0500000000000003,2.1,2.15,2.2,2.25,2.3000000000000003,2.35,2.4000000000000004,2.45,2.5,2.5500000000000003,2.6,2.6500000000000004,2.7,2.75,2.8000000000000003,2.85,2.9000000000000004,2.95,3.0,3.0500000000000003,3.1,3.1500000000000004,3.2,3.25,3.3000000000000003,3.35,3.4000000000000004,3.45,3.5,3.5500000000000003,3.6,3.6500000000000004,3.7,3.75,3.8000000000000003,3.85,3.9000000000000004,3.95,4.0,4.05],"gt":[{"re":0.9987896717638776,"im":0.00025376801133263587},{"re":0.9937439231977576,"im":0.0007787081349017341},{"re":0.9850233719365108,"im":0.001318873171335977},{"re":0.9727422854351191,"im":0.0019292680572564203},{"re":0.9570596686302114,"im":0.0026611123867983657},{"re":0.9381760818167908,"im":0.0035602773599146434},{"re":0.9163298543901149,"im":0.004665965145456979},{"re":0.8917923841457271,"im":0.00600956703588315},{"re":0.8648627785010055,"im":0.007614166917710151},{"re":0.8358624192642231,"im":0.009493587287740413},{"re":0.8051282784312632,"im":0.011652800472249107},{"re":0.7730073751126809,"im":0.014088202444508268},{"re":0.7398495006569153,"im":0.016788019769405513},{"re":0.7060016940723041,"im":0.01973306656366853},{"re":0.6718021428267975,"im":0.02289773194003327},{"re":0.637574678699675,"im":0.026251268949371017},{"re":0.6036240155072193,"im":0.029758791018334944},{"re":0.5702313554934245,"im":0.033382913389286464},{"re":0.5376491523691949,"im":0.037085099442762406},{"re":0.5060996974315244,"im":0.040827379364952114},{"re":0.47577253116577567,"im":0.044574944940002366},{"re":0.4468246061508076,"im":0.04829393129429234},{"re":0.4193770353619173,"im":0.051956423800420724},{"re":0.3935169164498198,"im":0.05553777896675145},{"re":0.3692835701364643,"im":0.05907122622382777},{"re":0.34669634750012696,"im":0.06246095530513095},{"re":0.32575150773991196,"im":0.06571176983306361},{"re":0.30640992792284955,"im":0.06881453308482476},{"re":0.2886158221755326,"im":0.07176702218101773},{"re":0.2722895363209031,"im":0.07457278883682887},{"re":0.25733302156493176,"im":0.07724372002603216},{"re":0.24363652711150027,"im":0.07979669621930363},{"re":0.2310835772295733,"im":0.08225560873171778},{"re":0.2195401467201573,"im":0.08465030621549388},{"re":0.20887774669991233,"im":0.08700059384200899},{"re":0.19898008907418915,"im":0.08932538775575527},{"re":0.18973115675469474,"im":0.09164277904080852},{"re":0.18101878624878218,"im":0.09396022638575964},{"re":0.17273684481602575,"im":0.09628258596183668},{"re":0.16477647488748398,"im":0.09862181684022227},{"re":0.15707601954775738,"im":0.10097189928288362},{"re":0.14956875239846285,"im":0.10333549849644551},{"re":0.1422014431802586,"im":0.10570955810481084},{"re":0.1349353421414295,"im":0.10808500618325385},{"re":0.1277438559845375,"im":0.11045186268778956},{"re":0.12061411156523993,"im":0.11279694087542681},{"re":0.11354106778128352,"im":0.11510491204219965},{"re":0.10653798123859738,"im":0.1173556544936748},{"re":0.09960265326043757,"im":0.11952754565314742},{"re":0.0927346905784467,"im":0.12159958253695982},{"re":0.08593720991701022,"im":0.12355216424850977},{"re":0.07922031395365074,"im":0.12536152481712734},{"re":0.072596337629216,"im":0.12700762547367853},{"re":0.06607799851945953,"im":0.12847512460043808},{"re":0.0596780624183229,"im":0.12975188044709665},{"re":0.0534055473435572,"im":0.13083426367491854},{"re":0.04726411877269539,"im":0.13172311457928484},{"re":0.041253428674916395,"im":0.13242206788929065},{"re":0.03536839253182288,"im":0.13293940688848904},{"re":0.029597035007184705,"im":0.13328653908884866},{"re":0.023920726510719973,"im":0.13347722991104544},{"re":0.018313638549582466,"im":0.1335267749361913},{"re":0.012744666781209807,"im":0.13344980484529292},{"re":0.007176968650378792,"im":0.13326008263133},{"re":0.0015706219479963818,"im":0.13296867873838075},{"re":-0.00411492934287443,"im":0.13258345442187608},{"re":-0.009918305047425175,"im":0.13210957369733567},{"re":-0.015874471184381216,"im":0.13154941561707645},{"re":-0.022009384393307664,"im":0.13090430301639328},{"re":-0.028342199285921802,"im":0.13017327844625232},{"re":-0.03487975096257349,"im":0.12935519387202604},{"re":-0.04161581997679387,"im":0.12844932725925445},{"re":-0.04853011910518988,"im":0.12745661684583395},{"re":-0.05558780548798083,"im":0.12638038626588202},{"re":-0.06274008294316254,"im":0.12522749460562005},{"re":-0.06992618931631214,"im":0.12400942091541867},{"re":-0.07707494732033583,"im":0.12274369178747474},{"re":-0.08410604438765999,"im":0.12145497044465518},{"re":-0.09093107444409022,"im":0.12017579957053633},{"re":-0.09745435510923192,"im":0.11894702971516635},{"re":-0.10357430565863636,"im":0.11781742621155447}]}