{"ns":[-0.8830949278444057,-0.8807992470849806,-0.879088830782278,-0.8780131597795354,-0.8775516759528162,-0.8776148248958912,-0.8780545466345583,-0.8786824309404377,-0.8792925972751962,-0.8796858946000018,-0.8796919981269066,-0.8791866664669716,-0.8781023544792248,-0.8764315195289298,-0.8742229791167532,-0.8715725184018522,-0.8686094834582769,-0.8654813124389618,-0.8623378956126719,-0.8593173979259499,-0.8565347720758663,-0.8540737498755967,-0.8519826433841942,-0.8502738862263587,-0.8489269127691742,-0.847893724532367,-0.8471063317353319,-0.8464851816404656,-0.8459476878409723,-0.8454160469510873,-0.8448236611645529,-0.8441196637852734,-0.8432712564111875,-0.8422637953535773,-0.8410987942891357,-0.8397902234361138,-0.8383596649017399,-0.8368310129507532,-0.8352254711432964,-0.8335575820578229,-0.8318329204894392,-0.830047886109214,-0.8281917547068073,-0.8262508085011993,-0.8242140017253573,-0.8220792774799165,-0.8198593961703173,-0.8175860287699506,-0.8153109655486728,-0.8131036227141291],"bd2":[2,4,4,8,16,16,16,16,16,16,16,16,16,16,16,16,16,16,16,16,16,16,16,16,16,16,16,16,16,16,16,16,16,16,16,16,16,16,16,16,16,16,16,16,16,16,16,16,16,16,16,16,16,16,16,16,16,16,16,16,16,16,16,16,16,16,16,16,16,16,16,16,16,16,16,16,16,16,16,16,16,16,16,16,16,16,16,16,16,16,16,16,16,16,16,16,16,16,16,16,16,16,8,16,16,16,32,16,16,16,32,16,16,16,32,16,16,16,32,16,16,16,32,16,16,16,32,16,16,16,32,16,16,16,32,16,16,16,32,16,16,16,32,16,16,16,32,16,16,16,32,16,16,16,32,16,16,16,32,16,16,16,32,16,16,16,32,16,16,16,32,16,16,16,32,16,16,16,32,16,16,16,32,16,16,16,32,16,16,16,32,16,16,16,32,16,16,16,32,16,16,16,32,16,16,16,32,16,16,16,32,16,16,16,32,16,16,16,32,16,16,16,32,16,16,16,32,16,16,16,32,16,16,16,32,16,16,16,32,16,16,16,32,16,16,16,32,16,16,16,32,16,16,16,32,16,16,16,32,16,16,16,32,16,16,16,32,16,16,16,32,16,16,16,32,16,16,16,32,16,16,16,32,16,16,16,32,16,16,16,32,16,16,16,32,16,16,16,32,16,16,16,32,16,8,4,2,1],"taus":[0.1,0.2,0.30000000000000004,0.4,0.5,0.6000000000000001,0.7000000000000001,0.8,0.9,1.0,1.1,1.2000000000000002,1.3,1.4000000000000001,1.5,1.6,1.7000000000000002,1.8,1.9000000000000001,2.0,2.1,2.2,2.3000000000000003,2.4000000000000004,2.5,2.6,2.7,2.8000000000000003,2.9000000000000004,3.0,3.1,3.2,3.3000000000000003,3.4000000000000004,3.5,3.6,3.7,3.8000000000000003,3.9000000000000004,4.0,4.1000000000000005,4.2,4.3,4.4,4.5,4.6000000000000005,4.7,4.800000000000001,4.9,5.0,5.1000000000000005],"gtau":[{"re":0.18663750888990657,"im":-0.0033212546043886538},{"re":0.1620314657361162,"im":-0.002816021630559979},{"re":0.14110071477518324,"im":-0.002393758252930436},{"re":0.1233004203165816,"im":-0.002039428603367831},{"re":0.10817596740734653,"im":-0.0017410313551354422},{"re":0.09534702457670492,"im":-0.0014889172552593698},{"re":0.08449477678041117,"im":-0.0012752817468248516},{"re":0.07535162524880654,"im":-0.0010937679276073389},{"re":0.067692840036181,"im":-0.0009391735425707149},{"re":0.06132976051015714,"im":-0.0008072176816159233},{"re":0.05610423714802505,"im":-0.0006943578687064447},{"re":0.05188407333442584,"im":-0.0005976509990856416},{"re":0.04855928085518931,"im":-0.0005146413714634679},{"re":0.0460389998565947,"im":-0.0004432716962724564},{"re":0.04424896635054971,"im":-0.00038181248691658765},{"re":0.043129436643565666,"im":-0.00032880455025602757},{"re":0.042633493360138025,"im":-0.00028301321459466537},{"re":0.04272567570178193,"im":-0.00024339058978225815},{"re":0.043380888286311196,"im":-0.00020904475740588578},{"re":0.044583551204534916,"im":-0.0001792147615843565},{"re":0.046326964963531725,"im":-0.000153249440419592},{"re":0.04861286855344256,"im":-0.0001305902330987195},{"re":0.05145117691147552,"im":-0.00011075666632939938},{"re":0.05485988805217302,"im":-9.333424523085697e-5},{"re":0.05886515629531163,"im":-7.796426971943814e-5},{"re":0.06350153304068189,"im":-6.43351728669564e-5},{"re":0.0688123814228503,"im":-5.2175189266852795e-5},{"re":0.07485047699528118,"im":-4.124608279793687e-5},{"re":0.08167881293128369,"im":-3.1337745989308956e-5},{"re":0.08937163524480496,"im":-2.2263508117583054e-5},{"re":0.09801574190835873,"im":-1.3856036672743985e-5},{"re":0.10771209049258679,"im":-5.963698507220059e-6},{"re":0.1185777710820617,"im":1.5527062626760371e-6},{"re":0.13074841733633039,"im":8.822948753311953e-6},{"re":0.1443811482983047,"im":1.5970178302609844e-5},{"re":0.15965815891990134,"im":2.3113630357319264e-5},{"re":0.17679110986434848,"im":3.037131049488452e-5},{"re":0.19602650921031045,"im":3.786274354853662e-5},{"re":0.21765233351007152,"im":4.571187959478956e-5},{"re":0.24200620757060634,"im":5.40502761453412e-5},{"re":0.2694855575300235,"im":6.302068752980482e-5},{"re":0.3005602777316575,"im":7.278123561928094e-5},{"re":0.33578862266299164,"im":8.35103878314693e-5},{"re":0.375837262158284,"im":9.541300858079293e-5},{"re":0.42150675263309134,"im":0.00010872785222443197},{"re":0.47376410068906055,"im":0.00012373704199357811},{"re":0.5337846920858154,"im":0.00014077805744563333},{"re":0.6030066812064903,"im":0.00016025911416693697},{"re":0.6832021023322653,"im":0.00018267890017641675},{"re":0.7765706260385173,"im":0.00020865189279851098},{"re":0.885864248937333,"im":0.0002389404821457868}],"lt":[{"re":-0.003462000861934125,"im":0.8830949278444057},{"re":-0.12189466352236962,"im":0.8721186751280096},{"re":-0.23613434292451943,"im":0.8426470650156329},{"re":-0.34265759514435273,"im":0.7960808641396381},{"re":-0.43843314101513775,"im":0.7345762341967934},{"re":-0.5210900300386365,"im":0.6608690076867801},{"re":-0.5890209057211307,"im":0.5780621758305252},{"re":-0.6414148510394613,"im":0.48940089269705744},{"re":-0.6782233648999955,"im":0.39805853336268215},{"re":-0.700070601821118,"im":0.30695333209463593},{"re":-0.7081240757790201,"im":0.2186089355818535},{"re":-0.703944137607972,"im":0.1350651426392659},{"re":-0.6893298447277293,"im":0.057838421477733104},{"re":-0.6661759789587418,"im":-0.012073545985256822},{"re":-0.636351798425749,"im":-0.07415252095349645},{"re":-0.6016075273212201,"im":-0.12829631474990566},{"re":-0.5635103337657763,"im":-0.17474191878519346},{"re":-0.5234081178929504,"im":-0.2139843271750677},{"re":-0.48241706291332215,"im":-0.24669813166741927},{"re":-0.4414275996407068,"im":-0.2736666862031025},{"re":-0.4011230551292874,"im":-0.29572153991520495},{"re":-0.3620055760876875,"im":-0.3136931521366397},{"re":-0.32442470189791894,"im":-0.32837272036796294},{"re":-0.28860499795480593,"im":-0.3404842501020356},{"re":-0.2546702811652617,"im":-0.35066567884604555},{"re":-0.22266305424517663,"im":-0.35945780672036487},{"re":-0.19255872895633555,"im":-0.3672998524536048},{"re":-0.16427500422897875,"im":-0.3745305410911339},{"re":-0.13767733674107802,"im":-0.38139367120400586},{"re":-0.11258178104853775,"im":-0.38804708150123995},{"re":-0.08875658607876176,"im":-0.3945738549107927},{"re":-0.06592383922398133,"im":-0.40099450469238873},{"re":-0.04376219620012521,"im":-0.40727883492931827},{"re":-0.02191139035611986,"im":-0.4133562038324416},{"re":2.1145537872658825e-5,"im":-0.4191230711207839},{"re":0.022451517693946696,"im":-0.4244469837190989},{"re":0.04580863902135823,"im":-0.4291665265745513},{"re":0.07052175522935454,"im":-0.433087201011897},{"re":0.09700638658231296,"im":-0.43597364978132264},{"re":0.12564867330705112,"im":-0.43753908988497436},{"re":0.1567879039630536,"im":-0.43743321808063285},{"re":0.19069682962786028,"im":-0.4352302101755379},{"re":0.22755929763019755,"im":-0.4304187434587222},{"re":0.26744484543659613,"im":-0.4223962297279304},{"re":0.3102802319278239,"im":-0.4104696399185036},{"re":0.3558184794453572,"im":-0.39386539122100794},{"re":0.4036068523068607,"im":-0.3717506861159134},{"re":0.45295625797962713,"im":-0.34326834512167903},{"re":0.5029157226216525,"im":-0.30758645279063207},{"re":0.5522566964405031,"im":-0.26396294364901324},{"re":0.5994727556235719,"im":-0.21182354099987455}],