{"bd2":[1,1,2,4,8,4,8,4,8,4,8,4,8,4,8,4,8,4,8,4,8,4,8,4,8,4,8,4,8,4,8,4,8,4,8,4,8,4,8,4,8,4,8,4,8,4,8,4,8,4,8,4,8,4,8,4,8,4,8,4,8,4,8,4,8,4,8,4,8,4,8,4,8,4,8,4,8,4,8,4,8,4,8,4,8,4,8,4,8,4,8,4,8,4,8,4,8,4,8,4,8,4,8,4,8,4,8,4,8,4,8,4,8,4,8,4,8,4,8,4,8,4,8,4,8,4,8,4,8,4,8,4,8,4,8,4,8,4,8,4,8,4,8,4,8,4,8,4,8,4,8,4,8,4,8,4,8,4,8,4,8,4,8,4,8,4,8,4,8,4,8,4,8,4,8,4,8,4,8,4,8,4,8,4,8,4,8,4,8,4,8,4,8,4,8,4,8,4,8,4,2,1,1,1],"taus":[0.0,0.05,0.1,0.15000000000000002,0.2,0.25,0.30000000000000004,0.35000000000000003,0.4,0.45,0.5,0.55,0.6000000000000001,0.65,0.7000000000000001,0.75,0.8,0.8500000000000001,0.9,0.9500000000000001,1.0,1.05,1.1,1.1500000000000001,1.2000000000000002,1.25,1.3,1.35,1.4000000000000001,1.4500000000000002,1.5,1.55,1.6,1.6500000000000001,1.7000000000000002,1.75,1.8,1.85,1.9000000000000001,1.9500000000000002,2.0,2.0500000000000003,2.1,2.15,2.2,2.25,2.3000000000000003,2.35,2.4000000000000004,2.45,2.5,2.5500000000000003,2.6,2.6500000000000004,2.7,2.75,2.8000000000000003,2.85,2.9000000000000004,2.95,3.0,3.0500000000000003,3.1,3.1500000000000004,3.2,3.25,3.3000000000000003,3.35,3.4000000000000004,3.45,3.5,3.5500000000000003,3.6,3.6500000000000004,3.7,3.75,3.8000000000000003,3.85,3.9000000000000004,3.95,4.0,4.05,4.1000000000000005,4.15,4.2,4.25,4.3,4.3500000000000005,4.4,4.45,4.5,4.55,4.6000000000000005,4.65,4.7,4.75,4.800000000000001,4.8500000000000005,4.9,4.95,5.0],"bd1":[2,4,2,4,4,8,8,16,14,28,16,32,18,32,20,36,18,36,20,40,20,40,20,40,20,40,20,40,22,44,22,44,22,44,22,44,22,44,22,44,22,44,22,44,22,44,22,44,22,44,22,44,22,44,22,44,22,44,22,44,22,44,22,44,22,44,22,44,22,44,22,44,22,44,22,44,22,44,22,44,22,44,22,44,22,44,22,44,22,44,22,44,22,44,22,44,22,44,22,44,22,44,22,44,22,44,22,44,22,44,22,44,22,44,22,44,22,44,22,44,22,44,22,44,22,44,22,44,22,44,22,44,22,44,22,44,22,44,22,44,22,44,22,44,22,44,24,44,22,44,22,44,22,44,22,44,22,44,22,44,22,44,22,44,22,44,22,44,22,44,22,44,22,44,22,44,22,40,20,40,20,40,20,40,20,40,20,40,20,34,18,32,16,32,16,28,14,16,8,8,4,4,2,1],"gf":[0.1870192966184874,0.17403470175468583,0.16206266473832695,0.15102371182508814,0.1408452643239106,0.13146103804275383,0.12281048750696538,0.11483821262015695,0.10749353899581056,0.10073005634488519,0.09450526617670839,0.08878021824967414,0.08351922271081777,0.07868955996379724,0.0742612373811615,0.07020675408302003,0.06650090822988532,0.06312060236884037,0.06004466424119842,0.05725373816308709,0.05473009972565495,0.052457545611981134,0.05042127077768167,0.04860780134624579,0.047004863311226004,0.04560130796464848,0.0443870367358308,0.04335292968612216,0.04249078117095669,0.04179323990751764,0.04125376176392619,0.040866559421812026,0.04062656034766858,0.04052937371208586,0.04057125232317403,0.04074905851363687,0.04106024597317774,0.04150282165617109,0.042075374319754964,0.0427769829095361,0.04360725201225835,0.0445662893389937,0.045654696859939094,0.04687356485942097,0.04822446852310218,0.04970946221609954,0.051331090722744235,0.0530923807868791,0.05499687152117127,0.05704858498537024,0.05925207620747677,0.061612429550882135,0.06413527317551776,0.06682681039306068,0.0696938432203635,0.07274376273843654,0.07598465682101849,0.07942527427875919,0.08307506940428751,0.0869442847747977,0.0910439823966348,0.09538608160918928,0.09998342167535719,0.1048498338276555,0.11000020774484799,0.11545056952715957,0.12121817201458242,0.12732159233411255,0.13378083353807993,0.14061744413834878,0.14785465487851984,0.15551751751400752,0.1636330557522354,0.17223045601673492,0.18134125921804367,0.19099957478361085,0.20124232486098154,0.21210951480895815,0.22364453022373415,0.2358944742035804,0.24891054320971379,0.26274843586327723,0.2774688311811812,0.29313790870977113,0.3098279350719785,0.32761793189839816,0.3465944166040686,0.36685224325601734,0.3884955519765853,0.4116388415719647,0.43640818360957134,0.4629426000024998,0.49139563115603013,0.5219371161381209,0.554755218793386,0.5900587666259726,0.6280798751046036,0.6690769963268218,0.7133383651330016,0.7611860558231054,0.8129807033815126]}