{"taus":[0.0,0.1,0.2,0.3,0.4,0.5,0.6,0.7,0.8,0.9,1.0],"nn":[0.6218630167621919,0.6042642883661321,0.5917738746539862,0.5834554396614134,0.5786952893561296,0.5771460501587665,0.5786952893561296,0.5834554396614136,0.5917738746539867,0.6042642883661314,0.6218630167621945],"gt":[0.37813698323780853,0.3648546311909353,0.359626763298841,0.36199197374992986,0.37180646992535127,0.38923514212649724,0.41476499565943936,0.44924252478290044,0.49393938806885074,0.5506542041922592,0.6218630167621915]}