{"ns":[-0.9582423705349926,-0.9482281412099021,-0.9415473466584291,-0.938726321277216,-0.9377201737153875,-0.9358112674733632,-0.9315506769036823,-0.9246341290742105,-0.9158783474684342,-0.9066395729418629,-0.8980948244492994,-0.8908295158874433,-0.8847048282101397,-0.8791357868609416,-0.8734639228905775,-0.8673353406751809,-0.8608856308808792,-0.8546199634462941,-0.849079223128192,-0.8444757050565469,-0.8404847757555666,-0.8363051095113269,-0.8309892660614392,-0.8239290110717564,-0.8152726172478578],"bd2":[2,4,4,8,16,16,16,16,16,16,16,16,16,16,16,16,16,16,16,16,16,16,16,16,16,16,16,16,16,16,16,16,16,16,16,16,16,16,16,16,16,16,16,16,16,16,16,16,16,16,16,16,16,16,16,16,16,16,16,16,16,16,16,16,16,16,16,16,16,16,16,16,16,16,16,16,16,16,16,16,16,16,16,16,16,16,16,16,16,16,16,16,16,16,16,16,16,16,16,16,16,16,16,16,16,16,16,16,16,16,16,16,16,16,16,16,16,16,16,16,16,16,16,16,16,16,16,16,16,16,16,16,16,16,16,16,16,16,16,16,16,16,16,16,16,16,16,16,16,16,16,16,16,16,16,16,16,16,16,16,16,16,16,16,16,16,16,16,16,16,16,16,16,16,16,16,16,16,16,16,16,16,16,16,16,16,16,16,16,16,16,16,16,16,16,16,16,16,16,16,16,16,8,16,16,16,32,16,16,16,32,16,16,16,32,16,16,16,32,16,16,16,32,16,16,16,32,16,16,16,32,16,16,16,32,16,16,16,32,16,16,16,32,16,16,16,32,16,16,16,32,16,16,16,32,16,16,16,32,16,16,16,32,16,16,16,32,16,16,16,32,16,16,16,32,16,16,16,32,16,16,16,32,16,16,16,32,16,16,16,32,16,16,16,32,16,16,16,32,16,16,16,32,16,8,4,2,1],"taus":[0.05,0.1,0.15000000000000002,0.2,0.25,0.30000000000000004,0.35000000000000003,0.4,0.45,0.5,0.55,0.6000000000000001,0.65,0.7000000000000001,0.75,0.8,0.8500000000000001,0.9,0.9500000000000001,1.0,1.05,1.1,1.1500000000000001,1.2000000000000002,1.25,1.3,1.35,1.4000000000000001,1.4500000000000002,1.5,1.55,1.6,1.6500000000000001,1.7000000000000002,1.75,1.8,1.85,1.9000000000000001,1.9500000000000002,2.0,2.0500000000000003,2.1,2.15,2.2,2.25,2.3000000000000003,2.35,2.4000000000000004,2.45,2.5,2.5500000000000003,2.6,2.6500000000000004,2.7,2.75,2.8000000000000003,2.85,2.9000000000000004,2.95,3.0,3.0500000000000003,3.1,3.1500000000000004,3.2,3.25,3.3000000000000003,3.35,3.4000000000000004,3.45,3.5,3.5500000000000003,3.6,3.6500000000000004,3.7,3.75,3.8000000000000003,3.85,3.9000000000000004,3.95,4.0,4.05,4.1000000000000005,4.15,4.2,4.25,4.3,4.3500000000000005,4.4,4.45,4.5,4.55,4.6000000000000005,4.65,4.7,4.75,4.800000000000001,4.8500000000000005,4.9,4.95,5.0,5.050000000000001],"gtau":[{"re":0.1826309406078491,"im":-0.009190321891273086},{"re":0.1700368680059026,"im":-0.008491106224897196},{"re":0.15843856224930603,"im":-0.007848364363843974},{"re":0.1477572259743817,"im":-0.007257027748475143},{"re":0.1379210957881743,"im":-0.006712530985409096},{"re":0.1288647479493687,"im":-0.006210791768425793},{"re":0.12052847882168936,"im":-0.0057481303624686},{"re":0.11285779023899248,"im":-0.005321234240957835},{"re":0.10580289326724927,"im":-0.004927088611811211},{"re":0.09931828221286557,"im":-0.00456297052995263},{"re":0.09336234857412917,"im":-0.004226408238089126},{"re":0.08789703284977914,"im":-0.003915154068610292},{"re":0.08288751109463713,"im":-0.003627160085290581},{"re":0.07830191915479676,"im":-0.0033605585882462733},{"re":0.0741110972509931,"im":-0.003113646307631997},{"re":0.07028836688524208,"im":-0.0028848637095037787},{"re":0.06680932404747333,"im":-0.0026727813545076506},{"re":0.06365164960853743,"im":-0.0024760960383669903},{"re":0.06079494731433027,"im":-0.002293609081033945},{"re":0.05822059174133199,"im":-0.0021242198232088415},{"re":0.05591159652443827,"im":-0.001966917751576559},{"re":0.05385247040127533,"im":-0.0018207730077312437},{"re":0.052029125773075495,"im":-0.0016849293805930377},{"re":0.05042877083513562,"im":-0.001558598365257897},{"re":0.049039816195179727,"im":-0.001441053410404679},{"re":0.04785179521850619,"im":-0.0013316218712928147},{"re":0.04685527739816547,"im":-0.0012296863709267542},{"re":0.04604181025440115,"im":-0.001134675850080591},{"re":0.04540386127274294,"im":-0.001046063319709781},{"re":0.04493475392916098,"im":-0.0009633549436974439},{"re":0.044628616919091126,"im":-0.0008860983935840756},{"re":0.04448034442831317,"im":-0.0008138737955387414},{"re":0.04448555675007496,"im":-0.000746293028708733},{"re":0.04464056105850653,"im":-0.0006829938737207678},{"re":0.04494232359738216,"im":-0.0006236401315897842},{"re":0.04538843677979727,"im":-0.0005679202673793342},{"re":0.0459770991124471,"im":-0.0005155434573932017},{"re":0.04670709399023404,"im":-0.00046623998467185313},{"re":0.04757777266183343,"im":-0.00041975773096245537},{"re":0.0485890424029002,"im":-0.0003758617601284345},{"re":0.04974134795412997,"im":-0.00033433182617710123},{"re":0.05103566986121801,"im":-0.00029496217514773503},{"re":0.052473516959035,"im":-0.0002575599774144238},{"re":0.05405692348286408,"im":-0.0002219442233295957},{"re":0.055788449026274785,"im":-0.00018794472600906277},{"re":0.05767118163885281,"im":-0.00015540144000095171},{"re":0.05970874223188396,"im":-0.0001241627466946354},{"re":0.06190529340177891,"im":-9.408543066987063e-5},{"re":0.06426555032793294,"im":-6.5033937292591e-5},{"re":0.06679479512045716,"im":-3.688126659112969e-5},{"re":0.06949889181662945,"im":-9.502984766371875e-6},{"re":0.07238430629181457,"im":1.7219661477910836e-5},{"re":0.07545813046043906,"im":4.339984274681364e-5},{"re":0.07872810863251106,"im":6.914643980158429e-5},{"re":0.08220266687151598,"im":9.456487768303984e-5},{"re":0.0858909471751114,"im":0.00011975746068032884},{"re":0.08980284353070564,"im":0.00014482527733638805},{"re":0.09394904962278466,"im":0.00016986517425722714},{"re":0.09834110088375173,"im":0.0001949733670932223},{"re":0.1029914280616031,"im":0.00022024552230347298},{"re":0.10791341538341866,"im":0.0002457765983480017},{"re":0.113121464600681,"im":0.00027166151463448},{"re":0.11863106582246978,"im":0.0002979956216855832},{"re":0.12445887571444138,"im":0.0003248751956071758},{"re":0.1306228038168514,"im":0.00035239793891591676},{"re":0.13714210781088554,"im":0.00038066349162640424},{"re":0.1440374981781906,"im":0.00040977415881819445},{"re":0.15133125567385197,"im":0.0004398348996901105},{"re":0.1590473581675095,"im":0.00047095447258698137},{"re":0.1672116227858084,"im":0.000503245851344985},{"re":0.17585186259436253,"im":0.0005368268788588027},{"re":0.18499805999800462,"im":0.0005718209673797022},{"re":0.1946825588143935,"im":0.0006083578523163696},{"re":0.20494027723873362,"im":0.0006465744072604384},{"re":0.2158089442174372,"im":0.0006866155290640685},{"re":0.22732936209548796,"im":0.0007286351034508034},{"re":0.2395456987888401,"im":0.0007727970631821917},{"re":0.25250581322043264,"im":0.0008192765501242425},{"re":0.26626161820188965,"im":0.0008682611989195206},{"re":0.2808694857723105,"im":0.0009199525614656792},{"re":0.2963907002444791,"im":0.0009745676693256922},{"re":0.3128919659335447,"im":0.00103234081769},{"re":0.3304459755047642,"im":0.0010935255131819179},{"re":0.34913204936190106,"im":0.0011583966987340525},{"re":0.3690368540030932,"im":0.001227253176895353},{"re":0.3902552127567149,"im":0.0013004204399092887},{"re":0.41289101948685003,"im":0.0013782537636479533},{"re":0.43705827269269504,"im":0.0014611417448006324},{"re":0.46288224483364093,"im":0.0015495101740992622},{"re":0.49050081009511665,"im":0.0016438265148103974},{"re":0.5200659511824678,"im":0.0017446047894032713},{"re":0.5517454799550949,"im":0.0018524111784204256},{"re":0.5857249954273053,"im":0.0019678702134456206},{"re":0.6222101261568999,"im":0.0020916716727200054},{"re":0.6614290930629662,"im":0.0022245780296463154},{"re":0.7036356559619156,"im":0.0023674329529570727},{"re":0.749112504922446,"im":0.0025211706488086232},{"re":0.7981751638130146,"im":0.002686824861269532},{"re":0.8511765070965345,"im":0.0028655392075271355},{"re":0.9085119839573628,"im":0.0030585789591625516},{"re":0.9706256717473817,"im":0.003267344016737875},{"re":0.8105691151706732,"im":0.010968951849780938}],"lt":[{"re":-0.008802139925637832,