{"bd":[2,4,4,4,4,8,8,8,16,20,20,20,32,26,26,26,38,32,32,32,44,36,36,36,48,38,38,38,50,40,40,40,52,42,42,42,54,42,42,42,54,42,42,42,56,42,42,42,56,42,42,42,56,42,42,42,56,42,42,42,56,42,42,42,56,42,42,42,56,42,42,42,54,40,40,40,54,40,40,40,54,40,40,40,54,40,40,40,54,40,40,40,54,40,40,40,54,40,40,40,54,40,40,40,54,40,40,40,52,38,38,38,50,38,38,38,50,36,36,36,50,36,36,36,48,36,36,36,46,34,34,34,44,32,32,32,40,28,28,28,40,28,28,28,36,24,24,24,36,24,24,24,30,20,20,20,14,8,8,8,4,2,2,2,2,1,1,1],"gf":[0.6450597398225958,0.5945923382212474,0.5498867716725988,0.5101912811922048,0.47487690768178403,0.44341350506803434,0.4153525173696342,0.3903270874972727,0.36799205391899603,0.3480695762028626,0.33031664261046195,0.31452340492078706,0.3005082748860072,0.28811386847846115,0.2772036854421193,0.26765945567641175,0.259378947335298,0.25227413864551496,0.24626972844969566,0.24130176725832542,0.2373168967754536,0.23427272872407115,0.2321323354956121,0.23087050453115152,0.2304678722791712,0.2309125491573849,0.23219993011752854,0.2343326425799358,0.2373185730541812,0.24117787727579637,0.24593543573105497,0.2516231069604703,0.25828199420715203,0.265962378204979,0.2747251666195567,0.2846402152226607,0.29579093625258257,0.30827556490197044,0.3222047205201139,0.3377089062031288,0.3549402601774042],"ts":[0.0,0.1,0.2,0.30000000000000004,0.4,0.5,0.6000000000000001,0.7000000000000001,0.8,0.9,1.0,1.1,1.2000000000000002,1.3,1.4000000000000001,1.5,1.6,1.7000000000000002,1.8,1.9000000000000001,2.0,2.1,2.2,2.3000000000000003,2.4000000000000004,2.5,2.6,2.7,2.8000000000000003,2.9000000000000004,3.0,3.1,3.2,3.3000000000000003,3.4000000000000004,3.5,3.6,3.7,3.8000000000000003,3.9000000000000004,4.0]}