{"bd":[1,1,1,1,2,4,4,4,8,10,10,10,16,12,12,12,18,12,12,12,18,12,12,12,18,12,12,12,18,12,12,12,16,10,10,10,8,4,4,4,2,1,1,1,1,1,1,1],"gf":[0.5001710350981675,0.4851561327168898,0.473665998404864,0.46554705976761607,0.46069358067946925,0.45904505860422923,0.4605847512551279,0.46533926398591535,0.47337918751355945,0.4848208094295259,0.4998289649018325],"ts":[0.0,0.1,0.2,0.30000000000000004,0.4,0.5,0.6000000000000001,0.7000000000000001,0.8,0.9,1.0]}