{"bd":[1,1,1,1,2,4,8,16,27,39,53,66,88,77,111,90,119,101,139,114,149,131,172,146,182,153,192,158,196,168,207,173,212,177,216,181,220,187,229,191,230,195,239,198,239,204,253,209,254,219,276,233,278,237,291,243,291,253,316,262,309,272,335,277,327,288,351,290,341,301,366,307,360,311,379,315,372,320,393,324,383,331,405,333,392,334,409,335,396,336,411,339,399,340,415,341,404,344,420,346,412,350,427,356,423,357,434,358,426,358,439,362,437,363,450,363,441,364,453,365,447,365,454,366,448,366,455,366,450,366,455,368,453,368,457,369,455,369,458,369,456,370,460,370,459,371,465,371,461,371,467,372,462,372,468,372,462,373,469,373,462,374,473,374,464,374,473,374,464,376,476,376,466,376,477,376,466,378,478,378,467,377,478,377,466,376,478,376,465,375,477,375,465,375,476,375,464,374,474,374,463,373,474,373,463,373,473,373,463,373,473,373,463,373,472,372,461,372,469,371,460,371,469,371,460,370,468,370,460,370,467,370,460,370,467,370,458,368,462,366,456,366,461,365,455,365,459,365,455,365,457,363,452,363,454,363,449,360,451,359,444,358,446,357,441,355,439,354,435,353,433,352,430,351,430,349,427,349,425,346,421,346,419,343,416,342,416,340,413,340,410,336,404,336,408,333,399,330,404,325,388,319,392,315,373,307,381,306,365,303,371,299,357,296,361,295,351,294,356,288,337,281,342,277,325,273,329,266,316,264,321,258,302,253,309,249,294,248,306,246,288,245,300,240,281,239,291,235,272,231,275,224,265,224,270,220,254,213,253,209,243,205,241,199,229,190,224,183,215,176,211,172,200,162,189,150,179,141,170,132,161,124,155,116,144,114,133,103,127,102,121,96,105,85,90,67,52,38,26,15,8,4,2,1,1,1,1,1],"gf":[0.5039685522582491,0.4707668389095984,0.4407703290210716,0.41359925261506797,0.3889266797486574,0.36647153987589876,0.3459896826356596,0.32726823095498525,0.3101341008956682,0.2944150548252349,0.27997409060923123,0.2666881014583533,0.25444743568049605,0.24315526166634918,0.23272631009005088,0.2230843005777953,0.214160727536306,0.20589542471543198,0.19823414735962747,0.19112683356351104,0.18453019661463183,0.17840453848241028,0.17271262030268883,0.16742260330584682,0.16250483251274772,0.1579324510144699,0.15368130956386108,0.1497279113658917,0.14605383909440184,0.14263971724915808,0.13946989594337816,0.13652857394123158,0.13380163774567433,0.13127605081886415,0.1289405127486074,0.1267830132893442,0.12479856897427527,0.12297628299516133,0.12130870419281363,0.11978888149233916,0.11841073332108551,0.11716877254048515,0.11605781906801685,0.1150742775878882,0.11421448611406551,0.11347545553933211,0.11285464044842249,0.11234993305447279,0.11195941180718576,0.11168210832771376,0.11151724813328309,0.11146488719402313,0.11152629600087867,0.11170180684595718,0.11199417233326758,0.11240466601213467,0.11293577996042026,0.11358992691462728,0.11437045508048523,0.11528085039010504,0.11632504491430536,0.11750734207701233,0.11883305781898575,0.12030759484702949,0.12193753364414114,0.12372980259823514,0.12569290208018125,0.1278377643574902,0.1301729282486861,0.13270964731348522,0.13545943219461312,0.13843613051843276,0.14165365618221065,0.1451294557722879,0.14888207904763437,0.15293403486782245,0.15730707710153055,0.16202578165603096,0.1671162170626397,0.1726031931502826,0.17852438261083778,0.18491354397410883,0.19181259212289578,0.199263081736832,0.20731760511029326,0.21603292794951234,0.2254710633601053,0.2357032862158382,0.2468083850119432,0.25887483452249166,0.27200228163002227,0.2863028217085986,0.30190351234357105,0.3189486988248198,0.33760221301477633,0.3580569301819199,0.3805199870250356,0.405240387244209,0.4325024795820007,0.46263765484447045,0.4960314477417509],"ts":[0.0,0.1,0.2,0.30000000000000004,0.4,0.5,0.6000000000000001,0.7000000000000001,0.8,0.9,1.0,1.1,1.2000000000000002,1.3,1.4000000000000001,1.5,1.6,1.7000000000000002,1.8,1.9000000000000001,2.0,2.1,2.2,2.3000000000000003,2.4000000000000004,2.5,2.6,2.7,2.8000000000000003,2.9000000000000004,3.0,3.1,3.2,3.3000000000000003,3.4000000000000004,3.5,3.6,3.7,3.8000000000000003,3.9000000000000004,4.0,4.1000000000000005,4.2,4.3,4.4,4.5,4.6000000000000005,4.7,4.800000000000001,4.9,5.0,5.1000000000000005,5.2,5.300000000000001,5.4,5.5,5.6000000000000005,5.7,5.800000000000001,5.9,6.0,6.1000000000000005,6.2,6.300000000000001,6.4,6.5,6.6000000000000005,6.7,6.800000000000001,6.9,7.0,7.1000000000000005,7.2,7.300000000000001,7.4,7.5,7.6000000000000005,7.7,7.800000000000001,7.9,8.0,8.1,8.200000000000001,8.3,8.4,8.5,8.6,8.700000000000001,8.8,8.9,9.0,9.1,9.200000000000001,9.3,9.4,9.5,9.600000000000001,9.700000000000001,9.8,9.9,10.0]}