{"bd":[1,1,1,1,2,4,4,4,8,13,13,13,21,19,19,19,30,23,23,23,35,29,29,29,41,30,30,30,42,33,33,33,45,35,35,35,47,35,35,35,47,36,36,36,48,38,38,38,52,41,41,41,54,43,43,43,57,46,46,46,60,48,48,48,62,49,49,49,64,51,51,51,67,52,52,52,69,52,52,52,68,51,51,51,69,51,51,51,69,51,51,51,69,51,51,51,69,51,51,51,70,51,51,51,70,52,52,52,72,52,52,52,73,52,52,52,73,52,52,52,73,52,52,52,73,52,52,52,73,52,52,52,73,52,52,52,74,52,52,52,74,52,52,52,74,52,52,52,74,52,52,52,74,52,52,52,74,52,52,52,74,52,52,52,74,52,52,52,74,52,52,52,74,52,52,52,74,52,52,52,74,52,52,52,74,52,52,52,74,52,52,52,74,52,52,52,74,52,52,52,74,52,52,52,74,52,52,52,74,52,52,52,74,52,52,52,74,52,52,52,74,52,52,52,74,52,52,52,74,52,52,52,73,51,51,51,73,51,51,51,73,51,51,51,73,51,51,51,73,51,51,51,72,50,50,50,71,50,50,50,71,50,50,50,71,50,50,50,71,50,50,50,70,50,50,50,69,50,50,50,69,50,50,50,68,50,50,50,68,50,50,50,68,50,50,50,67,49,49,49,67,49,49,49,66,48,48,48,64,46,46,46,63,46,46,46,62,46,46,46,60,44,44,44,57,42,42,42,54,40,40,40,52,38,38,38,50,36,36,36,50,36,36,36,48,35,35,35,45,33,33,33,45,33,33,33,45,33,33,33,43,31,31,31,42,30,30,30,41,29,29,29,39,28,28,28,37,25,25,25,33,22,22,22,31,22,22,22,27,20,20,20,20,13,13,13,8,4,4,4,2,1,1,1,1,1,1,1],"gf":[0.5033743033764042,0.4696209403119374,0.4391158721414889,0.41147228482558157,0.38635928814985376,0.363492557909505,0.3426268266119446,0.3235494348982816,0.3060753517841236,0.2900429281252414,0.27531084390271354,0.2617539529342943,0.24926218820908594,0.23773799031353465,0.2270944871978602,0.2172546034752115,0.20814939192279797,0.1997170879181656,0.19190226170145663,0.18465465626655425,0.17792991691168922,0.17168764869514427,0.16589089916467986,0.16050644932523325,0.1555038968787582,0.15085678347285397,0.1465387023747032,0.14252728472045076,0.13880214702846158,0.13534469895903412,0.1321378882212927,0.12916618241819242,0.12641564262132332,0.12387304897703513,0.12152673646887736,0.11936588313194739,0.11738088395270427,0.11556265754898432,0.11390342285367441,0.11239581557648758,0.11103346896730186,0.10981042675929031,0.10872153479853296,0.1077624001703428,0.10692900702331823,0.10621800352128238,0.10562652311591618,0.10515223818575672,0.10479313671862378,0.10454811335182343,0.1044162915882929,0.10439715535725415,0.1044907743997013,0.10469766917962972,0.10501885718983671,0.10545580916538329,0.10601038181269765,0.10668509683943593,0.10748322762960222,0.10840814786669907,0.10946422804074574,0.11065631893620824,0.11198981569513479,0.11347115216693193,0.1151072997476844,0.11690583796646035,0.11887578586911214,0.12102684835776306,0.12337017834203153,0.12591742211123963,0.12868174870680482,0.13167722777442928,0.13491973715896483,0.13842654188856632,0.14221661829914997,0.14631120561774916,0.15073321081575292,0.15550823730635796,0.1606641461153832,0.16623178751594533,0.17224560957347332,0.178742991518546,0.18576620741525499,0.19336121871365017,0.2015795139224132,0.2104779411612333,0.22012023971688174,0.2305781537293492,0.24193171984301978,0.25426998505974674,0.26769358626797723,0.28231632882102814,0.2982671158480809,0.31569233611953534,0.33475887659505144,0.3556576525897132,0.37860792523641273,0.4038624519573563,0.43171387427608804,0.46250248041253594,0.4966256966235958],"ts":[0.0,0.1,0.2,0.30000000000000004,0.4,0.5,0.6000000000000001,0.7000000000000001,0.8,0.9,1.0,1.1,1.2000000000000002,1.3,1.4000000000000001,1.5,1.6,1.7000000000000002,1.8,1.9000000000000001,2.0,2.1,2.2,2.3000000000000003,2.4000000000000004,2.5,2.6,2.7,2.8000000000000003,2.9000000000000004,3.0,3.1,3.2,3.3000000000000003,3.4000000000000004,3.5,3.6,3.7,3.8000000000000003,3.9000000000000004,4.0,4.1000000000000005,4.2,4.3,4.4,4.5,4.6000000000000005,4.7,4.800000000000001,4.9,5.0,5.1000000000000005,5.2,5.300000000000001,5.4,5.5,5.6000000000000005,5.7,5.800000000000001,5.9,6.0,6.1000000000000005,6.2,6.300000000000001,6.4,6.5,6.6000000000000005,6.7,6.800000000000001,6.9,7.0,7.1000000000000005,7.2,7.300000000000001,7.4,7.5,7.6000000000000005,7.7,7.800000000000001,7.9,8.0,8.1,8.200000000000001,8.3,8.4,8.5,8.6,8.700000000000001,8.8,8.9,9.0,9.1,9.200000000000001,9.3,9.4,9.5,9.600000000000001,9.700000000000001,9.8,9.9,10.0]}