{"bd":[1,1,1,1,2,4,4,4,8,11,11,11,17,17,17,17,23,19,19,19,25,21,21,21,27,21,21,21,28,22,22,22,29,22,22,22,31,24,24,24,33,28,28,28,38,28,28,28,38,28,28,28,39,28,28,28,40,30,30,30,42,30,30,30,42,30,30,30,42,32,32,32,44,32,32,32,44,32,32,32,44,32,32,32,44,32,32,32,44,32,32,32,44,32,32,32,44,34,34,34,46,34,34,34,46,34,34,34,46,35,35,35,47,35,35,35,47,37,37,37,49,37,37,37,49,37,37,37,49,37,37,37,49,37,37,37,49,37,37,37,49,37,37,37,49,37,37,37,49,37,37,37,49,37,37,37,49,37,37,37,49,37,37,37,49,37,37,37,49,37,37,37,49,37,37,37,49,37,37,37,49,37,37,37,49,37,37,37,49,37,37,37,49,37,37,37,49,37,37,37,49,37,37,37,49,37,37,37,49,37,37,37,49,37,37,37,49,37,37,37,49,37,37,37,49,37,37,37,49,37,37,37,47,35,35,35,47,35,35,35,46,35,35,35,46,35,35,35,45,35,35,35,45,33,33,33,45,33,33,33,45,33,33,33,45,33,33,33,45,33,33,33,45,33,33,33,45,33,33,33,45,33,33,33,45,33,33,33,45,33,33,33,43,31,31,31,43,31,31,31,42,30,30,30,42,30,30,30,42,30,30,30,42,30,30,30,42,30,30,30,42,30,30,30,40,28,28,28,39,28,28,28,39,28,28,28,38,28,28,28,38,28,28,28,37,27,27,27,36,26,26,26,33,24,24,24,32,24,24,24,31,23,23,23,30,23,23,23,29,22,22,22,29,22,22,22,26,19,19,19,24,18,18,18,21,15,15,15,18,12,12,12,16,10,10,10,7,4,4,4,2,1,1,1,1,1,1,1],"gf":[0.5015473673360714,0.45692436571892703,0.41849376550999173,0.385215292775522,0.35624468035035073,0.3309090333312559,0.3086292914663863,0.28894379833202133,0.27146956834872954,0.2558891981813344,0.24193841362071672,0.22939709234649333,0.21808059390281548,0.20783352024302224,0.1985239769527368,0.1900409731472188,0.18228877317814343,0.1751877369716208,0.16866679544440236,0.16266634044045847,0.15713455428203296,0.15202814971900708,0.14730605530992086,0.14293491717327966,0.13888302219264276,0.13512458377318762,0.13163739767346844,0.12839980027265496,0.12539634263616298,0.12260885550535124,0.12002255007996117,0.11762420699481052,0.1154019890199661,0.11334357654522441,0.11144143598039077,0.10968701319033006,0.10807257165363364,0.10659130958862094,0.10523775123493334,0.10400355223053993,0.10288672416295574,0.10188245975530488,0.10098720961437681,0.10019722523099962,0.09950747948211625,0.09891825220867964,0.09842728032497337,0.09803322993272577,0.09773462079384423,0.09753031690244793,0.09741984367340381,0.09740263938955925,0.09747890716604404,0.09764876472437158,0.0979127552797238,0.09827288507218389,0.09873049011651677,0.09928718263479674,0.0999455237316247,0.1007083217214694,0.10157877874001395,0.1025605012653537,0.10365801356095189,0.10487585809700414,0.106219598301452,0.10769542721695662,0.10930994317865268,0.11107115254998738,0.11298727812564469,0.11506784857058733,0.11732368031593879,0.11976637184575929,0.12240567130518355,0.12526401977327845,0.12835632189508292,0.13170188206916855,0.13531965079373273,0.1392341760473076,0.14347227382361638,0.1480652266980189,0.15304799574565295,0.15846088147002196,0.16434981331048146,0.17076812297496827,0.17777672175007025,0.18544646505059806,0.19385991381418796,0.20311367129585772,0.21332027002125836,0.2246136922263716,0.23715088580352958,0.2511186088577497,0.26674003389212175,0.28428190869099096,0.30406508638378155,0.3264766021836751,0.35198510220255447,0.38116030335636725,0.41469695589017574,0.4534460448071788,0.4984526326639286],"ts":[0.0,0.1,0.2,0.30000000000000004,0.4,0.5,0.6000000000000001,0.7000000000000001,0.8,0.9,1.0,1.1,1.2000000000000002,1.3,1.4000000000000001,1.5,1.6,1.7000000000000002,1.8,1.9000000000000001,2.0,2.1,2.2,2.3000000000000003,2.4000000000000004,2.5,2.6,2.7,2.8000000000000003,2.9000000000000004,3.0,3.1,3.2,3.3000000000000003,3.4000000000000004,3.5,3.6,3.7,3.8000000000000003,3.9000000000000004,4.0,4.1000000000000005,4.2,4.3,4.4,4.5,4.6000000000000005,4.7,4.800000000000001,4.9,5.0,5.1000000000000005,5.2,5.300000000000001,5.4,5.5,5.6000000000000005,5.7,5.800000000000001,5.9,6.0,6.1000000000000005,6.2,6.300000000000001,6.4,6.5,6.6000000000000005,6.7,6.800000000000001,6.9,7.0,7.1000000000000005,7.2,7.300000000000001,7.4,7.5,7.6000000000000005,7.7,7.800000000000001,7.9,8.0,8.1,8.200000000000001,8.3,8.4,8.5,8.6,8.700000000000001,8.8,8.9,9.0,9.1,9.200000000000001,9.3,9.4,9.5,9.600000000000001,9.700000000000001,9.8,9.9,10.0]}