{"bd":[1,1,1,1,2,4,4,4,7,10,10,10,14,12,12,12,16,14,14,14,19,16,16,16,22,18,18,18,23,20,20,20,25,20,20,20,25,21,21,21,26,21,21,21,27,21,21,21,27,22,22,22,28,23,23,23,29,23,23,23,29,24,24,24,30,24,24,24,30,24,24,24,30,25,25,25,31,25,25,25,30,24,24,24,30,24,24,24,30,24,24,24,30,24,24,24,30,24,24,24,30,24,24,24,30,24,24,24,30,24,24,24,30,24,24,24,30,24,24,24,32,24,24,24,32,24,24,24,32,24,24,24,32,24,24,24,32,24,24,24,32,24,24,24,32,24,24,24,32,24,24,24,32,24,24,24,32,24,24,24,32,24,24,24,32,24,24,24,32,24,24,24,32,24,24,24,32,24,24,24,32,24,24,24,32,24,24,24,32,24,24,24,32,24,24,24,32,24,24,24,32,24,24,24,32,24,24,24,32,24,24,24,32,24,24,24,32,24,24,24,32,24,24,24,32,24,24,24,32,24,24,24,32,24,24,24,32,24,24,24,31,24,24,24,31,24,24,24,31,24,24,24,31,23,23,23,31,23,23,23,31,23,23,23,31,23,23,23,31,23,23,23,31,23,23,23,31,23,23,23,31,23,23,23,31,23,23,23,29,23,23,23,29,23,23,23,27,22,22,22,27,22,22,22,27,22,22,22,27,22,22,22,27,22,22,22,27,22,22,22,27,22,22,22,25,21,21,21,25,20,20,20,25,19,19,19,24,19,19,19,24,18,18,18,23,18,18,18,22,17,17,17,21,16,16,16,21,16,16,16,20,16,16,16,19,14,14,14,18,14,14,14,18,14,14,14,18,14,14,14,18,14,14,14,18,14,14,14,16,12,12,12,12,9,9,9,7,4,4,4,2,1,1,1,1,1,1,1],"gf":[0.5047068247677922,0.4713272027889093,0.4410997005200391,0.41367696488361316,0.3887286723587839,0.36597796389925813,0.3451854049833467,0.32614286710499585,0.30866924894619263,0.29260674098234896,0.2778171003618619,0.26417893397841247,0.2515853724571724,0.23994217242122257,0.2291666561976941,0.21918542372878144,0.21000546579867685,0.20152046518006733,0.19364150728586024,0.18642138117100468,0.17974278390597098,0.1735539947875785,0.1678190725785486,0.1625061574962534,0.1575856696837837,0.1530304357008771,0.14881557631181663,0.14491834279985302,0.1413189276752913,0.13793574008673154,0.13480538121109195,0.13191156922973746,0.12923984953893955,0.12677639436439073,0.12450905036953118,0.12242612819145848,0.12051792571813684,0.11877508764037199,0.11718840403093651,0.11574998775298465,0.11445276310021157,0.11329018275777694,0.11225725011918178,0.11134868288213146,0.11055801350108124,0.10988291530088783,0.10931935743098134,0.10886542401930056,0.10851684333711524,0.10827231320667018,0.10813072949452406,0.10809065031677001,0.10815054881035299,0.10831138559588141,0.1085727578904473,0.10893496962608612,0.1094003533278314,0.10997053490113812,0.11064718514500718,0.11143471748587785,0.11233684763289399,0.11335794874490525,0.11450460539650617,0.11578303292995117,0.11720194325808761,0.11876978718604377,0.12049816085251852,0.12240863874044006,0.1245026049490168,0.12681150234732672,0.12933722321155172,0.13210714811825255,0.13515349992852305,0.13847169125828998,0.14208081258352254,0.14600182312576157,0.15025722179650763,0.15485616279776468,0.15984580603090348,0.16525608078674411,0.1711223878832056,0.17748038492157583,0.1843737403258755,0.19184794790921528,0.19995563220247323,0.20875254688502873,0.21830327077342923,0.22866588093411688,0.23993705687070738,0.2522068125446385,0.2655928503733999,0.28019210833776775,0.296165394788235,0.3136267654234502,0.33274572305940175,0.35371376859350495,0.3767495193460225,0.4021074323328937,0.430079623149502,0.4610083557942355,0.49529317523220784],"ts":[0.0,0.1,0.2,0.30000000000000004,0.4,0.5,0.6000000000000001,0.7000000000000001,0.8,0.9,1.0,1.1,1.2000000000000002,1.3,1.4000000000000001,1.5,1.6,1.7000000000000002,1.8,1.9000000000000001,2.0,2.1,2.2,2.3000000000000003,2.4000000000000004,2.5,2.6,2.7,2.8000000000000003,2.9000000000000004,3.0,3.1,3.2,3.3000000000000003,3.4000000000000004,3.5,3.6,3.7,3.8000000000000003,3.9000000000000004,4.0,4.1000000000000005,4.2,4.3,4.4,4.5,4.6000000000000005,4.7,4.800000000000001,4.9,5.0,5.1000000000000005,5.2,5.300000000000001,5.4,5.5,5.6000000000000005,5.7,5.800000000000001,5.9,6.0,6.1000000000000005,6.2,6.300000000000001,6.4,6.5,6.6000000000000005,6.7,6.800000000000001,6.9,7.0,7.1000000000000005,7.2,7.300000000000001,7.4,7.5,7.6000000000000005,7.7,7.800000000000001,7.9,8.0,8.1,8.200000000000001,8.3,8.4,8.5,8.6,8.700000000000001,8.8,8.9,9.0,9.1,9.200000000000001,9.3,9.4,9.5,9.600000000000001,9.700000000000001,9.8,9.9,10.0]}