{"bd":[1,1,1,1,2,2,2,4,7,7,7,6,9,9,9,7,10,10,10,8,11,11,11,10,13,13,13,10,13,13,13,10,13,13,13,10,14,14,14,11,14,14,14,11,15,15,15,13,16,16,16,13,16,16,16,14,17,17,17,14,17,17,17,14,17,17,17,14,17,17,17,14,17,17,17,15,18,18,18,15,18,18,18,15,18,18,18,15,18,18,18,15,18,18,18,15,18,18,18,15,18,18,18,14,16,16,16,13,16,16,16,13,17,17,17,14,17,17,17,14,17,17,17,14,17,17,17,14,18,18,18,14,18,18,18,14,18,18,18,14,18,18,18,14,18,18,18,14,18,18,18,14,18,18,18,14,18,18,18,14,18,18,18,14,18,18,18,14,18,18,18,14,18,18,18,14,18,18,18,14,18,18,18,14,18,18,18,14,18,18,18,14,18,18,18,14,18,18,18,14,18,18,18,14,18,18,18,14,18,18,18,14,18,18,18,14,18,18,18,14,18,18,18,14,18,18,18,14,18,18,18,14,18,18,18,14,18,18,18,14,18,18,18,14,18,18,18,14,18,18,18,14,18,18,18,14,18,18,18,14,19,19,19,15,19,19,19,15,19,19,19,15,19,19,19,15,19,19,19,15,19,19,19,15,19,19,19,15,19,19,19,15,18,18,18,14,18,18,18,14,18,18,18,14,18,18,18,14,18,18,18,14,18,18,18,14,18,18,18,14,18,18,18,14,18,18,18,14,18,18,18,14,18,18,18,14,18,18,18,14,18,18,18,14,18,18,18,14,18,18,18,14,18,18,18,14,18,18,18,14,18,18,18,14,18,18,18,14,18,18,18,14,18,18,18,14,18,18,18,14,18,18,18,14,18,18,18,14,18,18,18,14,18,18,18,14,18,18,18,14,18,18,18,14,18,18,18,14,18,18,18,14,18,18,18,14,18,18,18,14,18,18,18,14,18,18,18,14,18,18,18,14,18,18,18,14,18,18,18,14,18,18,18,14,18,18,18,14,18,18,18,14,18,18,18,14,18,18,18,14,18,18,18,14,18,18,18,14,18,18,18,14,18,18,18,14,18,18,18,14,18,18,18,14,18,18,18,14,18,18,18,14,18,18,18,14,18,18,18,14,18,18,18,14,18,18,18,14,18,18,18,14,18,18,18,14,18,18,18,14,18,18,18,14,18,18,18,14,18,18,18,14,18,18,18,14,18,18,18,14,17,17,17,14,18,18,18,14,17,17,17,14,17,17,17,14,17,17,17,14,17,17,17,14,17,17,17,14,17,17,17,14,16,16,16,13,16,16,16,13,15,15,15,13,15,15,15,12,15,15,15,12,14,14,14,11,13,13,13,10,12,12,12,9,11,11,11,8,11,11,11,8,11,11,11,8,11,11,11,8,10,10,10,7,9,9,9,6,8,8,8,6,8,8,8,6,6,6,6,4,2,2,2,1,1,1,1,1],"gf":[0.5018131013001325,0.49290038377651463,0.48421683183022196,0.4757571499523327,0.46751593426444465,0.4594853389775827,0.4516614632356586,0.44403922603496704,0.436613698093396,0.42938011072015264,0.4223338450019047,0.41547042669159945,0.40878552657412404,0.4022749391288106,0.3959345387342657,0.3897619252751117,0.3837705126247564,0.3779364033411975,0.37225872482146793,0.366733867095771,0.3613582739404261,0.3561284992461554,0.3510411903306803,0.346093093640559,0.34128105724648533,0.336602018601661,0.3320530021666066,0.3276311339446913,0.3233336200576946,0.3191577481403796,0.3151009062567983,0.3111605333724312,0.3073341685231153,0.30361942491617827,0.30001398406693064,0.2965155976906274,0.293122083987085,0.2898313615913141,0.2866413842609771,0.2835501935901613,0.28055590020227256,0.27765667432057134,0.27485074384354174,0.2721363946148927,0.2695119694148827,0.2669758669222382,0.26452654044362767,0.26216249705335537,0.25988229627464815,0.2576845491831986,0.25556791732928286,0.253531111809082,0.2515728923178543,0.24969206627543633,0.247887487988964,0.2461580578599733,0.2445027216318097,0.2429204696970004,0.24141033643186502,0.2399713995645916,0.23860277959234344,0.2373036392768057,0.23607318310828007,0.2349106568533915,0.23381534712064717,0.2327865809555822,0.2318237255157476,0.23092618770802675,0.23009341384549142,0.22932488926093234,0.22862013778578966,0.22797872089785806,0.22740023614828356,0.22688431366861733,0.22643060596722442,0.22605872443939362,0.22574829480910794,0.22550141199692098,0.22531791650188854,0.2251977044785823,0.22514072077289465,0.2251469269571116,0.2252163333480347,0.22534644613124805,0.2255450908393219,0.22580453820097424,0.22612490562910562,0.22651485816963726,0.22696605534086386,0.22747872248890993,0.22806172750058742,0.22870672804275208,0.2294140909696803,0.2301916362431368,0.23103460633020717,0.2319411531445357,0.232918790903939,0.23396338878461312,0.23507316839623474,0.236256013826039,0.23750526884598758,0.2388282894233491,0.24021913128837444,0.24168541590304343,0.24322115713587072,0.24483415418428198,0.24651839446881202,0.2482818914423433,0.2501185914774691,0.2520367367422313,0.25403029459945864,0.25610769374750497,0.2582628850163083,0.26050442250919087,0.26282632352137597,0.2652373765248104,0.2677316461791348,0.2703180428261646,0.2729907024588419,0.27575866161095786,0.2786162011897821,0.28157253488491435,0.2846220015032101,0.28777392452818884,0.2910227836979899,0.29437803052542516,0.297834357623852,0.30140156007454433,0.305074272672934,0.308861698613683,0.31275929423791116,0.3167763807497402,0.3209087143191317,0.32516541998504667,0.329542741419424,0.3340507454526745,0.33868512549593316,0.34345520672514573,0.34835780099128494,0.35340233210605804,0.3585859854065152,0.36391805500741997,0.369396260737165,0.3750298057002685,0.3808169337417489,0.3867667308893316,0.3928780550358237,0.3991598351366376,0.4056115702889097,0.4122420240997686,0.4190514408936128,0.42604829263807587,0.4332336571638979,0.44061576067357844,0.44819749336167664,0.45598321863054625,0.4639814584035891,0.47219470861704926,0.48062947433577907,0.48929177142685065,0.49818689869986754],"ts":[0.0,0.03125,0.0625,0.09375,0.125,0.15625,0.1875,0.21875,0.25,0.28125,0.3125,0.34375,0.375,0.40625,0.4375,0.46875,0.5,0.53125,0.5625,0.59375,0.625,0.65625,0.6875,0.71875,0.75,0.78125,0.8125,0.84375,0.875,0.90625,0.9375,0.96875,1.0,1.03125,1.0625,1.09375,1.125,1.15625,1.1875,1.21875,1.25,1.28125,1.3125,1.34375,1.375,1.40625,1.4375,1.46875,1.5,1.53125,1.5625,1.59375,1.625,1.65625,1.6875,1.71875,1.75,1.78125,1.8125,1.84375,1.875,1.90625,1.9375,1.96875,2.0,2.03125,2.0625,2.09375,2.125,2.15625,2.1875,2.21875,2.25,2.28125,2.3125,2.34375,2.375,2.40625,2.4375,2.46875,2.5,2.53125,2.5625,2.59375,2.625,2.65625,2.6875,2.71875,2.75,2.78125,2.8125,2.84375,2.875,2.90625,2.9375,2.96875,3.0,3.03125,3.0625,3.09375,3.125,3.15625,3.1875,3.21875,3.25,3.28125,3.3125,3.34375,3.375,3.40625,3.4375,3.46875,3.5,3.53125,3.5625,3.59375,3.625,3.65625,3.6875,3.71875,3.75,3.78125,3.8125,3.84375,3.875,3.90625,3.9375,3.96875,4.0,4.03125,4.0625,4.09375,4.125,4.15625,4.1875,4.21875,4.25,4.28125,4.3125,4.34375,4.375,4.40625,4.4375,4.46875,4.5,4.53125,4.5625,4.59375,4.625,4.65625,4.6875,4.71875,4.75,4.78125,4.8125,4.84375,4.875,4.90625,4.9375,4.96875,5.0]}