{"bd":[1,1,1,1,2,4,8,16,31,47,72,94,129,115,156,143,185,160,207,169,212,179,239,189,242,211,286,224,292,249,330,268,341,283,368,291,371,306,394,318,401,335,424,343,428,347,437,352,440,360,452,364,454,373,473,385,476,401,506,412,504,417,527,431,523,446,556,462,564,472,589,481,596,497,625,506,619,513,642,517,632,524,656,528,646,542,681,555,683,588,726,598,725,608,749,619,748,627,769,634,764,648,790,656,788,659,804,662,797,670,821,675,811,679,830,681,818,684,840,688,828,694,854,698,838,700,860,702,843,703,864,705,848,705,866,706,850,706,867,706,855,706,870,706,856,707,872,706,855,707,873,707,856,707,873,708,857,708,874,708,859,708,874,708,859,707,873,707,859,707,873,707,860,708,874,707,859,708,875,708,861,708,875,708,861,708,876,708,861,708,876,708,861,708,876,708,862,708,875,708,862,708,874,708,862,708,871,707,859,706,871,705,858,705,870,705,858,705,869,704,857,704,867,703,854,702,867,702,849,698,862,698,846,697,861,695,843,693,857,693,839,689,851,688,836,686,845,684,828,679,834,676,821,673,831,670,816,668,826,667,807,663,821,663,795,653,805,648,781,641,794,638,769,632,778,625,755,620,757,607,733,599,739,592,714,583,722,576,698,567,703,560,681,553,686,545,658,530,659,523,640,514,640,507,625,503,624,495,612,489,608,482,600,480,603,475,589,472,589,467,576,465,576,459,559,456,562,451,543,444,547,438,528,432,531,422,510,418,515,412,493,402,498,397,481,390,480,384,462,373,461,367,446,358,441,350,430,346,423,339,407,323,397,311,372,295,355,276,339,262,326,250,306,244,301,235,284,226,276,216,259,211,252,201,234,190,220,169,190,151,165,125,133,96,110,75,65,40,30,16,8,4,2,1,1,1,1,1],"gf":[0.5034920656653132,0.4698449700775296,0.4394347269327386,0.41187637495801477,0.3868394682539521,0.3640408124906182,0.3432357717312477,0.32421236968958567,0.3067862225222787,0.29079621572187,0.2761002497226836,0.2625729328769342,0.2501041705139012,0.238606637398005,0.2279829527760401,0.21815906158695406,0.20906624589342518,0.20064297412172644,0.1928337133097952,0.18558899805380466,0.1788641226205644,0.17261884717715187,0.16681682692725203,0.16142518766894648,0.15641408762103617,0.15175624155700457,0.14742683903284692,0.1434033093254747,0.13966560997447036,0.13619519813008232,0.13297512517134366,0.12999001578857228,0.12722621026041236,0.1246712415915389,0.12231328592665047,0.12014226823754659,0.11815008126305565,0.1163316839776099,0.11467489136040267,0.11317189057163367,0.11181612026081254,0.11059969572860437,0.10951604190718336,0.10856087813242207,0.10773044690127784,0.10702148496977522,0.10643146651854395,0.10595839355443414,0.10560073142112418,0.10535692576488945,0.10522603039444604,0.10520818784226194,0.1053034101398696,0.10551230299397349,0.10583597923434096,0.10627589920999496,0.10683414505740925,0.10751321786937607,0.10831621234730308,0.1092468768563375,0.11030933007897957,0.111508469190355,0.11284969522279278,0.11433914516544036,0.11598373779150283,0.11779120507156358,0.11977007453479148,0.12192987880024275,0.12428110493443953,0.12683538987259269,0.12960557094706418,0.13260575979736935,0.13585149784494047,0.13936000023388714,0.14315014431098252,0.1472427692051505,0.1516618343483832,0.15643295593068368,0.1615829512186522,0.1671426090923956,0.17314648772055954,0.17963316161484977,0.1866426808075519,0.19422107075656284,0.20241947129799934,0.21129482698079285,0.22091052001373299,0.23133744521246632,0.24265514107517178,0.25495297641536974,0.2683317300783288,0.28290484584844433,0.2988010372481946,0.31616599869218837,0.335168338546949,0.3559969707712982,0.37887081212504614,0.4040421442792477,0.43180327495710386,0.4624931356856589,0.49650793433468676],"ts":[0.0,0.1,0.2,0.30000000000000004,0.4,0.5,0.6000000000000001,0.7000000000000001,0.8,0.9,1.0,1.1,1.2000000000000002,1.3,1.4000000000000001,1.5,1.6,1.7000000000000002,1.8,1.9000000000000001,2.0,2.1,2.2,2.3000000000000003,2.4000000000000004,2.5,2.6,2.7,2.8000000000000003,2.9000000000000004,3.0,3.1,3.2,3.3000000000000003,3.4000000000000004,3.5,3.6,3.7,3.8000000000000003,3.9000000000000004,4.0,4.1000000000000005,4.2,4.3,4.4,4.5,4.6000000000000005,4.7,4.800000000000001,4.9,5.0,5.1000000000000005,5.2,5.300000000000001,5.4,5.5,5.6000000000000005,5.7,5.800000000000001,5.9,6.0,6.1000000000000005,6.2,6.300000000000001,6.4,6.5,6.6000000000000005,6.7,6.800000000000001,6.9,7.0,7.1000000000000005,7.2,7.300000000000001,7.4,7.5,7.6000000000000005,7.7,7.800000000000001,7.9,8.0,8.1,8.200000000000001,8.3,8.4,8.5,8.6,8.700000000000001,8.8,8.9,9.0,9.1,9.200000000000001,9.3,9.4,9.5,9.600000000000001,9.700000000000001,9.8,9.9,10.0]}