{"bd":[1,1,1,1,2,4,8,16,27,35,53,66,82,77,101,86,112,91,125,94,123,102,140,112,146,118,160,128,166,136,176,143,181,152,191,155,194,158,197,159,198,166,205,170,209,173,212,173,212,173,213,173,212,177,219,177,216,177,219,178,217,178,220,178,217,178,223,178,217,179,228,179,218,179,230,180,219,180,231,180,219,180,231,180,219,180,231,180,219,180,231,181,220,181,232,183,222,183,233,184,223,184,234,184,223,184,234,184,223,184,234,184,223,184,234,183,222,183,234,183,222,183,234,183,222,183,234,183,222,183,233,182,221,182,231,182,217,178,222,177,213,174,215,171,210,171,212,170,208,169,211,169,208,169,211,169,205,166,204,163,195,156,189,148,183,145,177,138,174,136,171,132,164,126,155,118,151,114,145,105,136,104,131,99,123,98,119,94,112,90,107,82,93,76,80,64,49,35,26,15,8,4,2,1,1,1,1,1],"gf":[0.5026170705876892,0.4702992187928028,0.4412358745541509,0.415056484121443,0.3914416276845765,0.3701169598463913,0.3508457540641192,0.3334180235172504,0.31766033688728296,0.3034132337285433,0.2905447538788757,0.27894548247492645,0.26850073294959487,0.2591217703458822,0.2507294205354374,0.2432544563997756,0.23663712755184316,0.23082514819980202,0.2257739511866528,0.22144543333783576,0.2178075684880119,0.21483397862685635,0.21250356899032807,0.21080031664190976,0.20971296004462056,0.20923495337159398,0.20936431055224947,0.21010382130502725,0.2114604027261655,0.2134458875397931,0.21607697670817916,0.21937547249929187,0.22336855816136986,0.2280894924083808,0.2335769825134928,0.2398771451257205,0.2470434651291947,0.25513795688420104,0.26423172833143144,0.2744065547055359,0.28575580497278175,0.29838652038646374,0.3124209496035939,0.3280037424389721,0.3452903353782594,0.36446741767090274,0.38574484656229685,0.4093668435480524,0.4356180800261901,0.4648285210101613,0.49738292941231077],"ts":[0.0,0.1,0.2,0.30000000000000004,0.4,0.5,0.6000000000000001,0.7000000000000001,0.8,0.9,1.0,1.1,1.2000000000000002,1.3,1.4000000000000001,1.5,1.6,1.7000000000000002,1.8,1.9000000000000001,2.0,2.1,2.2,2.3000000000000003,2.4000000000000004,2.5,2.6,2.7,2.8000000000000003,2.9000000000000004,3.0,3.1,3.2,3.3000000000000003,3.4000000000000004,3.5,3.6,3.7,3.8000000000000003,3.9000000000000004,4.0,4.1000000000000005,4.2,4.3,4.4,4.5,4.6000000000000005,4.7,4.800000000000001,4.9,5.0]}