{"bd":[1,1,1,1,2,4,4,4,8,10,10,10,16,13,13,13,19,16,16,16,22,18,18,18,24,19,19,19,25,20,20,20,26,21,21,21,27,21,21,21,27,21,21,21,28,21,21,21,28,21,21,21,28,21,21,21,28,21,21,21,28,21,21,21,28,21,21,21,28,21,21,21,27,20,20,20,27,20,20,20,27,20,20,20,27,20,20,20,27,20,20,20,27,20,20,20,27,20,20,20,27,20,20,20,27,20,20,20,26,19,19,19,25,19,19,19,25,18,18,18,25,18,18,18,24,18,18,18,23,17,17,17,22,16,16,16,20,14,14,14,20,14,14,14,18,12,12,12,18,12,12,12,15,10,10,10,7,4,4,4,2,1,1,1,1,1,1,1],"gf":[0.5021219672521714,0.4707928894686303,0.44274232366533134,0.4176053206332943,0.39507088641248284,0.37487232090080386,0.3567809838947034,0.34061608877206895,0.3261889615263797,0.31335573208152395,0.30198853329453784,0.29197732316821307,0.28322764343477347,0.27565873303215455,0.26920248044761547,0.26380183759936576,0.25941004018654984,0.25598986003147767,0.2535130803182104,0.25196003107811854,0.2513194386805125,0.2515896196705661,0.2527736567727807,0.25488616809947173,0.25794817572409606,0.26198931505179557,0.267048319170876,0.2731736859510809,0.280422493403839,0.2888682482450697,0.2985944513937954,0.3096976475468422,0.32229141896395913,0.33650768331106395,0.35250006574465664,0.3704439765373173,0.39054433304514924,0.41303990678753394,0.43820425601419316,0.4663583527941329,0.4978780327478286],"ts":[0.0,0.1,0.2,0.30000000000000004,0.4,0.5,0.6000000000000001,0.7000000000000001,0.8,0.9,1.0,1.1,1.2000000000000002,1.3,1.4000000000000001,1.5,1.6,1.7000000000000002,1.8,1.9000000000000001,2.0,2.1,2.2,2.3000000000000003,2.4000000000000004,2.5,2.6,2.7,2.8000000000000003,2.9000000000000004,3.0,3.1,3.2,3.3000000000000003,3.4000000000000004,3.5,3.6,3.7,3.8000000000000003,3.9000000000000004,4.0]}