{"bd":[1,1,1,1,2,4,8,16,31,47,72,94,129,115,156,143,185,160,207,169,212,179,239,189,242,211,286,224,292,249,330,268,341,283,368,291,371,306,394,318,401,335,424,343,428,347,437,352,440,360,452,364,454,373,473,385,476,401,506,412,504,417,527,431,523,446,556,462,564,472,589,481,596,497,625,506,619,513,642,517,632,524,656,528,646,542,681,555,683,588,726,598,725,608,749,619,748,627,769,634,764,648,790,656,788,659,804,662,797,670,821,675,811,679,830,681,818,684,840,688,828,694,854,698,838,700,860,702,843,703,864,705,848,705,866,706,850,706,867,706,855,706,870,706,856,707,872,706,855,707,873,707,856,707,873,708,857,708,874,708,859,708,874,708,859,707,873,707,859,707,873,707,860,708,874,707,859,708,875,708,861,708,875,708,861,708,876,708,861,708,876,708,861,708,876,708,862,708,875,708,862,708,874,708,862,708,871,707,859,706,871,705,858,705,870,705,858,705,869,704,857,704,867,703,854,702,867,702,849,698,862,698,846,697,861,695,843,693,857,693,839,689,851,688,836,686,845,684,828,679,834,676,821,673,831,670,816,668,826,667,807,663,821,663,795,653,805,648,781,641,794,638,769,632,778,625,755,620,757,607,733,599,739,592,714,583,722,576,698,567,703,560,681,553,686,545,658,530,659,523,640,514,640,507,625,503,624,495,612,489,608,482,600,480,603,475,589,472,589,467,576,465,576,459,559,456,562,451,543,444,547,438,528,432,531,422,510,418,515,412,493,402,498,397,481,390,480,384,462,373,461,367,446,358,441,350,430,346,423,339,407,323,397,311,372,295,355,276,339,262,326,250,306,244,301,235,284,226,276,216,259,211,252,201,234,190,220,169,190,151,165,125,133,96,110,75,65,40,30,16,8,4,2,1,1,1,1,1],"ts":[0.0,0.1,0.2,0.30000000000000004,0.4,0.5,0.6000000000000001,0.7000000000000001,0.8,0.9,1.0,1.1,1.2000000000000002,1.3,1.4000000000000001,1.5,1.6,1.7000000000000002,1.8,1.9000000000000001,2.0,2.1,2.2,2.3000000000000003,2.4000000000000004,2.5,2.6,2.7,2.8000000000000003,2.9000000000000004,3.0,3.1,3.2,3.3000000000000003,3.4000000000000004,3.5,3.6,3.7,3.8000000000000003,3.9000000000000004,4.0,4.1000000000000005,4.2,4.3,4.4,4.5,4.6000000000000005,4.7,4.800000000000001,4.9,5.0,5.1000000000000005,5.2,5.300000000000001,5.4,5.5,5.6000000000000005,5.7,5.800000000000001,5.9,6.0,6.1000000000000005,6.2,6.300000000000001,6.4,6.5,6.6000000000000005,6.7,6.800000000000001,6.9,7.0,7.1000000000000005,7.2,7.300000000000001,7.4,7.5,7.6000000000000005,7.7,7.800000000000001,7.9,8.0,8.1,8.200000000000001,8.3,8.4,8.5,8.6,8.700000000000001,8.8,8.9,9.0,9.1,9.200000000000001,9.3,9.4,9.5,9.600000000000001,9.700000000000001,9.8,9.9,10.0]}