{"bd":[1,1,1,1,2,4,4,4,8,13,13,13,21,19,19,19,30,23,23,23,35,29,29,29,41,30,30,30,42,33,33,33,45,35,35,35,47,35,35,35,47,36,36,36,48,38,38,38,52,41,41,41,54,43,43,43,58,47,47,47,61,48,48,48,62,49,49,49,64,51,51,51,67,52,52,52,69,52,52,52,68,51,51,51,69,51,51,51,69,51,51,51,69,51,51,51,69,51,51,51,70,51,51,51,70,52,52,52,72,52,52,52,73,52,52,52,73,52,52,52,73,52,52,52,73,52,52,52,73,52,52,52,73,52,52,52,74,52,52,52,74,52,52,52,74,52,52,52,74,52,52,52,74,52,52,52,74,52,52,52,74,52,52,52,74,52,52,52,74,52,52,52,74,52,52,52,74,52,52,52,74,52,52,52,74,52,52,52,74,52,52,52,74,52,52,52,74,52,52,52,74,52,52,52,74,52,52,52,74,52,52,52,74,52,52,52,74,52,52,52,74,52,52,52,74,52,52,52,74,52,52,52,74,52,52,52,73,51,51,51,73,51,51,51,73,51,51,51,73,51,51,51,72,50,50,50,71,50,50,50,71,50,50,50,71,50,50,50,71,50,50,50,70,50,50,50,70,50,50,50,69,50,50,50,68,50,50,50,68,50,50,50,68,50,50,50,67,49,49,49,67,49,49,49,66,48,48,48,64,46,46,46,63,46,46,46,62,46,46,46,60,44,44,44,57,42,42,42,54,40,40,40,52,38,38,38,50,36,36,36,50,36,36,36,48,35,35,35,45,33,33,33,45,33,33,33,45,33,33,33,43,31,31,31,42,30,30,30,41,29,29,29,39,28,28,28,37,25,25,25,33,22,22,22,31,22,22,22,27,20,20,20,20,13,13,13,8,4,4,4,2,1,1,1,1,1,1,1],"ts":[0.0,0.1,0.2,0.30000000000000004,0.4,0.5,0.6000000000000001,0.7000000000000001,0.8,0.9,1.0,1.1,1.2000000000000002,1.3,1.4000000000000001,1.5,1.6,1.7000000000000002,1.8,1.9000000000000001,2.0,2.1,2.2,2.3000000000000003,2.4000000000000004,2.5,2.6,2.7,2.8000000000000003,2.9000000000000004,3.0,3.1,3.2,3.3000000000000003,3.4000000000000004,3.5,3.6,3.7,3.8000000000000003,3.9000000000000004,4.0,4.1000000000000005,4.2,4.3,4.4,4.5,4.6000000000000005,4.7,4.800000000000001,4.9,5.0,5.1000000000000005,5.2,5.300000000000001,5.4,5.5,5.6000000000000005,5.7,5.800000000000001,5.9,6.0,6.1000000000000005,6.2,6.300000000000001,6.4,6.5,6.6000000000000005,6.7,6.800000000000001,6.9,7.0,7.1000000000000005,7.2,7.300000000000001,7.4,7.5,7.6000000000000005,7.7,7.800000000000001,7.9,8.0,8.1,8.200000000000001,8.3,8.4,8.5,8.6,8.700000000000001,8.8,8.9,9.0,9.1,9.200000000000001,9.3,9.4,9.5,9.600000000000001,9.700000000000001,9.8,9.9,10.0]}