{"bd":[1,1,1,1,2,4,4,4,8,13,13,13,22,19,19,19,30,23,23,23,36,29,29,29,41,33,33,33,45,35,35,35,47,36,36,36,48,38,38,38,50,40,40,40,53,43,43,43,59,48,48,48,63,50,50,50,64,52,52,52,66,55,55,55,72,56,56,56,74,57,57,57,75,58,58,58,75,59,59,59,78,60,60,60,79,61,61,61,80,62,62,62,84,64,64,64,85,65,65,65,86,67,67,67,89,69,69,69,90,69,69,69,91,71,71,71,93,73,73,73,95,75,75,75,97,77,77,77,99,78,78,78,100,78,78,78,100,78,78,78,100,81,81,81,104,82,82,82,105,82,82,82,105,82,82,82,105,82,82,82,106,82,82,82,106,82,82,82,106,82,82,82,106,82,82,82,106,82,82,82,107,82,82,82,107,82,82,82,107,83,83,83,108,83,83,83,108,83,83,83,108,83,83,83,108,83,83,83,108,83,83,83,108,83,83,83,108,83,83,83,109,83,83,83,109,83,83,83,110,83,83,83,109,83,83,83,110,83,83,83,109,83,83,83,110,83,83,83,110,83,83,83,109,83,83,83,110,83,83,83,109,83,83,83,110,83,83,83,110,83,83,83,110,83,83,83,110,83,83,83,110,83,83,83,110,83,83,83,110,83,83,83,110,83,83,83,110,83,83,83,110,83,83,83,110,83,83,83,110,83,83,83,110,83,83,83,110,83,83,83,108,82,82,82,108,82,82,82,108,82,82,82,107,81,81,81,107,81,81,81,106,80,80,80,106,80,80,80,105,80,80,80,105,80,80,80,105,80,80,80,105,80,80,80,105,80,80,80,105,80,80,80,105,80,80,80,105,80,80,80,105,80,80,80,104,79,79,79,104,79,79,79,103,78,78,78,100,76,76,76,99,74,74,74,98,73,73,73,97,73,73,73,96,72,72,72,95,71,71,71,93,70,70,70,91,68,68,68,89,67,67,67,87,64,64,64,86,64,64,64,84,63,63,63,84,62,62,62,82,60,60,60,80,59,59,59,80,58,58,58,80,58,58,58,80,58,58,58,79,57,57,57,76,54,54,54,75,53,53,53,73,53,53,53,73,52,52,52,72,51,51,51,71,51,51,51,70,51,51,51,69,50,50,50,69,50,50,50,68,50,50,50,68,50,50,50,67,49,49,49,65,49,49,49,63,47,47,47,62,46,46,46,59,44,44,44,56,42,42,42,54,40,40,40,52,38,38,38,49,36,36,36,48,36,36,36,45,33,33,33,45,33,33,33,44,32,32,32,42,30,30,30,40,28,28,28,38,27,27,27,35,24,24,24,31,22,22,22,27,20,20,20,20,13,13,13,8,4,4,4,2,1,1,1,1,1,1,1],"ts":[0.0,0.1,0.2,0.30000000000000004,0.4,0.5,0.6000000000000001,0.7000000000000001,0.8,0.9,1.0,1.1,1.2000000000000002,1.3,1.4000000000000001,1.5,1.6,1.7000000000000002,1.8,1.9000000000000001,2.0,2.1,2.2,2.3000000000000003,2.4000000000000004,2.5,2.6,2.7,2.8000000000000003,2.9000000000000004,3.0,3.1,3.2,3.3000000000000003,3.4000000000000004,3.5,3.6,3.7,3.8000000000000003,3.9000000000000004,4.0,4.1000000000000005,4.2,4.3,4.4,4.5,4.6000000000000005,4.7,4.800000000000001,4.9,5.0,5.1000000000000005,5.2,5.300000000000001,5.4,5.5,5.6000000000000005,5.7,5.800000000000001,5.9,6.0,6.1000000000000005,6.2,6.300000000000001,6.4,6.5,6.6000000000000005,6.7,6.800000000000001,6.9,7.0,7.1000000000000005,7.2,7.300000000000001,7.4,7.5,7.6000000000000005,7.7,7.800000000000001,7.9,8.0,8.1,8.200000000000001,8.3,8.4,8.5,8.6,8.700000000000001,8.8,8.9,9.0,9.1,9.200000000000001,9.3,9.4,9.5,9.600000000000001,9.700000000000001,9.8,9.9,10.0,10.100000000000001,10.200000000000001,10.3,10.4,10.5,10.600000000000001,10.700000000000001,10.8,10.9,11.0,11.100000000000001,11.200000000000001,11.3,11.4,11.5,11.600000000000001,11.700000000000001,11.8,11.9,12.0,12.100000000000001,12.200000000000001,12.3,12.4,12.5,12.600000000000001,12.700000000000001,12.8,12.9,13.0,13.100000000000001,13.200000000000001,13.3,13.4,13.5,13.600000000000001,13.700000000000001,13.8,13.9,14.0,14.100000000000001,14.200000000000001,14.3,14.4,14.5,14.600000000000001,14.700000000000001,14.8,14.9,15.0]}