{"taus":[0.0,0.025,0.05,0.075,0.1,0.125,0.15,0.175,0.2,0.225,0.25,0.275,0.3,0.325,0.35,0.375,0.4,0.425,0.45,0.475,0.5,0.525,0.55,0.575,0.6,0.625,0.65,0.675,0.7,0.725,0.75,0.775,0.8,0.825,0.85,0.875,0.9,0.925,0.95,0.975,1.0,1.025,1.05,1.075,1.1,1.125,1.15,1.175,1.2,1.225,1.25,1.275,1.3,1.325,1.35,1.375,1.4,1.425,1.45,1.475,1.5,1.525,1.55,1.575,1.6,1.625,1.65,1.675,1.7,1.725,1.75,1.775,1.8,1.825,1.85,1.875,1.9,1.925,1.95,1.975,2.0,2.025,2.05,2.075,2.1,2.125,2.15,2.175,2.2,2.225,2.25,2.275,2.3,2.325,2.35,2.375,2.4,2.425,2.45,2.475,2.5,2.525,2.55,2.575,2.6,2.625,2.65,2.675,2.7,2.725,2.75,2.775,2.8,2.825,2.85,2.875,2.9,2.925,2.95,2.975,3.0,3.025,3.05,3.075,3.1,3.125,3.15,3.175,3.2,3.225,3.25,3.275,3.3,3.325,3.35,3.375,3.4,3.425,3.45,3.475,3.5,3.525,3.55,3.575,3.6,3.625,3.65,3.675,3.7,3.725,3.75,3.775,3.8,3.825,3.85,3.875,3.9,3.925,3.95,3.975,4.0,4.025,4.05,4.075,4.1,4.125,4.15,4.175,4.2,4.225,4.25,4.275,4.3,4.325,4.35,4.375,4.4,4.425,4.45,4.475,4.5,4.525,4.55,4.575,4.6,4.625,4.65,4.675,4.7,4.725,4.75,4.775,4.8,4.825,4.85,4.875,4.9,4.925,4.95,4.975,5.0],"nn":[0.6291869078631688,0.6153763150972703,0.6025492555770732,0.5906270755278765,0.579538023724327,0.5692166014366041,0.5596029770517384,0.5506424586342361,0.5422850184213007,0.5344848638964916,0.5272000506612984,0.5203921328355063,0.5140258471716492,0.50806882747303,0.5024913462644579,0.497266080985031,0.492367902257639,0.4877736820441306,0.48346211972192543,0.4794135843203041,0.4756099713352926,0.4720345727035941,0.4686719586603159,0.4655078703343325,0.4625291220506601,0.4597235124125655,0.4570797433288245,0.45458734623449376,0.45223661482800875,0.45001854371419053,0.44792477240262707,0.4459475341647296,0.44407960930106877,0.4423142824140383,0.44064530331996665,0.43906685126989803,0.4375735021799233,0.4361601986003895,0.43482222217895855,0.4335551683956464,0.4323549233687399,0.43121764254936984,0.4301397311394078,0.429117826082732,0.42814877949370045,0.42722964339918607,0.4263576556818323,0.42553022712239374,0.42474492944828773,0.4239994843038477,0.4232917530653431,0.42261972743071125,0.42198152072015727,0.421375359829434,0.42079957778273,0.4202526068367316,0.4197329720916689,0.4192392855689599,0.4187702407185709,0.4183246073223773,0.4179012267626755,0.4174990076276369,0.41711692162787717,0.41675399980048133,0.41640932897882205,0.41608204850830244,0.41577134718981684,0.4154764604342195,0.415196667612473,0.4149312895874036,0.4146796864141344,0.4144412551973324,0.4142154280943547,0.4140016704542687,0.41379947908353254,0.4136083806298539,0.41342793007644285,0.413257709339481,0.4130973259622275,0.4129464118996969,0.41280462238832977,0.4126716348955545,0.4125471481445168,0.4124308812096793,0.4123225726793076,0.412221979881239,0.4121288781685914,0.4120430602623888,0.4119643356483359,0.4118925300252177,0.41182748480265113,0.4117690566461135,0.41171711706740804,0.41167155205889616,0.41163226177002554,0.4115991602248686,0.41157217507953114,0.41155124741848376,0.4115363315890037,0.4115273950730738,0.41152441839624115,0.4115273950730738,0.4115363315890038,0.41155124741848376,0.4115721750795312,0.4115991602248686,0.41163226177002554,0.41167155205889583,0.4117171170674081,0.4117690566461135,0.411827484802651,0.41189253002521803,0.4119643356483359,0.4120430602623886,0.4121288781685914,0.41222197988123893,0.41232257267930744,0.4124308812096793,0.41254714814451693,0.4126716348955546,0.4128046223883298,0.4129464118996969,0.413097325962228,0.41325770933948086,0.41342793007644285,0.4136083806298539,0.4137994790835327,0.41400167045426883,0.41421542809435463,0.4144412551973324,0.41467968641413455,0.4149312895874036,0.41519666761247326,0.4154764604342193,0.41577134718981695,0.4160820485083024,0.4164093289788222,0.41675399980048144,0.41711692162787684,0.41749900762763703,0.41790122676267555,0.4183246073223775,0.41877024071857116,0.41923928556895945,0.4197329720916689,0.42025260683673166,0.42079957778273,0.42137535982943436,0.42198152072015704,0.4226197274307113,0.42329175306534333,0.42399948430384765,0.424744929448288,0.42553022712239374,0.4263576556818324,0.42722964339918607,0.42814877949370056,0.42911782608273213,0.4301397311394077,0.4312176425493698,0.43235492336873993,0.43355516839564595,0.43482222217895883,0.43616019860038924,0.4375735021799236,0.4390668512698979,0.44064530331996654,0.4423142824140384,0.4440796093010685,0.44594753416473,0.4479247724026269,0.45001854371419014,0.45223661482800886,0.45458734623449376,0.45707974332882473,0.45972351241256554,0.46252912205065966,0.4655078703343328,0.46867195866031564,0.4720345727035945,0.47560997133529254,0.4794135843203038,0.48346211972192554,0.4877736820441304,0.49236790225763954,0.4972660809850311,0.5024913462644578,0.5080688274730303,0.5140258471716491,0.5203921328355067,0.5272000506612984,0.5344848638964912,0.542285018421301,0.5506424586342359,0.5596029770517388,0.5692166014366041,0.5795380237243266,0.5906270755278765,0.6025492555770732,0.6153763150972705,0.6291869078631688],