{"taus":[0.0,0.05,0.1,0.15,0.2,0.25,0.3,0.35,0.4,0.45,0.5,0.55,0.6,0.65,0.7,0.75,0.8,0.85,0.9,0.95,1.0,1.05,1.1,1.15,1.2,1.25,1.3,1.35,1.4,1.45,1.5,1.55,1.6,1.65,1.7,1.75,1.8,1.85,1.9,1.95,2.0,2.05,2.1,2.15,2.2,2.25,2.3,2.35,2.4,2.45,2.5,2.55,2.6,2.65,2.7,2.75,2.8,2.85,2.9,2.95,3.0,3.05,3.1,3.15,3.2,3.25,3.3,3.35,3.4,3.45,3.5,3.55,3.6,3.65,3.7,3.75,3.8,3.85,3.9,3.95,4.0,4.05,4.1,4.15,4.2,4.25,4.3,4.35,4.4,4.45,4.5,4.55,4.6,4.65,4.7,4.75,4.8,4.85,4.9,4.95,5.0],"nn":[0.6292448466802519,0.6026098644634637,0.5796010734994639,0.5596682501335226,0.5423523110738298,0.5272691740226614,0.5140966274671841,0.5025636244905738,0.4924415335354539,0.4835369724587771,0.47568592628865247,0.4687489079677955,0.46260696826802955,0.4571583985026759,0.4523159996190696,0.44800481526839137,0.4441602457414503,0.44072647518636343,0.43765515704594743,0.43490431276977837,0.4324374070452292,0.43022256943294124,0.42823193768734225,0.4264411024337283,0.42482863645326563,0.42337569475095127,0.4220656739736569,0.42088392170584477,0.41981748778016553,0.4188549110640363,0.41798603627409836,0.41720185627088946,0.41649437603067313,0.4158564951083532,0.41528190591757747,0.41476500558023566,0.41430081945277125,0.41388493473353466,0.4135134428040408,0.4131828891657829,0.4128902300101856,0.4126327946079214,0.4124082528299626,0.4122145872202309,0.41205006913178355,0.41191323851784745,0.4118028870379451,0.41171804419974983,0.41165796631080515,0.4116221280622379,0.41161021661031794,0.41162212806223797,0.4116579663108053,0.41171804419974994,0.4118028870379451,0.41191323851784745,0.41205006913178377,0.4122145872202309,0.4124082528299626,0.4126327946079213,0.41289023001018577,0.41318288916578305,0.41351344280404084,0.41388493473353477,0.414300819452771,0.4147650055802359,0.41528190591757796,0.4158564951083532,0.4164943760306732,0.41720185627088924,0.4179860362740985,0.4188549110640365,0.41981748778016564,0.4208839217058447,0.42206567397365674,0.4233756947509511,0.424828636453266,0.42644110243372835,0.4282319376873419,0.43022256943294124,0.43243740704522887,0.4349043127697783,0.4376551570459476,0.4407264751863631,0.44416024574145,0.4480048152683913,0.4523159996190699,0.4571583985026763,0.46260696826802916,0.4687489079677952,0.47568592628865247,0.4835369724587774,0.49244153353545433,0.5025636244905732,0.5140966274671841,0.5272691740226613,0.5423523110738295,0.559668250133523,0.5796010734994637,0.6026098644634635,0.6292448466802516],"gt":[0.3707551533197481,0.34706344062293776,0.3255779404358044,0.3060691957606117,0.2883345327917171,0.2721945429152915,0.25749007965406695,0.2440796881045001,0.231837398614395,0.22065082805148942,0.21041954151893894,0.20105363518179709,0.1924725072991992,0.18460378986661258,0.17738241766761778,0.1707498151816969,0.16465318482816488,0.15904488255582822,0.15388186890204333,0.14912522541588216,0.14473972782721534,0.14069346859511844,0.1369575225247645,0.13350565003461756,0.13031403341218256,0.12736104203907478,0.1246270231131694,0.12209411486237658,0.11974607964386881,0.11756815466497893,0.11554691835633525,0.11367017068152402,0.11192682588689057,0.11030681638524516,0.10880100663264373,0.10740111600181917,0.10609964978240037,0.10488983754950368,0.10376557824091841,0.10272139137093865,0.101752373887659,0.1008541622517405,0.10002289937963431,0.09925520615419454,0.09854815726160841,0.0978992611666195,0.09730644408905482,0.096768037894581,0.09628277186230154,0.09584976834214483,0.09546854236689734,0.09513900533817582,0.09486147296362768,0.09463667768535058,0.09446578590817127,0.09435042041245285,0.09429268842112401,0.09429521588649667,0.0943611886713296,0.09449440142300296,0.0946993150825485,0.09498112413509398,0.09534583489911194,0.09580035637357721,0.09635260542047457,0.09701162836193489,0.09778774142479772,0.09869269288041607,0.0997398502157968,0.10094441624784926,0.10232367877265479,0.10389729914683582,0.10568764615322403,0.10772018263831334,0.11002391376116642,0.11263190730731072,0.11558189845135977,0.11891699366561158,0.12268649125086024,0.12694683931125253,0.13176275603199014,0.13720854200138674,0.1433696202387311,0.15034434678482367,0.15824614348023072,0.16720601526934045,0.17737552749331642,0.18893033476058355,0.20207437285318214,0.21704484968452264,0.23411820176938758,0.2536172205343317,0.2759196000534051,0.30146821697367904,0.3307835277734829,0.3644785623282167,0.4032771115946774,0.4480358583406924,0.4997713928254779,0.5596933028648317,0.6292448466802516]}