{"bd2":[2,4,8,16,16,32,16,16,32,16,16,16,32,16,16,16,32,16,16,16,32,16,16,16,32,16,16,16,32,16,16,16,32,16,16,16,32,16,16,16,32,16,16,16,32,16,16,16,32,16,16,16,32,16,16,16,32,16,16,16,32,16,16,16,32,16,16,16,32,16,16,16,32,16,16,16,32,16,16,16,32,16,16,16,32,16,16,16,32,16,16,16,32,16,16,16,32,16,16,16,32,16,16,16,32,16,16,16,32,16,16,16,32,16,16,16,32,16,16,16,32,16,16,16,32,16,16,16,32,16,16,16,32,16,16,16,32,16,16,16,32,16,16,16,32,16,16,16,32,16,16,16,32,16,16,16,32,16,16,16,32,16,16,16,32,16,16,16,32,16,16,16,32,16,16,16,32,16,16,16,32,16,16,16,32,16,16,16,32,16,16,16,32,16,16,16,32,16,16,16,32,16,16,16,32,16,16,16,32,16,16,16,32,16,16,16,32,16,16,16,32,16,16,16,32,16,16,16,32,16,16,16,32,16,16,16,32,16,16,16,32,16,16,16,32,16,16,16,32,16,16,16,32,16,16,16,32,16,16,16,32,16,16,16,32,16,16,16,32,16,16,16,32,16,16,16,32,16,16,16,32,16,16,16,32,16,16,16,32,16,16,16,32,16,16,16,32,16,16,16,32,16,16,16,32,16,16,16,32,16,16,16,32,16,16,16,32,16,16,16,32,16,16,16,32,16,16,16,32,16,16,16,32,16,16,16,32,16,16,16,32,16,16,16,32,16,16,16,32,16,16,16,32,16,16,16,32,16,16,16,32,16,16,16,32,16,16,16,32,16,16,16,32,16,16,16,32,16,16,16,32,16,16,16,32,16,16,16,32,16,16,16,32,16,16,16,32,16,16,16,8,4,4,4,4,2,2,1],"taus":[0.0,0.05,0.1,0.15000000000000002,0.2,0.25,0.30000000000000004,0.35000000000000003,0.4,0.45,0.5,0.55,0.6000000000000001,0.65,0.7000000000000001,0.75,0.8,0.8500000000000001,0.9,0.9500000000000001,1.0,1.05,1.1,1.1500000000000001,1.2000000000000002,1.25,1.3,1.35,1.4000000000000001,1.4500000000000002,1.5,1.55,1.6,1.6500000000000001,1.7000000000000002,1.75,1.8,1.85,1.9000000000000001,1.9500000000000002,2.0,2.0500000000000003,2.1,2.15,2.2,2.25,2.3000000000000003,2.35,2.4000000000000004,2.45,2.5,2.5500000000000003,2.6,2.6500000000000004,2.7,2.75,2.8000000000000003,2.85,2.9000000000000004,2.95,3.0,3.0500000000000003,3.1,3.1500000000000004,3.2,3.25,3.3000000000000003,3.35,3.4000000000000004,3.45,3.5,3.5500000000000003,3.6,3.6500000000000004,3.7,3.75,3.8000000000000003,3.85,3.9000000000000004,3.95,4.0,4.05,4.1000000000000005,4.15,4.2,4.25,4.3,4.3500000000000005,4.4,4.45,4.5,4.55,4.6000000000000005,4.65,4.7,4.75,4.800000000000001,4.8500000000000005,4.9,4.95,5.0],"bd1":[1,1,1,1,1,2,2,4,4,8,8,16,14,27,19,36,19,37,21,37,23,43,24,44,25,45,26,45,26,45,26,45,26,46,26,46,26,50,26,50,26,50,26,49,26,50,26,50,27,50,28,50,27,51,28,52,27,53,28,53,27,53,29,53,29,53,30,54,30,54,30,54,30,55,30,55,30,55,30,55,30,56,30,56,30,57,30,57,30,59,30,59,30,60,30,60,30,60,30,60,30,60,30,60,30,60,30,60,30,60,30,60,30,60,30,60,30,60,30,60,30,60,30,60,30,60,30,60,30,60,30,60,30,60,30,60,30,60,30,60,30,60,30,60,30,60,30,60,30,60,30,60,30,60,30,60,30,60,30,60,30,60,30,60,30,60,30,60,30,60,30,60,30,60,30,60,30,60,30,60,30,60,30,60,30,60,30,60,30,60,30,60,30,60,30,60,30,60,30,60,30,60,30,60,30,60,30,60,30,60,30,60,30,60,30,60,30,60,30,60,30,60,30,60,30,60,30,60,30,60,30,60,30,60,30,60,30,60,30,60,30,60,30,60,30,60,30,60,30,60,30,60,30,60,30,60,30,60,30,60,30,60,30,60,30,60,30,60,30,60,30,60,30,60,30,60,30,60,30,60,30,60,30,60,30,60,30,60,30,60,30,60,30,60,30,60,30,60,30,60,30,60,30,60,30,60,30,60,30,60,30,60,30,60,30,60,30,60,30,60,30,60,30,60,30,60,30,60,30,60,30,60,30,59,30,56,30,56,29,56,28,56,28,56,28,56,28,56,28,56,28,56,28,56,28,56,28,56,28,56,28,56,28,56,28,56,28,56,28,52,26,52,26,52,26,51,26,48,26,48,25,48,24,48,24,44,22,44,22,40,20,40,20,40,20,40,20,28,16,16,8,8,4,4,2,2,1,1],"gf":[0.36561859446715606,0.34221824304928844,0.32098896524328746,0.3017031441422427,0.28416323075561156,0.2681898967046934,0.2536276733364807,0.24034781133086294,0.22822100850940646,0.2171381393747188,0.206998729025759,0.19771551836717713,0.18920862426561175,0.18140592062251262,0.17424399932347157,0.16766655471912206,0.16162007003264478,0.15605735298706302,0.15093569362656686,0.14621608307573053,0.14186766069461193,0.13785598760886483,0.13415267720894314,0.13073232850608882,0.12757077490008506,0.12464664087469844,0.12194055628009966,0.1194348280138283,0.11711338113969796,0.11496158252595153,0.11296612377862189,0.11111489579082208,0.10939688793427428,0.10780209365607162,0.1063214266545105,0.10494664526641857,0.10367028471261762,0.10248559702280999,0.10138649729510955,0.10036751515539025,0.0994237531835638,0.09855084870837483,0.09774494161126705,0.09700264641042104,0.0963210282552985,0.09569758288391625,0.09513022082741605,0.09461725582869614,0.09415739617780647,0.09374974058064343,0.09339377782353732,0.09308938995104893,0.092836860681284,0.09263688742314682,0.09249059835883942,0.09239957464534883,0.09236587856186014,0.09239208735777972,0.09248133479524998,0.0926373596290276,0.0928645627153098,0.09316807375217906,0.09355382895961159,0.09402865972376244,0.09460039823729544,0.0952779984145187,0.09607167446016734,0.09699306504418143,0.09805542279748296,0.09927382085537927,0.10066542087103961,0.10224974234269373,0.10404900980879309,0.10608846677673381,0.1083970143359618,0.11100766007041304,0.11395798354464623,0.11729079604098293,0.12105480200120064,0.12530564518718376,0.13010591084059542,0.13552899877719637,0.141655485180506,0.148578096546906,0.15640326215727068,0.16525885530443635,0.17530318685459387,0.18667480090981894,0.1995352072809223,0.21407079658839767,0.23040322504922858,0.24924063395772278,0.2698109864291993,0.2923173646211023,0.3156054508554637,0.3491189847405207,0.38973981888946174,0.43610288471401676,0.49117102290755427,0.5561822586241479,0.634381405532844],"nn":[0.6343814055328438,0.6078036447709388,0.5848483673390801,0.5649657721388422,0.5476978253562589,0.5326583305468267,0.5195217951449093,0.5080233291304549,0.4979350879389992,0.48906495419776697,0.48124838084247445,0.4743466223702339,0.4682409003147608,0.4628285797899089,0.4580222343761818,0.4537503964122748,0.44994755832996713,0.44655621259717765,0.4435272086386102,0.4408159143679744,0.4383925824122061,0.4362235367741799,0.43427951013674054,0.4325386644198567,0.4309771087555509,0.4295752190435628,0.4283160939103675,0.42718486269876377,0.4261684789379729,0.42525544863542364,0.4244356363429377,0.42370005654782417,0.4230407259033768,0.42245053473001615,0.421923142854225,0.4214528931624345,0.42103472994697816,0.4206641392529935,0.4203370981856948,0.42005002591468193,0.41979975191203267,0.41958347899642534,0.41939875643076524,0.4192434568457444,0.4191157583040468,0.4190141221383265,0.41893727720255924,0.4188842094164416,0.4188541471922308,0.4188465485639065,0.41886109193950083,0.4188976599418094,0.41895633291311485,0.41903738213021646,0.41914126443969063,0.4192686219899816,0.4194202889697057,0.41959730582809907,0.4198009508409273,0.42003278876309297,0.4202947103216138,0.42058899997059135,0.42091838327149805,0.42128604214898646,0.42169562364343915,0.4221512469982471,0.42265752103476517,0.4232195967330248,0.4238432305921714,0.4245348348399241,0.425301583848762,0.4261514996707326,0.42709349903924837,0.42813895589921946,0.4292982897599443,0.4305838453274031,0.4320096207542109,0.43359261629740725,0.43535098111938086,0.43730568749473886,0.4394766603573386,0.44189992813481266,0.44461247278195887,0.44764967231814845,0.4510525100519627,0.4548463037560028,0.4590996337051662,0.4638763612250246,0.46925312723828244,0.4753210254322749,0.48219647378800784,0.48995773251051816,0.4987938842331142,0.5088910704163015,0.520469642952145,0.5336145337438952,0.5485900329592724,0.5657275090870633,0.5854094050660662,0.6081074151976769]}