{"taus":[0.0,0.1,0.2,0.3,0.4,0.5,0.6,0.7,0.8,0.9,1.0,1.1,1.2,1.3,1.4,1.5,1.6,1.7,1.8,1.9,2.0,2.1,2.2,2.3,2.4,2.5,2.6,2.7,2.8,2.9,3.0,3.1,3.2,3.3,3.4,3.5,3.6,3.7,3.8,3.9,4.0,4.1,4.2,4.3,4.4,4.5,4.6,4.7,4.8,4.9,5.0],"nn":[0.6292448466802519,0.5796010734994639,0.5423523110738298,0.5140966274671841,0.4924415335354539,0.47568592628865247,0.46260696826802955,0.4523159996190696,0.4441602457414503,0.43765515704594743,0.4324374070452292,0.42823193768734225,0.42482863645326563,0.4220656739736569,0.41981748778016553,0.41798603627409836,0.41649437603067313,0.41528190591757747,0.41430081945277125,0.4135134428040408,0.4128902300101856,0.4124082528299626,0.41205006913178355,0.4118028870379451,0.41165796631080515,0.41161021661031794,0.4116579663108053,0.4118028870379451,0.41205006913178377,0.4124082528299626,0.41289023001018577,0.41351344280404084,0.414300819452771,0.41528190591757796,0.4164943760306732,0.4179860362740985,0.41981748778016564,0.42206567397365674,0.424828636453266,0.4282319376873419,0.43243740704522887,0.4376551570459476,0.44416024574145,0.4523159996190699,0.46260696826802916,0.47568592628865247,0.49244153353545433,0.5140966274671841,0.5423523110738295,0.5796010734994637,0.6292448466802516],"gt":[0.3707551533197481,0.3255779404358044,0.2883345327917171,0.25749007965406695,0.231837398614395,0.21041954151893894,0.1924725072991992,0.17738241766761778,0.16465318482816488,0.15388186890204333,0.14473972782721534,0.1369575225247645,0.13031403341218256,0.1246270231131694,0.11974607964386881,0.11554691835633525,0.11192682588689057,0.10880100663264373,0.10609964978240037,0.10376557824091841,0.101752373887659,0.10002289937963431,0.09854815726160841,0.09730644408905482,0.09628277186230154,0.09546854236689734,0.09486147296362768,0.09446578590817127,0.09429268842112401,0.0943611886713296,0.0946993150825485,0.09534583489911194,0.09635260542047457,0.09778774142479772,0.0997398502157968,0.10232367877265479,0.10568764615322403,0.11002391376116642,0.11558189845135977,0.12268649125086024,0.13176275603199014,0.1433696202387311,0.15824614348023072,0.17737552749331642,0.20207437285318214,0.23411820176938758,0.2759196000534051,0.3307835277734829,0.4032771115946774,0.4997713928254779,0.6292448466802516]}