{"bd2":[2,4,8,16,16,32,16,16,32,16,16,16,32,16,16,16,32,16,16,16,32,16,16,16,32,16,16,16,32,16,16,16,32,16,16,16,32,16,16,16,32,16,16,16,32,16,16,16,32,16,16,16,32,16,16,16,32,16,16,16,32,16,16,16,32,16,16,16,32,16,16,16,32,16,16,16,32,16,16,16,32,16,16,16,32,16,16,16,32,16,16,16,32,16,16,16,32,16,16,16,8,4,4,4,4,2,2,1],"taus":[0.0,0.2,0.4,0.6000000000000001,0.8,1.0,1.2000000000000002,1.4000000000000001,1.6,1.8,2.0,2.2,2.4000000000000004,2.6,2.8000000000000003,3.0,3.2,3.4000000000000004,3.6,3.8000000000000003,4.0,4.2,4.4,4.6000000000000005,4.800000000000001,5.0],"bd1":[1,1,1,1,1,2,2,4,6,12,8,16,22,44,32,58,48,92,53,99,62,118,66,121,71,131,75,134,77,145,81,146,81,150,83,150,85,150,86,150,87,150,88,150,89,150,89,150,89,150,90,150,90,150,90,150,90,150,90,150,90,150,90,150,90,150,90,150,90,150,89,150,87,150,86,150,85,150,85,150,84,150,82,143,80,142,76,131,73,128,68,109,60,96,52,59,31,32,16,16,8,8,4,4,2,2,1,1],"gf":[0.36766948672696825,0.28473365935460815,0.22755079260519037,0.18753145546518737,0.15918087433316336,0.1388922706991153,0.12424963071274198,0.11360989780075538,0.10584465492913156,0.10017640755455505,0.09607320384814373,0.0931808261489613,0.09128065877230936,0.09026677671214538,0.09013968936310346,0.09101764158563858,0.09317050252772559,0.09708742045720677,0.10359990591464842,0.11410121992886355,0.130939754836177,0.15813728732899326,0.2027338570837392,0.2773838868826638,0.405549670200426,0.6323305132730317],"nn":[0.6323305132730318,0.5445931757299962,0.4943354047866208,0.4644442530816753,0.446071171292848,0.4344603081507233,0.4269583096995201,0.42203277816263635,0.4187717711863722,0.41662003965141003,0.4152357017424143,0.4144104897017659,0.4140250824344644,0.41402508385207965,0.4144104939930422,0.4152357086580751,0.41662004830997335,0.41877178093212936,0.42203278804284744,0.4269583198174896,0.4344603188669429,0.4460711816321179,0.46444426245783865,0.49433541261334846,0.5445931805803859]}