{"bd2":[2,4,8,16,16,32,16,16,32,16,16,16,32,16,16,16,32,16,16,16,32,16,16,16,32,16,16,16,32,16,16,16,32,16,16,16,32,16,16,16,32,16,16,16,32,16,16,16,32,16,16,16,32,16,16,16,32,16,16,16,32,16,16,16,32,16,16,16,32,16,16,16,32,16,16,16,32,16,16,16,32,16,16,16,32,16,16,16,32,16,16,16,32,16,16,16,32,16,16,16,8,4,4,4,4,2,2,1],"taus":[0.0,0.2,0.4,0.6000000000000001,0.8,1.0,1.2000000000000002,1.4000000000000001,1.6,1.8,2.0,2.2,2.4000000000000004,2.6,2.8000000000000003,3.0,3.2,3.4000000000000004,3.6,3.8000000000000003,4.0,4.2,4.4,4.6000000000000005,4.800000000000001,5.0],"bd1":[1,1,1,1,1,2,2,4,4,8,8,14,14,27,21,37,28,50,30,50,32,50,33,50,34,50,34,50,36,50,36,50,38,50,36,50,38,50,36,50,38,50,36,50,38,50,36,50,38,50,36,50,38,50,36,50,38,50,37,50,38,50,37,50,38,50,38,50,40,50,38,50,42,50,38,50,43,50,38,50,44,50,37,50,42,50,39,50,44,50,39,50,45,50,39,50,26,32,16,16,8,8,4,4,2,2,1,1],"gf":[0.3695845622691521,0.2860541240432785,0.22846174977484646,0.18815257715275996,0.15958926965739187,0.1391375383592584,0.12436359574216618,0.11361290612403087,0.10574962788512782,0.0999914473328792,0.09580325655186525,0.09282872058666215,0.09084773203165249,0.08975321652100246,0.0895446687802138,0.09033930659747991,0.09240585305716807,0.09623212184906184,0.10264810654589308,0.11304545855260281,0.12977114273419452,0.15684619193714397,0.20131123342863086,0.2758221889353894,0.4038373284551346,0.630415437730848],"nn":[0.630415437730848,0.5424522311654094,0.49203882806904997,0.4620409145972695,0.4435951054967479,0.4319351211176706,0.42440027063145874,0.41945300808691915,0.41617781742738585,0.41401699303946804,0.4126270236444909,0.41179857498365247,0.4114116985894841,0.41141170485714157,0.41179859130966134,0.4126270429485728,0.4140170073344114,0.4161778099954376,0.4194529719872205,0.42440019741737367,0.43193501085282365,0.4435949643139841,0.46204076307614256,0.4920386865252064,0.5424521353885653]}