{"taus":[0.0,0.0125,0.025,0.0375,0.05,0.0625,0.075,0.0875,0.1,0.1125,0.125,0.1375,0.15,0.1625,0.175,0.1875,0.2,0.2125,0.225,0.2375,0.25,0.2625,0.275,0.2875,0.3,0.3125,0.325,0.3375,0.35,0.3625,0.375,0.3875,0.4,0.4125,0.425,0.4375,0.45,0.4625,0.475,0.4875,0.5,0.5125,0.525,0.5375,0.55,0.5625,0.575,0.5875,0.6,0.6125,0.625,0.6375,0.65,0.6625,0.675,0.6875,0.7,0.7125,0.725,0.7375,0.75,0.7625,0.775,0.7875,0.8,0.8125,0.825,0.8375,0.85,0.8625,0.875,0.8875,0.9,0.9125,0.925,0.9375,0.95,0.9625,0.975,0.9875,1.0,1.0125,1.025,1.0375,1.05,1.0625,1.075,1.0875,1.1,1.1125,1.125,1.1375,1.15,1.1625,1.175,1.1875,1.2,1.2125,1.225,1.2375,1.25,1.2625,1.275,1.2875,1.3,1.3125,1.325,1.3375,1.35,1.3625,1.375,1.3875,1.4,1.4125,1.425,1.4375,1.45,1.4625,1.475,1.4875,1.5,1.5125,1.525,1.5375,1.55,1.5625,1.575,1.5875,1.6,1.6125,1.625,1.6375,1.65,1.6625,1.675,1.6875,1.7,1.7125,1.725,1.7375,1.75,1.7625,1.775,1.7875,1.8,1.8125,1.825,1.8375,1.85,1.8625,1.875,1.8875,1.9,1.9125,1.925,1.9375,1.95,1.9625,1.975,1.9875,2.0,2.0125,2.025,2.0375,2.05,2.0625,2.075,2.0875,2.1,2.1125,2.125,2.1375,2.15,2.1625,2.175,2.1875,2.2,2.2125,2.225,2.2375,2.25,2.2625,2.275,2.2875,2.3,2.3125,2.325,2.3375,2.35,2.3625,2.375,2.3875,2.4,2.4125,2.425,2.4375,2.45,2.4625,2.475,2.4875,2.5,2.5125,2.525,2.5375,2.55,2.5625,2.575,2.5875,2.6,2.6125,2.625,2.6375,2.65,2.6625,2.675,2.6875,2.7,2.7125,2.725,2.7375,2.75,2.7625,2.775,2.7875,2.8,2.8125,2.825,2.8375,2.85,2.8625,2.875,2.8875,2.9,2.9125,2.925,2.9375,2.95,2.9625,2.975,2.9875,3.0,3.0125,3.025,3.0375,3.05,3.0625,3.075,3.0875,3.1,3.1125,3.125,3.1375,3.15,3.1625,3.175,3.1875,3.2,3.2125,3.225,3.2375,3.25,3.2625,3.275,3.2875,3.3,3.3125,3.325,3.3375,3.35,3.3625,3.375,3.3875,3.4,3.4125,3.425,3.4375,3.45,3.4625,3.475,3.4875,3.5,3.5125,3.525,3.5375,3.55,3.5625,3.575,3.5875,3.6,3.6125,3.625,3.6375,3.65,3.6625,3.675,3.6875,3.7,3.7125,3.725,3.7375,3.75,3.7625,3.775,3.7875,3.8,3.8125,3.825,3.8375,3.85,3.8625,3.875,3.8875,3.9,3.9125,3.925,3.9375,3.95,3.9625,3.975,3.9875,4.0,4.0125,4.025,4.0375,4.05,4.0625,4.075,4.0875,4.1,4.1125,4.125,4.1375,4.15,4.1625,4.175,4.1875,4.2,4.2125,4.225,4.2375,4.25,4.2625,4.275,4.2875,4.3,4.3125,4.325,4.3375,4.35,4.3625,4.375,4.3875,4.4,4.4125,4.425,4.4375,4.45,4.4625,4.475,4.4875,4.5,4.5125,4.525,4.5375,4.55,4.5625,4.575,4.5875,4.6,4.6125,4.625,4.6375,4.65,4.6625,4.675,4.6875,4.7,4.7125,4.725,4.7375,4.75,4.7625,4.775,4.7875,4.8,4.8125,4.825,4.8375,4.85,4.8625,4.875,4.8875,4.9,4.9125,4.925,4.9375,4.95,4.9625,4.975,4.9875,5.0],"nn":[0.6292448466802519,0.6222120934359017,0.6154356181894792,0.6089048926485349,0.6026098644634637,0.5965409340916022,0.5906889328517145,0.5850451021046392,0.5796010734994639,0.5743488502279879,0.5692807892334942,0.5643895843228088,0.5596682501335226,0.5551101069109213,0.5507087660516568,0.5464581163736452,0.5423523110738298,0.5383857553376307,0.5345530945658657,0.5308492031867807,0.5272691740226614,0.5238083081820859,0.5204621054505149,0.5172262551533764,0.5140966274671841,0.5110692651556045,0.5081403757085572,0.5053063238636814,0.5025636244905738,0.49990893581924745,0.49733905299529674,0.49485090194511155,0.4924415335354539,0.4901081180124762,0.4878479397060767,0.48565839198625665,0.4835369724587771,0.4814812783881618,0.47948900233666597,0.477557928008431,0.47568592628865247,0.47387095146804104,0.4721110376434368,0.4704042952858681,0.4687489079677955,0.46714312924175067,0.46558527966291124,0.4640737439486004,0.46260696826802955,0.4611834576559283,0.45980177354408797,0.4584605314050676,0.4571583985026759,0.4558940917440784,0.4546663756286341,0.4534740602888591,0.4523159996190696,0.45119108948756126,0.45009826602833297,0.4490365040085798,0.44800481526839137,0.44700224722921694,0.4460278814678867,0.44508083235310025,0.4441602457414503,0.4432652977302266,0.44239519346432,0.4415491659947428,0.44072647518636343,0.43992640667256844,0.4391482708547214,0.4383914019443246,0.43765515704594743,0.436938915279056,0.4362420769369575,0.43556406268119885,0.43490431276977837,0.4342622863176707,0.43363746058819647,0.4330293303138406,0.4324374070452292,0.43186121852696796,0.43130030809917763,0.4307542341235627,0.43022256943294124,0.42970490080319296,0.4292008284466336,0.42870996552588675,0.42823193768734225,0.4277663826133581,0.4273129495923839,0.42687129910622784,0.4264411024337283,0.42602204127012266,0.42561380736143745,0.42521610215325895,0.42482863645326563,0.42445113010694174,0.424083311685907,0.4237249181883356,0.42337569475095127,0.4230353943721097,0.42270377764551026,0.4223806125040858,0.4220656739736569,0.42175874393593643,0.4214596109005044,0.42116806978538046,0.42088392170584477,0.4206069737711667,0.4203370388889247,0.4200739355766008,0.41981748778016553,0.4195675246993642,0.41932388061943987,0.41908639474903786,0.4188549110640363,0.41862927815708,0.41840934909258376,0.41819498126699334,0.41798603627409836,0.41778237977520155,0.41758388137394753,0.41739041449564357,0.41720185627088946,0.417018087423356,0.41683899216155196,0.41666445807442776,0.41649437603067313,0.41632864008156656,0.4161671473672457,0.4160097980262696,0.4158564951083532,0.4157071444901535,0.4155616547939973,0.41541993730944354,0.41528190591757747,0.41514747701793525,0.41501656945796583,0.41488910446494365,0.41476500558023566,0.41464419859585294,0.41452661149319014,0.4144121743838934,0.41430081945277125,0.414192480902681,0.414087094901329,0.4139845995299107,0.41388493473353466,0.41378804227337174,0.4136938656804623,0.41360235021114605,0.4135134428040408,0.4134270920385327,0.41334324809472667,0.4132618627148091,0.4131828891657829,0.4131062822035253,0.41303199803813195,0.4129599943005119,0.4128902300101856,0.41282266554426345,0.41275726260755513,0.41269398420379216,0.4126327946079214,0.41257365933944234,0.4125165451367617,0.41246141993253377,0.4124082528299626,0.41235701408004005,0.41230767505969473,0.412260208250831,0.4122145872202309,0.4121707866003056,0.4121287820706671,0.41208855034051106,0.41205006913178355,0.41201331716311834,0.4119782741345301,0.4119449207128435,0.41191323851784745,0.4118832101091563,0.41185481897376935,0.41182804951431096,0.4118028870379451,0.4117793177459466,0.41175732872392684,0.41173690793269413,0.41171804419974983,0.4117007272114043,0.4116849475055083,0.4116706964647922,0.41165796631080515,0.4116467500984514,0.41163704171111276,0.4116288358563591,0.4116221280622379,0.4116169146741406,0.4116131928522432,0.41161096056951874,0.41161021661031794,0.4116109605695188,0.4116131928522434,0.41161691467414074,0.41162212806223797,0.4116288358563591,0.41163704171111287,0.4116467500984514,0.4116579663108053,0.4116706964647919,0.41168494750550816,0.4117007272114044,0.41171804419974994,0.41173690793269413,0.4117573287239268,0.4117793177459467,0.4118028870379451,0.41182804951431073,0.41185481897376935,0.4118832101091562,0.41191323851784745,0.4119449207128436,0.41197827413453,0.4120133171631184,0.41205006913178377,0.41208855034051123,0.4121287820706672,0.4121707866003056,0.4122145872202309,0.41226020825083104,0.4123076750596949,0.41235701408004,0.4124082528299626,0.4124614199325339,0.4125165451367617,0.4125736593394425,0.4126327946079213,0.4126939842037922,0.41275726260755513,0.41282266554426345,0.41289023001018577,0.41295999430051183,0.4130319980381318,0.4131062822035253,0.41318288916578305,0.4132618627148091,0.4133432480947264,0.4134270920385326,0.41351344280404084,0.41360235021114633,0.4136938656804622,0.41378804227337146,0.41388493473353477,0.4139845995299105,0.41408709490132917,0.414192480902681,0.414300819452771,0.41441217438389344,0.41452661149319014,0.41464419859585333,0.4147650055802359,0.4148891044649431,0.41501656945796583,0.41514747701793525,0.41528190591757796,0.41541993730944354,0.41556165479399704,0.41570714449015367,0.4158564951083532,0.41600979802627,0.41616714736724575,0.41632864008156656,0.4164943760306732,0.41666445807442765,0.41683899216155207,0.417018087423356,0.41720185627088924,0.4173904144956436,0.4175838813739476,0.41778237977520183,0.4179860362740985,0.41819498126699317,0.4184093490925838,0.4186292781570801,0.4188549110640365,