{"bd2":[2,4,8,16,16,32,16,16,32,16,16,16,32,16,16,16,32,16,16,16,32,16,16,16,32,16,16,16,32,16,16,16,32,16,16,16,32,16,16,16,32,16,16,16,32,16,16,16,32,16,16,16,32,16,16,16,32,16,16,16,32,16,16,16,32,16,16,16,32,16,16,16,32,16,16,16,32,16,16,16,32,16,16,16,32,16,16,16,32,16,16,16,32,16,16,16,32,16,16,16,32,16,16,16,32,16,16,16,32,16,16,16,32,16,16,16,32,16,16,16,32,16,16,16,32,16,16,16,32,16,16,16,32,16,16,16,32,16,16,16,32,16,16,16,32,16,16,16,32,16,16,16,32,16,16,16,32,16,16,16,32,16,16,16,32,16,16,16,32,16,16,16,32,16,16,16,32,16,16,16,32,16,16,16,32,16,16,16,32,16,16,16,32,16,16,16,32,16,16,16,32,16,16,16,32,16,16,16,32,16,16,16,32,16,16,16,32,16,16,16,32,16,16,16,32,16,16,16,32,16,16,16,32,16,16,16,32,16,16,16,32,16,16,16,32,16,16,16,32,16,16,16,32,16,16,16,32,16,16,16,32,16,16,16,32,16,16,16,32,16,16,16,32,16,16,16,32,16,16,16,32,16,16,16,32,16,16,16,32,16,16,16,32,16,16,16,32,16,16,16,32,16,16,16,32,16,16,16,32,16,16,16,32,16,16,16,32,16,16,16,32,16,16,16,32,16,16,16,32,16,16,16,32,16,16,16,32,16,16,16,32,16,16,16,32,16,16,16,32,16,16,16,32,16,16,16,32,16,16,16,32,16,16,16,32,16,16,16,32,16,16,16,32,16,16,16,32,16,16,16,32,16,16,16,32,16,16,16,32,16,16,16,32,16,16,16,32,16,16,16,8,4,4,4,4,2,2,1],"taus":[0.0,0.05,0.1,0.15000000000000002,0.2,0.25,0.30000000000000004,0.35000000000000003,0.4,0.45,0.5,0.55,0.6000000000000001,0.65,0.7000000000000001,0.75,0.8,0.8500000000000001,0.9,0.9500000000000001,1.0,1.05,1.1,1.1500000000000001,1.2000000000000002,1.25,1.3,1.35,1.4000000000000001,1.4500000000000002,1.5,1.55,1.6,1.6500000000000001,1.7000000000000002,1.75,1.8,1.85,1.9000000000000001,1.9500000000000002,2.0,2.0500000000000003,2.1,2.15,2.2,2.25,2.3000000000000003,2.35,2.4000000000000004,2.45,2.5,2.5500000000000003,2.6,2.6500000000000004,2.7,2.75,2.8000000000000003,2.85,2.9000000000000004,2.95,3.0,3.0500000000000003,3.1,3.1500000000000004,3.2,3.25,3.3000000000000003,3.35,3.4000000000000004,3.45,3.5,3.5500000000000003,3.6,3.6500000000000004,3.7,3.75,3.8000000000000003,3.85,3.9000000000000004,3.95,4.0,4.05,4.1000000000000005,4.15,4.2,4.25,4.3,4.3500000000000005,4.4,4.45,4.5,4.55,4.6000000000000005,4.65,4.7,4.75,4.800000000000001,4.8500000000000005,4.9,4.95,5.0],"bd1":[1,1,1,1,1,2,2,4,4,8,8,16,14,27,19,36,19,37,21,37,23,43,24,44,25,45,26,45,26,45,26,45,26,46,26,46,26,50,26,50,26,50,26,49,26,50,26,50,27,50,28,50,27,50,28,50,27,50,28,50,27,50,29,50,29,50,30,50,30,50,30,50,30,50,30,50,30,50,30,50,30,50,30,50,30,50,30,50,30,50,30,50,30,50,30,50,30,50,30,50,30,50,30,50,30,50,30,50,30,50,30,50,30,50,30,50,30,50,30,50,30,50,30,50,30,50,30,50,30,50,30,50,30,50,30,50,30,50,30,50,30,50,30,50,30,50,30,50,30,50,30,50,30,50,30,50,30,50,30,50,30,50,30,50,30,50,30,50,30,50,30,50,30,50,30,50,30,50,30,50,30,50,30,50,30,50,30,50,30,50,30,50,30,50,30,50,30,50,30,50,30,50,30,50,30,50,30,50,30,50,30,50,30,50,30,50,30,50,30,50,30,50,30,50,30,50,30,50,30,50,30,50,30,50,30,50,30,50,30,50,30,50,30,50,30,50,30,50,30,50,30,50,30,50,30,50,30,50,30,50,30,50,30,50,30,50,30,50,30,50,30,50,30,50,30,50,30,50,30,50,30,50,30,50,30,50,30,50,30,50,30,50,30,50,30,50,30,50,30,50,30,50,30,50,30,50,30,50,30,50,30,50,30,50,30,50,30,50,30,50,30,50,30,50,30,50,30,50,30,50,30,50,30,50,30,50,30,50,29,50,28,50,28,50,28,50,28,50,28,50,28,50,28,50,28,50,28,50,28,50,28,50,28,50,28,50,28,50,28,50,26,50,26,50,26,50,26,48,26,48,25,48,24,48,24,44,22,44,22,40,20,40,20,40,20,40,20,28,16,16,8,8,4,4,2,2,1,1],"gf":[0.3689094018337814,0.34523488814904485,0.32374675160005306,0.30422294996550775,0.2864655664241967,0.2702980321418031,0.2555657814284175,0.24212063662810537,0.22985080497661853,0.21864652477271168,0.20840910449070557,0.19904814021174821,0.1904785482285458,0.18262483826469197,0.17542634226821294,0.16881449650073235,0.1626731843799181,0.15706604688928244,0.15190377454994222,0.14714732275249512,0.14276975036788364,0.13873238969932492,0.13500604752678894,0.13156765285943306,0.128389760869002,0.12545041028338552,0.1227299661219639,0.12021038675982708,0.11787566165932492,0.11571172647344975,0.1137065046868749,0.1118458953005881,0.11012020173846514,0.10851859803257595,0.10703153160874784,0.10565062309888744,0.10436838211974075,0.10317807190733802,0.10207361247731868,0.1010495489214272,0.10010099263782067,0.0992235865473285,0.09841347410335725,0.09766727176196562,0.0969820457784694,0.09635529291042616,0.09578492452236277,0.09526925634174702,0.09480699932388544,0.09439725611946798,0.09403952131523927,0.09373368435522743,0.0934800383344172,0.0932792924377073,0.09313258896936037,0.09304152557339891,0.09300818365424364,0.09303516203091054,0.09312561923554467,0.09328332162385992,0.09351270212109453,0.09381892795389404,0.09420798046553104,0.09468674411538863,0.09526311338318846,0.09594611472476623,0.0967460465728802,0.09767464307642933,0.09874527354144245,0.09997315077201267,0.1013755943170695,0.10297228905077055,0.10478558501108136,0.10684108143253179,0.10916780218946483,0.1117992521104011,0.11477354242363362,0.11813435087036336,0.12193084207515978,0.12621935993064576,0.13106392641165732,0.1365380659969586,0.14272508168454973,0.14971811535342275,0.15762583738034672,0.16657405178953485,0.17670566403167617,0.18818031021724854,0.2011563695549451,0.2157914270957176,0.23227310025794662,0.2510633057506412,0.2716630248257871,0.29411930328459884,0.31727680538793285,0.350355668260377,0.3902623084524103,0.4358461665639032,0.489949338174605,0.5539202600418899,0.6310905981662186],"nn":[0.6310905981662187,0.6045866332876187,0.5816885172022381,0.5618433121471273,0.5445916388815835,0.5295505210747693,0.5164002321944472,0.5048707346522924,0.4947364778097912,0.48580808138350756,0.4779264638958737,0.47095832202915683,0.46480276589752434,0.45934399970715195,0.4544978857414974,0.4501904251222969,0.4463397180062668,0.44289967991614354,0.43982264353990885,0.437066557507081,0.4345988362103707,0.43238697918805935,0.430402522075387,0.42862351505781965,0.4270266918880645,0.4255923901631316,0.42430337070945756,0.42314413348849883,0.4221011389300514,0.4211627870698198,0.420319072754216,0.41956045720116597,0.418878220183284,0.41826487876501006,0.4177139162382245,0.4172196039225196,0.4167768950582952,0.41638134075265354,0.41602901837992246,0.4157164779842046,0.41544069189321337,0.41519901606512677,0.4149891522330088,0.4148091190239718,0.4146572282460695,0.4145320634941292,0.4144324607694675,0.41435749692774665,0.41430647714454844,0.4142789257150612,0.4142745800624149,0.4142933844883406,0.41433548857293007,0.4144012464992163,0.414491218103585,0.41460617140972456,0.414747087399291,0.414915166848439,0.41511184094320164,0.4153387881637279,0.4155979519653461,0.41589157093356893,0.4162222144525896,0.41659281785386937,0.4170067220278114,0.41746771707138386,0.4179800981465761,0.4185487340343687,0.4191791035080014,0.4198773111361134,0.42065016099122293,0.42150524174932125,0.4224509621577574,0.4234999981645827,0.42466293377291997,0.4259520096308016,0.4273812782498035,0.4289679056333387,0.43073044763145546,0.43269059110247116,0.4348732244481711,0.43730557135427894,0.4400240671499585,0.4430660723249901,0.4464743104815948,0.45029714584238245,0.4545885840760893,0.4594118295811008,0.46483794045224464,0.4709583813199421,0.4778838159257655,0.48571231849768204,0.494617882726638,0.5047875866797377,0.5164434447549161,0.5296785450796571,0.5447579517065599,0.562011932355414,0.5818219289124796,0.6046564439716334]}