{"bd2":[2,4,8,16,16,32,16,16,32,16,16,16,32,16,16,16,32,16,16,16,32,16,16,16,32,16,16,16,32,16,16,16,32,16,16,16,32,16,16,16,32,16,16,16,32,16,16,16,32,16,16,16,32,16,16,16,32,16,16,16,32,16,16,16,32,16,16,16,32,16,16,16,32,16,16,16,32,16,16,16,32,16,16,16,32,16,16,16,32,16,16,16,32,16,16,16,32,16,16,16,32,16,16,16,32,16,16,16,32,16,16,16,32,16,16,16,32,16,16,16,32,16,16,16,32,16,16,16,32,16,16,16,32,16,16,16,32,16,16,16,32,16,16,16,32,16,16,16,32,16,16,16,32,16,16,16,32,16,16,16,32,16,16,16,32,16,16,16,32,16,16,16,32,16,16,16,32,16,16,16,32,16,16,16,32,16,16,16,32,16,16,16,32,16,16,16,32,16,16,16,8,4,4,4,4,2,2,1],"taus":[0.0,0.1,0.2,0.30000000000000004,0.4,0.5,0.6000000000000001,0.7000000000000001,0.8,0.9,1.0,1.1,1.2000000000000002,1.3,1.4000000000000001,1.5,1.6,1.7000000000000002,1.8,1.9000000000000001,2.0,2.1,2.2,2.3000000000000003,2.4000000000000004,2.5,2.6,2.7,2.8000000000000003,2.9000000000000004,3.0,3.1,3.2,3.3000000000000003,3.4000000000000004,3.5,3.6,3.7,3.8000000000000003,3.9000000000000004,4.0,4.1000000000000005,4.2,4.3,4.4,4.5,4.6000000000000005,4.7,4.800000000000001,4.9,5.0],"bd1":[1,1,1,1,1,2,2,4,4,8,6,12,12,24,18,36,23,40,24,48,24,48,24,48,26,48,27,49,28,50,28,50,28,50,28,50,28,50,28,50,30,50,30,50,30,50,30,50,30,50,30,50,30,50,30,50,32,50,31,50,32,50,32,50,32,50,32,50,32,50,32,50,32,50,32,50,32,50,32,50,32,50,32,50,32,50,32,50,32,50,32,50,32,50,32,50,32,50,32,50,32,50,32,50,32,50,32,50,32,50,32,50,32,50,32,50,32,50,32,50,32,50,32,50,32,50,32,50,32,50,32,50,32,50,32,50,32,50,32,50,32,50,32,50,32,50,32,50,32,50,32,50,32,50,32,50,31,50,30,50,32,50,32,50,34,50,34,50,34,50,34,50,34,50,34,50,34,50,33,50,32,50,32,50,32,50,30,50,30,50,30,50,29,48,24,43,22,28,16,16,8,8,4,4,2,2,1,1],"gf":[0.3705081888417567,0.3251376267387985,0.2876704093194043,0.256590835677319,0.23070493896773966,0.20906469047910628,0.190911891546347,0.17563621671179427,0.16274349640153643,0.15183154428412163,0.14257154676590109,0.13469361434109423,0.12797549527996224,0.12223367165636914,0.11731631696121353,0.11309766569319236,0.10947351532980527,0.10635761249230224,0.1036787484274228,0.10137842769535102,0.09940900155192792,0.09773220545527987,0.0963180164835402,0.09514381084088776,0.09419378521062415,0.0934586299272012,0.09293545291002205,0.09262796670350791,0.09254696600066849,0.09271114083754119,0.09314829266885447,0.09389704892867765,0.09500921007124558,0.09655290428352141,0.09861682099110596,0.10131583319310801,0.10479850750995687,0.10925713744741702,0.11494120200224894,0.122175505372801,0.13138476433983226,0.14312713260882926,0.1581402484461789,0.177404923610905,0.2022339626120612,0.2343971034841315,0.2762983446961761,0.33123023515768474,0.4037422803132259,0.500181077920986,0.6294918111582433],"nn":[0.6294918111582433,0.5795558591723692,0.5420909195806475,0.5136855641460764,0.49193392881062054,0.4751216733279732,0.4620145254057305,0.45171466431819934,0.44356235270285593,0.43706796153971966,0.4318645987526184,0.42767480661938806,0.42428694174113474,0.42153826453919796,0.4193027381915334,0.41748213851844,0.41599952815194563,0.41479442590101845,0.413819205477738,0.41303639728844144,0.4124166589275158,0.4119372506836428,0.4115808929893459,0.4113349244091425,0.4111906995022787,0.411143185117125,0.41119072821564684,0.41133498017325043,0.41158097255305703,0.41193734919251423,0.41241677073352445,0.41303651647394346,0.41381932528339405,0.41479453815434797,0.4159996249936389,0.4174822123063316,0.41930278237911117,0.42153827371995306,0.42428691301269894,0.42767473917502197,0.4318644932274726,0.43706782203879324,0.4435621846745238,0.45171447256806285,0.4620143168459659,0.4751214590367575,0.4919337207585599,0.513685378311704,0.5420907750267273,0.579555776864528]}