{"taus":[0.0,0.01,0.02,0.03,0.04,0.05,0.06,0.07,0.08,0.09,0.1,0.11,0.12,0.13,0.14,0.15,0.16,0.17,0.18,0.19,0.2,0.21,0.22,0.23,0.24,0.25,0.26,0.27,0.28,0.29,0.3,0.31,0.32,0.33,0.34,0.35,0.36,0.37,0.38,0.39,0.4,0.41,0.42,0.43,0.44,0.45,0.46,0.47,0.48,0.49,0.5,0.51,0.52,0.53,0.54,0.55,0.56,0.57,0.58,0.59,0.6,0.61,0.62,0.63,0.64,0.65,0.66,0.67,0.68,0.69,0.7,0.71,0.72,0.73,0.74,0.75,0.76,0.77,0.78,0.79,0.8,0.81,0.82,0.83,0.84,0.85,0.86,0.87,0.88,0.89,0.9,0.91,0.92,0.93,0.94,0.95,0.96,0.97,0.98,0.99,1.0],"gt":[0.28293129935527167,0.28264982436734964,0.2824358032157256,0.2822891709260143,0.2822098905093948,0.2821979529651895,0.2822533773035016,0.2823762105879116,0.28256652799827103,0.28282443291363685,0.28315005701542845,0.2835435604109037,0.284005131777076,0.2845349885252143,0.2851333769861002,0.28580057261622677,0.2865368802251588,0.2873426342242944,0.28821819889728756,0.2891639686924246,0.29018036853726664,0.29126785417589635,0.2924269125291357,0.29365806207812667,0.29496185327169205,0.2963388689579268,0.29778972484049093,0.29931506996011087,0.30091558720182376,0.30259199382852753,0.30434504204143487,0.306175519568058,0.30808425027839037,0.3100720948299747,0.31213995134259787,0.3142887561033727,0.31651948430302074,0.3188331508041948,0.3212308109427306,0.3237135613627549,0.32628254088661846,0.32893893142067115,0.33168395889794106,0.3345188942588267,0.337445054470962,0.3404638035894669,0.3435765538588471,0.3467847668578668,0.35008995468877147,0.3534936812123004,0.35699756332999444,0.3606032723153612,0.36431253519553886,0.3681271361851609,0.37204891817420416,0.37607978427167454,0.38022169940706824,0.38447669199162837,0.3888468556415022,0.39333435096499497,0.39794140741621653,0.4026703252175022,0.40752347735310845,0.4125033116367754,0.4176123528558756,0.4228532049949676,0.42822855354171524,0.433741167878244,0.43939390376115084,0.4451897058935247,0.45113161059248835,0.45722274855593753,0.4634663477323603,0.4698657362978638,0.47642434574489473,0.4831457140877258,0.4900334891908492,0.49709143222852176,0.5043234212880944,0.5117334551390706,0.5193256572099462,0.5271042798585198,0.5350737091164984,0.5432384702968718,0.551603235306405,0.5601728334982862,0.5689522700721592,0.5779467607838664,0.5871618021397343,0.5966033190576043,0.6062779819459446,0.6161938946550635,0.6263620947667861,0.6367998338492692,0.6475377589400643,0.6586356462653694,0.6702168861475867,0.6825440862391097,0.6961848502324041,0.712375334452992,0.7338176085256529]}