{"taus":[0.0,0.2,0.4,0.6,0.8,1.0],"gt":[0.4846138146497996,0.42485519058492854,0.4028524515889291,0.41107010262395005,0.4475435830287904,0.5052004514300722]}