{"bd2":[1,1,2,4,7,4,7,4,7,4,7,4,7,4,7,4,7,4,7,4,7,4,7,4,7,4,7,4,7,4,7,4,7,4,7,4,7,4,7,4,7,4,7,4,7,4,7,4,7,4,7,4,7,4,7,4,7,4,7,4,7,4,7,4,7,4,7,4,7,4,7,4,7,4,7,4,7,4,7,4,7,4,7,4,7,4,7,4,7,4,7,4,7,4,7,4,7,4,7,4,7,4,7,4,7,4,7,4,7,4,7,4,7,4,7,4,7,4,7,4,7,4,7,4,7,4,7,4,7,4,7,4,7,4,7,4,7,4,7,4,7,4,7,4,7,4,7,4,7,4,7,4,7,4,7,4,7,4,7,4,7,4,7,4,7,4,7,4,7,4,7,4,7,4,7,4,7,4,7,4,7,4,7,4,7,4,7,4,7,4,7,4,7,4,7,4,7,4,7,4,2,1,1,1],"taus":[0.0,0.01,0.02,0.03,0.04,0.05,0.06,0.07,0.08,0.09,0.1,0.11,0.12,0.13,0.14,0.15,0.16,0.17,0.18,0.19,0.2,0.21,0.22,0.23,0.24,0.25,0.26,0.27,0.28,0.29,0.3,0.31,0.32,0.33,0.34,0.35000000000000003,0.36,0.37,0.38,0.39,0.4,0.41000000000000003,0.42,0.43,0.44,0.45,0.46,0.47000000000000003,0.48,0.49,0.5,0.51,0.52,0.53,0.54,0.55,0.56,0.5700000000000001,0.58,0.59,0.6,0.61,0.62,0.63,0.64,0.65,0.66,0.67,0.68,0.6900000000000001,0.7000000000000001,0.71,0.72,0.73,0.74,0.75,0.76,0.77,0.78,0.79,0.8,0.81,0.8200000000000001,0.8300000000000001,0.84,0.85,0.86,0.87,0.88,0.89,0.9,0.91,0.92,0.93,0.9400000000000001,0.9500000000000001,0.96,0.97,0.98,0.99,1.0],"bd1":[2,4,2,4,4,8,8,16,16,28,18,34,20,36,18,36,18,36,18,36,20,38,20,38,20,36,20,36,18,36,18,36,20,38,22,40,20,40,20,40,20,40,22,40,20,40,20,40,22,40,20,40,20,40,20,40,20,40,20,40,22,44,22,40,20,40,20,40,20,40,20,40,20,40,20,40,20,40,20,40,20,40,22,44,22,44,22,44,22,44,22,44,22,44,22,44,22,44,22,44,22,44,22,44,22,44,22,44,22,44,22,44,22,44,22,44,22,44,22,44,22,44,22,44,22,44,22,44,22,44,22,44,22,44,22,44,22,44,22,44,22,44,22,44,22,44,24,48,24,48,24,48,24,48,24,44,22,44,22,44,22,44,22,44,22,36,18,36,18,36,18,36,18,32,16,32,16,32,16,32,18,32,16,32,16,28,14,28,14,24,12,24,12,20,10,20,10,16,8,8,4,4,2,1],"gf":[0.2830695532585267,0.28278769744282867,0.282573239135264,0.28242610981518473,0.2823462684405635,0.28233372729401324,0.2823884999872302,0.28251064337620146,0.2827002295267566,0.28295736744455224,0.28328218040413317,0.28367483406318317,0.2841355196201094,0.28466445886706465,0.28526190447555905,0.2859281474541787,0.28666347731731046,0.2874682298291619,0.2883427702072767,0.28928750205240605,0.2903028457092308,0.29138925852512837,0.2925472285652345,0.2937772774339281,0.2950799555136455,0.2964558479347889,0.29790557107095755,0.2994297750745206,0.3010291454839119,0.30270439953154,0.3044562911685506,0.30628560998553406,0.30819318117577177,0.31017986701035016,0.3122465668383652,0.3143942181316034,0.31662379711548566,0.31893631969961306,0.32133284214126867,0.32381446217859355,0.32638231955681485,0.3290375970795031,0.3317815215424396,0.33461536442621603,0.33754044348940615,0.3405581233824651,0.34366981684708564,0.3468769858540933,0.3501811428385321,0.35358385171121287,0.35708672943559516,0.3606914470632887,0.364399731143462,0.36821336568769586,0.37213419273007875,0.37616411440089537,0.38030509440664917,0.3845591593909788,0.3889284014677187,0.39341497892875843,0.3980211190117343,0.4027491181320811,0.40760134589893976,0.41258024677116484,0.41768834094903784,0.42292822721767664,0.42830258530040144,0.433814178012664,0.4394658537864529,0.44526054906102985,0.4512012910890743,0.4572912004546981,0.4635334933653759,0.4699314868785862,0.47648859651353936,0.4832083463736215,0.490094367403707,0.49715040170936575,0.5043803074873157,0.5117880578803927,0.5193777539250266,0.5271536190280619,0.5351200047082244,0.5432814028171836,0.5516424371188603,0.5602078767069161,0.5689826376428033,0.5779717854001806,0.587180538567874,0.5966142438175093,0.6062784090617527,0.616178710181631,0.6263209927995139,0.6367112760229022,0.6473557663330373,0.6582608510322514,0.6694331013986163,0.6808791886498157,0.6926058971927556,0.7046205970227405,0.7169304467414733]}