{"ns":[-0.8847332063424768,-0.8821184526208306,-0.8799698101503708,-0.8783698238365496,-0.8773312561801929,-0.8767998565987669,-0.8766703999435039,-0.8767871754092433,-0.8769749254647539,-0.8770620040369035,-0.8768970558605871,-0.8763632571755109,-0.8754042160812977,-0.8739995110006327,-0.8721777577636622,-0.8700085518707757,-0.8675840697709795,-0.8650202591528385,-0.8624226693643329,-0.859892712265824,-0.857514456994211,-0.8553515934535442,-0.8534379435345175,-0.8517793045216906,-0.8503543767528179,-0.8491219393297343,-0.8480253705563506,-0.8470029128992794,-0.8459946898426222,-0.8449506437655345,-0.8438362744639549,-0.842635492583328,-0.8413512986715304,-0.8400033056745269,-0.838622301616656,-0.8372432956443256,-0.8358975825059112,-0.83460553481605,-0.8333710885422816,-0.8321790103071268,-0.8309954818998577,-0.8297720679869182,-0.8284525654832465,-0.8269818344054954,-0.8253153888372006,-0.8234283797340934,-0.8213226069614251,-0.8190303633313539,-0.8166142036854467,-0.814162224606727],"bd2":[1,1,2,4,8,4,8,4,8,4,8,4,8,4,8,4,8,4,8,4,8,4,8,4,8,4,8,4,8,4,8,4,8,4,8,4,8,4,8,4,8,4,8,4,8,4,8,4,8,4,8,4,8,4,8,4,8,4,8,4,8,4,8,4,8,4,8,4,8,4,8,4,8,4,8,4,8,4,8,4,8,4,8,4,8,4,8,4,8,4,8,4,8,4,8,4,8,4,8,4,8,4,8,4,8,4,8,4,8,4,8,4,8,4,8,4,8,4,8,4,8,4,8,4,8,4,8,4,8,4,8,4,8,4,8,4,8,4,8,4,8,4,8,4,8,4,8,4,8,4,8,4,8,4,8,4,8,4,8,4,8,4,8,4,8,4,8,4,8,4,8,4,8,4,8,4,8,4,8,4,8,4,8,4,8,4,8,4,8,4,8,4,8,4,8,4,8,4,8,4,8,4,4,4,8,13,8,6,11,15,10,6,11,15,10,6,11,16,10,6,11,17,10,6,11,17,9,5,9,15,8,4,8,15,8,4,8,15,8,4,8,15,8,4,8,15,8,4,8,15,8,4,8,15,8,4,8,15,8,4,8,15,8,4,8,15,8,4,8,15,8,4,8,15,8,4,8,15,8,4,8,15,8,4,8,15,8,4,8,15,8,4,8,15,8,4,8,15,8,4,8,15,8,4,8,15,8,4,8,15,8,4,8,15,8,4,8,15,8,4,8,15,8,4,8,15,8,4,8,15,8,4,8,15,8,4,8,15,8,4,8,15,8,4,8,15,8,4,8,15,8,4,8,15,8,4,8,15,8,4,8,15,8,4,8,15,8,4,8,15,8,4,8,15,8,4,8,15,8,4,8,14,8,4,8,14,8,4,8,14,8,4,8,13,8,4,8,13,8,4,8,13,8,4,8,4,2,1],"taus":[0.05,0.1,0.15000000000000002,0.2,0.25,0.30000000000000004,0.35000000000000003,0.4,0.45,0.5,0.55,0.6000000000000001,0.65,0.7000000000000001,0.75,0.8,0.8500000000000001,0.9,0.9500000000000001,1.0,1.05,1.1,1.1500000000000001,1.2000000000000002,1.25,1.3,1.35,1.4000000000000001,1.4500000000000002,1.5,1.55,1.6,1.6500000000000001,1.7000000000000002,1.75,1.8,1.85,1.9000000000000001,1.9500000000000002,2.0,2.0500000000000003,2.1,2.15,2.2,2.25,2.3000000000000003,2.35,2.4000000000000004,2.45,2.5,2.5500000000000003,2.6,2.6500000000000004,2.7,2.75,2.8000000000000003,2.85,2.9000000000000004,2.95,3.0,3.0500000000000003,3.1,3.1500000000000004,3.2,3.25,3.3000000000000003,3.35,3.4000000000000004,3.45,3.5,3.5500000000000003,3.6,3.6500000000000004,3.7,3.75,3.8000000000000003,3.85,3.9000000000000004,3.95,4.0,4.05,4.1000000000000005,4.15,4.2,4.25,4.3,4.3500000000000005,4.4,4.45,4.5,4.55,4.6000000000000005,4.65,4.7,4.75,4.800000000000001,4.8500000000000005,4.9,4.95,5.0,5.050000000000001],"gtau":[{"re":0.18491504165755138,"im":-0.003278334956723273},{"re":0.17212112208528602,"im":-0.0030135915362735732},{"re":0.16033115372853476,"im":-0.002772019013537416},{"re":0.1494660457527614,"im":-0.0025513690806478685},{"re":0.13945364767983692,"im":-0.002349629819283886},{"re":0.13022813552587473,"im":-0.002165029090643657},{"re":0.12172941572837065,"im":-0.0019959549874690448},{"re":0.11390257209506843,"im":-0.0018409856134328098},{"re":0.10669738737523436,"im":-0.0016988374053074917},{"re":0.10006789298996778,"im":-0.0015683668573761792},{"re":0.09397205966450942,"im":-0.0014485146389031553},{"re":0.0883713940683065,"im":-0.0013383482382236206},{"re":0.08323065192795936,"im":-0.00123701267761568},{"re":0.0785174889328824,"im":-0.0011437690503588117},{"re":0.07420237578024207,"im":-0.0010579120299482438},{"re":0.07025822417139939,"im":-0.0009788181648462465},{"re":0.06666022233228926,"im":-0.0009059175130914057},{"re":0.06338565886466908,"im":-0.0008386934218875716},{"re":0.06041375033773076,"im":-0.0007766689209642971},{"re":0.05772550754715982,"im":-0.000719433213149716},{"re":0.05530355400790289,"im":-0.0006665970723576745},{"re":0.05313204044484492,"im":-0.0006177962385120411},{"re":0.05119651511685416,"im":-0.0005727059486056974},{"re":0.04948383199193565,"im":-0.0005310311580416535},{"re":0.04798205077306604,"im":-0.0004925025658352116},{"re":0.046680355033500265,"im":-0.0004568740941123838},{"re":0.04556896682659322,"im":-0.0004239197643381814},{"re":0.04463909642355458,"im":-0.00039342897491437154},{"re":0.04388285647642432,"im":-0.0003652080728003054},{"re":0.043293224644229716,"im":-0.00033908752255447036},{"re":0.04286396125797464,"im":-0.00031489759330731513},{"re":0.042589600092503906,"im":-0.00029249840811066823},{"re":0.0424654132284663,"im":-0.0002717516674949054},{"re":0.04248734252473899,"im":-0.0002525233571557769},{"re":0.04265197703905344,"im":-0.00023470655191622754},{"re":0.042956528780027425,"im":-0.000218196588452672},{"re":0.04339880403558284,"im":-0.0002028903904173742},{"re":0.04397718119113331,"im":-0.00018870523107921314},{"re":0.04469059958379894,"im":-0.00017555931462319318},{"re":0.045538535725938786,"im":-0.00016337831816605122},{"re":0.04652099306352301,"im":-0.00015209117061016446},{"re":0.047638492435380216,"im":-0.00014163464496820395},{"re":0.048892073100014755,"im":-0.00013194443908662358},{"re":0.05028326208995447,"im":-0.0001229706199387022},{"re":0.051814100584726144,"im":-0.00011466364456342113},{"re":0.05348712912451376,"im":-0.00010697696313205494},{"re":0.05530540117493511,"im":-9.986686516667509e-5},{"re":0.05727248594811002,"im":-9.329409964347295e-5},{"re":0.05939247184951034,"im":-8.722259141971379e-5},{"re":0.06166998404894367,"im":-8.161885348441418e-5},{"re":0.06411019112010642,"im":-7.64500075764326e-5},{"re":0.06671883001115016,"im":-7.168686027629638e-5},{"re":0.06950221896661404,"im":-6.73008365425338e-5},{"re":0.07246728784924869,"im":-6.32645171820194e-5},{"re":0.07562159621374874,"im":-5.955403471061322e-5},{"re":0.0789733680943912,"im":-5.614745952088301e-5},{"re":0.0825315309825158,"im":-5.302948174009247e-5},{"re":0.08630575212940154,"im":-5.0178257798850504e-5},{"re":0.09030647250052425,"im":-4.7580075697837255e-5},{"re":0.09454494483880617,"im":-4.5222519718663716e-5},{"re":0.09903338335500067,"im":-4.306542079305077e-5},{"re":0.10378484431977832,"im":-4.112722402182892e-5},{"re":0.10881338859849211,"im":-3.9394280104811425e-5},{"re":0.11413418618329105,"im":-3.7850720658898135e-5},{"re":0.11976355007385525,"im":-3.648644418637428e-5},{"re":0.12571900891359605,"im":-3.5291048251370345e-5},{"re":0.1320195303633971,"im":-3.4257541268129446e-5},{"re":0.13868537908544895,"im":-3.337270759398396e-5},{"re":0.1457384151711648,"im":-3.263301634284582e-5},{"re":0.15320220156655157,"im":-3.2030738272066165e-5},{"re":0.16110212100769114,"im":-3.155828732726709e-5},{"re":0.16946554448222192,"im":-3.121104452190975e-5},{"re":0.1783220151003909,"im":-3.098307243539193e-5},{"re":0.1877034110413724,"im":-3.0866357882205376e-5},{"re":0.1976441941200116,"im":-3.08553119166256e-5},{"re":0.20818162700391776,"im":-3.094518115889786e-5},{"re":0.21935604213710475,"im":-3.1125664010647733e-5},{"re":0.2312111497557647,"im":-3.139085899095203e-5},{"re":0.24379435933101234,"im":-3.173850044618288e-5},{"re":0.257157141307293,"im":-3.215640204713401e-5},{"re":0.271355451493278,"im":-3.263394835466726e-5},{"re":0.2864502085125743,"im":-3.31516603705898e-5},{"re":0.30250774677134706,"im":-3.370701502139911e-5},{"re":0.3196004615942393,"im":-3.428492374281901e-5},{"re":0.3378074377913958,"im":-3.486975571721988e-5},{"re":0.35721517815748244,"im":-3.543432946646721e-5},{"re":0.3779184489828924,"im":-3.5955815247984935e-5},{"re":0.4000212285667605,"im":-3.64063529815247e-5},{"re":0.423637675749204,"im":-3.67490367738038e-5},{"re":0.44889345028492006,"im":-3.6944793306038886e-5},{"re":0.47592703389098023,"im":-3.694052693960014e-5},{"re":0.5048912531592094,"im":-3.667287164221158e-5},{"re":0.535955089994596,"im":-3.606608202918611e-5},{"re":0.5693056608115594,