{"taus":[0.0,0.05,0.1,0.15,0.2,0.25,0.3,0.35,0.4,0.45,0.5,0.55,0.6,0.65,0.7,0.75,0.8,0.85,0.9,0.95,1.0],"gt":[0.28293129935527167,0.2821979529651895,0.28315005701542845,0.28580057261622677,0.29018036853726664,0.2963388689579268,0.30434504204143487,0.3142887561033727,0.32628254088661846,0.3404638035894669,0.35699756332999444,0.37607978427167454,0.39794140741621653,0.4228532049949676,0.45113161059248835,0.4831457140877258,0.5193256572099462,0.5601728334982862,0.6062779819459446,0.6586356462653694,0.7338176085256529]}