{"taus":[0.0,0.2,0.4,0.6,0.8,1.0,1.2,1.4,1.6,1.8,2.0,2.2,2.4,2.6,2.8,3.0,3.2,3.4,3.6,3.8,4.0,4.2,4.4,4.6,4.8,5.0],"nn":[0.8160450022903866,0.7586598606578427,0.7247863597789195,0.7046228983560789,0.6925165737406932,0.6851811199717985,0.6806933544804294,0.6779214947060457,0.676196543840994,0.6751221257732397,0.6744640160383422,0.6740860673182841,0.6739135978763073,0.6739135978763074,0.6740860673182846,0.6744640160383423,0.6751221257732385,0.6761965438409938,0.6779214947060451,0.6806933544804302,0.6851811199717989,0.692516573740693,0.7046228983560785,0.7247863597789194,0.758659860657843,0.816045002290387],"gt":[0.18395499770961357,0.13815447336983766,0.10519964675391534,0.08161331022776416,0.06495704891050232,0.05351489389163422,0.04608316058110489,0.041828941514864326,0.040194219676077114,0.040831177064956016,0.04355956414997332,0.04834037943207469,0.05526239176211952,0.0645397105247505,0.07651999686039464,0.0917042697656595,0.11078084996940893,0.1346781245054243,0.16464398762384805,0.20236481237402248,0.25014501395186267,0.31118218357238797,0.38999708309004466,0.49312154145335685,0.6302285492184695,0.8160450022903868]}