{"bd2":[2,4,4,8,16,8,16,8,16,8,16,8,16,8,16,8,16,8,16,8,16,8,16,8,16,8,16,8,16,8,16,8,16,8,16,8,16,8,16,8,16,8,16,8,16,8,16,8,16,8,16,8,16,8,16,8,16,8,16,8,16,8,16,8,16,8,16,8,16,8,16,8,16,8,16,8,16,8,16,8,16,8,16,8,16,8,16,8,16,8,16,8,16,8,16,8,16,8,16,8,16,8,16,8,16,8,16,8,16,8,16,8,16,8,16,8,16,8,16,8,16,8,16,8,16,8,16,8,16,8,16,8,16,8,16,8,16,8,16,8,16,8,16,8,16,8,16,8,16,8,16,8,16,8,16,8,16,8,16,8,16,8,16,8,16,8,16,8,16,8,16,8,16,8,16,8,16,8,16,8,16,8,16,8,16,8,16,8,16,8,16,8,16,8,16,8,16,8,16,8,4,2,2,1],"taus":[0.0,0.05,0.1,0.15000000000000002,0.2,0.25,0.30000000000000004,0.35000000000000003,0.4,0.45,0.5,0.55,0.6000000000000001,0.65,0.7000000000000001,0.75,0.8,0.8500000000000001,0.9,0.9500000000000001,1.0,1.05,1.1,1.1500000000000001,1.2000000000000002,1.25,1.3,1.35,1.4000000000000001,1.4500000000000002,1.5,1.55,1.6,1.6500000000000001,1.7000000000000002,1.75,1.8,1.85,1.9000000000000001,1.9500000000000002,2.0,2.0500000000000003,2.1,2.15,2.2,2.25,2.3000000000000003,2.35,2.4000000000000004,2.45,2.5,2.5500000000000003,2.6,2.6500000000000004,2.7,2.75,2.8000000000000003,2.85,2.9000000000000004,2.95,3.0,3.0500000000000003,3.1,3.1500000000000004,3.2,3.25,3.3000000000000003,3.35,3.4000000000000004,3.45,3.5,3.5500000000000003,3.6,3.6500000000000004,3.7,3.75,3.8000000000000003,3.85,3.9000000000000004,3.95,4.0,4.05,4.1000000000000005,4.15,4.2,4.25,4.3,4.3500000000000005,4.4,4.45,4.5,4.55,4.6000000000000005,4.65,4.7,4.75,4.800000000000001,4.8500000000000005,4.9,4.95,5.0],"bd1":[1,1,1,2,2,4,4,8,8,16,9,18,9,18,9,18,10,20,11,22,11,22,11,22,11,22,11,22,12,24,12,24,12,24,12,24,12,24,12,24,12,24,12,24,12,24,12,24,12,24,12,24,12,24,12,24,12,24,12,24,12,24,12,24,12,24,12,24,12,24,12,24,12,24,12,24,12,24,12,24,12,24,12,24,12,24,12,24,12,24,12,24,12,24,12,24,12,24,12,24,12,24,12,24,12,24,12,24,12,24,12,24,12,24,12,24,12,24,12,24,12,24,12,24,12,24,12,24,12,24,12,24,12,24,12,24,12,24,12,24,12,24,12,24,12,24,12,24,12,24,12,24,12,24,12,24,12,24,12,24,12,24,12,24,12,24,12,24,12,22,11,22,11,22,11,22,11,22,11,22,11,22,11,20,10,18,9,18,9,18,9,18,9,16,8,16,8,8,4,4,2,2,1,1],"gf":[0.1866956600163787,0.1737365737767829,0.16178769220485475,0.15076972485993526,0.14061030946535125,0.13124335488862998,0.12260845439631346,0.11465036104898746,0.10731851774173334,0.10056663563603346,0.09435231692547127,0.08863671373480059,0.08338422103238136,0.07856219994186237,0.07414072786779251,0.07009237280910992,0.06639198903534564,0.06301653212835168,0.0599448914258663,0.05715773805871775,0.054637387112173495,0.052367672495907465,0.050333833334598246,0.048522410806185384,0.046921154448448014,0.04551893709261705,0.04430567765273304,0.04327227108949455,0.042410524938958034,0.04171310186139499,0.041173467723927194,0.040785844782872456,0.040545169578554044,0.04044705519797445,0.040487757599063985,0.04066414572524142,0.04097367517100474,0.04141436518857941,0.041984778852819454,0.04268400622669473,0.04351165039335504,0.04446781624293755,0.04555310192352992,0.04676859288594533,0.0481158584717525,0.04959695101324793,0.05121440743324558,0.05297125335165257,0.05487100972527299,0.0569177020670819,0.059115872311823976,0.06147059341619351,0.06398748680458674,0.0666727427955329,0.06953314416974701,0.07257609306874745,0.07580964144342131,0.07924252530516825,0.08288420306887867,0.08674489831742249,0.09083564736219682,0.09516835202421488,0.09975583811592557,0.1046119201665789,0.10975147300394691,0.1151905108843676,0.12094627495210827,0.1270373299100303,0.13348367089766064,0.1403068417026895,0.14753006557929071,0.1551783901149096,0.16327884777921614,0.17186063400825066,0.1809553049283683,0.19059699711303071,0.20082267209717264,0.2116723887555983,0.22318960709243846,0.23542152749724693,0.2484194701126016,0.2622392996406322,0.27694190170939503,0.29259371784284477,0.3092673471546646,0.32704222414304335,0.3460053834348627,0.36625232405256797,0.38788798780345796,0.4110278687729367,0.43579927366976323,0.46234275634172234,0.49081375337887834,0.5213844524579416,0.5542459315601497,0.5896106097517838,0.6277150644564266,0.6688232831338768,0.7132304034660739,0.7612670489455382,0.8133043399836213],"nn":[0.8133043399836213,0.7958671753628654,0.7805931670748644,0.7672068563103371,0.7554687868966361,0.7451706571217022,0.7361311473840892,0.7281923273840166,0.7212165582497787,0.7150838187194678,0.7096893942656908,0.7049418787374445,0.7007614444324596,0.69707834327761,0.6938316072350375,0.6909679204783209,0.6884406399589278,0.6862089444125922,0.6842370943790975,0.6824937883654544,0.6809516023284086,0.6795865014529219,0.6783774146929711,0.6773058637991362,0.6763556397491365,0.6755125203946123,0.6747640239837909,0.6740991939301323,0.6735084108109136,0.6729832281101855,0.6725162286793047,0.6721008992853243,0.6717315209616481,0.6714030731737893,0.6711111500721184,0.670851887328754,0.6706218982515492,0.6704182180388937,0.6702382551877931,0.6700797491978849,0.669940733827757,0.6698195052598301,0.6697145946178296,0.6696247443583703,0.6695488881267242,0.6694861337278507,0.6694357489184933,0.6693971497752628,0.6693698914385219,0.6693536610729279,0.6693482729237841,0.6693536653843896,0.6693699000241585,0.6693971625607774,0.6694357657931232,0.6694861545451752,0.669548912705752,0.6696247724848985,0.6697146260460606,0.6698195397142691,0.6699407710053524,0.6700797887704325,0.6702382968046051,0.6704182613297082,0.6706219428296475,0.670851932794333,0.6711111960158307,0.671403119180495,0.6717315666143043,0.6721009441690217,0.6725162723853929,0.6729832702404422,0.6735084509817296,0.6740992317766287,0.6747640591638436,0.6755125525927014,0.6763556686799874,0.6773058892111367,0.6783774363713887,0.6795865192231976,0.680951616060101,0.6824937979791099,0.6842370998389821,0.6862089457304271,0.6884406371985577,0.690967913755185,0.6938315967300526,0.697078329274214,0.7007614273898815,0.7049418592686707,0.7096893730422953,0.7150837964299349,0.721216535595298,0.7281923050913257,0.736131126205582,0.7451706375939713,0.7554687695287216,0.7672068417092891,0.7805931561769544,0.7958671690164839]}