{"bd2":[1,1,2,4,8,4,8,4,8,4,8,4,8,4,8,4,8,4,8,4,8,4,8,4,8,4,8,4,8,4,8,4,8,4,8,4,8,4,8,4,8,4,8,4,8,4,8,4,8,4,8,4,8,4,8,4,8,4,8,4,8,4,8,4,8,4,8,4,8,4,8,4,8,4,8,4,8,4,8,4,8,4,8,4,8,4,8,4,8,4,8,4,8,4,8,4,8,4,7,4,2,1,1,1],"taus":[0.0,0.02,0.04,0.06,0.08,0.1,0.12,0.14,0.16,0.18,0.2,0.22,0.24,0.26,0.28,0.3,0.32,0.34,0.36,0.38,0.4,0.42,0.44,0.46,0.48,0.5,0.52,0.54,0.56,0.58,0.6,0.62,0.64,0.66,0.68,0.7000000000000001,0.72,0.74,0.76,0.78,0.8,0.8200000000000001,0.84,0.86,0.88,0.9,0.92,0.9400000000000001,0.96,0.98,1.0],"bd1":[2,4,2,4,4,8,8,16,16,32,20,40,26,52,28,56,30,60,30,60,30,60,30,60,30,60,30,60,30,60,30,60,30,60,30,56,28,52,26,52,26,52,26,52,26,52,26,52,26,52,26,52,26,48,24,48,24,48,24,44,22,44,22,40,20,40,20,36,18,36,18,36,18,36,18,36,18,36,18,32,16,32,16,32,16,32,16,32,16,32,16,32,16,32,16,28,14,16,8,8,4,4,2,1],"gf":[0.2830900406573213,0.2825938442321368,0.2823666973841506,0.2824084475985924,0.2827193925655537,0.28330027881291026,0.2841523048104638,0.2852771248928179,0.28667685513418895,0.28835408050533273,0.2903118631358695,0.2925537521654236,0.2950837949068865,0.29790654956679546,0.30102709950804657,0.3044510691254893,0.30818464136824497,0.31223457705250207,0.3166082387026412,0.32131360647158885,0.3263593091443656,0.3317546503641657,0.33750963721643307,0.3436350129125299,0.35014229057526086,0.3570437907529712,0.36435268164718015,0.372083021909897,0.3802498071306609,0.388869019751837,0.3979576827413466,0.4075339174052915,0.4176170027173137,0.42822744520016803,0.4393870515794516,0.45111900126698684,0.46344792946051955,0.47640001657029,0.49000308422856265,0.5042866969977284,0.5192822708148491,0.5350231891241503,0.5515449300628767,0.5688852036718614,0.5870841000222405,0.6061842509847472,0.6262309907026511,0.6472726042565811,0.6693626316548712,0.6925560982333667,0.7169099593426786]}