{"bd2":[1,1,2,4,8,4,8,4,8,4,8,4,8,4,8,4,8,4,8,4,2,1,1,1],"taus":[0.0,0.05,0.1,0.15000000000000002,0.2,0.25,0.30000000000000004,0.35000000000000003,0.4,0.45,0.5],"bd1":[2,4,2,4,4,8,8,16,14,24,18,26,18,26,18,24,14,16,8,8,4,4,2,1],"gf":[0.4378377415540087,0.4342080201728136,0.43395139533275884,0.4370320127700242,0.44347339137421254,0.45335937615010247,0.4668370181481716,0.48412152286121346,0.5055035114235034,0.5313589514053643,0.5621622584459913]}