{"ns":[-0.02792582777233312,-0.029535033192292493,-0.028228451924870872,-0.02226269724557258,-0.019615366248736794,-0.023043974922296196,-0.032363517435702434,-0.04402711193918344,-0.04775832392164955,-0.06360173438504838,-0.07496249790997561,-0.07381527390651813,-0.06398363307214637,-0.06051868095874332,-0.045869939726919114,-0.03684292960449878,-0.03065664345553447,-0.02901272621069094,-0.03141328819684626,-0.03180774549823128,-0.03753566517882487,-0.05257216468117157,-0.06220068197967118,-0.08658332759356309,-0.10548308260694528,-0.1171386247627487,-0.13471357957059274,-0.15267879297867767,-0.16657275190187795,-0.18406842551896607,-0.20611105307203934,-0.22904666204779592,-0.24858077233445738,-0.2623773442526506,-0.2677175433726023,-0.2646710025334378,-0.2533570007226509,-0.2387946023267421,-0.2219664249549244,-0.2082377615638718,-0.19649045709315313,-0.18923747950358125,-0.18560961001014065,-0.18493309034599442,-0.186249098502328,-0.19008275747008543,-0.18889676226896107,-0.17498361764579262,-0.156335312032602,-0.13620309041421713,-0.12741426928734342,-0.12978961819374304,-0.14458373786625667,-0.16504686136371588,-0.1899945814388734,-0.21311870297896193,-0.23909769358068247,-0.25716957200647866,-0.2573147588157838,-0.24630615489804622,-0.23013285732942715,-0.20783803208108217,-0.18126819792255267,-0.15200838239728914,-0.12483362261072625,-0.09672235347049134,-0.0690386888806673,-0.0445199935532635,-0.024367231538895962,-0.012242837863732167,-0.004554224306020911,-0.004958654478222597,-0.013334023867353334,-0.03207991004941705,-0.0572012029240774,-0.08586903026797597,-0.11756320313461527,-0.15222472141479995,-0.1895405975108721,-0.2277635110075743,-0.26641450013486184,-0.30424992553159436,-0.33942212724028265,-0.37241722359652785,-0.40294951783105964,-0.43368851258565255,-0.4616717703008384,-0.48529193294346973,-0.5048505094893024,-0.5231164770053677,-0.5404935606467626,-0.5567513310024877,-0.571385442246524,-0.5841395510247296,-0.5962734185658489,-0.607912865704811,-0.6219067866153736,-0.6410623923329788,-0.6695527323538241,-0.7136378846339564],"bd2":[1,1,2,4,8,4,8,4,8,4,8,4,8,4,8,4,8,4,8,4,8,4,8,4,8,4,8,4,8,4,8,4,8,4,8,4,8,4,8,4,8,4,8,4,8,4,8,4,8,4,8,4,8,4,8,4,8,4,8,4,8,4,8,4,8,4,8,4,8,4,8,4,8,4,8,4,8,4,8,4,8,4,8,4,8,4,8,4,8,4,8,4,8,4,8,4,8,4,8,4,8,4,4,4,8,15,8,4,8,16,8,4,8,16,8,4,8,16,8,4,8,16,8,4,8,16,8,4,8,16,8,4,8,16,8,4,8,16,8,4,8,16,8,4,8,16,8,4,8,16,8,4,8,16,8,4,8,16,8,4,8,16,8,4,8,16,8,4,8,16,8,4,8,16,8,4,8,16,8,4,8,16,8,4,8,16,8,4,8,16,8,4,8,16,8,4,8,16,8,4,8,16,8,4,8,16,8,4,8,16,8,4,8,16,8,4,8,16,8,4,8,16,8,4,8,16,8,4,8,16,8,4,8,16,8,4,8,16,8,4,8,16,8,4,8,16,8,4,8,16,8,4,8,16,8,4,8,16,8,4,8,16,8,4,8,16,8,4,8,16,8,4,8,16,8,4,8,16,8,4,8,16,8,4,8,16,8,4,8,16,8,4,8,16,8,4,8,16,8,4,8,16,8,4,8,16,8,4,8,16,8,4,8,16,8,4,8,16,8,4,8,16,8,4,8,16,8,4,8,16,8,4,8,16,8,4,8,16,8,4,8,16,8,4,8,16,8,4,8,16,8,4,8,16,8,4,8,16,8,4,8,16,8,4,8,16,8,4,8,16,8,4,8,16,8,4,8,16,8,4,8,16,8,4,8,16,8,4,8,16,8,4,8,16,8,4,8,16,8,4,8,16,8,4,8,16,8,4,8,16,8,4,8,16,8,4,8,16,8,4,8,16,8,4,8,16,8,4,8,16,8,4,8,16,8,4,8,16,8,4,8,16,8,4,8,16,8,4,8,16,8,4,8,16,8,4,8,16,8,4,8,16,8,4,8,16,8,4,8,16,8,4,8,16,8,4,8,16,8,4,8,16,8,4,8,16,8,4,8,16,8,4,8,16,8,4,8,16,8,4,8,16,8,4,8,4,2,1],"taus":[0.02,0.04,0.06,0.08,0.1,0.12,0.14,0.16,0.18,0.2,0.22,0.24,0.26,0.28,0.3,0.32,0.34,0.36,0.38,0.4,0.42,0.44,0.46,0.48,0.5,0.52,0.54,0.56,0.58,0.6,0.62,0.64,0.66,0.68,0.7000000000000001,0.72,0.74,0.76,0.78,0.8,0.8200000000000001,0.84,0.86,0.88,0.9,0.92,0.9400000000000001,0.96,0.98,1.0,1.02],"gtau":[{"re":0.1691279516664813,"im":0.14362093144294716},{"re":0.1607592533300433,"im":0.14102491812765172},{"re":0.15278947791335504,"im":0.13840100122913446},{"re":0.14523752989566535,"im":0.13576330959137353},{"re":0.13806890407369793,"im":0.13310912200095845},{"re":0.13125592307755976,"im":0.13048899572863487},{"re":0.12479143072465207,"im":0.12787512915232452},{"re":0.11866690056906704,"im":0.125277018808657},{"re":0.11286954640006268,"im":0.12269414565990401},{"re":0.10738684266328544,"im":0.12012920225019201},{"re":0.1022026730307704,"im":0.11758585703036539},{"re":0.09730522302613573,"im":0.1150694181713322},{"re":0.09268181948678278,"im":0.11258331850980012},{"re":0.08831813294450759,"im":0.11013457706130814},{"re":0.08420489687835454,"im":0.10772880819764978},{"re":0.08033036834352228,"im":0.10536971598280806},{"re":0.07668482185823769,"im":0.10306147801684112},{"re":0.07325973117954011,"im":0.10080879133138058},{"re":0.07004603544267383,"im":0.09861544630694395},{"re":0.0670352542458082,"im":0.09648549624544785},{"re":0.06422009523913348,"im":0.0944228499874841},{"re":0.06159182262383553,"im":0.0924301261101493},{"re":0.05914216730535576,"im":0.0905102421213727},{"re":0.05686313262492765,"im":0.08866564063019214},{"re":0.05474682844722459,"im":0.08689816746991076},{"re":0.05278521390488293,"im":0.0852093359627449},{"re":0.05097027501186863,"im":0.08360009836615966},{"re":0.04929419496132111,"im":0.08207053707690516},{"re":0.04774890366983077,"im":0.08062034868852049},{"re":0.04632629723432811,"im":0.07924881160491315},{"re":0.045018237723915056,"im":0.0779548104159709},{"re":0.0438164922241434,"im":0.07673693344596207},{"re":0.04271262859973024,"im":0.07559345523169259},{"re":0.04169788114207355,"im":0.07452241135395614},{"re":0.04076311605625538,"im":0.07352153098317929},{"re":0.03989868533242555,"im":0.07258823729838047},{"re":0.039094260364017905,"im":0.07171966126452058},{"re":0.038338660748101806,"im":0.07091258979133316},{"re":0.03761967563765421,"im":0.07016344484987425},{"re":0.03692384089131074,"im":0.06946823439296773},{"re":0.03623619562252097,"im":0.06882251923589656},{"re":0.03554000315070633,"im":0.06822136343919581},{"re":0.03481642611445354,"im":0.06765928353837193},{"re":0.034044164780366565,"im":0.06713020823005605},{"re":0.03319904291538599,"im":0.06662742156651072},{"re":0.03225355429730471,"im":0.06614349530989878},{"re":0.031176362671082383,"im":0.06567015486698743},{"re":0.029931887445008264,"im":0.06519786098240479},{"re":0.028478731529399802,"im":0.06471411874504265},{"re":0.026769442071995334,"im":0.06420816814548547},{"re":0.024750633396519145,"im":0.06366411861716136}],"lt":[{"re":-0.0642332400077531,"im":0.02792582777233312},{"re":-0.0532822579764942,"im":0.031196646926698914},{"re":-0.04032002048658641,"im":0.03744519243572253},{"re":-0.03528653462514836,"im":0.043124674427343086},{"re":-0.03831987602376879,"im":0.04591559273518595},{"re":-0.03971650751812513,"im":0.0460483631383674},{"re":-0.039223564500140494,"im":0.03773296280012121},{"re":-0.03614969860385039,"im":0.02538570776286159},{"re":-0.028355619121243535,"im":0.012242340023209715},{"re":-0.02159885865036232,"im":-0.0017325189237849114},{"re":-0.01200368012993081,"im":-0.01402103945056224},{"re":-0.0031174812716250155,"im":-0.024663298747178108},{"re":0.006287423152481823,"im":-0.03393352047609124},{"re":0.016225588432687222,"im":-0.03738072893047875},{"re":0.020742947541620812,"im":-0.03786665069888943},{"re":0.023910928911381045,"im":-0.03733486904361219},{"re":0.02383619311856961,"im":-0.034650134869072785},{"re":0.024051073562001292,"im":-0.031159481616006852},{"re":0.024916735262640086,"im":-0.02678586107451206},{"re":0.0281668294386343,"im":-0.0189005302990394},{"re":0.031230827656956627,"im":-0.009879077068890173},{"re":0.03270524237059274,"im":-0.0016838634190027722},{"re":0.031827925184613845,"im":0.0033194825271982043},{"re":0.02409907648675814,"im":0.00506600879328914},{"re":0.014276192245222837,"im":0.00487294513421309},{"re":0.0005178327326706377,"im":0.005364849936954155},{"re":-0.0164481822110663,"im":0.003917098875910753},{"re":-0.0301667659363759,"im":0.00022261304740723935},{"re":-0.04071307847658061,"im":-0.003390152090339469},{"re":-0.04611631990741075,"im":-0.007183319080014516},{"re":-0.04598479747929927,"im":-0.009085946080100283},{"re":-0.04538965870486368,"im":-0.008996468423210398},{"re":-0.041385130875329884,"im":-0.008007560737434458},{"re":-0.04139502361688704,