{"taus":[0.0,0.1,0.2,0.3,0.4,0.5,0.6,0.7,0.8,0.9,1.0,1.1,1.2,1.3,1.4,1.5,1.6,1.7,1.8,1.9,2.0,2.1,2.2,2.3,2.4,2.5,2.6,2.7,2.8,2.9,3.0,3.1,3.2,3.3,3.4,3.5,3.6,3.7,3.8,3.9,4.0,4.1,4.2,4.3,4.4,4.5,4.6,4.7,4.8,4.9,5.0],"nn":[0.8160450022903866,0.783565081422482,0.7586598606578427,0.7395224523310394,0.7247863597789195,0.7134155763201896,0.7046228983560789,0.6978089610307212,0.6925165737406932,0.6883964047829911,0.6851811199717985,0.682665842376458,0.6806933544804294,0.6791428692742814,0.6779214947060457,0.676957736016143,0.676196543840994,0.6755955377226426,0.6751221257732397,0.6747513096986556,0.6744640160383422,0.6742458336455057,0.6740860673182841,0.6739770404968578,0.6739135978763073,0.673892773039604,0.6739135978763074,0.673977040496858,0.6740860673182846,0.6742458336455059,0.6744640160383423,0.6747513096986558,0.6751221257732385,0.6755955377226429,0.6761965438409938,0.6769577360161431,0.6779214947060451,0.6791428692742812,0.6806933544804302,0.6826658423764586,0.6851811199717989,0.6883964047829917,0.692516573740693,0.6978089610307213,0.7046228983560785,0.7134155763201897,0.7247863597789194,0.7395224523310385,0.758659860657843,0.783565081422482,0.816045002290387],"gt":[0.18395499770961357,0.15917939328429095,0.13815447336983766,0.12031768128677676,0.10519964675391534,0.09240782064972224,0.08161331022776416,0.0725402305415381,0.06495704891050232,0.05866951931663445,0.05351489389163422,0.04935716710363984,0.04608316058110489,0.04359929684025027,0.041828941514864326,0.040710218232257185,0.040194219676077114,0.04024355385304183,0.040831177064956016,0.04193947529007172,0.04355956414997332,0.0456907848147785,0.04834037943207469,0.05152333524657366,0.05526239176211952,0.05958821031729959,0.0645397105247505,0.07016458339302793,0.07651999686039464,0.08367351621135195,0.0917042697656595,0.10070439975427947,0.11078084996940893,0.12205755629527197,0.1346781245054243,0.14880910295643138,0.16464398762384805,0.18240813547437398,0.20236481237402248,0.22482266759041167,0.25014501395186267,0.278761408491812,0.31118218357238797,0.34801678802902186,0.38999708309004466,0.4380071291946152,0.49312154145335685,0.5566552477425154,0.6302285492184695,0.7158528998307327,0.8160450022903868]}