{"ns":[-0.885818004015372,-0.8832537679144987,-0.8811119056451594,-0.8794746113227144,-0.8783626935462533,-0.8777335440683498,-0.8774874064500036,-0.8774821598411202,-0.877552818463772,-0.8775329390481933,-0.8772748520927203,-0.8766657869264864,-0.8756383601477015,-0.8741744446456549,-0.8723028066679819,-0.8700914580263572,-0.8676363982697501,-0.8650484552556943,-0.8624400742973571,-0.8599134489480388,-0.8575512237537481,-0.8554104055897124,-0.8535197424483405,-0.8518803963340517,-0.8504694038236702,-0.8492453147091774,-0.8481549667534707,-0.8471407176020194,-0.8461472283773325,-0.8451271884431367,-0.8440454774802875,-0.8428815009199864,-0.8416296157332653,-0.8402977532124444,-0.838904497172609,-0.837474970992996,-0.8360359552793846,-0.8346107278013354,-0.8332141890588005,-0.8318489303683939,-0.8305029551312751,-0.8291497102392081,-0.82775086681289,-0.8262618837828113,-0.8246398361062115,-0.822852430218628,-0.8208866863687025,-0.8187555803528389,-0.8165010984234343,-0.8141926416041854],"bd2":[1,1,2,4,8,4,8,4,8,4,8,4,8,4,8,4,8,4,8,4,8,4,8,4,8,4,8,4,8,4,8,4,8,4,8,4,8,4,8,4,8,4,8,4,8,4,8,4,8,4,8,4,8,4,8,4,8,4,8,4,8,4,8,4,8,4,8,4,8,4,8,4,8,4,8,4,8,4,8,4,8,4,8,4,8,4,8,4,8,4,8,4,8,4,8,4,8,4,8,4,8,4,8,4,8,4,8,4,8,4,8,4,8,4,8,4,8,4,8,4,8,4,8,4,8,4,8,4,8,4,8,4,8,4,8,4,8,4,8,4,8,4,8,4,8,4,8,4,8,4,8,4,8,4,8,4,8,4,8,4,8,4,8,4,8,4,8,4,8,4,8,4,8,4,8,4,8,4,8,4,8,4,8,4,8,4,8,4,8,4,8,4,8,4,8,4,8,4,8,4,8,4,4,4,8,13,8,6,11,15,10,6,11,15,10,6,11,16,10,6,11,17,10,6,11,17,9,5,9,15,8,4,8,15,8,4,8,15,8,4,8,15,8,4,8,15,8,4,8,15,8,4,8,15,8,4,8,15,8,4,8,15,8,4,8,15,8,4,8,15,8,4,8,15,8,4,8,15,8,4,8,15,8,4,8,15,8,4,8,15,8,4,8,15,8,4,8,15,8,4,8,15,8,4,8,15,8,4,8,15,8,4,8,15,8,4,8,15,8,4,8,15,8,4,8,15,8,4,8,15,8,4,8,15,8,4,8,15,8,4,8,15,8,4,8,15,8,4,8,15,8,4,8,15,8,4,8,15,8,4,8,15,8,4,8,15,8,4,8,15,8,4,8,15,8,4,8,15,8,4,8,14,8,4,8,14,8,4,8,14,8,4,8,13,8,4,8,13,8,4,8,13,8,4,8,4,2,1],"taus":[0.05,0.1,0.15000000000000002,0.2,0.25,0.30000000000000004,0.35000000000000003,0.4,0.45,0.5,0.55,0.6000000000000001,0.65,0.7000000000000001,0.75,0.8,0.8500000000000001,0.9,0.9500000000000001,1.0,1.05,1.1,1.1500000000000001,1.2000000000000002,1.25,1.3,1.35,1.4000000000000001,1.4500000000000002,1.5,1.55,1.6,1.6500000000000001,1.7000000000000002,1.75,1.8,1.85,1.9000000000000001,1.9500000000000002,2.0,2.0500000000000003,2.1,2.15,2.2,2.25,2.3000000000000003,2.35,2.4000000000000004,2.45,2.5,2.5500000000000003,2.6,2.6500000000000004,2.7,2.75,2.8000000000000003,2.85,2.9000000000000004,2.95,3.0,3.0500000000000003,3.1,3.1500000000000004,3.2,3.25,3.3000000000000003,3.35,3.4000000000000004,3.45,3.5,3.5500000000000003,3.6,3.6500000000000004,3.7,3.75,3.8000000000000003,3.85,3.9000000000000004,3.95,4.0,4.05,4.1000000000000005,4.15,4.2,4.25,4.3,4.3500000000000005,4.4,4.45,4.5,4.55,4.6000000000000005,4.65,4.7,4.75,4.800000000000001,4.8500000000000005,4.9,4.95,5.0,5.050000000000001],"gtau":[{"re":0.18487340479976133,"im":-0.0032925685414537166},{"re":0.17208039351044188,"im":-0.003029433938702548},{"re":0.1602912877891743,"im":-0.002789146396485962},{"re":0.14942697151920445,"im":-0.0025692065640172557},{"re":0.1394153932042975,"im":-0.0023679673084095023},{"re":0.1301907378016688,"im":-0.002183664758225251},{"re":0.1216929186302652,"im":-0.0020147196974152136},{"re":0.11386701130450635,"im":-0.0018597109304152762},{"re":0.10666280676484913,"im":-0.00171735227656974},{"re":0.10003432365760188,"im":-0.0015865442006392323},{"re":0.09393955210763964,"im":-0.00146623086102626},{"re":0.0883399832637379,"im":-0.0013554967784953629},{"re":0.08320034905740516,"im":-0.0012535232268576497},{"re":0.07848835525924587,"im":-0.001159551170926948},{"re":0.07417441068794012,"im":-0.0010729331959295825},{"re":0.07023146129225777,"im":-0.0009929814199648936},{"re":0.06663466000219663,"im":-0.0009191819603386775},{"re":0.06336129147912681,"im":-0.0008510238908226186},{"re":0.06039057002274187,"im":-0.0007880378383556113},{"re":0.057703484895733806,"im":-0.0007297953762480946},{"re":0.05528267726050546,"im":-0.0006759260555484014},{"re":0.05311228567221139,"im":-0.0006260766697804268},{"re":0.05117786420113857,"im":-0.000579917046370768},{"re":0.049466268782579835,"im":-0.0005371646205439691},{"re":0.047965550847447,"im":-0.0004975512939275985},{"re":0.046664894422320115,"im":-0.00046082455226847},{"re":0.045554520912084485,"im":-0.0004267553872355066},{"re":0.044625616114422624,"im":-0.0003951225668500122},{"re":0.0438703176498984,"im":-0.00036575321643668814},{"re":0.04328159718853859,"im":-0.0003384702147088192},{"re":0.04285323897717599,"im":-0.00031311459386878897},{"re":0.04257978292054267,"im":-0.00028952703423164284},{"re":0.042456482170366884,"im":-0.00026758186897644486},{"re":0.04247927922962081,"im":-0.0002471330643850798},{"re":0.04264476688270949,"im":-0.00022808570056983174},{"re":0.04295015887230057,"im":-0.0002103285370197889},{"re":0.043393265407284345,"im":-0.00019376034337848633},{"re":0.04397247806749496,"im":-0.00017828582138705733},{"re":0.04468672854516279,"im":-0.0001638205649904349},{"re":0.04553549288490654,"im":-0.00015028774725463643},{"re":0.04651877637894717,"im":-0.00013761239838095454},{"re":0.04763710526934406,"im":-0.00012573020689536423},{"re":0.04889151752165675,"im":-0.00011458137587080308},{"re":0.05028355200157609,"im":-0.00010410477031317217},{"re":0.051815252047682274,"im":-9.424341014826614e-5},{"re":0.05348916596430759,"im":-8.494867643443521e-5},{"re":0.05530834661274741,"im":-7.617264220249698e-5},{"re":0.0572763638797852,"im":-6.786905283688151e-5},{"re":0.05939731121676885,"im":-5.9997341719422116e-5},{"re":0.06167581486819651,"im":-5.2516529101377223e-5},{"re":0.06411704990592787,"im":-4.539100236703751e-5},{"re":0.06672675596007398,"im":-3.8586892763038056e-5},{"re":0.06951125890106438,"im":-3.207175408397845e-5},{"re":0.07247749393474874,"im":-2.5814339158511335e-5},{"re":0.0756330311246628,"im":-1.9785546761192444e-5},{"re":0.07898610696850045,"im":-1.3957067336906305e-5},{"re":0.08254565644724546,"im":-8.303062967395346e-6},{"re":0.08632135197121527,"im":-2.7980215274025537e-6},{"re":0.09032364721112827,"im":2.5858364911859007e-6},{"re":0.0945638216643559,"im":7.86773235981988e-6},{"re":0.09905403758025688,"im":1.307019171548917e-5},{"re":0.10380739450140691,"im":1.8216084497867968e-5},{"re":0.10883799436422495,"im":2.3326811688126583e-5},{"re":0.1141610141942186,"im":2.8420599400376795e-5},{"re":0.11979278855440172,"im":3.352117088315221e-5},{"re":0.12575088791229286,"im":3.8648893772867904e-5},{"re":0.13205418763556326,"im":4.382131613986616e-5},{"re":0.1387230517358567,"im":4.9060087078463765e-5},{"re":0.14577938262795267,"im":5.438504806120392e-5},{"re":0.1532467752566811,"im":5.981051509730584e-5},{"re":0.16115065560593886,"im":6.535737207971761e-5},{"re":0.1695184337356013,"im":7.104315597405948e-5},{"re":0.17837968080645356,"im":7.688341128615138e-5},{"re":0.18776633488881184,"im":8.290694829045976e-5},{"re":0.19771290849303394,"im":8.913198554783559e-5},{"re":0.20825672533285491,"im":9.557639311824849e-5},{"re":0.21943816079223066,"im":0.00010225427768120525},{"re":0.23130104288253334,"im":0.00010919589878760798},{"re":0.24389287341021926,"im":0.00011642350264582677},{"re":0.2572652387395468,"im":0.00012396424863509651},{"re":0.2714742022476451,"im":0.000131827454734559},{"re":0.28658080547808357,"im":0.00014003143070792575},{"re":0.3026515676055888,"im":0.00014858783770891156},{"re":0.3197590716078853,"im":0.00015750611704819922},{"re":0.33798261452325545,"im":0.00016679778242175393},{"re":0.3574089693659253,"im":0.00017646107963228928},{"re":0.37813318935750534,"im":0.00018648635803939967},{"re":0.4002595927849739,"im":0.0001968530749100887},{"re":0.4239027212005623,"im":0.00020752882945689852},{"re":0.44918871178928,"im":0.00021845649736688158},{"re":0.4762565712957773,"im":0.0002295641580400282},{"re":0.505259765036472,"im":0.0002407461038569491},{"re":0.5363679999444199,"im":0.000251854980867536},{"re":0.5697692463338346,