{"taus":[0.0,0.1,0.2,0.3,0.4,0.5,0.6,0.7,0.8,0.9,1.0],"gt":[0.28293129935527167,0.28315005701542845,0.29018036853726664,0.30434504204143487,0.32628254088661846,0.35699756332999444,0.39794140741621653,0.45113161059248835,0.5193256572099462,0.6062779819459446,0.7338176085256529]}