{"ns":[-0.8831413900887342,-0.8808457294082794,-0.8791331698558196,-0.8780549288174756,-0.8775947056851001,-0.8776599375548422,-0.8781023097334969,-0.8787335128673577,-0.8793467262248048,-0.8797429175631049,-0.8797514039538512,-0.8792457228027203,-0.8781602074695444,-0.8764871354059436,-0.8742751685099176,-0.8716198854339555,-0.8686506154869086,-0.8655151245852412,-0.8623640064314915,-0.8593365387640178,-0.8565489141740207,-0.8540860346908661,-0.8519970302756618,-0.8502942042421031,-0.8489560203566336,-0.8479325791372854,-0.8471533451727425,-0.8465361002089223,-0.845996091920526,-0.8454543755649798,-0.8448445589263747,-0.8441173202188005,-0.8432423976374497,-0.8422081186918664,-0.8410187276548989,-0.8396900562719445,-0.8382442094419909,-0.8367040415972149,-0.8350882232309367,-0.8334076645299281,-0.8316639206961757,-0.8298499551233183,-0.8279532652302534,-0.825960959370836,-0.8238659602844433,-0.8216732057728732,-0.8194045923982509,-0.8171015040100694,-0.8148240786565178,-0.8126468483425274],"bd2":[2,4,4,8,16,16,16,16,16,16,16,16,16,16,16,16,16,16,16,16,16,16,16,16,16,16,16,16,16,16,16,16,16,16,16,16,16,16,16,16,16,16,16,16,16,16,16,16,16,16,16,16,16,16,16,16,16,16,16,16,16,16,16,16,16,16,16,16,16,16,16,16,16,16,16,16,16,16,16,16,16,16,16,16,16,16,16,16,16,16,16,16,16,16,16,16,16,16,16,16,16,16,8,16,16,16,32,16,16,16,32,16,16,16,32,16,16,16,32,16,16,16,32,16,16,16,32,16,16,16,32,16,16,16,32,16,16,16,32,16,16,16,32,16,16,16,32,16,16,16,32,16,16,16,32,16,16,16,32,16,16,16,32,16,16,16,32,16,16,16,32,16,16,16,32,16,16,16,32,16,16,16,32,16,16,16,32,16,16,16,32,16,16,16,32,16,16,16,32,16,16,16,32,16,16,16,32,16,16,16,32,16,16,16,32,16,16,16,32,16,16,16,32,16,16,16,32,16,16,16,32,16,16,16,32,16,16,16,32,16,16,16,32,16,16,16,32,16,16,16,32,16,16,16,32,16,16,16,32,16,16,16,32,16,16,16,32,16,16,16,32,16,16,16,32,16,16,16,32,16,16,16,32,16,16,16,32,16,16,16,32,16,16,16,32,16,16,16,32,16,16,16,32,16,8,4,2,1],"taus":[0.1,0.2,0.30000000000000004,0.4,0.5,0.6000000000000001,0.7000000000000001,0.8,0.9,1.0,1.1,1.2000000000000002,1.3,1.4000000000000001,1.5,1.6,1.7000000000000002,1.8,1.9000000000000001,2.0,2.1,2.2,2.3000000000000003,2.4000000000000004,2.5,2.6,2.7,2.8000000000000003,2.9000000000000004,3.0,3.1,3.2,3.3000000000000003,3.4000000000000004,3.5,3.6,3.7,3.8000000000000003,3.9000000000000004,4.0,4.1000000000000005,4.2,4.3,4.4,4.5,4.6000000000000005,4.7,4.800000000000001,4.9,5.0,5.1000000000000005],"gtau":[{"re":0.18665111421654554,"im":-0.003322703246198506},{"re":0.16204245995294358,"im":-0.0028185488885479463},{"re":0.14110978837065558,"im":-0.0023969622655044503},{"re":0.12330804431315504,"im":-0.002043011419521107},{"re":0.10818246924780581,"im":-0.0017447791854539065},{"re":0.09535264119773806,"im":-0.0014926837500292118},{"re":0.08449968435242565,"im":-0.0012789694599139344},{"re":0.07535595919913662,"im":-0.0010973165777426368},{"re":0.06769670700690995,"im":-0.0009425484698525287},{"re":0.061333246389096555,"im":-0.0008104022135538973},{"re":0.05610741360394707,"im":-0.0006973478855655766},{"re":0.051887001066252006,"im":-0.0006004513849219046},{"re":0.04856201221126837,"im":-0.000517262902171119},{"re":0.046041580937659,"im":-0.00044572891349733675},{"re":0.04425143807036553,"im":-0.00038412266119652443},{"re":0.043131836137006864,"im":-0.0003309866040988426},{"re":0.042635854788608256,"im":-0.00028508700416581825},{"re":0.04272803109241234,"im":-0.0002453764216125263},{"re":0.04338326814287137,"im":-0.00021096333410493723},{"re":0.044585985080767304,"im":-0.0001810869002468987},{"re":0.04632948197401144,"im":-0.00015509606333252292},{"re":0.0486154978068712,"im":-0.0001324322912046683},{"re":0.05145394798252844,"im":-0.00011261526774443527},{"re":0.054862831413209086,"im":-9.523073518112952e-5},{"re":0.058868303754694484,"im":-7.992039025228149e-5},{"re":0.06350491818602881,"im":-6.637324716785263e-5},{"re":0.06881604008645914,"im":-5.431833984970441e-5},{"re":0.07485444775036196,"im":-4.351847867451229e-5},{"re":0.08168313763048721,"im":-3.3764880277674e-5},{"re":0.0893763596128531,"im":-2.4872521542281572e-5},{"re":0.09802091620187761,"im":-1.6676074455321846e-5},{"re":0.10771777024572927,"im":-9.026316613328379e-6},{"re":0.11858401795446215,"im":-1.7869207797421591e-6},{"re":0.13075530008873953,"im":5.168482847461299e-6},{"re":0.14438874392280857,"im":1.1959033795167924e-5},{"re":0.15966655395889662,"im":1.869925199024708e-5},{"re":0.17680040196043945,"im":2.5501602986267334e-5},{"re":0.19603680893964887,"im":3.247910211559826e-5},{"re":0.21766376656420758,"im":3.974804068644228e-5},{"re":0.24201891736895323,"im":4.7430946030045e-5},{"re":0.2694997083672709,"im":5.565989429071393e-5},{"re":0.3005760585925349,"im":6.458033506657246e-5},{"re":0.33580625187459223,"im":7.43556341088429e-5},{"re":0.3758569930999363,"im":8.517257458899736e-5},{"re":0.42152888079094974,"im":9.72481512449851e-5},{"re":0.4737889724343239,"im":0.00011083815853240788},{"re":0.5338127156844331,"im":0.0001262480392835327},{"re":0.6030383407544019,"im":0.0001438468082967658},{"re":0.683237975593039,"im":0.0001640849317094352},{"re":0.7766114076135316,"im":0.0001875172931499916},{"re":0.8859107809725942,"im":0.00021483238181113073}],"lt":[{"re":-0.003438137580521124,"im":0.8831413900887342},{"re":-0.12187742435122642,"im":0.8721678011938001},{"re":-0.23612586146729936,"im":0.8426955282733576},{"re":-0.3426575352380097,"im":0.7961264767648251},{"re":-0.4384415410192587,"im":0.7346180180395446},{"re":-0.5211066666264701,"im":0.660904676477131},{"re":-0.5890453592614747,"im":0.5780896073424718},{"re":-0.6414463380094448,"im":0.48941804709609865},{"re":-0.6782608287021072,"im":0.3980639379315979},{"re":-0.7001127147224944,"im":0.30694581456488906},{"re":-0.7081692349209798,"im":0.2185880929349837},{"re":-0.7039905831381962,"im":0.13503149403026582},{"re":-0.6893757483887244,"im":0.057793139118371625},{"re":-0.6662199907302336,"im":-0.012128195539224045},{"re":-0.6363932540540382,"im":-0.07421411468461882},{"re":-0.601646285619802,"im":-0.12836283921060856},{"re":-0.5635464436532226,"im":-0.17481212192683737},{"re":-0.5234413075214516,"im":-0.21405775776348945},{"re":-0.482446112782145,"im":-0.2467748460159964},{"re":-0.44145005916437974,"im":-0.2737465799614469},{"re":-0.40113534784095134,"im":-0.2958038200973246},{"re":-0.3620027970255017,"im":-0.3137759026760157},{"re":-0.3244015191659583,"im":-0.32845251482248256},{"re":-0.2885566165410893,"im":-0.3405564031762087},{"re":-0.2545934409902382,"im":-0.35072486388964913},{"re":-0.22255688770719695,"im":-0.3594989277215444},{"re":-0.19242536554435427,"im":-0.36731894137357585},{"re":-0.16411986773396078,"im":-0.3745255418290707},{"re":-0.13750906914584052,"im":-0.3813649577107734},{"re":-0.11241176480312705,"im":-0.38799763382450353},{"re":-0.08859804589360648,"im":-0.394508985153954},{"re":-0.0657905822209785,"im":-0.4009210798609746},{"re":-0.043667205203066266,"im":-0.40720398357842125},{"re":-0.02186561916831461,"im":-0.4132856480864861},{"re":9.377447292870298e-6,"im":-0.4190593977843428},{"re":0.02237624333760564,"im":-0.4243883424997403},{"re":0.04566507355303258,"im":-0.42910630733682203},{"re":0.07030462135525824,"im":-0.43301511260123643},{"re":0.09670845252146741,"im":-0.43587828074570895},{"re":0.12526033052230737,"im":-0.4374115472667063},{"re":0.15629839812944127,"im":-0.43727096800573134},{"re":0.19009723146548904,"im":-0.43503997394367144},{"re":0.22684663022411936,"im":-0.43021737539356064},{"re":0.26662620375253093,"im":-0.4222089552598811},{"re":0.30937547426177275,"im":-0.41032576567421153},{"re":0.354860279559106,"im":-0.3937924040989016},{"re":0.4026375484533643,"im":-0.3717682679697693},{"re":0.4520218423865569,"im":-0.3433840191565282},{"re":0.5020582166250843,"im":-0.30779425431243934},{"re":0.551506780942484,"im":-0.264245744645002},{"re":0.5988446805991737,"im":-0.2121586738085303}],