{"taus":[0.0,0.05,0.1,0.15,0.2,0.25,0.3,0.35,0.4,0.45,0.5,0.55,0.6,0.65,0.7,0.75,0.8,0.85,0.9,0.95,1.0,1.05,1.1,1.15,1.2,1.25,1.3,1.35,1.4,1.45,1.5,1.55,1.6,1.65,1.7,1.75,1.8,1.85,1.9,1.95,2.0,2.05,2.1,2.15,2.2,2.25,2.3,2.35,2.4,2.45,2.5,2.55,2.6,2.65,2.7,2.75,2.8,2.85,2.9,2.95,3.0,3.05,3.1,3.15,3.2,3.25,3.3,3.35,3.4,3.45,3.5,3.55,3.6,3.65,3.7,3.75,3.8,3.85,3.9,3.95,4.0,4.05,4.1,4.15,4.2,4.25,4.3,4.35,4.4,4.45,4.5,4.55,4.6,4.65,4.7,4.75,4.8,4.85,4.9,4.95,5.0],"gt":[0.18395499770961354,0.17105903320359345,0.1591793932842908,0.14823565887710133,0.13815447336983777,0.1288688717069703,0.12031768128677695,0.11244498610903972,0.10519964675391538,0.09853486974124487,0.09240782064972215,0.08677927608848965,0.08161331022776415,0.0768770121250163,0.07254023054153827,0.06857534334148206,0.0649570489105025,0.06166217733146195,0.058669519316634305,0.05595967112473617,0.05351489389163419,0.05131898597947202,0.049357167103640444,0.04761597313325697,0.046083160581173434,0.04474761990638734,0.04359929685213512,0.04262912119870517,0.04182894322838544,0.041191488088922444,0.040710452215044254,0.04038218497729587,0.040225665035211314,0.04051425682949453,0.04446155660324379,0.08937706434376888,0.6085191285658533,6.639360048749401,76.83032447226842,894.8914726341495,10441.50697030739,121985.11458003381,1.4267806588378428e6,1.6706389812029503e7,1.9581781680697134e8,2.2973960447108955e9,2.6977684469836456e10,3.170525118971619e11,3.728977287521324e12,4.3889066784941836e13,5.169027617663429e14,6.091536079895189e15,7.182762199063473e16,8.473945913821277e17,1.0002159202176215e19,1.1811402872481332e20,1.3953911276394586e21,1.649170476706027e22,1.9498437456177102e23,2.3061597084025282e24,2.7285124918201577e25,3.229253691723228e26,3.8230643392523137e27,4.527398363399677e28,5.363011511132511e29,6.354592475527974e30,7.531516348173313e31,8.92874457970524e32,1.0587900556357952e34,1.2558555871915906e35,1.489976963100946e36,1.768193195718868e37,2.0988973668105665e38,2.4921017286073722e39,2.9597560762954345e40,3.516130525930043e41,4.178276297853649e42,4.966581163381065e43,5.905440018149116e44,7.024065801296378e45,8.357471947967434e46,9.947665085967704e47,1.1845096214504103e49,1.411043072446779e50,1.6816713116296274e51,2.0052022179165172e52,2.3922738093779167e53,2.855757625489364e54,3.4112586051940164e55,4.077736972342564e56,4.8782851200255465e57,5.841102364154732e58,7.000723536756545e59,8.39957482772986e60,1.008995357995437e62,1.2136559968827756e63,1.4619750481367696e64,1.7639739719248778e65,2.1322053577329895e66,2.5824640546748934e67,3.134718870899234e68]}