{"bd2":[1,1,2,4,8,4,8,4,8,4,8,4,8,4,8,4,8,4,8,4,2,1,1,1],"taus":[0.0,0.05,0.1,0.15000000000000002,0.2,0.25,0.30000000000000004,0.35000000000000003,0.4,0.45,0.5],"bd1":[2,4,2,4,4,8,8,10,10,10,10,10,10,10,10,10,10,10,8,8,4,4,2,1],"gf":[0.43823060149713144,0.4345997423018768,0.43434306686635016,0.4374268085162793,0.4438755815963554,0.4537681200070241,0.46723905658668136,0.4844820122022105,0.5057540902893535,0.5313819149426774,0.5617693985028686]}