{"bd":[1,1,1,1,1,1,1,1,2,4,8,16,16,16,16,16,32,64,127,221,221,221,221,221,404,448,729,699,699,699,699,699,1024,851,1024,1024,1024,1024,1024,1024,1024,1024,1024,1024,1024,1024,1024,1024,1024,1024,1024,1024,1024,1024,1024,1024,1024,1024,1024,1024,1024,1024,1024,1024,1024,1024,1024,1024,1024,1024,1024,1024,1024,1024,1024,1024,1024,1024,1024,1024,1024,1024,1024,1024,1024,1024,1024,1024,1024,1024,1024,1024,1024,1024,1024,1024,1024,1024,1024,1024,1024,1024,1024,1024,1024,1024,1024,1024,1024,1024,1024,1024,1024,1024,1024,1024,1024,1024,1024,1024,1024,1024,1024,1024,1024,1024,1024,1024,1024,1024,1024,1024,1024,1024,1024,1024,1024,903,1024,701,701,701,701,701,715,444,397,220,220,220,220,220,127,64,32,16,16,16,16,16,8,4,2,1,1,1,1,1,1,1,1,1,1,1,1,1],"gf":[0.6072367959132491,0.3805360718542667,0.27292320666377,0.21081324971101112,0.17078819846443236,0.14347882180613905,0.12432997124512554,0.11080696798066908,0.1013890581178862,0.09514093736572565,0.0915089135430288,0.09022196509632317,0.09125222147340746,0.0948287942881347,0.10150643110550256,0.1123235482174695,0.12912135090812285,0.15520131381027014,0.19676835881018023,0.266423610186311,0.3927632040867509],"ts":[0.0,0.5,1.0,1.5,2.0,2.5,3.0,3.5,4.0,4.5,5.0,5.5,6.0,6.5,7.0,7.5,8.0,8.5,9.0,9.5,10.0]}