{"bd":[1,1,1,1,1,1,1,1,2,4,8,16,16,16,16,16,27,35,50,62,62,62,62,62,78,74,101,83,83,83,83,83,108,86,119,89,89,89,89,89,119,92,127,93,93,93,93,93,128,105,143,112,112,112,112,112,147,116,155,120,120,120,120,120,161,132,170,138,138,138,138,138,176,143,182,149,149,149,149,149,188,153,191,153,153,153,153,153,192,155,194,157,157,157,157,157,196,158,197,158,158,158,158,158,197,158,197,158,158,158,158,158,197,159,198,159,159,159,159,159,198,159,198,159,159,159,159,159,198,159,198,159,159,159,159,159,198,159,200,159,159,159,159,159,198,159,200,159,159,159,159,159,198,159,201,159,159,159,159,159,199,160,202,160,160,160,160,160,199,160,201,160,160,160,160,160,200,161,202,161,161,161,161,161,200,161,202,161,161,161,161,161,200,162,201,162,162,162,162,162,198,159,198,159,159,159,159,159,198,160,198,159,159,159,159,159,192,154,187,148,148,148,148,148,186,147,183,144,144,144,144,144,181,142,178,139,139,139,139,139,177,138,175,136,136,136,136,136,169,130,163,124,124,124,124,124,158,120,150,110,110,110,110,110,145,108,144,106,106,106,106,106,140,104,133,98,98,98,98,98,126,98,124,95,95,95,95,95,118,94,114,91,91,91,91,91,109,89,109,84,84,84,84,84,91,74,76,60,60,60,60,60,47,34,26,15,15,15,15,15,8,4,2,1,1,1,1,1,1,1,1,1,1,1,1,1],"gf":[0.5002357799413568,0.450634494538749,0.4088189883428797,0.373404491305499,0.34329046260058727,0.3175956622287588,0.2956109328691216,0.2767603622028533,0.26057909532113,0.24668752804571295,0.23477724882047915,0.22459193744876998,0.21592489129226974,0.2086072139633076,0.2025055275522749,0.1975021371270968,0.19350970825681715,0.19045820506126682,0.18829648854908365,0.1869891545557719,0.18651551237942762,0.18686894727435568,0.18805673157377395,0.1901002106304736,0.1930355520629998,0.19691480643550432,0.20180766723647559,0.20780380412150132,0.21501589361217022,0.223583618130647,0.2336786715505428,0.2455112163916718,0.25934080374635515,0.27547821668342365,0.29431069094264545,0.3163063803804875,0.3420461860116592,0.37224942936644173,0.40781047681859256,0.44984691630319396,0.4997642200586432],"ts":[0.0,0.1,0.2,0.30000000000000004,0.4,0.5,0.6000000000000001,0.7000000000000001,0.8,0.9,1.0,1.1,1.2000000000000002,1.3,1.4000000000000001,1.5,1.6,1.7000000000000002,1.8,1.9000000000000001,2.0,2.1,2.2,2.3000000000000003,2.4000000000000004,2.5,2.6,2.7,2.8000000000000003,2.9000000000000004,3.0,3.1,3.2,3.3000000000000003,3.4000000000000004,3.5,3.6,3.7,3.8000000000000003,3.9000000000000004,4.0]}