{"bd":[2,4,8,16,16,16,16,16,16,32,28,44,44,44,44,44,64,52,72,60,60,60,60,60,80,60,80,60,60,60,60,60,80,60,80,60,60,60,60,60,80,60,80,60,60,60,60,60,80,60,80,60,60,60,60,60,80,60,80,60,60,60,60,60,80,60,80,60,60,60,60,60,80,60,80,60,60,60,60,60,80,60,80,60,60,60,60,60,80,60,80,60,60,60,60,60,80,60,80,60,60,60,60,60,80,60,80,60,60,60,60,60,80,60,80,60,60,60,60,60,80,60,80,60,60,60,60,60,80,60,80,60,60,60,60,60,80,60,80,60,60,60,60,60,80,60,80,60,60,60,60,60,72,52,64,44,44,44,44,44,28,16,8,4,4,4,4,4,4,2,2,1,1,1,1,1],"gf":[0.4993015084239422,0.4824108806198779,0.4676626092041529,0.4549308262243594,0.44410810253567085,0.435104053037965,0.4278441790326035,0.422268925197466,0.4183329330401956,0.41600447690513187,0.4152650716666416,0.41610924509335473,0.41854447031967307,0.42259125724789115,0.4282834042752473,0.43566841480869134,0.444808086045496,0.4557792807094727,0.4686748959489774,0.4836050474965833,0.5006984915760577],"ts":[0.0,0.05,0.1,0.15000000000000002,0.2,0.25,0.30000000000000004,0.35000000000000003,0.4,0.45,0.5,0.55,0.6000000000000001,0.65,0.7000000000000001,0.75,0.8,0.8500000000000001,0.9,0.9500000000000001,1.0]}