{"bd":[2,4,8,16,16,16,16,16,16,32,28,44,44,44,44,44,64,52,72,60,60,60,60,60,80,60,80,64,64,64,64,64,92,88,112,100,100,100,100,100,120,100,120,104,104,104,104,104,128,116,136,124,124,124,124,124,144,124,144,124,124,124,124,124,144,128,148,128,128,128,128,128,148,132,152,136,136,136,136,136,156,136,156,136,136,136,136,136,156,140,160,144,144,144,144,144,164,144,164,144,144,144,144,144,164,144,164,144,144,144,144,144,164,144,164,144,144,144,144,144,164,144,164,144,144,144,144,144,164,144,164,144,144,144,144,144,164,144,164,144,144,144,144,144,164,144,164,144,144,144,144,144,164,144,164,144,144,144,144,144,164,144,164,144,144,144,144,144,164,144,164,144,144,144,144,144,164,144,164,144,144,144,144,144,164,144,164,144,144,144,144,144,164,144,164,144,144,144,144,144,164,144,164,144,144,144,144,144,164,144,164,144,144,144,144,144,164,144,164,144,144,144,144,144,164,144,164,144,144,144,144,144,160,140,156,136,136,136,136,136,152,136,156,136,136,136,136,136,152,132,148,128,128,128,128,128,148,128,148,128,128,128,128,128,136,116,132,112,112,112,112,112,132,112,124,100,100,100,100,100,112,92,104,84,84,84,84,84,104,84,104,84,84,84,84,84,92,72,80,60,60,60,60,60,80,60,80,60,60,60,60,60,72,52,64,44,44,44,44,44,28,16,8,4,4,4,4,4,4,2,2,1,1,1,1,1],"gf":[0.6604596211242356,0.6306822956439182,0.6031750422011325,0.577743259308741,0.5542130480129313,0.5324301208757,0.5122563215112512,0.4935607318347657,0.47624468027860056,0.46020766382747774,0.44536058899334785,0.4316231205925981,0.4189223935840563,0.40719367172520143,0.3963788754825753,0.3864250752481225,0.3772844192755501,0.36891377337022474,0.3612743367672546,0.3543312955503918,0.34805352161496445,0.34241330732961606,0.3373861391752968,0.3329526125815356,0.3290919294892198,0.3257896724136268,0.3230307781485525,0.3208060466423001,0.3191050776170642,0.3179230174212131,0.3172555154902647,0.3171009291393216,0.31745982469111106,0.3183343389051454,0.31971336291218644,0.3216201701509525,0.324066099823369,0.3270640822269148,0.33063011052434255,0.3347817519747799,0.3395403788757644],"ts":[0.0,0.05,0.1,0.15000000000000002,0.2,0.25,0.30000000000000004,0.35000000000000003,0.4,0.45,0.5,0.55,0.6000000000000001,0.65,0.7000000000000001,0.75,0.8,0.8500000000000001,0.9,0.9500000000000001,1.0,1.05,1.1,1.1500000000000001,1.2000000000000002,1.25,1.3,1.35,1.4000000000000001,1.4500000000000002,1.5,1.55,1.6,1.6500000000000001,1.7000000000000002,1.75,1.8,1.85,1.9000000000000001,1.9500000000000002,2.0]}