{"bd2":[320,320,291,1000],"bd1":[1000,1000,1000],"gf":[0.50063181678657,0.4520869333130228,0.41092210559544234,0.37576582351043003,0.3455381407589365,0.3193818882638508,0.2966116683640971,0.2766759456380241,0.2591282862512846,0.24360458244973657,0.22980671303588796,0.21748917609849103,0.20644717658030634,0.19650974705312577,0.18753656906563376,0.17940649911114406,0.17201734695499882,0.1652845346981481,0.15912646707639627,0.15348722382930344,0.1483126910445626,0.1435543658083879,0.1391720847612192,0.13513001890062792,0.13139764928041428,0.12794748550668394,0.12475622448217855,0.12180205939591193,0.11906715362191087,0.11653505591524962,0.11419112923623517,0.11202209812781815,0.1100163625062251,0.10816376471951551,0.106454713141266,0.10488097620968972,0.10343508999940722,0.10211058294093561,0.10090207856843385,0.09980386343071954,0.098811276585011,0.09792011683596448,0.09712679185886794,0.09642813245963067,0.09582140287698288,0.09530437140852567,0.09487499220034516,0.09453174297950047,0.09427337421178358,0.09409907119160216,0.09400820505696418,0.09400064285695633,0.09407654177455882,0.0942363617088358,0.09448090933017732,0.09481131479215932,0.09522913064576499,0.0957362382574812,0.09633489785757288,0.09702784059176237,0.0978182668068151,0.09870977664825237,0.09970549819575276,0.10081092195005423,0.10203151945075163,0.10337328380168931,0.10484280947475998,0.10644815892541522,0.10819643930500968,0.11009823159444179,0.11216460757708985,0.11440628038400018,0.11683542798958005,0.11947126185659537,0.12232559572247802,0.1254194518165233,0.12877462823466493,0.13241786320820748,0.1363704998814848,0.14066865128663417,0.1453494011514831,0.15045367007899238,0.1560293400640985,0.1621313542274503,0.16882169109442555,0.17617742050384885,0.184286078001331,0.19325072213705602,0.20319333073783455,0.2142578179440871,0.22661627195274292,0.24047433652843953,0.2560808574690437,0.2737373884318,0.2938107905412649,0.31675045588577444,0.3431100743826248,0.3735769176774219,0.4090087693218565,0.450483895772328,0.49936818321343],"ts":[0.0,0.1,0.2,0.30000000000000004,0.4,0.5,0.6000000000000001,0.7000000000000001,0.8,0.9,1.0,1.1,1.2000000000000002,1.3,1.4000000000000001,1.5,1.6,1.7000000000000002,1.8,1.9000000000000001,2.0,2.1,2.2,2.3000000000000003,2.4000000000000004,2.5,2.6,2.7,2.8000000000000003,2.9000000000000004,3.0,3.1,3.2,3.3000000000000003,3.4000000000000004,3.5,3.6,3.7,3.8000000000000003,3.9000000000000004,4.0,4.1000000000000005,4.2,4.3,4.4,4.5,4.6000000000000005,4.7,4.800000000000001,4.9,5.0,5.1000000000000005,5.2,5.300000000000001,5.4,5.5,5.6000000000000005,5.7,5.800000000000001,5.9,6.0,6.1000000000000005,6.2,6.300000000000001,6.4,6.5,6.6000000000000005,6.7,6.800000000000001,6.9,7.0,7.1000000000000005,7.2,7.300000000000001,7.4,7.5,7.6000000000000005,7.7,7.800000000000001,7.9,8.0,8.1,8.200000000000001,8.3,8.4,8.5,8.6,8.700000000000001,8.8,8.9,9.0,9.1,9.200000000000001,9.3,9.4,9.5,9.600000000000001,9.700000000000001,9.8,9.9,10.0]}