{"bd":[2,4,8,16,16,16,16,16,16,32,28,44,44,44,44,44,64,52,72,60,60,60,60,60,80,60,80,60,60,60,60,60,80,60,80,60,60,60,60,60,80,60,80,60,60,60,60,60,80,60,80,60,60,60,60,60,80,60,80,60,60,60,60,60,80,60,80,60,60,60,60,60,80,60,80,60,60,60,60,60,80,60,80,60,60,60,60,60,80,60,80,60,60,60,60,60,80,60,80,60,60,60,60,60,80,60,80,60,60,60,60,60,80,60,80,60,60,60,60,60,80,60,80,60,60,60,60,60,80,60,80,60,60,60,60,60,80,60,80,60,60,60,60,60,80,60,80,60,60,60,60,60,72,52,64,44,44,44,44,44,28,16,8,4,4,4,4,4,4,2,2,1,1,1,1,1],"gf":[0.6708484294004778,0.6238345206196373,0.5824626728152,0.5459920612776785,0.51380513137504,0.48538487071311665,0.46029690858001937,0.4381753150640714,0.41871126509207246,0.40164394287417404,0.3867532142894117,0.37385370721157707,0.3627900228253515,0.3534328641023444,0.3456759152186488,0.3394333425212371,0.3346378163154387,0.33123897520433426,0.3292022726348744,0.32850815976305964,0.32915157059952216],"ts":[0.0,0.05,0.1,0.15000000000000002,0.2,0.25,0.30000000000000004,0.35000000000000003,0.4,0.45,0.5,0.55,0.6000000000000001,0.65,0.7000000000000001,0.75,0.8,0.8500000000000001,0.9,0.9500000000000001,1.0]}