{"bd":[1,1,1,1,1,1,1,1,2,4,8,15,15,15,15,15,24,25,38,35,35,35,35,35,52,51,67,61,61,61,61,61,76,62,77,66,66,66,66,66,81,72,89,77,77,77,77,77,92,82,97,84,84,84,84,84,99,85,101,90,90,90,90,90,105,90,103,90,90,90,90,90,106,92,115,93,93,93,93,93,109,93,117,93,93,93,93,93,109,94,119,94,94,94,94,94,110,94,119,94,94,94,94,94,110,94,119,95,95,95,95,95,112,95,120,95,95,95,95,95,114,96,124,96,96,96,96,96,116,96,124,96,96,96,96,96,119,97,129,97,97,97,97,97,120,97,129,97,97,97,97,97,120,97,129,97,97,97,97,97,121,97,129,97,97,97,97,97,122,99,131,99,99,99,99,99,124,100,132,100,100,100,100,100,125,100,132,100,100,100,100,100,125,99,131,100,100,100,100,100,126,100,132,100,100,100,100,100,126,100,132,100,100,100,100,100,126,100,132,100,100,100,100,100,126,100,132,100,100,100,100,100,125,100,131,100,100,100,100,100,125,100,131,99,99,99,99,99,123,99,129,99,99,99,99,99,121,99,128,99,99,99,99,99,120,99,126,98,98,98,98,98,118,98,125,98,98,98,98,98,116,98,122,95,95,95,95,95,111,95,119,94,94,94,94,94,110,93,116,91,91,91,91,91,107,91,115,90,90,90,90,90,106,90,115,90,90,90,90,90,105,89,112,88,88,88,88,88,101,86,108,85,85,85,85,85,100,84,103,83,83,83,83,83,97,82,95,80,80,80,80,80,94,79,92,75,75,75,75,75,83,68,77,62,62,62,62,62,72,57,64,49,49,49,49,49,63,48,62,44,44,44,44,44,57,42,50,35,35,35,35,35,35,25,23,15,15,15,15,15,8,4,2,1,1,1,1,1,1,1,1,1,1,1,1,1],"gf":[0.5979106333234269,0.5315932664696161,0.47720042269094015,0.43215120122678885,0.39449678762455725,0.36274734369888684,0.33576457512505853,0.31265523453507493,0.292728850704906,0.27544109846737114,0.2602758635423245,0.24700736334371556,0.2353659196336348,0.22513002063477877,0.21612021610352294,0.20819027917782382,0.20122048884905933,0.19511238987313526,0.18978502826116492,0.1851717847925969,0.1812180833253586,0.17787932461068198,0.1751203058716597,0.17291299162770996,0.17123478484188168,0.17007061398602638,0.16941026238162815,0.16924836593385834,0.16958557076785374,0.17042684419556858,0.17178172661738741,0.1736665362646979,0.17610244469112954,0.17911660508067853,0.1827427153875307,0.18702217626079085,0.19200471102244349,0.19774957974338353,0.2043271721032742,0.21182086859025318,0.2203290226083545,0.22996819920734368,0.24087595019991387,0.25321609777234744,0.26718311180650356,0.28300900660347694,0.30097279038728864,0.3214129036176836,0.3447312661208075,0.37141988171088036,0.40208936667657313],"ts":[0.0,0.1,0.2,0.30000000000000004,0.4,0.5,0.6000000000000001,0.7000000000000001,0.8,0.9,1.0,1.1,1.2000000000000002,1.3,1.4000000000000001,1.5,1.6,1.7000000000000002,1.8,1.9000000000000001,2.0,2.1,2.2,2.3000000000000003,2.4000000000000004,2.5,2.6,2.7,2.8000000000000003,2.9000000000000004,3.0,3.1,3.2,3.3000000000000003,3.4000000000000004,3.5,3.6,3.7,3.8000000000000003,3.9000000000000004,4.0,4.1000000000000005,4.2,4.3,4.4,4.5,4.6000000000000005,4.7,4.800000000000001,4.9,5.0]}