{"bd":[1,1,1,1,1,1,1,1,2,4,7,12,12,12,12,12,18,17,22,22,22,22,22,22,27,26,32,29,29,29,29,29,34,30,35,33,33,33,33,33,38,35,40,35,35,35,35,35,40,35,40,35,35,35,35,35,40,35,43,35,35,35,35,35,40,35,43,35,35,35,35,35,40,35,43,35,35,35,35,35,40,35,43,35,35,35,35,35,40,35,43,35,35,35,35,35,40,35,43,35,35,35,35,35,40,35,43,35,35,35,35,35,40,35,42,35,35,35,35,35,38,34,37,32,32,32,32,32,34,29,33,28,28,28,28,28,31,26,27,23,23,23,23,23,25,20,21,16,16,16,16,16,18,13,16,11,11,11,11,11,7,4,2,1,1,1,1,1,1,1,1,1,1,1,1,1],"gf":[0.5883603602108303,0.5247092971635419,0.47354248585036296,0.4323626719944452,0.39928136290484634,0.3728440414613612,0.35188366139433847,0.33557488674512553,0.32331887471245385,0.31462037967780554,0.3091138853752606,0.3065403300747769,0.30673054637069636,0.30959387712533204,0.31511642519409133,0.32334427009169325,0.3343926438827158,0.34844788066107185,0.36575140775211346,0.386666728078305,0.41163963978916973],"ts":[0.0,0.1,0.2,0.30000000000000004,0.4,0.5,0.6000000000000001,0.7000000000000001,0.8,0.9,1.0,1.1,1.2000000000000002,1.3,1.4000000000000001,1.5,1.6,1.7000000000000002,1.8,1.9000000000000001,2.0]}