{"bd":[2,4,8,16,16,16,16,16,16,32,28,44,44,44,44,44,64,56,88,80,80,80,80,80,108,108,140,140,140,140,140,140,160,140,160,140,140,140,140,140,160,140,160,140,140,140,140,140,160,140,160,140,140,140,140,140,160,140,160,140,140,140,140,140,160,140,160,140,140,140,140,140,160,140,168,140,140,140,140,140,160,140,172,140,140,140,140,140,160,140,172,140,140,140,140,140,160,140,168,140,140,140,140,140,160,140,160,140,140,140,140,140,160,140,160,140,140,140,140,140,160,140,160,140,140,140,140,140,160,140,160,140,140,140,140,140,148,128,144,124,124,124,124,124,120,96,88,68,68,68,68,68,76,52,64,44,44,44,44,44,28,16,8,4,4,4,4,4,4,2,2,1,1,1,1,1],"gf":[0.6703081720510765,0.7074364827429683,0.6421109723926457,0.5816941289845499,0.5327362841599146,0.4938327799568859,0.4624882071348717,0.43661898412016936,0.4148932482726767,0.3965617054191001,0.381167931604604,0.3683480529041798,0.3577601815875636,0.34909678339751776,0.342117107218047,0.33666087508124953,0.33263425319799567,0.32998124312129307,0.3286573378592162,0.32858243037408247,0.3296918279489235],"ts":[0.0,0.05,0.1,0.15000000000000002,0.2,0.25,0.30000000000000004,0.35000000000000003,0.4,0.45,0.5,0.55,0.6000000000000001,0.65,0.7000000000000001,0.75,0.8,0.8500000000000001,0.9,0.9500000000000001,1.0]}