{"bd":[2,4,8,16,16,16,16,16,16,32,32,60,60,60,60,60,80,100,132,140,140,140,140,140,180,140,192,140,140,140,140,140,196,148,208,156,156,156,156,156,216,156,216,156,156,156,156,156,216,156,216,156,156,156,156,156,216,156,216,156,156,156,156,156,216,156,216,156,156,156,156,156,216,156,216,156,156,156,156,156,216,156,216,156,156,156,156,156,216,156,216,156,156,156,156,156,216,156,216,156,156,156,156,156,216,156,216,156,156,156,156,156,216,156,216,156,156,156,156,156,216,156,216,156,156,156,156,156,216,156,216,156,156,156,156,156,204,148,196,144,144,144,144,144,192,144,176,140,140,140,140,140,128,100,88,60,60,60,60,60,32,16,8,4,4,4,4,4,4,2,2,1,1,1,1,1],"gf":[0.6604628338086104,0.6027402591759619,0.5533889772284717,0.5110906751420605,0.4747983311317418,0.4436748220667046,0.417044953653102,0.39436069745409713,0.375175837925163,0.3591270205013734,0.3459194497982976,0.335316179149362,0.3271301218375043,0.3212182356304249,0.3174774199482266,0.3158419673766082,0.3162824632845207,0.3188058833461114,0.3234584152355012,0.3303255096433355,0.3395371661913896],"ts":[0.0,0.1,0.2,0.30000000000000004,0.4,0.5,0.6000000000000001,0.7000000000000001,0.8,0.9,1.0,1.1,1.2000000000000002,1.3,1.4000000000000001,1.5,1.6,1.7000000000000002,1.8,1.9000000000000001,2.0]}