{"bd":[1,1,1,1,1,1,1,1,2,4,7,11,11,11,11,11,15,13,18,15,15,15,15,15,19,15,20,15,15,15,15,15,19,15,20,15,15,15,15,15,20,17,23,18,18,18,18,18,22,18,23,19,19,19,19,19,23,20,25,21,21,21,21,21,26,24,29,25,25,25,25,25,29,25,30,25,25,25,25,25,29,25,30,25,25,25,25,25,30,25,30,25,25,25,25,25,30,26,31,27,27,27,27,27,32,27,32,29,29,29,29,29,34,30,35,31,31,31,31,31,36,33,38,33,33,33,33,33,38,33,38,33,33,33,33,33,38,33,38,33,33,33,33,33,38,33,38,33,33,33,33,33,38,33,38,33,33,33,33,33,38,33,38,33,33,33,33,33,38,33,38,33,33,33,33,33,38,33,38,33,33,33,33,33,38,33,38,33,33,33,33,33,38,33,38,33,33,33,33,33,38,33,38,33,33,33,33,33,38,33,38,33,33,33,33,33,38,33,38,33,33,33,33,33,38,33,38,33,33,33,33,33,38,33,38,33,33,33,33,33,38,33,38,33,33,33,33,33,38,33,38,33,33,33,33,33,38,33,38,33,33,33,33,33,38,33,38,33,33,33,33,33,38,33,38,33,33,33,33,33,38,33,38,33,33,33,33,33,38,33,38,33,33,33,33,33,38,33,38,33,33,33,33,33,38,33,38,33,33,33,33,33,38,33,38,33,33,33,33,33,38,33,38,33,33,33,33,33,38,33,38,33,33,33,33,33,38,33,38,33,33,33,33,33,38,33,38,33,33,33,33,33,38,33,38,33,33,33,33,33,38,33,38,33,33,33,33,33,38,33,38,33,33,33,33,33,38,33,38,33,33,33,33,33,38,33,38,33,33,33,33,33,38,33,38,33,33,33,33,33,38,33,38,33,33,33,33,33,38,33,38,33,33,33,33,33,38,33,38,33,33,33,33,33,38,33,38,33,33,33,33,33,37,33,37,33,33,33,33,33,37,32,36,31,31,31,31,31,36,31,36,31,31,31,31,31,36,31,36,31,31,31,31,31,36,31,36,31,31,31,31,31,36,31,36,31,31,31,31,31,36,31,36,31,31,31,31,31,35,30,35,30,30,30,30,30,34,29,31,26,26,26,26,26,31,26,30,25,25,25,25,25,30,25,30,25,25,25,25,25,30,25,30,25,25,25,25,25,29,24,28,24,24,24,24,24,29,24,28,23,23,23,23,23,28,23,28,23,23,23,23,23,28,23,28,23,23,23,23,23,28,23,28,23,23,23,23,23,26,22,26,21,21,21,21,21,24,20,24,20,20,20,20,20,23,19,21,17,17,17,17,17,20,17,21,17,17,17,17,17,20,17,21,17,17,17,17,17,20,17,21,17,17,17,17,17,20,17,21,17,17,17,17,17,20,17,19,15,15,15,15,15,16,13,15,11,11,11,11,11,7,4,2,1,1,1,1,1,1,1,1,1,1,1,1,1],"gf":[0.5953274598391953,0.560763326331557,0.5296321529267226,0.5015461621551442,0.4761639754021439,0.4531858701653231,0.43234860443146556,0.4134207497789883,0.39619761959252237,0.380500701729774,0.36617972934932036,0.3530786609757662,0.34108410685101465,0.330087646068498,0.31999340244962865,0.3107163894795739,0.3021811977039638,0.29432081355810935,0.2870756594042096,0.28039193714478894,0.27422347298822597,0.2685282989740588,0.2632694423080454,0.2584135569433527,0.2539309069877252,0.2497949868706277,0.2459855962505389,0.24250796785792564,0.2393027447591315,0.23636112609474505,0.23366819190803395,0.23121067715323587,0.22897686938504258,0.22695646667750377,0.22514044036935313,0.22352088396408742,0.22209103609030792,0.220845161456873,0.21977847105104772,0.21888707626699183,0.2181679370647835,0.2176188219749356,0.2172382827354694,0.21702562700052266,0.21698090036450043,0.2171048765744868,0.2173990508101846,0.21786563596497632,0.21850756257852375,0.21932849687367467,0.22033285684510825,0.2215258434753481,0.2229134336095049,0.22450244042633305,0.2263005665034575,0.22831642104976546,0.23055955864536928,0.23304059782290576,0.23577122107608875,0.23876430875606852,0.24203406566645766,0.24559602367161923,0.24946721320371557,0.25366644259363313,0.25821405361631283,0.2631534652006649,0.26849272772731914,0.27425289227466637,0.28046703796017636,0.28716178591554337,0.2943683092700648,0.3021254521348047,0.31047319168352266,0.3194551892338138,0.32911800809058234,0.3395182883241184,0.3507073535362647,0.3627467684900227,0.37570381923197926,0.3896521314099996,0.4046725401608047],"ts":[0.0,0.05,0.1,0.15000000000000002,0.2,0.25,0.30000000000000004,0.35000000000000003,0.4,0.45,0.5,0.55,0.6000000000000001,0.65,0.7000000000000001,0.75,0.8,0.8500000000000001,0.9,0.9500000000000001,1.0,1.05,1.1,1.1500000000000001,1.2000000000000002,1.25,1.3,1.35,1.4000000000000001,1.4500000000000002,1.5,1.55,1.6,1.6500000000000001,1.7000000000000002,1.75,1.8,1.85,1.9000000000000001,1.9500000000000002,2.0,2.0500000000000003,2.1,2.15,2.2,2.25,2.3000000000000003,2.35,2.4000000000000004,2.45,2.5,2.5500000000000003,2.6,2.6500000000000004,2.7,2.75,2.8000000000000003,2.85,2.9000000000000004,2.95,3.0,3.0500000000000003,3.1,3.1500000000000004,3.2,3.25,3.3000000000000003,3.35,3.4000000000000004,3.45,3.5,3.5500000000000003,3.6,3.6500000000000004,3.7,3.75,3.8000000000000003,3.85,3.9000000000000004,3.95,4.0]}