{"bd":[1,1,1,1,1,1,1,1,1,1,1,1,2,4,8,16,16,16,16,16,16,16,16,16,30,39,64,66,66,66,66,66,66,66,66,66,96,74,109,84,84,84,84,84,84,84,84,84,120,89,126,94,94,94,94,94,94,94,94,94,130,99,136,104,104,104,104,104,104,104,104,104,140,104,143,106,106,106,106,106,106,106,106,106,145,107,146,110,110,110,110,110,110,110,110,110,148,115,151,117,117,117,117,117,117,117,117,117,155,117,156,117,117,117,117,117,117,117,117,117,155,119,157,118,118,118,118,118,118,118,118,118,156,118,157,118,118,118,118,118,118,118,118,118,155,118,153,114,114,114,114,114,114,114,114,114,147,109,144,106,106,106,106,106,106,106,106,106,143,106,135,94,94,94,94,94,94,94,94,94,132,94,125,87,87,87,87,87,87,87,87,87,123,87,121,86,86,86,86,86,86,86,86,86,118,83,117,82,82,82,82,82,82,82,82,82,105,75,95,66,66,66,66,66,66,66,66,66,57,39,28,16,16,16,16,16,16,16,16,16,8,4,2,1,1,1,1,1,1,1,1,1,1,1,1,1,1,1,1,1,1,1,1,1],"gf":[0.4997219082525774,0.4474627158121456,0.40487973936451965,0.3702972713684982,0.3424200140221351,0.32024852072320553,0.30301768338592444,0.2901519878703173,0.2812332842290147,0.2759781825787498,0.27422316961288007,0.2759162103865687,0.2811141543394833,0.2899857372872094,0.30282046240242777,0.3200438315350353,0.3422406993701462,0.37018822904729365,0.4049016686509483,0.4476971941500603,0.5002780917474225],"ts":[0.0,0.1,0.2,0.30000000000000004,0.4,0.5,0.6000000000000001,0.7000000000000001,0.8,0.9,1.0,1.1,1.2000000000000002,1.3,1.4000000000000001,1.5,1.6,1.7000000000000002,1.8,1.9000000000000001,2.0]}