{"bd":[1,1,1,1,1,1,1,1,1,1,1,1,2,4,7,11,16,22,29,37,46,56,67,79,91,102,111,117,121,128,128,126,118,111,102,91,102,111,118,123,126,128,126,122,117,110,101,91,102,111,118,123,126,128,126,122,117,110,101,91,102,111,118,123,126,128,127,123,118,111,102,92,103,112,119,124,127,128,128,124,122,117,108,98,109,118,123,125,128,128,128,124,122,118,111,102,112,119,123,125,128,128,128,124,122,118,111,102,112,119,123,125,128,128,128,124,119,113,105,95,106,114,120,125,128,128,128,124,119,112,103,93,104,113,120,125,128,128,127,123,118,111,102,92,103,112,119,124,127,128,127,123,118,111,102,92,103,112,119,124,127,128,127,123,118,111,102,92,103,112,119,124,127,128,126,122,117,110,101,91,101,110,116,120,123,128,121,116,110,102,91,79,67,56,46,37,29,22,16,11,7,4,2,1,1,1,1,1,1,1,1,1,1,1,1,1],"gf":[0.7896336273658402,0.657731414447914,0.5635268699740992,0.49326372783065137,0.4389840837983118,0.395863037444254,0.3608509854688952,0.3319452084842341,0.3077838654007485,0.2874117501763467,0.27014052183748094,0.25546272732692543,0.2429973352937104,0.23245419603933548,0.22361003051721715,0.21629229417945614,0.2103663726341598],"ts":[0.0,0.0625,0.125,0.1875,0.25,0.3125,0.375,0.4375,0.5,0.5625,0.625,0.6875,0.75,0.8125,0.875,0.9375,1.0]}