{"bd":[2,4,8,16,16,16,16,16,16,32,28,52,52,52,52,52,80,76,96,104,104,104,104,104,124,124,152,140,140,140,140,140,180,140,184,140,140,140,140,140,184,140,184,140,140,140,140,140,184,140,184,140,140,140,140,140,184,140,176,140,140,140,140,140,148,128,132,108,108,108,108,108,100,80,80,60,60,60,60,60,32,16,8,4,4,4,4,4,4,2,2,1,1,1,1,1],"gf":[0.6707646051533238,0.5822307875055085,0.5135237250872465,0.4600188910822827,0.4184639429668026,0.3865514305570248,0.36264177977400675,0.3455858065342838,0.3346076673861009,0.32923084429428845,0.3292353948466762],"ts":[0.0,0.1,0.2,0.30000000000000004,0.4,0.5,0.6000000000000001,0.7000000000000001,0.8,0.9,1.0]}