{"bd":[2,4,4,8,16,32,64,124,192,336,300,482,360,552,396,608,416,628,430,636,440,636,442,634,438,620,428,604,412,568,390,522,350,460,278,244,126,64,32,16,8,4,2,1],"gf":[0.49996023994358846,0.4546659572969033,0.41726049469928994,0.38652215368244586,0.36148751677703617,0.3414003144840641,0.3256730954069631,0.3138585874461952,0.30562870965472466,0.30075954677053646,0.2991213749051774,0.30067292477847346,0.3054596474501972,0.31361573409831245,0.3253701408743805,0.3410568902396409,0.3611305000102169,0.38618745640315677,0.41699552545398283,0.454532770537711,0.5000397600564115],"ts":[0.0,0.1,0.2,0.30000000000000004,0.4,0.5,0.6000000000000001,0.7000000000000001,0.8,0.9,1.0,1.1,1.2000000000000002,1.3,1.4000000000000001,1.5,1.6,1.7000000000000002,1.8,1.9000000000000001,2.0]}