{"bd":[2,4,4,8,16,32,64,124,192,336,300,488,354,550,392,610,420,638,432,644,444,644,450,640,444,626,428,602,410,572,388,524,344,460,278,244,126,64,32,16,8,4,2,1],"gf":[0.4999600748932126,0.45466580071447693,0.4172603488256507,0.3865220074715442,0.3614873638921418,0.3414001649819813,0.3256729329509326,0.31385841165505224,0.3056285221737462,0.30075935601998305,0.29912119104901147,0.30067275329400117,0.3054594904646009,0.31361559585914833,0.32537001646673425,0.34105677180998856,0.36113040460298,0.38618739073508307,0.41699551328231005,0.45453282786091076,0.5000399251067874],"ts":[0.0,0.1,0.2,0.30000000000000004,0.4,0.5,0.6000000000000001,0.7000000000000001,0.8,0.9,1.0,1.1,1.2000000000000002,1.3,1.4000000000000001,1.5,1.6,1.7000000000000002,1.8,1.9000000000000001,2.0]}