{"bd2":[320,320,320,2000],"bd1":[1880,2000,2000],"gf":[0.501044952103734,0.4520248411568502,0.41049470242086117,0.3750579675934511,0.3446153131189873,0.3182947292969129,0.29539944740314716,0.275369233042444,0.2577504531977344,0.24217349805524382,0.22833574529281525,0.21598799948743236,0.2049233294369187,0.19496971747479452,0.18598335006741995,0.17784316011666176,0.17044689859616566,0.163707684585505,0.15755119249674787,0.15191430619466564,0.14674218501165087,0.14198795087614563,0.13761081540308107,0.13357519100190646,0.12984991138830754,0.1264077854200365,0.12322500872635925,0.12028005534780839,0.11755433989502054,0.1150312656855641,0.11269615597999895,0.11053592721472612,0.10853877990461791,0.10669442093086969,0.1049934169239737,0.10342750566919186,0.10198940780375827,0.1006722073151222,0.09946975471514326,0.09837730627434067,0.09738993442609913,0.0965033555858174,0.09571400531013549,0.09501883543774622,0.09441504503204236,0.09390026391886999,0.09347254991436725,0.09313032705363836,0.09287237198636973,0.09269778473169982,0.09260606167355095,0.09259699557902186,0.09267074779949858,0.0928277664132255,0.09306888100506329,0.09339525394719198,0.0938083892619722,0.09431020029221192,0.09490294574856314,0.09558933237330573,0.09637252821887518,0.09725616654480783,0.09824447944936243,0.0993424516949709,0.1005550146350386,0.10188808031482927,0.10334858671058017,0.10494369396825426,0.10668176417411604,0.10857256544464415,0.11062661162806245,0.11285574964146856,0.11527314051048188,0.11789363234140192,0.12073410554106595,0.12381351673828059,0.12715317690977093,0.13077752765731052,0.13471406779633038,0.13899441575172197,0.1436544742060177,0.14873615219060676,0.1542872230200676,0.1603629308694917,0.16702745092402294,0.1743556851783247,0.18243555271013087,0.19137031683950287,0.20128287887186128,0.21231928336954994,0.22465358018832993,0.23849464199607925,0.2540946839213479,0.2717601308971069,0.2918647716974294,0.31486758513516544,0.3413356389249321,0.3719738666174809,0.40766455924009876,0.44952036535566536,0.498955047896266],"ts":[0.0,0.1,0.2,0.30000000000000004,0.4,0.5,0.6000000000000001,0.7000000000000001,0.8,0.9,1.0,1.1,1.2000000000000002,1.3,1.4000000000000001,1.5,1.6,1.7000000000000002,1.8,1.9000000000000001,2.0,2.1,2.2,2.3000000000000003,2.4000000000000004,2.5,2.6,2.7,2.8000000000000003,2.9000000000000004,3.0,3.1,3.2,3.3000000000000003,3.4000000000000004,3.5,3.6,3.7,3.8000000000000003,3.9000000000000004,4.0,4.1000000000000005,4.2,4.3,4.4,4.5,4.6000000000000005,4.7,4.800000000000001,4.9,5.0,5.1000000000000005,5.2,5.300000000000001,5.4,5.5,5.6000000000000005,5.7,5.800000000000001,5.9,6.0,6.1000000000000005,6.2,6.300000000000001,6.4,6.5,6.6000000000000005,6.7,6.800000000000001,6.9,7.0,7.1000000000000005,7.2,7.300000000000001,7.4,7.5,7.6000000000000005,7.7,7.800000000000001,7.9,8.0,8.1,8.200000000000001,8.3,8.4,8.5,8.6,8.700000000000001,8.8,8.9,9.0,9.1,9.200000000000001,9.3,9.4,9.5,9.600000000000001,9.700000000000001,9.8,9.9,10.0]}