{"bd":[1,1,1,1,1,1,1,1,2,4,8,16,16,16,16,16,30,39,64,66,66,66,66,66,96,74,109,84,84,84,84,84,120,89,126,94,94,94,94,94,130,99,136,104,104,104,104,104,140,104,143,106,106,106,106,106,145,107,146,110,110,110,110,110,148,115,151,117,117,117,117,117,155,117,156,117,117,117,117,117,155,119,157,118,118,118,118,118,156,118,157,118,118,118,118,118,155,118,153,114,114,114,114,114,147,109,144,106,106,106,106,106,143,106,135,94,94,94,94,94,132,94,125,87,87,87,87,87,123,87,121,86,86,86,86,86,118,83,117,82,82,82,82,82,105,75,95,66,66,66,66,66,57,39,28,16,16,16,16,16,8,4,2,1,1,1,1,1,1,1,1,1,1,1,1,1],"gf":[0.4999602239903277,0.45466633609778934,0.4172613410300716,0.38652340744095737,0.3614890840905393,0.34140208492411545,0.3256749529774413,0.3138604594676627,0.30563056335677774,0.300761388487798,0.2991232133234909,0.3006747765446531,0.305461512479044,0.31361760106391645,0.32537201573990854,0.3410586949115307,0.36113211633089337,0.3861887737025631,0.41699642163865336,0.45453321163286736,0.5000397760096723],"ts":[0.0,0.1,0.2,0.30000000000000004,0.4,0.5,0.6000000000000001,0.7000000000000001,0.8,0.9,1.0,1.1,1.2000000000000002,1.3,1.4000000000000001,1.5,1.6,1.7000000000000002,1.8,1.9000000000000001,2.0]}