{"bd":[2,4,8,16,16,16,16,16,16,32,28,44,44,44,44,44,64,52,72,60,60,60,60,60,80,60,80,60,60,60,60,60,80,60,80,60,60,60,60,60,80,60,80,60,60,60,60,60,80,60,80,60,60,60,60,60,80,60,80,60,60,60,60,60,80,60,80,60,60,60,60,60,80,60,80,60,60,60,60,60,80,60,80,60,60,60,60,60,80,60,80,60,60,60,60,60,80,60,80,60,60,60,60,60,80,60,80,60,60,60,60,60,80,60,80,60,60,60,60,60,80,60,80,60,60,60,60,60,80,60,80,60,60,60,60,60,80,60,80,60,60,60,60,60,80,60,80,60,60,60,60,60,72,52,64,44,44,44,44,44,28,16,8,4,4,4,4,4,4,2,2,1,1,1,1,1],"gf":[0.5805239483496261,0.5517075220096747,0.5262674849291274,0.5038783557961707,0.48425642813754527,0.4671546384313112,0.4523581692020578,0.43968068015580936,0.42896107771156966,0.4200607480870408,0.4128611906803722,0.4072619991531256,0.40317914553682177,0.40054353029828427,0.3992997671014108,0.39940517632244826,0.4008289658727179,0.4035515817601534,0.40756421425314815,0.41286844855620525,0.41947605165037394],"ts":[0.0,0.05,0.1,0.15000000000000002,0.2,0.25,0.30000000000000004,0.35000000000000003,0.4,0.45,0.5,0.55,0.6000000000000001,0.65,0.7000000000000001,0.75,0.8,0.8500000000000001,0.9,0.9500000000000001,1.0]}