{"bd":[1,1,1,1,1,1,1,1,1,1,1,1,2,4,7,11,16,22,22,22,22,22,22,22,29,24,31,26,33,28,28,28,28,28,28,28,35,28,35,28,35,28,28,28,28,28,28,28,35,28,35,28,35,28,28,28,28,28,28,28,35,28,35,28,35,28,28,28,28,28,28,28,35,28,35,28,35,28,28,28,28,28,28,28,35,28,35,28,35,28,28,28,28,28,28,28,35,28,35,28,35,28,28,28,28,28,28,28,35,28,35,28,35,28,28,28,28,28,28,28,35,28,35,28,35,28,28,28,28,28,28,28,35,28,35,28,35,28,28,28,28,28,28,28,35,28,35,28,35,28,28,28,28,28,28,28,35,28,35,28,35,28,28,28,28,28,28,28,35,28,35,28,35,28,28,28,28,28,28,28,35,28,35,28,35,28,28,28,28,28,28,28,35,28,35,28,35,28,28,28,28,28,28,28,35,28,35,28,35,28,28,28,28,28,28,28,35,28,35,28,35,28,28,28,28,28,28,28,33,26,31,24,29,22,22,22,22,22,22,22,16,11,7,4,2,1,1,1,1,1,1,1,1,1,1,1,1,1,1,1,1,1,1,1],"gf":[0.11798369131815907,0.15849514347236554,0.12344067728464786,0.10042855179945598,0.09875052700111678,0.054863845512818164,0.09183765286256218,0.05561755630925646,0.03234316750694756,0.10170406646999439,-0.06698389659521413,0.08243960649662613,-0.04773970095232664,-0.19075923809592504,0.15092848040346774,-0.5769603110747688,0.05243146755381372,-0.3426706495721778,-1.048406563707313,0.7564528571187163,0.8820163086818409],"ts":[0.0,0.05,0.1,0.15000000000000002,0.2,0.25,0.30000000000000004,0.35000000000000003,0.4,0.45,0.5,0.55,0.6000000000000001,0.65,0.7000000000000001,0.75,0.8,0.8500000000000001,0.9,0.9500000000000001,1.0]}