{"bd2":[240,240,240,240,224,758],"bd1":[2000,2000,2000,2000,2000],"gf":[0.49972405091632227,0.4478914129915252,0.4056374192753393,0.37130600081754744,0.3436156507803821,0.3215721492812336,0.3044290176147032,0.2916218613309203,0.28273894705460717,0.2775024460843686,0.2757518916645778,0.277436537893372,0.28261241147456007,0.29144552058983747,0.3042203597708158,0.32135526556903754,0.34342552380574054,0.37119502084298417,0.40565924143400534,0.4481227943909763,0.5002759490836777],"ts":[0.0,0.1,0.2,0.30000000000000004,0.4,0.5,0.6000000000000001,0.7000000000000001,0.8,0.9,1.0,1.1,1.2000000000000002,1.3,1.4000000000000001,1.5,1.6,1.7000000000000002,1.8,1.9000000000000001,2.0]}