{"bd":[2,4,4,8,16,32,64,124,192,336,308,478,376,550,420,600,436,628,450,632,460,632,460,626,458,618,442,598,428,570,406,518,352,454,280,244,126,64,32,16,8,4,2,1],"gf":[0.4999612576742755,0.4546742173135519,0.41727350038246436,0.386538184522179,0.36150543536437596,0.3414193539714096,0.3256927605970558,0.3138785929673911,0.30564891669748095,0.30077987542305623,0.29914175396814374,0.30069337048814343,0.30548007847299524,0.31363606238812114,0.3253901800307224,0.3410763345202664,0.36114880472961636,0.3862037607982979,0.4170085172351562,0.4545403258604932,0.5000387423257244],"ts":[0.0,0.1,0.2,0.30000000000000004,0.4,0.5,0.6000000000000001,0.7000000000000001,0.8,0.9,1.0,1.1,1.2000000000000002,1.3,1.4000000000000001,1.5,1.6,1.7000000000000002,1.8,1.9000000000000001,2.0]}