{"taus":[0.2,0.4,0.6000000000000001,0.8,1.0,1.2000000000000002,1.4000000000000001,1.6,1.8,2.0,2.2,2.4000000000000004,2.6,2.8000000000000003,3.0,3.2,3.4000000000000004,3.6,3.8000000000000003,4.0,4.2,4.4,4.6000000000000005,4.800000000000001,5.0,5.2,5.4,5.6000000000000005,5.800000000000001,6.0,6.2,6.4,6.6000000000000005,6.800000000000001,7.0,7.2,7.4,7.6000000000000005,7.800000000000001,8.0,8.200000000000001,8.4,8.6,8.8,9.0,9.200000000000001,9.4,9.600000000000001,9.8,10.0,10.200000000000001],"bd":[2,4,8,16,8,16,8,16,16,32,32,64,64,128,128,256,256,300,300,300,300,300,300,300,300,300,300,300,300,300,300,300,300,300,300,300,300,300,300,300,300,300,300,300,300,300,300,300,300,300,300,300,300,300,300,300,300,300,300,300,300,300,300,300,300,300,300,300,300,300,300,300,300,300,300,300,300,300,300,300,300,300,300,300,300,300,300,300,300,300,300,300,300,300,300,300,300,300,300,300,300,300,300,300,300,300,300,300,300,300,300,300,300,300,300,300,300,300,300,300,300,300,300,300,300,300,300,300,300,300,300,300,300,300,300,300,300,300,300,300,300,300,300,300,300,300,300,300,300,300,300,300,300,300,300,300,300,300,300,300,300,300,300,300,300,300,300,300,300,300,300,300,300,300,300,300,300,300,300,300,300,300,300,300,300,300,300,300,300,300,300,300,300,300,256,256,128,128,64,64,32,32,16,16,8,4,2,1],"gtau":[-1.0560606316666995e-16,-1.1387840289366542e-15,-1.6679381327904913e-15,1.129192892490961e-15,2.8897992891477854e-18,1.868793475614118e-15,4.034392366779523e-16,4.0653925933448073e-16,-7.10251003998183e-16,6.989935518828058e-16,3.7780243792979365e-15,3.92571644788127e-16,6.012251331131085e-15,3.3333083496505256e-15,1.4166488321386913e-16,-2.821451819236796e-15,-5.022859243501053e-17,-1.0450269500632174e-16,-1.18788237094983e-15,-2.0484671821234842e-15,1.4375432072674524e-15,3.1430566697616107e-16,3.6728190710824835e-16,-2.20475005729373e-16,4.557029855440793e-16,-4.52816295628627e-16,8.092640536619828e-16,2.6588558087510616e-15,1.1020735002142152e-14,4.327847129960599e-14,1.7330048775419389e-13,7.050012959311083e-13,2.903613144089842e-12,1.1955263229168394e-11,4.9336504986695265e-11,2.0413750770664235e-10,8.46901522476045e-10,3.524459356980079e-9,1.4700999953905273e-8,6.156044920418346e-8,2.5889042228081483e-7,1.0945224998303011e-6,4.653176910377832e-6,1.99172032046614e-5,8.598089747312251e-5,0.00037527159371748906,0.0016622327613714644,0.007519418876989136,0.03515370343115548,0.17442638096715243,1.0000000000001756]}