{"taus":[0.2,0.4,0.6000000000000001,0.8,1.0,1.2000000000000002,1.4000000000000001,1.6,1.8,2.0,2.2,2.4000000000000004,2.6,2.8000000000000003,3.0,3.2,3.4000000000000004,3.6,3.8000000000000003,4.0,4.2,4.4,4.6000000000000005,4.800000000000001,5.0,5.2,5.4,5.6000000000000005,5.800000000000001,6.0,6.2,6.4,6.6000000000000005,6.800000000000001,7.0,7.2,7.4,7.6000000000000005,7.800000000000001,8.0,8.200000000000001,8.4,8.6,8.8,9.0,9.200000000000001,9.4,9.600000000000001,9.8,10.0,10.200000000000001],"bd":[2,4,8,16,8,16,8,16,16,20,20,20,20,20,20,20,20,20,20,20,20,20,20,20,20,20,20,20,20,20,20,20,20,20,20,20,20,20,20,20,20,20,20,20,20,20,20,20,20,20,20,20,20,20,20,20,20,20,20,20,20,20,20,20,20,20,20,20,20,20,20,20,20,20,20,20,20,20,20,20,20,20,20,20,20,20,20,20,20,20,20,20,20,20,20,20,20,20,20,20,20,20,20,20,20,20,20,20,20,20,20,20,20,20,20,20,20,20,20,20,20,20,20,20,20,20,20,20,20,20,20,20,20,20,20,20,20,20,20,20,20,20,20,20,20,20,20,20,20,20,20,20,20,20,20,20,20,20,20,20,20,20,20,20,20,20,20,20,20,20,20,20,20,20,20,20,20,20,20,20,20,20,20,20,20,20,20,20,20,20,20,20,20,20,20,20,20,20,20,20,20,20,16,16,8,4,2,1],"gtau":[-8.426802782981403e-15,4.644566027868963e-15,1.50930813861339e-15,-1.4173964529270448e-14,1.5272431856289424e-14,-6.3953778055642625e-15,1.2897600770577382e-15,-2.3118385620543598e-14,-3.7567418291377194e-14,-2.4627513291562484e-15,-1.757194486136851e-15,-6.215408914140931e-15,5.133740101254283e-16,-1.2841941425280283e-14,-1.1302370261094764e-14,6.375501747827488e-15,1.2508398977660945e-14,1.7922402603797498e-14,6.443382677752617e-17,-1.89288918678756e-14,-3.310048325693351e-14,-2.886665313342955e-14,-3.810900414312446e-14,2.722601736201615e-14,-8.261319442615648e-16,-8.866530803739738e-16,-1.7642000559284412e-14,1.3736437284915235e-15,-7.72883546275775e-15,-4.476621195178539e-15,1.8016489722920542e-14,-4.196430739443818e-15,3.8824060425964214e-14,2.1887341598256193e-13,1.0877112586937922e-12,6.123886269242073e-12,3.390474505482025e-11,1.8820391226871225e-10,1.0451937240270978e-9,5.803543095559992e-9,3.2223797671213587e-8,1.788982207913843e-7,9.93129675192053e-7,5.513334941283506e-6,3.060973728159073e-5,0.00016997146791877,0.000944146987557788,0.005247332088515731,0.02917397290951338,0.1600743499223595,1.0000000000001463]}