{"taus":[0.2,0.4,0.6000000000000001,0.8,1.0,1.2000000000000002,1.4000000000000001,1.6,1.8,2.0,2.2,2.4000000000000004,2.6,2.8000000000000003,3.0,3.2,3.4000000000000004,3.6,3.8000000000000003,4.0,4.2,4.4,4.6000000000000005,4.800000000000001,5.0,5.2,5.4,5.6000000000000005,5.800000000000001,6.0,6.2,6.4,6.6000000000000005,6.800000000000001,7.0,7.2,7.4,7.6000000000000005,7.800000000000001,8.0,8.200000000000001,8.4,8.6,8.8,9.0,9.200000000000001,9.4,9.600000000000001,9.8,10.0,10.200000000000001],"bd":[2,4,8,16,8,16,8,16,16,32,32,64,64,128,128,256,256,400,400,400,400,400,400,400,400,400,400,400,400,400,400,400,400,400,400,400,400,400,400,400,400,400,400,400,400,400,400,400,400,400,400,400,400,400,400,400,400,400,400,400,400,400,400,400,400,400,400,400,400,400,400,400,400,400,400,400,400,400,400,400,400,400,400,400,400,400,400,400,400,400,400,400,400,400,400,400,400,400,400,400,400,400,400,400,400,400,400,400,400,400,400,400,400,400,400,400,400,400,400,400,400,400,400,400,400,400,400,400,400,400,400,400,400,400,400,400,400,400,400,400,400,400,400,400,400,400,400,400,400,400,400,400,400,400,400,400,400,400,400,400,400,400,400,400,400,400,400,400,400,400,400,400,400,400,400,400,400,400,400,400,400,400,400,400,400,400,400,400,400,400,400,400,400,400,256,256,128,128,64,64,32,32,16,16,8,4,2,1],"gtau":[4.515812443620331e-16,1.455911880388439e-15,2.4789099855380437e-15,-2.1604976414485535e-16,1.849727840997893e-16,1.2367689392781242e-15,1.1360423987611399e-15,1.7046819007332666e-16,-9.505183999838433e-16,4.1263800881293113e-16,3.1394103334706935e-15,1.0526289614989634e-15,4.58811418196069e-15,2.7337917593187637e-15,5.486026393068426e-15,-2.1603134887064065e-15,1.5836438636126196e-15,-7.291189699947054e-17,5.737990217120302e-16,6.886640486294832e-16,-2.0460198163506053e-17,1.3267692702051007e-15,-1.3111409718264775e-15,-6.405748137422829e-16,8.197771499455844e-16,-5.121323089852103e-16,2.204781336541039e-16,2.8924459512387485e-15,1.1994597978559067e-14,4.4868117322233367e-14,1.7341625252694614e-13,7.05937414849389e-13,2.9053440009711695e-12,1.1963561690802168e-11,4.9361300580621994e-11,2.0415669325989986e-10,8.466496347367759e-10,3.521582648937039e-9,1.4696547985155957e-8,6.15626794086072e-8,2.589589215789866e-7,1.0945963712375253e-6,4.653090967804193e-6,1.9916620481073456e-5,8.598026727512064e-5,0.0003752711529630011,0.0016622338475936432,0.007519422954374125,0.03515367507507274,0.174426124975909,1.0000000000000944]}