{"gf":[0.07054570722288353,0.07164286521673989,0.07381636888825553,0.07651046079555676,0.07956491233931878,0.08291640844592309,0.08653730215426787,0.09041632907025021,0.09455097531524968,0.09894398609290654,0.10360160322091527,0.10853261380089456,0.11374781525349276,0.11925971046766644,0.12508233864826254,0.1312311912441438,0.1377231846544219,0.1445766734493703,0.15181149468727254,0.15944903800834223,0.16751233878755944,0.1760261933954591,0.18501729692382507,0.19451440480520707,0.20454852073564114,0.21515311430371797,0.2263643728247553,0.23822149316457863,0.25076702091515635,0.2640472462840865,0.27811266865946316,0.29301854526436133,0.3088255439941894,0.3256005269992423,0.34341750070690724,0.3623587811589266,0.3825164430271437,0.4039941502521936,0.4269095124724376,0.45139718600391737,0.4776130629424412,0.505740109534119,0.5359968125449652,0.5686499599476224,0.6040350643099788,0.6425912681431599,0.6849262768398371,0.7319513082361908,0.7852080847269011,0.847869893876513,0.9294542927771164],"ts":[0.0,0.2,0.4,0.6000000000000001,0.8,1.0,1.2000000000000002,1.4000000000000001,1.6,1.8,2.0,2.2,2.4000000000000004,2.6,2.8000000000000003,3.0,3.2,3.4000000000000004,3.6,3.8000000000000003,4.0,4.2,4.4,4.6000000000000005,4.800000000000001,5.0,5.2,5.4,5.6000000000000005,5.800000000000001,6.0,6.2,6.4,6.6000000000000005,6.800000000000001,7.0,7.2,7.4,7.6000000000000005,7.800000000000001,8.0,8.200000000000001,8.4,8.6,8.8,9.0,9.200000000000001,9.4,9.600000000000001,9.8,10.0]}