{"taus":[0.02,0.04,0.06,0.08,0.1,0.12,0.14,0.16,0.18,0.2,0.22,0.24,0.26,0.28,0.3,0.32,0.34,0.36,0.38,0.4,0.42,0.44,0.46,0.48,0.5,0.52,0.54,0.56,0.58,0.6,0.62,0.64,0.66,0.68,0.7000000000000001,0.72,0.74,0.76,0.78,0.8,0.8200000000000001,0.84,0.86,0.88,0.9,0.92,0.9400000000000001,0.96,0.98,1.0,1.02],"bd":[2,4,8,16,8,16,8,16,16,32,32,64,64,120,104,120,120,120,120,120,120,120,120,120,120,120,120,120,120,120,120,120,120,120,120,120,120,120,120,120,120,120,120,120,120,120,120,120,120,120,120,120,120,120,120,120,120,120,120,120,120,120,120,120,120,120,120,120,120,120,120,120,120,120,120,120,120,120,120,120,120,120,120,120,120,120,120,120,120,120,120,120,120,120,120,120,120,120,120,120,120,120,120,120,120,120,120,120,120,120,120,120,120,120,120,120,120,120,120,120,120,120,120,120,120,120,120,120,120,120,120,120,120,120,120,120,120,120,120,120,120,120,120,120,120,120,120,120,120,120,120,120,120,120,120,120,120,120,120,120,120,120,120,120,120,120,120,120,120,120,120,120,120,120,120,120,120,120,120,120,120,120,120,120,120,120,120,120,120,120,120,120,120,120,120,120,120,120,64,64,32,32,16,16,8,4,2,1],"gtau":[0.3919680802853216,0.39333799305532213,0.3949055212350671,0.3966464517555031,0.398542344737033,0.4005789417321525,0.4027450545661164,0.4050318249999077,0.4074321883628655,0.4099405122053807,0.4125522969560592,0.4152639771772863,0.41807273003114265,0.42097641366791083,0.4239733624554385,0.4270623210367509,0.4302425164928868,0.4335134461609493,0.43687499232214294,0.4403272768694806,0.44387076167145467,0.44750613011363377,0.45123430956077415,0.45505646482490514,0.45897399546150874,0.46298855111595943,0.4671020366003265,0.4713165563567147,0.4756344836098382,0.48005848001069923,0.4845915030497412,0.48923680255739155,0.49399801390599196,0.49887906894790834,0.5038845317094907,0.509019315973829,0.5142889677782827,0.5196997113008098,0.525258312845589,0.5309725896114287,0.5368513484982729,0.5429046401122367,0.5491439962512467,0.5555827606446161,0.5622365169983834,0.5691236792093282,0.5762662869216689,0.5836910112086394,0.5914307480131858,0.5995267596927377,0.6080319147393048]}