{"taus":[0.2,0.4,0.6000000000000001,0.8,1.0,1.2000000000000002,1.4000000000000001,1.6,1.8,2.0,2.2,2.4000000000000004,2.6,2.8000000000000003,3.0,3.2,3.4000000000000004,3.6,3.8000000000000003,4.0,4.2,4.4,4.6000000000000005,4.800000000000001,5.0,5.2,5.4,5.6000000000000005,5.800000000000001,6.0,6.2,6.4,6.6000000000000005,6.800000000000001,7.0,7.2,7.4,7.6000000000000005,7.800000000000001,8.0,8.200000000000001,8.4,8.6,8.8,9.0,9.200000000000001,9.4,9.600000000000001,9.8,10.0,10.200000000000001],"bd":[2,4,8,16,8,16,8,16,16,32,32,64,64,128,128,256,256,400,400,400,400,400,400,400,400,400,400,400,400,400,400,400,400,400,400,400,400,400,400,400,400,400,400,400,400,400,400,400,400,400,400,400,400,400,400,400,400,400,400,400,400,400,400,400,400,400,400,400,400,400,400,400,400,400,400,400,400,400,400,400,400,400,400,400,400,400,400,400,400,400,400,400,400,400,400,400,400,400,400,400,400,400,400,400,400,400,400,400,400,400,400,400,400,400,400,400,400,400,400,400,400,400,400,400,400,400,400,400,400,400,400,400,400,400,400,400,400,400,400,400,400,400,400,400,400,400,400,400,400,400,400,400,400,400,400,400,400,400,400,400,400,400,400,400,400,400,400,400,400,400,400,400,400,400,400,400,400,400,400,400,400,400,400,400,400,400,400,400,400,400,400,400,400,400,256,256,128,128,64,64,32,32,16,16,8,4,2,1],"gtau":[-4.49879662693699e-16,-2.5180305631631896e-16,2.2237009106893807e-16,-1.271722709797026e-16,7.79085532150614e-17,1.3995751506704354e-15,-7.731980713522263e-16,-3.79835940179071e-15,-9.955574380460937e-16,-1.9019466560453067e-16,-3.3144814844177164e-15,-9.954042703394772e-15,1.251242937450323e-15,-5.391576842496752e-16,3.86913015373829e-16,2.7453244702850987e-16,-3.579523504360755e-16,8.68844353352767e-16,6.135174660823596e-16,-2.2415792548829612e-15,9.81189739274614e-16,2.0828207032144718e-15,5.921012867062126e-15,2.3424167097832725e-14,7.504557149479421e-14,2.289929883504903e-13,7.012399885720662e-13,2.1281383436122513e-12,6.471744342989081e-12,1.9706020632663972e-11,6.011481670916661e-11,1.836900992958769e-10,5.625194860523905e-10,1.7270232384130452e-9,5.3128739714437025e-9,1.6385533060722375e-8,5.06703330241535e-8,1.5715489387323365e-7,4.890059930130235e-7,1.527193811767264e-6,4.7895864699611365e-6,1.509457479316388e-5,4.784109284818006e-5,0.00015268106304292697,0.000491465751856082,0.0015995388838792857,0.0052837039316969165,0.01782877765026756,0.06220589270831616,0.23076659068311103,0.999999999999976]}