{"taus":[0.2,0.4,0.6000000000000001,0.8,1.0,1.2000000000000002,1.4000000000000001,1.6,1.8,2.0,2.2,2.4000000000000004,2.6,2.8000000000000003,3.0,3.2,3.4000000000000004,3.6,3.8000000000000003,4.0,4.2,4.4,4.6000000000000005,4.800000000000001,5.0,5.2,5.4,5.6000000000000005,5.800000000000001,6.0,6.2,6.4,6.6000000000000005,6.800000000000001,7.0,7.2,7.4,7.6000000000000005,7.800000000000001,8.0,8.200000000000001,8.4,8.6,8.8,9.0,9.200000000000001,9.4,9.600000000000001,9.8,10.0,10.200000000000001],"bd":[2,4,8,16,8,16,8,16,16,32,32,40,40,40,36,40,40,40,36,40,40,40,36,40,40,40,36,40,40,40,36,40,40,40,36,40,40,40,32,40,40,40,32,40,40,40,32,40,40,40,36,40,40,40,36,40,40,40,36,40,40,40,36,40,40,40,36,40,40,40,36,40,40,40,36,40,40,40,36,40,40,40,36,40,40,40,36,40,40,40,36,40,40,40,36,40,40,40,36,40,40,40,36,40,40,40,36,40,40,40,36,40,40,40,36,40,40,40,36,40,40,40,36,40,40,40,36,40,40,40,36,40,40,40,36,40,40,40,36,40,40,40,36,40,40,40,36,40,40,40,36,40,40,40,36,40,40,40,36,40,40,40,36,40,40,40,36,40,40,40,36,40,40,40,36,40,40,40,36,40,40,40,36,40,40,40,36,40,40,40,36,40,40,40,36,40,40,40,36,40,32,32,16,16,8,4,2,1],"gtau":[0.1382434164825883,0.1380111059019447,0.1404053451289919,0.14397536888090193,0.14813248880937138,0.15277923411278962,0.15781605154355896,0.1632383468445356,0.16902025066573764,0.17514168952686307,0.1815588933680956,0.18822130075844132,0.19510718005683306,0.20221939949586254,0.20956317278441644,0.21713538996331766,0.22492853689588033,0.23297295885422484,0.24129456499571522,0.2499017048206423,0.2587850381312043,0.2679571357100434,0.27741969247715,0.28719061056064876,0.2972682084757609,0.3076935314341129,0.31850112791208524,0.3297236884988363,0.34139489735912365,0.35355025747497726,0.36622789044090803,0.3794687115295279,0.3933153266230395,0.4078125480391318,0.4230572195437651,0.4391244668831958,0.4561464142220415,0.47421343330282506,0.4934173530738686,0.5138484031499442,0.5351432098707832,0.55868599964482,0.5834336693752277,0.6097973406861624,0.637544453313433,0.6682695117804411,0.7014812256152422,0.7369028297219125,0.7736113367444376,0.8160134515770234,0.8617565835180051]}