{"taus":[0.2,0.4,0.6000000000000001,0.8,1.0,1.2000000000000002,1.4000000000000001,1.6,1.8,2.0,2.2,2.4000000000000004,2.6,2.8000000000000003,3.0,3.2,3.4000000000000004,3.6,3.8000000000000003,4.0,4.2,4.4,4.6000000000000005,4.800000000000001,5.0,5.2,5.4,5.6000000000000005,5.800000000000001,6.0,6.2,6.4,6.6000000000000005,6.800000000000001,7.0,7.2,7.4,7.6000000000000005,7.800000000000001,8.0,8.200000000000001,8.4,8.6,8.8,9.0,9.200000000000001,9.4,9.600000000000001,9.8,10.0,10.200000000000001],"bd":[2,4,8,16,8,16,8,16,16,32,32,40,40,40,40,40,40,40,40,40,40,40,40,40,40,40,40,40,40,40,40,40,40,40,40,40,40,40,40,40,40,40,40,40,40,40,40,40,40,40,40,40,40,40,40,40,40,40,40,40,40,40,40,40,40,40,40,40,40,40,40,40,40,40,40,40,40,40,40,40,40,40,40,40,40,40,40,40,40,40,40,40,40,40,40,40,40,40,40,40,40,40,40,40,40,40,40,40,40,40,40,40,40,40,40,40,40,40,40,40,40,40,40,40,40,40,40,40,40,40,40,40,40,40,40,40,40,40,40,40,40,40,40,40,40,40,40,40,40,40,40,40,40,40,40,40,40,40,40,40,40,40,40,40,40,40,40,40,40,40,40,40,40,40,40,40,40,40,40,40,40,40,40,40,40,40,40,40,40,40,40,40,40,40,40,40,40,40,40,40,32,32,16,16,8,4,2,1],"gtau":[-5.8083300291014e-16,-2.943982478631609e-15,-6.228679064015411e-16,6.05166370829394e-16,-3.407615740633649e-16,2.7467711772846963e-16,-6.087314558969558e-16,3.54706984848821e-16,-8.416327459231604e-16,6.682802893184385e-16,1.7598117038878682e-15,1.2322087993857704e-15,6.227799506903994e-15,1.0071883392698182e-16,-3.74431631558588e-15,-7.619505471886615e-15,2.6162471880183757e-16,-1.9521976338738802e-16,2.6189913962136396e-16,-1.1796273964151167e-15,1.138440187581687e-15,-4.800860968376808e-16,-8.233236028532758e-16,-4.653612153648838e-18,-4.825469649280209e-16,-1.4728931220826464e-16,8.869019127578956e-16,7.137646985576329e-16,3.2620144699933857e-15,1.317432153218697e-14,5.339535991879541e-14,2.5382530077271867e-13,1.1843155393415431e-12,5.5111801943438255e-12,2.5594717242754237e-11,1.185565717806449e-10,5.474312850117408e-10,2.518529657106416e-9,1.153731972432594e-8,5.2590373431074985e-8,2.383090789921788e-7,1.072232093733719e-6,4.784332079584004e-6,2.0197503994089504e-5,8.73245976158774e-5,0.00038048770766472027,0.0016759954599847022,0.007538982616589388,0.0351731038831627,0.1740867761438962,1.0000000000001643]}