{"ns":[-2.5450049826531943e-9,-5.758089757222602e-9,-8.502249126552136e-9,-3.141501653332573e-8,-2.702531619010508e-8,-4.2653408967182444e-9,7.907266347306866e-9,1.3705453623786222e-8,1.7070756010059118e-8,2.434826132571959e-8,3.740656711433135e-8,6.351741787410501e-8,1.025902003961796e-7,1.69496836097037e-7,2.722407177706638e-7,4.1784424445541285e-7,6.191167923589452e-7,9.054587174302834e-7,1.3098099573416899e-6,1.9151399977652462e-6,2.498969200764064e-6,3.3814976723447875e-6,4.539554550081263e-6,6.439281626517593e-6,7.88983522218073e-6,8.291566501276018e-6,6.660970414106981e-6,-7.32502830887954e-7,-1.2322239903033133e-5,-4.4936341478646085e-5,-9.669470328416095e-5,-0.00018725407659323306,-0.00034234007392035254,-0.0006069340143115155,-0.0010687180808094904,-0.0019119074574983745,-0.0034620616686103244,-0.006098567869924586,-0.010577076008533389,-0.018135329320685546,-0.030650609192340285,-0.04894208224486573,-0.0780185930712475,-0.11699562880335881,-0.16862521516232284,-0.2674544096574456,-0.406950519656835,-0.6152724266179654,-0.8232439756793268,-0.9065180529514456],"taus":[0.1,0.2,0.30000000000000004,0.4,0.5,0.6000000000000001,0.7000000000000001,0.8,0.9,1.0,1.1,1.2000000000000002,1.3,1.4000000000000001,1.5,1.6,1.7000000000000002,1.8,1.9000000000000001,2.0,2.1,2.2,2.3000000000000003,2.4000000000000004,2.5,2.6,2.7,2.8000000000000003,2.9000000000000004,3.0,3.1,3.2,3.3000000000000003,3.4000000000000004,3.5,3.6,3.7,3.8000000000000003,3.9000000000000004,4.0,4.1000000000000005,4.2,4.3,4.4,4.5,4.6000000000000005,4.7,4.800000000000001,4.9,5.0,5.1000000000000005],"bd":[2,4,8,16,8,16,8,16,16,32,32,60,60,60,60,60,60,60,60,60,60,60,60,60,60,60,60,60,60,60,60,60,60,60,60,60,60,60,60,60,60,60,60,60,60,60,60,60,60,60,60,60,60,60,60,60,60,60,60,60,60,60,60,60,60,60,60,60,60,60,60,60,60,60,60,60,60,60,60,60,60,60,60,60,60,60,60,60,60,60,60,60,60,60,60,60,60,60,60,60,60,60,60,60,60,60,60,60,60,60,60,60,60,60,60,60,60,60,60,60,60,60,60,60,60,60,60,60,60,60,60,60,60,60,60,60,60,60,60,60,60,60,60,60,60,60,60,60,60,60,60,60,60,60,60,60,60,60,60,60,60,60,60,60,60,60,60,60,60,60,60,60,60,60,60,60,60,60,60,60,60,60,60,60,60,60,60,60,60,60,60,60,60,60,60,60,60,60,60,60,60,60,56,60,56,60,60,60,48,60,60,56,28,56,60,30,30,58,60,58,55,60,60,57,56,60,60,58,56,60,60,57,57,60,60,57,52,60,60,53,53,60,60,54,50,60,60,55,55,60,60,56,51,60,60,56,56,60,60,58,51,60,60,56,55,60,60,57,52,60,60,56,56,60,60,57,51,60,60,55,54,60,60,56,52,60,60,55,55,60,60,56,49,60,60,55,54,60,60,56,49,60,60,56,55,60,60,56,50,60,60,54,53,60,60,53,47,60,60,55,54,60,60,55,48,60,60,55,54,60,60,55,48,60,60,56,54,60,60,55,49,60,60,56,54,60,60,55,48,60,60,57,54,60,60,55,48,60,60,56,54,60,60,55,50,60,60,55,54,60,60,55,48,60,60,56,54,60,60,55,50,60,60,56,55,60,60,55,49,60,60,56,54,60,60,54,50,60,60,55,54,60,60,55,49,60,60,56,54,60,60,55,48,60,60,57,55,60,60,55,50,60,60,57,56,60,60,55,50,60,60,57,55,60,60,54,49,60,60,55,54,60,60,55,49,60,60,56,54,60,60,55,48,60,60,57,55,60,60,55,49,60,60,57,55,60,60,55,49,60,60,57,55,60,60,55,49,60,60,55,53,60,60,55,50,60,60,57,55,60,60,55,50,60,60,55,54,60,60,55,49,60,60,55,53,60,60,53,47,60,60,55,54,60,60,54,48,60,60,55,54,60,60,54,48,60,60,56,54,60,60,53,47,60,60,55,54,60,60,54,47,60,60,56,55,60,60,56,49,60,60,56,55,60,60,56,49,60,60,57,56,60,60,56,50,60,60,57,56,60,60,57,49,60,60,57,56,60,60,56,49,60,60,57,57,60,60,56,51,60,60,57,56,60,60,56,48,60,60,55,54,60,60,56,32,32,32,16,8,16,8,4,2,4,2,1],"lt":[{"re":5.346204882669869e-9,"im":2.5450049826531943e-9},{"re":-2.7254113810932924e-9,"im":7.725955952433824e-9},{"re":-1.1771228101965682e-8,"im":2.1914045719509125e-9},{"re":-6.614527666233086e-9,"im":-1.5990997741004572e-8},{"re":5.473078194284508e-10,"im":-1.2387474516997524e-8},{"re":7.257506908347226e-9,"im":-9.892605817834462e-9},{"re":1.0787700564511526e-8,"im":-5.104109622479374e-9},{"re":1.1931306543455013e-8,"im":-5.688877957101985e-12},{"re":1.1149887837500112e-8,"im":4.534995656826609e-9},{"re":9.53511378842909e-9,"im":8.56315632310558e-9},{"re":6.773738623478382e-9,"im":1.0718128062527767e-8},{"re":3.418000630847518e-9,"im":1.2019650746243063e-8},{"re":-3.9500351717314773e-10,"im":1.2563599827036045e-8},{"re":-3.856294248775764e-9,"im":1.1041915528194484e-8},{"re":-6.587606432278837e-9,"im":8.515436568910601e-9},{"re":-7.364267164980133e-9,"im":5.385719685414705e-9},{"re":-7.080183852336905e-9,"im":2.30808027465123e-9},{"re":-5.999246002994805e-9,"im":-7.509522347972862e-11},{"re":-4.565049489459379e-9,"im":-1.5615202853766196e-9},{"re":-3.19400715105142e-9,"im":-2.462070012670215e-9},{"re":-1.6603498983391453e-9,"im":-2.848307953605668e-9},{"re":-3.8525713838850146e-10,"im":-2.7404216717860886e-9},{"re":5.640158627835134e-10,"im":-2.2697195946938942e-9},{"re":1.118813365112754e-9,"im":-1.6738765377241289e-9},{"re":1.331327310532906e-9,"im":-9.505935296831846e-10},{"re":1.305724273681e-9,"im":-3.324923386469755e-10},{"re":1.1331879077515828e-9,"im":1.3134215112806738e-10},{"re":8.58427859767566e-10,"im":4.6110675276055195e-10},{"re":5.785699875241059e-10,"im":6.311439103331735e-10},{"re":2.681635533597207e-10,"im":6.556445795624947e-10},{"re":1.2811396223268856e-11,"im":5.850037521178989e-10},{"re":-1.5326155205324377e-10,"im":4.517769213976506e-10},{"re":-2.4174680763535034e-10,"im":3.005203958701316e-10},{"re":-2.667662821316627e-10,"im":1.592105844681895e-10},{"re":-2.47613901014674e-10,"im":4.4480973667432685e-11},{"re":-2.0331829252429227e-10,"im":-3.774797174514065e-11},{"re":-1.5116899605756874e-10,"im":-9.091374291651559e-11},{"re":-9.527489089488748e-11,"im":-1.173926915924314e-10},{"re":-4.3844581544947384e-11,"im":-1.2501835697908083e-10},{"re":1.2676772263698132e-12,"im":-1.1628760314677915e-10},{"re":3.571688170153506e-11,"im":-9.560243691097019e-11},{"re":5.2538396932828726e-11,"im":-6.965190339274798e-11},{"re":6.365064295407129e-11,"im":-4.317787023225256e-11},{"re":6.241662633244122e-11,"im":-2.1143274892154468e-11},{"re":5.87080869346704e-11,"im":-6.035311880943472e-13},{"re":4.8319867736700335e-11,"im":1.904603602872587e-11},{"re":3.505344953611648e-11,"im":3.2054124736571013e-11},{"re":1.7595474287817466e-11,"im":4.155825179380658e-11},{"re":5.907289736445303e-13,"im":3.508352736403925e-11},{"re":-1.1095091456615363e-11,"im":2.580084783088324e-11},{"re":-1.6644010398434734e-11,"im":1.3284015608621264e-11}],"gtau":[{"re":-1.1826499734655843e-15,"im":-7.934969606292881e-18},{"re":1.2012638983238168e-16,"im":2.367621522812079e-16},{"re":3.961052925849374e-16,"im":2.9102171075842693e-16},{"re":-7.309494738820608e-17,"im":5.460936100462172e-16},{"re":-5.557198994005977e-17,"im":-1.2965406079662236e-17},{"re":3.90316519855974e-17,"im":-1.9252320629264594e-17},{"re":2.3008444561528737e-16,"im":-7.299344341665063e-17},{"re":-8.572024972999622e-17,"im":-1.020995185444451e-16},{"re":1.2648441814297888e-16,"im":-8.062481424350264e-17},{"re":-3.963438049903643e-16,"im":-1.5645344623644122e-17},{"re":-1.3965437193427588e-17,"im":4.312131828539731e-17},{"re":-3.3130023268538767e-16,"im":6.399271643496356e-17},{"re":-9.767108051339158e-17,"im":1.9578446516038253e-19},{"re":-1.8553246062661172e-16,"im":9.593444323097967e-17},{"re":-9.919408834790395e-17,"im":3.362448236800578e-17},{"re":2.992744345424888e-16,"im":2.5209127605987795e-16},{"re":1.3985041737170875e-15,"im":2.0932551991678361e-16},{"re":4.159996915551915e-15,"im":-1.3235320613409808e-16},{"re":1.1562941816853873e-14,"im":-1.148444024831187e-15},{"re":3.008419882595822e-14,"im":-4.270902379726329e-15},{"re":7.567257240079647e-14,"im":-1.3558728739378462e-14},{"re":1.8644728880027688e-13,"im":-3.8899369359534954e-14},{"re":4.505483386965068e-13,"im":-1.0520829664887873e-13},{"re":1.0732649227964636e-12,"im":-2.7423803551762837e-13},{"re":2.526083270383248e-12,"im":-6.949674364279048e-13},{"re":5.885329429208784e-12,"im":-1.7259870396120802e-12},{"re":1.360591885141563e-11,"im":-4.217448430787768e-12},{"re":3.1375248757733846e-11,"im":-1.0174851243062416e-11},{"re":7.228057007223746e-11,