{"taus":[0.2,0.4,0.6000000000000001,0.8,1.0,1.2000000000000002,1.4000000000000001,1.6,1.8,2.0,2.2,2.4000000000000004,2.6,2.8000000000000003,3.0,3.2,3.4000000000000004,3.6,3.8000000000000003,4.0,4.2,4.4,4.6000000000000005,4.800000000000001,5.0,5.2,5.4,5.6000000000000005,5.800000000000001,6.0,6.2,6.4,6.6000000000000005,6.800000000000001,7.0,7.2,7.4,7.6000000000000005,7.800000000000001,8.0,8.200000000000001,8.4,8.6,8.8,9.0,9.200000000000001,9.4,9.600000000000001,9.8,10.0,10.200000000000001],"bd":[2,4,8,16,8,16,8,16,16,32,32,64,64,80,80,80,80,80,80,80,80,80,80,80,80,80,80,80,80,80,80,80,80,80,80,80,80,80,80,80,80,80,80,80,80,80,80,80,80,80,80,80,80,80,80,80,80,80,80,80,80,80,80,80,80,80,80,80,80,80,80,80,80,80,80,80,80,80,80,80,80,80,80,80,80,80,80,80,80,80,80,80,80,80,80,80,80,80,80,80,80,80,80,80,80,80,80,80,80,80,80,80,80,80,80,80,80,80,80,80,80,80,80,80,80,80,80,80,80,80,80,80,80,80,80,80,80,80,80,80,80,80,80,80,80,80,80,80,80,80,80,80,80,80,80,80,80,80,80,80,80,80,80,80,80,80,80,80,80,80,80,80,80,80,80,80,80,80,80,80,80,80,80,80,80,80,80,80,80,80,80,80,80,80,80,80,80,80,64,64,32,32,16,16,8,4,2,1],"gtau":[6.968452766854968e-12,9.693500838089896e-12,1.474295839517839e-11,2.308863339556898e-11,3.675109109408795e-11,5.902531721574665e-11,9.528072382937761e-11,1.5413132660703737e-10,2.490904855819491e-10,4.0540576807711106e-10,6.60092612679334e-10,1.0779106593233215e-9,1.7657693826381707e-9,2.9008857646025173e-9,4.748243731649893e-9,7.78479319022936e-9,1.2773001628589706e-8,2.0980264769403434e-8,3.4479690506885654e-8,5.669951402614616e-8,9.327290281710373e-8,1.5348814209012488e-7,2.526760404794205e-7,4.16106097029858e-7,6.854892674634344e-7,1.129713601716965e-6,1.8625801632024683e-6,3.072481423619532e-6,5.071336854282124e-6,8.375901471104341e-6,1.38441120442041e-5,2.2901443431443538e-5,3.792056860619364e-5,6.285503408427888e-5,0.00010433996185014182,0.0001734464395416941,0.0002888511514767462,0.0004820243559869474,0.0008024263871699539,0.0013351946487476006,0.002250361661068945,0.0037874041503814485,0.0064253680528948715,0.011662508327463081,0.020345020185640557,0.035754077157270005,0.06366214154794574,0.11580796650117095,0.2175190668580297,0.4334594869992745,0.9999999999929133]}