{"taus":[0.02,0.04,0.06,0.08,0.1,0.12,0.14,0.16,0.18,0.2,0.22,0.24,0.26,0.28,0.3,0.32,0.34,0.36,0.38,0.4,0.42,0.44,0.46,0.48,0.5,0.52,0.54,0.56,0.58,0.6,0.62,0.64,0.66,0.68,0.7000000000000001,0.72,0.74,0.76,0.78,0.8,0.8200000000000001,0.84,0.86,0.88,0.9,0.92,0.9400000000000001,0.96,0.98,1.0,1.02],"bd":[2,4,8,16,8,16,8,16,16,32,32,64,64,128,104,208,168,320,216,388,272,496,296,548,340,651,352,676,400,743,416,759,458,800,480,800,507,800,528,800,552,800,556,800,597,800,601,800,618,800,623,800,630,800,644,800,665,800,680,800,702,800,708,800,720,800,720,800,728,800,728,800,728,800,728,800,736,800,736,800,736,800,736,800,744,800,744,800,744,800,744,800,744,800,744,800,744,800,744,800,744,800,744,800,744,800,744,800,744,800,744,800,744,800,744,800,744,800,744,800,744,800,744,800,744,800,744,800,736,800,736,800,728,800,728,800,720,800,712,800,696,800,696,800,688,800,688,800,672,800,672,800,656,800,656,800,640,800,632,800,616,800,616,800,584,800,584,800,568,800,560,800,528,800,512,800,480,800,472,800,428,784,404,720,368,688,352,592,304,528,280,432,232,340,184,224,120,128,64,64,32,32,16,16,8,4,2,1],"gtau":[0.3919493768340262,0.3933156627758011,0.39487921797122866,0.3966160265338178,0.3985077900892017,0.40054033381615595,0.40270253463440187,0.40498557960001724,0.40738243999709606,0.4098874904183546,0.41249622778633305,0.4152050608293212,0.4180111502078442,0.4209122857250216,0.4239067911627175,0.4269934500539164,0.430171447509861,0.43344032461407933,0.43679994279447126,0.4402504562148024,0.4437922908093062,0.44742612887016775,0.45115289842722295,0.4549737668566881,0.4588901383568064,0.4629036550592207,0.4670162016897596,0.4712299138055689,0.47554718978108346,0.47997070681059406,0.4845034413769988,0.4891486947324109,0.49391012429522196,0.49879178184970013,0.5037981600229191,0.5089342487503977,0.5142056039753131,0.5196184316759346,0.5251796910475667,0.5308972221107177,0.5367799048577132,0.5428378594485215,0.5490827007789655,0.5555278659962696,0.56218904144836,0.5690847277291072,0.5762370000850678,0.5836725514328749,0.5914241544610898,0.5995327633280949,0.6080506232620769]}