{"gf":[8.75651078074516e-27,2.056403313010056e-26,5.579981222251478e-26,1.606985421609156e-25,4.782831141743142e-25,1.4537963713755558e-24,4.484585505144596e-24,1.3986331419179434e-23,4.3993980138886896e-23,1.393387124337732e-22,4.438418040074631e-22,1.4206483478785536e-21,4.566286436872623e-21,1.4731230948702824e-20,4.7680700295376886e-20,1.5478808513034354e-19,5.038651161953396e-19,1.644313015474046e-18,5.37868941966113e-18,1.7633241908774267e-17,5.793017430727529e-17,1.9070289243339053e-16,6.290143692757756e-16,2.0787060093230155e-15,6.8823982750584415e-15,2.28292652263534e-14,7.586589010779227e-14,2.52584435091542e-13,8.425211974541186e-13,2.815686550702802e-12,9.42841343624706e-12,3.163535446779437e-11,1.063711277382198e-10,3.584582225624185e-10,1.2108074967670176e-9,4.100200491262196e-9,1.3922491056773652e-8,4.741547624717805e-8,1.6201341861714216e-7,5.556242378090904e-7,1.913504787364151e-6,6.6218585296067575e-6,2.3046666431851208e-5,8.076541579784683e-5,0.00028546356401905804,0.0010200905207522863,0.003699362895003131,0.013701262321612237,0.052443073757108945,0.21304456144312062,1.0],"ts":[0.0,0.2,0.4,0.6000000000000001,0.8,1.0,1.2000000000000002,1.4000000000000001,1.6,1.8,2.0,2.2,2.4000000000000004,2.6,2.8000000000000003,3.0,3.2,3.4000000000000004,3.6,3.8000000000000003,4.0,4.2,4.4,4.6000000000000005,4.800000000000001,5.0,5.2,5.4,5.6000000000000005,5.800000000000001,6.0,6.2,6.4,6.6000000000000005,6.800000000000001,7.0,7.2,7.4,7.6000000000000005,7.800000000000001,8.0,8.200000000000001,8.4,8.6,8.8,9.0,9.200000000000001,9.4,9.600000000000001,9.8,10.0]}