{"ns":[-0.6090650735709822,-0.5982681949462372,-0.6227154748133166,-0.6473316553762616,-0.6600222078007351,-0.667615924804882,-0.6919886440278298,-0.7146113278246851,-0.7334918327702337,-0.7518013184478135,-0.7719797179230555,-0.7954017231999612,-0.8287598480840009,-0.8570292209200431,-0.8899801555089571,-0.9121782386500558,-0.9326339895174477,-0.9500847937214897,-0.962312897418595,-0.9815058954790912,-1.0006755852438753,-1.0222596313288241,-1.0369387416107911,-1.0486034168208531,-1.0584722261130948,-1.0666096868348662,-1.0754240531515054,-1.0740792455762593,-1.0757542743042403,-1.0778307346052058,-1.080813933276226,-1.0731105198947395,-1.058774864376238,-1.0403045336850674,-1.0280750226954558,-1.0200213910204217,-1.0051837273299717,-1.0094959084188897,-1.0021511782084938,-0.9993755769873763],"taus":[0.05,0.1,0.15000000000000002,0.2,0.25,0.30000000000000004,0.35000000000000003,0.4,0.45,0.5,0.55,0.6000000000000001,0.65,0.7000000000000001,0.75,0.8,0.8500000000000001,0.9,0.9500000000000001,1.0,1.05],"bd":[1,1,1,1,1,2,2,4,4,8,8,16,16,32,32,64,64,100,100,100,100,100,100,100,100,100,100,100,100,100,100,100,100,100,100,100,100,100,100,100,100,100,100,100,100,100,100,100,100,100,100,100,100,100,100,100,100,100,100,100,100,100,100,100,100,100,100,100,100,100,100,100,100,100,100,100,100,100,100,100,100,100,100,100,100,100,100,100,100,100,100,100,100,100,100,100,100,100,100,100,100,100,100,100,100,100,100,100,100,100,100,100,100,100,100,100,100,100,100,100,100,100,100,100,100,100,100,100,100,100,100,100,100,100,100,100,100,100,100,100,100,100,100,100,100,100,100,100,100,100,100,100,100,100,100,100,100,100,100,100,100,100,100,100,100,100,100,100,100,100,100,100,100,100,100,100,100,100,100,100,100,100,100,100,100,100,100,100,100,100,100,100,100,100,100,100,100,100,100,100,100,100,100,100,100,100,100,100,100,100,100,100,100,100,100,100,100,100,100,100,100,100,100,100,100,100,100,100,100,100,100,100,100,100,100,100,100,100,100,100,100,100,100,100,100,100,100,100,100,100,100,100,100,100,100,100,100,100,100,100,100,100,100,100,100,100,100,100,100,100,100,100,100,100,100,100,100,100,100,100,100,100,100,100,100,100,100,100,100,100,100,100,100,100,100,100,100,100,100,100,100,100,100,100,100,100,100,100,100,100,100,100,100,100,100,100,100,100,100,100,100,100,100,100,100,100,100,100,100,100,100,100,100,100,100,100,100,100,100,100,100,100,100,100,100,100,100,100,100,100,100,100,100,100,100,100,100,100,100,100,100,100,100,100,100,100,100,100,100,100,100,100,100,100,100,100,100,100,100,100,100,100,100,100,100,100,100,100,100,100,100,100,100,100,100,100,100,100,100,100,100,100,100,64,32,32,32,16,8,8,8,4,2,2,2,1],"lt":[{"re":0.3289471055341985,"im":0.6090650735709822},{"re":0.16093201924432507,"im":0.6658306258159894},{"re":-0.007740386946418926,"im":0.7384378661892305},{"re":-0.18748366451163362,"im":0.7519597737669037},{"re":-0.36500480975615046,"im":0.7111845001258872},{"re":-0.5322224982278845,"im":0.6337973870494574},{"re":-0.6859540080995425,"im":0.554230512583302},{"re":-0.816376615367307,"im":0.4577639468359844},{"re":-0.9213235888073348,"im":0.3505099270501344},{"re":-1.002507015524097,"im":0.2461626546449161},{"re":-1.049673624092499,"im":0.14126108470311774},{"re":-1.0694512584210643,"im":0.040286662617686674},{"re":-1.069136995179645,"im":-0.052313413107567895},{"re":-1.0512662909527115,"im":-0.14336494358545382},{"re":-1.017453531879443,"im":-0.230870370250957},{"re":-0.9670985350746486,"im":-0.3125592644349485},{"re":-0.8998759666654091,"im":-0.3924344235694571},{"re":-0.8220478992901568,"im":-0.46320616088424577},{"re":-0.7353020796388717,"im":-0.5238512165923266},{"re":-0.6408866234902958,"im":-0.573353551543307},{"re":-0.5401902908831935,"im":-0.6095329564134113},{"re":-0.43627489691122673,"im":-0.63179429334448},{"re":-0.33311311723609816,"im":-0.6393398616280345},{"re":-0.23239185926894523,"im":-0.63330021987178},{"re":-0.13636871537781933,"im":-0.6148874911186579},{"re":-0.047460592408217234,"im":-0.5852210909208734},{"re":0.03242689237815664,"im":-0.5454900222179764},{"re":0.1026769751682936,"im":-0.49800115494109104},{"re":0.16270523801753842,"im":-0.44388389873970496},{"re":0.21340773186670864,"im":-0.38550518423522306},{"re":0.2541075062114437,"im":-0.32428716806551716},{"re":0.28399124715547075,"im":-0.26100642084270936},{"re":0.30455821260976307,"im":-0.19834542416835496},{"re":0.3162317487482054,"im":-0.13891785381065294},{"re":0.31901982915738875,"im":-0.08178453774259256},{"re":0.3130962345044627,"im":-0.030416035470422657},{"re":0.29925321810231875,"im":0.0148102504757669},{"re":0.2796327962616701,"im":0.05397177897022984},{"re":0.2545517290809508,"im":0.08717011112738034},{"re":0.22576922290397206,"im":0.11393613843681812},{"re":0.194259375949452,"im":0.1322558139990226}],"gtau":[{"re":0.0005712082679253272,"im":-0.0004320336259145914},{"re":0.0007241594525135602,"im":-0.0005370255395249872},{"re":0.0009402861183200087,"im":-0.0006850448532279576},{"re":0.0012420697034103124,"im":-0.0008908066122549321},{"re":0.0016629352159648753,"im":-0.001176112316605339},{"re":0.0022508653006727817,"im":-0.0015720107240320567},{"re":0.003074925041431019,"im":-0.0021216377034424336},{"re":0.004235595662668806,"im":-0.0028874703673225453},{"re":0.005880066434635765,"im":-0.003960756879343913},{"re":0.008223021245191767,"im":-0.005473416965423686},{"re":0.011583991196012913,"im":-0.007617018718305555},{"re":0.016440108261978347,"im":-0.010675457940610558},{"re":0.023510276220449624,"im":-0.015068900455113601},{"re":0.0338927963329456,"im":-0.021428203193006094},{"re":0.04927393690420232,"im":-0.03069590235377834},{"re":0.07230226094030037,"im":-0.0443096349360666},{"re":0.1072104300652177,"im":-0.06451573197674385},{"re":0.16095894271743705,"im":-0.09485786780266565},{"re":0.2453251906476557,"im":-0.14113635182065687},{"re":0.3812914955425367,"im":-0.2131727493752002},{"re":0.9994287917320747,"im":0.0004320336259145914}],"ts":[0.025,0.05,0.07500000000000001,0.1,0.125,0.15000000000000002,0.17500000000000002,0.2,0.225,0.25,0.275,0.30000000000000004,0.325,0.35000000000000003,0.375,0.4,0.42500000000000004,0.45,0.47500000000000003,0.5,0.525,0.55,0.5750000000000001,0.6000000000000001,0.625,0.65,0.675,0.7000000000000001,0.7250000000000001,0.75,0.775,0.8,0.8250000000000001,0.8500000000000001,0.875,0.9,0.925,0.9500000000000001,0.9750000000000001,1.0,1.0250000000000001],"gt":[{"re":-0.0004320336259172627,"im":-0.0005712082679338133},{"re":-0.00036587357669208136,"im":-0.0006122753856594611},{"re":-0.00029459881333832836,"im":-0.0006407118471526286},{"re":-0.0002205243027921622,"im":-0.0006585159619538322},{"re":-0.00014514809552294004,"im":-0.0006657679206342829},{"re":-6.914293379172772e-5,"im":-0.0006595464144847864},{"re":2.8224932023837193e-6,"im":-0.0006391911672545129},{"re":7.267554006352258e-5,"im":-0.0006068204687676707},{"re":0.00013914838260069902,"im":-0.0005640832954575713},{"re":0.00019887985833733679,"im":-0.0005126588372131209},{"re":0.00024898947366589424,"im":-0.0004525877531614155},{"re":0.00029057449891096364,"im":-0.0003888115048967475},{"re":0.0003208243341188266,"im":-0.0003252425102468921},{"re":0.00034167021263874046,"im":-0.00026214445295451733},{"re":0.00035222320752731286,"im":-0.0002008973141579718},{"re":0.000352921102318799,"im":-0.0001423431499421817},{"re":0.000346954042675424,"im":-8.653381615334118e-5},{"re":0.0003327845332566917,"im":-3.5878721057235016e-5},{"re":0.0003115972241108738,"im":8.73179267038851e-6},{"re":0.00028505878698273975,"im":4.753200216483726e-5},{"re":0.00025400423458726026,"im":8.043701929568952e-5},{"re":0.00021999168161533403,"im":0.00010681825193095878},{"re":0.00018406972300382402,"im":0.00012618422971390707},{"re":0.00014787334115218785,"im":0.00013891162350000884},{"re":0.00011275338796411598,"im":0.0001454852414676038},{"re":7.968287391786086e-5,"im":0.0001463320091742089},{"re":4.930436899319004e-5,"im":0.00014203317476089693},{"re":2.2425958152623997e-5,