{"gf":[9.078749428737784e-5,0.00027624728400553613,0.0016186151183228226,0.011774034910193219,0.09819433619521238,0.9999092125057126],"ts":[0.0,0.2,0.4,0.6000000000000001,0.8,1.0]}