{"taus":[0.2,0.4,0.6000000000000001,0.8,1.0,1.2000000000000002,1.4000000000000001,1.6,1.8,2.0,2.2,2.4000000000000004,2.6,2.8000000000000003,3.0,3.2,3.4000000000000004,3.6,3.8000000000000003,4.0,4.2,4.4,4.6000000000000005,4.800000000000001,5.0,5.2,5.4,5.6000000000000005,5.800000000000001,6.0,6.2,6.4,6.6000000000000005,6.800000000000001,7.0,7.2,7.4,7.6000000000000005,7.800000000000001,8.0,8.200000000000001,8.4,8.6,8.8,9.0,9.200000000000001,9.4,9.600000000000001,9.8,10.0,10.200000000000001],"bd":[2,4,8,16,8,16,8,16,16,32,32,64,64,80,76,80,80,80,80,80,80,80,80,80,80,80,80,80,80,80,80,80,80,80,80,80,76,80,76,80,76,80,76,80,76,80,76,80,76,80,76,80,80,80,80,80,80,80,80,80,80,80,80,80,80,80,80,80,80,80,80,80,80,80,80,80,80,80,80,80,80,80,80,80,76,80,80,80,80,80,80,80,80,80,80,80,80,80,80,80,80,80,80,80,80,80,80,80,80,80,80,80,80,80,80,80,80,80,80,80,80,80,80,80,80,80,80,80,80,80,80,80,80,80,80,80,80,80,80,80,80,80,80,80,80,80,80,80,80,80,80,80,80,80,80,80,80,80,80,80,80,80,80,80,80,80,80,80,80,80,80,80,80,80,80,80,80,80,80,80,80,80,76,80,80,80,76,80,80,80,80,80,80,80,80,80,76,80,64,64,32,32,16,16,8,4,2,1],"gtau":[-1.5966166348191443e-14,-3.814949991858151e-14,8.775657725898937e-15,7.640820264569585e-16,-2.0009285428447884e-14,2.7776015959928762e-15,1.942754884451439e-14,-1.8913959283485685e-15,9.998150404352901e-16,-5.8474674766294735e-15,-5.894450736864855e-14,3.651482820457968e-14,2.816099688014465e-14,-3.991383754953837e-14,-2.848426851329944e-14,3.652444156890091e-14,-3.153168045022929e-14,-2.1074244335798336e-14,-1.8944812425490164e-15,2.165156692545113e-14,6.920942051903303e-16,-2.8163359530653157e-15,-3.667586693465208e-14,9.075459922441891e-15,2.036517701541675e-14,-1.3624539369230777e-14,7.752051591430025e-15,-1.1991821043308435e-14,1.6510478436941637e-15,1.0788129469016203e-14,5.5012702560454923e-14,2.420438411477167e-13,1.0425639220832357e-12,4.814419268159746e-12,2.1887853615015486e-11,9.914476728359081e-11,4.483730111115408e-10,2.0207855271299407e-9,9.09003453696546e-9,4.087217236630785e-8,1.8367703555328923e-7,8.262387701861095e-7,3.7198465210829927e-6,1.6772597363704006e-5,7.573685131175386e-5,0.00034226194446796863,0.0015544975343027355,0.007163962835706534,0.03402047267559636,0.1713768978530369,1.000000000000313]}