{"taus":[0.2,0.4,0.6000000000000001,0.8,1.0,1.2000000000000002,1.4000000000000001,1.6,1.8,2.0,2.2,2.4000000000000004,2.6,2.8000000000000003,3.0,3.2,3.4000000000000004,3.6,3.8000000000000003,4.0,4.2,4.4,4.6000000000000005,4.800000000000001,5.0,5.2,5.4,5.6000000000000005,5.800000000000001,6.0,6.2,6.4,6.6000000000000005,6.800000000000001,7.0,7.2,7.4,7.6000000000000005,7.800000000000001,8.0,8.200000000000001,8.4,8.6,8.8,9.0,9.200000000000001,9.4,9.600000000000001,9.8,10.0,10.200000000000001],"bd":[2,4,8,16,8,16,8,16,16,32,32,64,64,128,128,256,256,508,472,600,600,600,600,600,600,600,600,600,600,600,600,600,600,600,600,600,600,600,600,600,600,600,600,600,600,600,600,600,600,600,600,600,600,600,600,600,600,600,600,600,600,600,600,600,600,600,600,600,600,600,600,600,600,600,600,600,600,600,600,600,600,600,600,600,600,600,600,600,600,600,600,600,600,600,600,600,600,600,600,600,600,600,600,600,600,600,600,600,600,600,600,600,600,600,600,600,600,600,600,600,600,600,600,600,600,600,600,600,600,600,600,600,600,600,600,600,600,600,600,600,600,600,600,600,600,600,600,600,600,600,600,600,600,600,600,600,600,600,600,600,600,600,600,600,600,600,600,600,600,600,600,600,600,600,600,600,600,600,600,600,600,600,600,600,600,600,600,600,600,600,600,600,512,512,256,256,128,128,64,64,32,32,16,16,8,4,2,1],"gtau":[7.30841554325179e-16,3.0379736928693546e-15,-8.913904475546878e-17,5.021325006824063e-16,1.1739714491062348e-15,1.922176900043029e-15,9.863957396013842e-16,3.1483263694248335e-16,-2.0973847120044076e-16,-9.360441926606996e-17,1.764732444071251e-15,-1.3755230056333695e-15,-2.7269117380561572e-15,2.826937894341618e-16,1.2002042278863787e-16,-4.842968694719592e-16,7.573745705902034e-16,-2.264116356458013e-17,-1.7347628345214863e-15,-8.044087355590475e-16,-4.261702352196193e-15,-9.047394902138668e-16,-4.441070514599753e-15,-9.240229638903062e-16,-4.296968255680722e-15,8.644989779357096e-17,1.4213512032339586e-15,2.4084569830853958e-15,9.587107373497101e-15,4.186583399395333e-14,1.77753510601397e-13,7.063617389947857e-13,2.9044673905048525e-12,1.196243264724735e-11,4.935129203326147e-11,2.0413516716146285e-10,8.466147900139217e-10,3.5216250495070604e-9,1.469717086271973e-8,6.156434591205993e-8,2.5896668053951517e-7,1.0945904159962807e-6,4.653045184316428e-6,1.991651513916741e-5,8.59800137535275e-5,0.0003752704795816468,0.001662231303447119,0.007519412676676987,0.03515364189471632,0.17442614097857825,1.000000000000075]}