{"ns":[4.586520756410864e-6,4.787651871380451e-6,5.300963964077054e-6,4.783885624780841e-6,5.2645638737397275e-6,4.636060724826995e-6,3.636686088266636e-6,-6.349109347721483e-7,-6.370925680578653e-6,-1.2971802805689187e-5,-1.6830837982244345e-5,-1.802948167194921e-5,-2.0567388802483015e-5,-2.029787207581356e-5,-1.372106000677864e-5,-3.0945126071520728e-6,1.3709832351554826e-5,3.263102140804122e-5,5.6805510127163455e-5,0.00010754643374571696,0.00014187803140132461,0.0001701127842470297,0.0002387861546194682,0.0002974866866233037,0.00046676993544110285,0.000678265473685774,0.0010248684233818525,0.0012192826213324255,0.0013030140536156934,0.0006250868026560563,-0.00013695094606357166,-0.0014185978775645015,-0.004882977685156151,-0.0145615180030156,-0.02709869250591409,-0.04976537191300289,-0.08137060522524057,-0.1305069018031583,-0.20384233800162396,-0.2970795940488116,-0.4100971628291721,-0.5457273250790181,-0.6962351359996142,-0.8242080496908452,-0.9137171716432207,-0.9650171353366593,-1.0108453051187127,-1.015312602251752,-1.0031554584890998,-0.9991867500319735],"taus":[0.1,0.2,0.30000000000000004,0.4,0.5,0.6000000000000001,0.7000000000000001,0.8,0.9,1.0,1.1,1.2000000000000002,1.3,1.4000000000000001,1.5,1.6,1.7000000000000002,1.8,1.9000000000000001,2.0,2.1,2.2,2.3000000000000003,2.4000000000000004,2.5,2.6,2.7,2.8000000000000003,2.9000000000000004,3.0,3.1,3.2,3.3000000000000003,3.4000000000000004,3.5,3.6,3.7,3.8000000000000003,3.9000000000000004,4.0,4.1000000000000005,4.2,4.3,4.4,4.5,4.6000000000000005,4.7,4.800000000000001,4.9,5.0,5.1000000000000005],"bd":[2,4,8,16,8,16,8,16,16,32,32,64,64,128,128,256,256,500,492,500,500,500,500,500,500,500,500,500,500,500,500,500,500,500,496,500,500,500,492,500,500,500,492,500,500,500,492,500,500,500,492,500,500,500,492,500,496,500,496,500,496,500,496,500,496,500,496,500,500,500,496,500,500,500,496,500,498,500,496,500,496,500,496,500,496,500,496,500,496,500,496,500,496,500,496,500,496,500,496,500,496,500,496,500,496,500,496,500,500,500,500,500,500,500,500,500,500,500,500,500,500,500,500,500,500,500,496,500,500,500,496,500,500,500,496,500,500,500,496,500,500,500,496,500,500,500,496,500,496,500,496,500,498,500,494,500,498,500,494,500,500,500,496,500,500,500,496,500,500,500,496,500,500,500,496,500,496,500,492,500,496,500,492,500,500,500,496,500,500,500,496,500,500,500,494,500,498,500,496,500,500,500,472,500,288,500,304,500,280,492,500,300,150,300,500,250,250,474,500,488,476,496,500,476,475,500,500,484,465,499,500,475,472,500,500,478,466,500,500,474,473,500,500,483,464,500,500,477,474,500,500,481,462,500,500,477,476,500,500,483,459,500,500,478,476,500,500,482,462,500,500,476,475,500,500,482,458,500,500,479,479,500,500,483,457,500,500,477,476,500,500,481,454,500,500,481,477,500,500,481,455,500,500,480,477,500,500,481,456,500,500,479,476,500,500,480,454,500,500,481,479,500,500,482,454,500,500,480,479,500,500,483,458,500,500,479,478,500,500,482,455,500,500,480,478,500,500,481,456,500,500,480,479,500,500,483,458,500,500,480,479,500,500,483,456,500,500,478,478,500,500,482,456,500,500,482,480,500,500,483,458,500,500,480,478,500,500,483,457,500,500,481,477,500,500,481,456,500,500,479,477,500,500,482,455,500,500,478,475,500,500,483,458,500,500,481,480,500,500,484,458,500,500,480,479,500,500,483,457,500,500,480,480,500,500,483,456,500,500,480,479,500,500,485,457,500,500,479,478,500,500,485,458,500,500,479,478,500,500,488,460,500,500,481,479,500,500,485,460,500,500,478,477,500,500,484,457,500,500,477,477,500,500,484,458,500,500,476,476,500,500,482,457,500,500,477,476,500,500,482,457,500,500,477,476,500,500,483,457,500,500,476,474,500,500,485,459,500,500,478,475,500,500,483,459,500,500,478,477,500,500,484,460,500,500,477,477,500,500,486,458,500,500,475,475,500,500,482,458,500,500,477,477,500,500,483,457,500,500,478,477,500,500,483,456,500,500,475,475,500,500,483,459,500,500,480,478,500,500,483,456,500,500,476,474,500,500,479,457,500,500,476,476,500,500,481,381,440,468,248,128,128,128,64,32,32,32,16,8,16,8,4,2,4,2,1],"lt":[{"re":1.0964621377798444e-5,"im":-4.586520756410864e-6},{"re":9.721679948305724e-6,"im":5.948194069083721e-6},{"re":1.5722783626284868e-6,"im":1.0218164210895784e-5},{"re":-6.023301671778104e-6,"im":7.445803498834311e-6},{"re":-9.182380902416395e-6,"im":1.4760286078811178e-6},{"re":-7.3076299235831165e-6,"im":-5.007324817131374e-6},{"re":-2.4746095673621914e-6,"im":-7.898895904258306e-6},{"re":2.6753070073108045e-6,"im":-7.0553988258416404e-6},{"re":5.905288625624476e-6,"im":-3.4831427263799073e-6},{"re":6.004315364966057e-6,"im":1.5140602253488326e-6},{"re":2.905566626838328e-6,"im":5.391172978593145e-6},{"re":-2.0069464416339267e-6,"im":5.908911704125546e-6},{"re":-5.8339754621837415e-6,"im":3.137164664866889e-6},{"re":-6.6940949665549e-6,"im":-1.550865774892757e-6},{"re":-4.1221445891149235e-6,"im":-5.618296007738268e-6},{"re":4.687579823556289e-7,"im":-7.113949948715345e-6},{"re":4.949543213927632e-6,"im":-5.438943641215827e-6},{"re":7.548018495698038e-6,"im":-1.4377712563489498e-6},{"re":7.161140924584743e-6,"im":3.1748770574015385e-6},{"re":4.066445631899771e-6,"im":6.510958963981886e-6},{"re":-3.6702554470868484e-7,"im":7.3125347677562525e-6},{"re":-4.290585677437814e-6,"im":5.411760678771653e-6},{"re":-6.263996582750522e-6,"im":1.7524355772242396e-6},{"re":-5.706177808557096e-6,"im":-2.1795295266169972e-6},{"re":-3.114465658543752e-6,"im":-4.85979635101161e-6},{"re":3.5269275947834965e-7,"im":-5.465583651130789e-6},{"re":3.2884308544145833e-6,"im":-3.860629956460559e-6},{"re":4.620773025563023e-6,"im":-9.98017123376938e-7},{"re":4.0642230003927205e-6,"im":1.9097791332321844e-6},{"re":2.0306662906120997e-6,"im":3.8117034087005953e-6},{"re":-5.7291567260731e-7,"im":4.1538626466610105e-6},{"re":-2.7536799157669545e-6,"im":2.867794411315162e-6},{"re":-3.7288141438927155e-6,"im":6.615669492133174e-7},{"re":-3.2635345633574986e-6,"im":-1.6070153007359622e-6},{"re":-1.6226316583763528e-6,"im":-3.0560612189061973e-6},{"re":4.7092398437380166e-7,"im":-3.240408971578994e-6},{"re":2.2409197517035593e-6,"im":-2.2732626467673586e-6},{"re":3.1170496431954865e-6,"im":-5.250313620780686e-7},{"re":2.7724054668831204e-6,"im":1.3267341130649487e-6},{"re":1.444610435370692e-6,"im":2.5455814962006583e-6},{"re":-2.501793322220889e-7,"im":2.733278443696526e-6},{"re":-1.6717343833477427e-6,"im":1.938923857731637e-6},{"re":-2.3605976816209504e-6,"im":5.858828137182918e-7},{"re":-2.1591905099040296e-6,"im":-8.18831319890745e-7},{"re":-1.234670616284283e-6,"im":-1.7589970446701681e-6},{"re":-4.330023156717935e-9,"im":-1.964932090497585e-6},{"re":1.01287850517535e-6,"im":-1.4509561319409432e-6},{"re":1.4980947933545932e-6,"im":-5.393014642782536e-7},{"re":1.392901207179466e-6,"im":3.859041598791052e-7},{"re":8.394222115744143e-7,"im":1.0185700794523074e-6},{"re":9.437274807217799e-8,"im":1.200768705190084e-6}],"gtau":[{"re":-2.0109636460691346e-16,"im":5.514889318225443e-17},{"re":-6.271066632909992e-17,"im":1.2951312381955033e-16},{"re":2.0900308012050446e-18,"im":-6.375865657954933e-17},{"re":-6.342777788509779e-17,"im":-7.957026660613703e-17},{"re":-6.184484278900498e-18,"im":-2.481741993111753e-17},{"re":1.1692156158757688e-18,"im":4.252481215822799e-17},{"re":1.8346419162940944e-17,"im":1.565858770652931e-17},{"re":3.7989040559987245e-18,"im":2.257128319368802e-18},{"re":-1.2570844493708102e-17,"im":7.138804271866303e-17},{"re":2.6368526690348583e-17,"im":-4.47249072318766e-17},{"re":-1.8300757050662763e-17,"im":-1.848497170844458e-17},{"re":5.124330386853807e-19,"im":1.1215549026455884e-17},{"re":-3.3062342739833053e-19,"im":2.5155485716498628e-17},{"re":-9.396722638263425e-18,"im":5.400184192305066e-17},{"re":-3.453537061182559e-17,"im":7.223877247186345e-17},{"re":-8.633442489250876e-17,"im":1.1106265400833098e-16},{"re":-1.7529961562872377e-16,"im":2.3376788483088127e-16},{"re":-3.5645423609953024e-16,"im":4.01381080045431e-16},{"re":-8.259551726501737e-16,"im":6.4839421262978675e-16},{"re":-1.834296813581661e-15,