{"ns":[-0.9563820996568432,-0.9507201151345005,-0.9450801672047121,-0.9396775449299595,-0.9310843146095307,-0.9218322944861045,-0.9128600830105401,-0.9097537951490513,-0.9088434110446135,-0.9079356997101627,-0.9090135828656007,-0.9038613559604635,-0.9095729823813308,-0.9244979371216784,-0.9460573939247872,-0.9618091383477633,-0.9859161940582127,-0.9988817094158375,-1.0109376778125942,-1.0082778799709649,-0.9994743393765585,-0.9929625234463814,-0.9835943900513475,-1.0010633994359064,-0.9978656615938527,-0.9928679521744125,-0.98898200920323,-0.9829498710143368,-0.9706849233583296,-0.9515489273567257,-0.9273979523261621,-0.8804896371544775,-0.8341278372923785,-0.7887482389114774,-0.7491505079196873,-0.7090298725156708,-0.6783880652542184,-0.6507532920223856,-0.6403929186932897,-0.6340307158904169,-0.6378387646491362,-0.6443656327244194,-0.6537829976733512,-0.6669797172136378,-0.688567843091529,-0.7099450413137703,-0.7316725211271238,-0.7393239912718976,-0.779427965180904,-0.7949840008208459,-0.8159936694609646,-0.8336244196164311,-0.8517096006481533,-0.8703843920249063,-0.8811651208227422,-0.8917583139309755,-0.9042150483712197,-0.9129521765222843,-0.921670126679132,-0.9292330964277584,-0.9396889495875175,-0.9478209370086612,-0.9494738902968923,-0.9512028878227651,-0.9551785404836098,-0.9630161469471542,-0.9724916222203608,-0.9799483082874447,-0.9841434096396874,-0.9859171153860237,-0.9924859913076897,-0.9964604392062276,-0.9978858904116117,-0.9984663018491027,-0.9984441297070941,-0.9994224885384028,-0.9998209734064081,-1.000252465137919,-1.0000563855948688,-0.999586011226225],"taus":[0.1,0.2,0.30000000000000004,0.4,0.5,0.6000000000000001,0.7000000000000001,0.8,0.9,1.0,1.1],"bd":[2,4,8,16,8,16,8,16,16,32,32,64,64,128,128,256,256,512,512,600,592,600,596,600,596,600,592,600,600,600,592,600,596,600,592,600,596,600,592,600,596,600,572,600,312,600,304,600,304,600,600,300,150,300,600,300,300,597,600,594,530,600,600,590,587,600,600,591,520,600,600,588,586,600,600,592,522,600,600,591,588,600,600,597,518,600,600,594,589,600,600,592,520,600,600,593,587,600,600,593,519,600,600,592,587,600,600,594,515,600,600,590,588,600,600,594,517,600,600,594,587,600,600,593,512,600,600,593,587,600,600,594,512,600,600,591,587,600,600,593,509,600,600,593,584,600,600,593,509,600,600,594,587,600,600,593,508,600,600,594,589,600,600,591,508,600,600,593,586,600,600,593,505,600,600,594,587,600,600,594,502,600,600,593,584,600,600,592,504,600,600,595,585,600,600,595,502,600,600,593,587,600,600,592,504,600,600,592,585,600,600,592,503,600,600,595,586,600,600,593,501,600,600,594,585,600,600,595,503,600,600,592,584,600,600,592,504,600,600,589,583,600,600,592,502,600,600,590,585,600,600,591,498,600,600,588,582,600,600,592,499,600,600,588,583,600,600,592,499,600,600,590,585,600,600,591,501,600,600,591,585,600,600,591,502,600,600,589,583,600,600,591,500,600,600,588,583,600,600,590,500,600,600,588,584,600,600,591,501,600,600,586,584,600,600,590,499,600,600,589,584,600,600,590,504,600,600,588,585,600,600,588,504,600,600,587,583,600,600,591,499,600,600,587,583,600,600,591,503,600,600,585,583,600,600,590,499,600,600,585,583,600,600,588,499,600,600,585,582,600,600,589,499,600,600,587,583,600,600,589,497,600,600,588,584,600,600,590,498,600,600,590,585,600,600,591,500,600,600,590,586,600,600,591,500,600,600,590,585,600,600,590,500,600,600,588,584,600,600,589,497,600,600,590,585,600,600,587,498,600,600,593,588,600,600,591,496,600,600,593,585,600,600,591,496,600,600,592,586,600,600,591,497,600,600,591,586,600,600,591,496,600,600,591,585,600,600,591,496,600,600,589,586,600,600,590,496,600,600,589,586,600,600,589,495,600,600,589,586,600,600,589,498,600,600,590,584,600,600,590,498,600,600,589,584,600,600,590,495,600,600,590,584,600,600,587,497,600,600,590,584,600,600,589,500,600,600,590,583,600,600,590,496,600,600,589,582,600,600,591,497,600,600,589,583,600,600,588,496,600,600,592,582,600,600,590,495,600,600,590,584,600,600,591,495,600,600,591,583,600,600,590,493,600,600,590,583,600,600,588,497,600,600,588,582,600,600,589,496,600,600,590,580,600,600,591,497,600,600,594,582,600,600,592,496,600,600,593,578,600,600,590,495,600,600,594,581,600,600,592,494,600,600,589,576,600,600,588,491,600,600,588,576,600,600,589,492,600,600,590,576,600,600,589,491,600,600,588,566,600,600,588,486,600,600,585,559,600,600,583,481,600,600,588,544,600,600,582,462,600,600,591,476,600,600,520,289,357,384,192,96,96,96,48,28,32,32,16,8,16,8,4,2,4,2,1],"lt":[{"re":0.15182258426914805,"im":0.9563820996568432},{"re":-0.07513484786089457,"im":0.9590445148945003},{"re":-0.29095843688913836,"im":0.9013784919668789},{"re":-0.47769362368328827,"im":0.7932989825261154},{"re":-0.6235509216428127,"im":0.6484237521219134},{"re":-0.7237027008341942,"im":0.4809245018262025},{"re":-0.7773089704295411,"im":0.30606112058750423},{"re":-0.7884150540488126,"im":0.13627477363219237},{"re":-0.7641986242116323,"im":-0.020175875864792265},{"re":-0.7086403824151054,"im":-0.1617835360939941},{"re":-0.6359061218850672,"im":-0.2814959646612727},{"re":-0.5405119318870735,"im":-0.3815693058234371},{"re":-0.4346631842859867,"im":-0.4597958187768943},{"re":-0.32213384448228416,"im":-0.515719730561557},{"re":-0.20188763220498476,"im":-0.5505163323496602},{"re":-0.08420914871952773,"im":-0.5617474011920026},{"re":0.029437272136389515,"im":-0.5513269171537927},{"re":0.13446642329256933,"im":-0.5205460898266053},{"re":0.22750717901033615,"im":-0.4725452999663851},{"re":0.3059152435726144,"im":-0.4103981383001018},{"re":0.36757321218093947,"im":-0.33707875655334824},{"re":0.41213767067621165,"im":-0.256280133299895},{"re":0.4387206222756678,"im":-0.1707431572171307},{"re":0.4479207859377368,"im":-0.08495041347945105},{"re":0.44247758083615407,"im":-0.003015222961009938},{"re":0.42314422280451536,"im":0.07214370919117302},{"re":0.3901416520682346,"im":0.14078411983961037},{"re":0.34658869003599097,"im":0.2005716215698842},{"re":0.29467186686109526,"im":0.24957765783555183},{"re":0.2360121659640438,"im":0.28779008783481735},{"re":0.17325542409624894,"im":0.3140477436853289},{"re":0.10858136294903263,"im":0.3278793432937575},{"re":0.04419727081368233,"im":0.33036983824834776},{"re":-0.016911513908936127,"im":0.32136098080565867},{"re":-0.07526379333414256,"im":0.30297672133157233},{"re":-0.12782175267361415,"im":0.27510037695536266},{"re":-0.17445369874673117,"im":0.23996011298476677},{"re":-0.2133478740252304,"im":0.19809955154636114},{"re":-0.24396373990886736,"im":0.15170949479883622},{"re":-0.26505719973888653,"im":0.10177627283625444},{"re":-0.277426637155629,"im":0.050377899313524634},{"re":-0.280777653648588,"im":-0.0010687383199606414},{"re":-0.27613365613008234,"im":-0.05101439706375375},{"re":-0.2630456530286627,"im":-0.09864459200972993},{"re":-0.24219127057715384,"im":-0.14284305603889694},{"re":-0.21435860249599786,"im":-0.18222879774925768},{"re":-0.1804850904722186,"im":-0.21611880265807515},{"re":-0.1407157764795147,"im":-0.24471050327667462},{"re":-0.09868353729712931,"im":-0.2639140051921766},{"re":-0.0527171269672021,"im":-0.2776140882615831},{"re":-0.006589217156474028,"im":-0.2823360605150943},{"re":0.039129675117494656,"im":-0.27900654575239303},{"re":0.08303422455671902,"im":-0.26787147633143493},{"re":0.12382093743598589,"im":-0.24938148057354156},{"re":0.16033198825486664,"im":-0.22418392958343128},{"re":0.19167665757045682,"im":-0.19319879657477693},{"re":0.21701709812662018,"im":-0.157573663396933},{"re":0.23520702310861738,"im":-0.11831661813758147},{"re":0.24667713342846215,"im":-0.07717390395064118},{"re":0.250807336702612,"im":-0.03518044433136123},{"re":0.24774645833621778,"im":0.006707426511182813},{"re":0.2368877551411642,"im":0.04674788238931756},{"re":0.21929716405016722,"im":0.08407554252757982},{"re":0.19593666304146468,"im":0.11664232490488735},{"re":0.16762428334354323,"im":0.1442393506087767},{"re":0.13606440905474668,"im":0.16607105024393848},{"re":0.10221286865965903,"im":0.1816929231903133},{"re":0.06740088167725708,