{"taus":[0.05,0.1,0.15000000000000002,0.2,0.25,0.30000000000000004,0.35000000000000003,0.4,0.45,0.5,0.55,0.6000000000000001,0.65,0.7000000000000001,0.75,0.8,0.8500000000000001,0.9,0.9500000000000001,1.0,1.05,1.1,1.1500000000000001,1.2000000000000002,1.25,1.3,1.35,1.4000000000000001,1.4500000000000002,1.5,1.55,1.6,1.6500000000000001,1.7000000000000002,1.75,1.8,1.85,1.9000000000000001,1.9500000000000002,2.0,2.0500000000000003,2.1,2.15,2.2,2.25,2.3000000000000003,2.35,2.4000000000000004,2.45,2.5,2.5500000000000003,2.6,2.6500000000000004,2.7,2.75,2.8000000000000003,2.85,2.9000000000000004,2.95,3.0,3.0500000000000003,3.1,3.1500000000000004,3.2,3.25,3.3000000000000003,3.35,3.4000000000000004,3.45,3.5,3.5500000000000003,3.6,3.6500000000000004,3.7,3.75,3.8000000000000003,3.85,3.9000000000000004,3.95,4.0,4.05,4.1000000000000005,4.15,4.2,4.25,4.3,4.3500000000000005,4.4,4.45,4.5,4.55,4.6000000000000005,4.65,4.7,4.75,4.800000000000001,4.8500000000000005,4.9,4.95,5.0,5.050000000000001],"bd":[2,4,8,16,8,16,8,16,16,32,32,64,64,100,92,100,100,100,100,100,100,100,100,100,100,100,96,100,100,100,92,100,100,100,96,100,100,100,96,100,100,100,96,100,100,100,96,100,100,100,96,100,100,100,96,100,100,100,96,100,100,100,96,100,100,100,96,100,100,100,96,100,100,100,96,100,100,100,96,100,100,100,96,100,100,100,96,100,100,100,96,100,100,100,96,100,100,100,96,100,100,100,96,100,100,100,96,100,100,100,92,100,100,100,96,100,100,100,96,100,100,100,96,100,100,100,96,100,100,100,96,100,100,100,96,100,100,100,96,100,100,100,96,100,100,100,96,100,100,100,96,100,100,100,96,100,100,100,100,100,100,100,96,100,100,100,96,100,100,100,100,100,100,100,96,100,100,100,96,100,100,100,96,100,100,100,96,100,100,100,96,100,100,100,96,100,100,100,96,100,100,100,100,100,100,100,92,100,100,100,96,100,100,100,92,100,100,100,92,100,100,100,92,100,100,100,92,100,100,100,92,100,100,100,96,100,100,100,96,100,100,100,96,100,100,100,96,100,100,100,92,100,100,100,92,100,100,100,92,100,100,100,92,100,100,100,92,100,100,100,92,100,100,100,88,100,100,100,88,100,100,100,92,100,100,100,92,100,100,100,88,100,100,100,92,100,100,100,88,100,100,100,92,100,100,100,92,100,100,100,92,100,100,100,92,100,100,100,92,100,100,100,92,100,100,100,92,100,100,100,92,100,100,100,92,100,100,100,92,100,100,100,92,100,100,100,92,100,100,100,92,100,100,100,92,100,100,100,92,100,100,100,92,100,100,100,92,100,100,100,92,100,100,100,96,100,100,100,92,100,100,100,96,100,100,100,92,100,100,100,96,100,100,100,100,100,100,100,64,64,32,32,16,16,8,4,2,1],"gtau":[-8.320352576272836e-14,-3.6747821674266903e-13,-1.4953323920081107e-12,1.7380324807651522e-12,5.721070287799244e-13,7.1819844084908e-13,9.715735141313152e-13,1.2961103699661292e-12,1.7010378961645992e-12,2.24658487861735e-12,2.969102117128914e-12,3.962510020342828e-12,5.3406210269208056e-12,7.2016572790955104e-12,9.706376412579209e-12,1.309104123263936e-11,1.768576476889846e-11,2.3872742174793015e-11,3.215235620366548e-11,4.330171944377584e-11,5.819996258886279e-11,7.810890876994473e-11,1.0482373875300291e-10,1.4056383392825054e-10,1.883617226622725e-10,2.5241749835972155e-10,3.3817889942781924e-10,4.5253077309309415e-10,6.057596899475044e-10,8.10201531809695e-10,1.0835385167911195e-9,1.4491003427238997e-9,1.9381802378286962e-9,2.592475835720489e-9,3.4679352601770385e-9,4.643899877948413e-9,6.216029445538226e-9,8.321743085889458e-9,1.114310502690675e-8,1.4927910023018115e-8,1.9983024562831247e-8,2.67595438034711e-8,3.5810950988410534e-8,4.7985850800068447e-8,6.425198954467286e-8,8.605436949944782e-8,1.1527817614651613e-7,1.5443807895113434e-7,2.0712525075185099e-7,2.7759300381012394e-7,3.724232072591696e-7,4.993220015170946e-7,6.700665086436303e-7,8.986518841471828e-7,1.2065365381577349e-6,1.6188068465589201e-6,2.174313447118301e-6,2.9211571919632534e-6,3.925387559115671e-6,5.2761340493743e-6,7.086243319857766e-6,9.52849353894527e-6,1.2815887962014514e-5,1.7239072008866587e-5,2.319483547689031e-5,3.121544871012839e-5,4.201931180837577e-5,5.6575234505695515e-5,7.618936815619253e-5,0.00010262388578601729,0.00013825579302691665,0.0001862970784439615,0.0002510761635223794,0.00033843201469217104,0.00045627500943425645,0.0006151301918171539,0.0008292353737948266,0.0011177891060467778,0.0015066757012267091,0.0020307221784571197,0.0027363038682719,0.0036897948265901203,0.0049742408198514545,0.006704877426283904,0.009034556179377307,0.012170977323851695,0.016393973353026982,0.022078550745988235,0.029722161700701764,0.04000144091970372,0.05382069519437861,0.07239308203407409,0.09732066614763213,0.13072562442649346,0.17548188158490133,0.23538203569809493,0.31539681047038143,0.42205661655181803,0.5637896022185319,0.7516892756593915,1.0000000000004525]}