{"taus":[0.2,0.4,0.6000000000000001,0.8,1.0,1.2000000000000002,1.4000000000000001,1.6,1.8,2.0,2.2,2.4000000000000004,2.6,2.8000000000000003,3.0,3.2,3.4000000000000004,3.6,3.8000000000000003,4.0,4.2,4.4,4.6000000000000005,4.800000000000001,5.0,5.2],"bd":[2,4,8,16,8,16,8,16,16,32,32,64,64,80,76,80,80,80,80,80,80,80,80,80,80,80,76,80,80,80,80,80,76,80,80,80,76,80,80,80,76,80,80,80,80,80,80,80,80,80,80,80,80,80,80,80,80,80,80,80,80,80,80,80,80,80,80,80,80,80,80,80,76,80,80,80,76,80,80,80,76,80,80,80,80,80,80,80,80,80,76,80,80,80,80,80,80,80,64,64,32,32,16,16,8,4,2,1],"gtau":[1.2520137379470535e-15,-3.974981980803969e-15,7.65378959833044e-15,1.5313830732449242e-14,1.997596799136505e-14,6.198553078186995e-14,3.2779691243930887e-13,1.4514570348262347e-12,6.390524115689791e-12,2.820664307122854e-11,1.243641472370192e-10,5.488409935140813e-10,2.423200679133003e-9,1.0705901932800592e-8,4.7339159026932537e-8,2.09545755038343e-7,9.294171198867868e-7,4.126876409042957e-6,1.8347398659362025e-5,8.182238499817093e-5,0.00036543447884428333,0.0016381401105593576,0.007452866399804447,0.034949553403540626,0.17395001394008758,0.9999999999988393]}