{"taus":[0.02,0.04,0.06,0.08,0.1,0.12,0.14,0.16,0.18,0.2,0.22,0.24,0.26,0.28,0.3,0.32,0.34,0.36,0.38,0.4,0.42,0.44,0.46,0.48,0.5,0.52,0.54,0.56,0.58,0.6,0.62,0.64,0.66,0.68,0.7000000000000001,0.72,0.74,0.76,0.78,0.8,0.8200000000000001,0.84,0.86,0.88,0.9,0.92,0.9400000000000001,0.96,0.98,1.0,1.02],"bd":[2,4,8,16,8,16,8,16,16,32,32,64,64,128,104,208,168,320,208,384,256,400,288,400,328,400,336,400,368,400,376,400,400,400,400,400,400,400,400,400,400,400,400,400,400,400,400,400,400,400,400,400,400,400,400,400,400,400,400,400,400,400,400,400,400,400,400,400,400,400,400,400,400,400,400,400,400,400,400,400,400,400,400,400,400,400,400,400,400,400,400,400,400,400,400,400,400,400,400,400,400,400,400,400,400,400,400,400,400,400,400,400,400,400,400,400,400,400,400,400,400,400,400,400,400,400,400,400,400,400,400,400,400,400,400,400,400,400,400,400,400,400,400,400,400,400,400,400,400,400,400,400,400,400,400,400,400,400,400,400,400,400,400,400,400,400,400,400,400,400,400,400,400,400,400,400,400,400,400,400,400,400,400,400,368,400,352,400,304,400,280,400,232,340,184,224,120,128,64,64,32,32,16,16,8,4,2,1],"gtau":[0.3919497379490495,0.39331615502753825,0.3948798477466766,0.396616790362451,0.3985086791770124,0.40054133675951215,0.40270363911819274,0.40498677346221773,0.4073837119322525,0.4098888304562429,0.41249762720142746,0.41520651211474513,0.41801264695269325,0.4209138224362259,0.4239083631670088,0.4269950534353515,0.4301730790356291,0.43344198167859144,0.436801623277573,0.4402521583986635,0.4437940133141182,0.4474278705959006,0.4511546584951733,0.45497554454427197,0.45889193303577436,0.4629054661317247,0.4670180285194708,0.47123175564708447,0.47554904569762624,0.479972575586066,0.4845053214084268,0.4891505839356579,0.4939120199487526,0.498793680449753,0.5038000570914447,0.5089361386947986,0.5142074797182092,0.5196202845311831,0.5251815104667602,0.5308989951793049,0.5367816163207002,0.5428394908480852,0.5490842303870389,0.5555292677892224,0.562190285036009,0.5690857790895177,0.5762378229371597,0.5836731099162671,0.5914244174281486,0.5995327116704392,0.6080502625013826]}