{"taus":[0.2,0.4,0.6000000000000001,0.8,1.0,1.2000000000000002,1.4000000000000001,1.6,1.8,2.0,2.2,2.4000000000000004,2.6,2.8000000000000003,3.0,3.2,3.4000000000000004,3.6,3.8000000000000003,4.0,4.2,4.4,4.6000000000000005,4.800000000000001,5.0,5.2,5.4,5.6000000000000005,5.800000000000001,6.0,6.2,6.4,6.6000000000000005,6.800000000000001,7.0,7.2,7.4,7.6000000000000005,7.800000000000001,8.0,8.200000000000001,8.4,8.6,8.8,9.0,9.200000000000001,9.4,9.600000000000001,9.8,10.0,10.200000000000001],"bd":[2,4,8,16,8,16,8,16,16,32,32,64,64,120,120,120,120,120,120,120,120,120,120,120,120,120,120,120,120,120,120,120,120,120,120,120,120,120,120,120,120,120,120,120,120,120,120,120,120,120,120,120,120,120,120,120,120,120,120,120,120,120,120,120,120,120,120,120,120,120,120,120,120,120,120,120,120,120,120,120,120,120,120,120,120,120,120,120,120,120,120,120,120,120,120,120,120,120,120,120,120,120,120,120,120,120,120,120,120,120,120,120,120,120,120,120,120,120,120,120,120,120,120,120,120,120,120,120,120,120,120,120,120,120,120,120,120,120,120,120,120,120,120,120,120,120,120,120,120,120,120,120,120,120,120,120,120,120,120,120,120,120,120,120,120,120,120,120,120,120,120,120,120,120,120,120,120,120,120,120,120,120,120,120,120,120,120,120,120,120,120,120,120,120,120,120,120,120,64,64,32,32,16,16,8,4,2,1],"gtau":[9.710917872977531e-12,1.1695817918877672e-11,1.630998437556291e-11,2.4104197499826608e-11,3.676824630673062e-11,5.7116689818894215e-11,8.980879014483122e-11,1.4240718822354288e-10,2.269262280653884e-10,3.632157218737856e-10,5.829303558697009e-10,9.384246009632245e-10,1.5202023761170058e-9,2.4594636981695958e-9,3.979256336553264e-9,6.471755460923258e-9,1.0558211567483382e-8,1.7261810796612376e-8,2.8274074795493248e-8,4.639443056620935e-8,7.626645192635573e-8,1.2558641625641733e-7,2.070883496020883e-7,3.41946857435102e-7,5.65476783443289e-7,9.364467447385109e-7,1.5529830834641088e-6,2.5794079133771554e-6,4.2909251213928825e-6,7.150175625486449e-6,1.193755276010314e-5,1.9971200315999986e-5,3.353535630632666e-5,5.6353332251380794e-5,9.495593659905816e-5,0.0001602106862282199,0.0002709387286080365,0.0004591335772198352,0.0007799492778083982,0.0013285430313779414,0.0022692297249934297,0.0039261617366578875,0.006786404673253005,0.011758347943249816,0.020546302812824102,0.036246607752245565,0.06472809223736628,0.1176656509449955,0.22037005987155622,0.436841651177662,0.9999999999901802]}