{"taus":[0.1,0.2,0.30000000000000004,0.4,0.5,0.6000000000000001,0.7000000000000001,0.8,0.9,1.0,1.1,1.2000000000000002,1.3,1.4000000000000001,1.5,1.6,1.7000000000000002,1.8,1.9000000000000001,2.0,2.1,2.2,2.3000000000000003,2.4000000000000004,2.5,2.6,2.7,2.8000000000000003,2.9000000000000004,3.0,3.1,3.2,3.3000000000000003,3.4000000000000004,3.5,3.6,3.7,3.8000000000000003,3.9000000000000004,4.0,4.1000000000000005,4.2,4.3,4.4,4.5,4.6000000000000005,4.7,4.800000000000001,4.9,5.0,5.1000000000000005,5.2,5.300000000000001,5.4,5.5,5.6000000000000005,5.7,5.800000000000001,5.9,6.0,6.1000000000000005,6.2,6.300000000000001,6.4,6.5,6.6000000000000005,6.7,6.800000000000001,6.9,7.0,7.1000000000000005,7.2,7.300000000000001,7.4,7.5,7.6000000000000005,7.7,7.800000000000001,7.9,8.0,8.1,8.200000000000001,8.3,8.4,8.5,8.6,8.700000000000001,8.8,8.9,9.0,9.1,9.200000000000001,9.3,9.4,9.5,9.600000000000001,9.700000000000001,9.8,9.9,10.0,10.100000000000001],"bd":[2,4,8,16,8,16,8,16,16,32,32,64,64,128,128,200,200,200,200,200,200,200,200,200,200,200,200,200,200,200,200,200,200,200,200,200,200,200,200,200,200,200,200,200,200,200,200,200,200,200,200,200,200,200,200,200,200,200,200,200,200,200,200,200,200,200,200,200,200,200,200,200,200,200,200,200,200,200,200,200,200,200,200,200,200,200,200,200,200,200,200,200,200,200,200,200,200,200,200,200,200,200,200,200,200,200,200,200,200,200,200,200,200,200,200,200,200,200,200,200,200,200,200,200,200,200,200,200,200,200,200,200,200,200,200,200,200,200,200,200,200,200,200,200,200,200,200,200,200,200,200,200,200,200,200,200,200,200,200,200,200,200,200,200,200,200,200,200,200,200,200,200,200,200,200,200,200,200,200,200,200,200,200,200,200,200,200,200,200,200,200,200,200,200,200,200,200,200,200,200,200,200,200,200,200,200,200,200,200,200,200,200,200,200,200,200,200,200,200,200,200,200,200,200,200,200,200,200,200,200,200,200,200,200,200,200,200,200,200,200,200,200,200,200,200,200,200,200,200,200,200,200,200,200,200,200,200,200,200,200,200,200,200,200,200,200,200,200,200,200,200,200,200,200,200,200,200,200,200,200,200,200,200,200,200,200,200,200,200,200,200,200,200,200,200,200,200,200,200,200,200,200,200,200,200,200,200,200,200,200,200,200,200,200,200,200,200,200,200,200,200,200,200,200,200,200,200,200,200,200,200,200,200,200,200,200,200,200,200,200,200,200,200,200,200,200,200,200,200,200,200,200,200,200,200,200,200,200,200,200,200,200,200,200,200,200,200,200,200,200,200,200,200,200,200,200,200,200,200,200,200,200,200,200,200,200,200,200,200,200,200,200,200,200,200,200,128,128,64,64,32,32,16,16,8,4,2,1],"gtau":[4.93073966882525e-12,5.29435627796203e-12,6.007507520381694e-12,7.023489180682983e-12,8.368530474774826e-12,1.0120458198467413e-11,1.2351303947553765e-11,1.518922077308593e-11,1.881135831473476e-11,2.342392070994244e-11,2.9245398513961005e-11,3.664849626069597e-11,4.6068869158124934e-11,5.8056119975506523e-11,7.355573973406664e-11,9.287852630158642e-11,1.1758051740874052e-10,1.4915187876563363e-10,1.8954939566396718e-10,2.412613575856091e-10,3.075039166707311e-10,3.924499396793801e-10,5.014844812878775e-10,6.415385531500957e-10,8.2147961806334e-10,1.052818137940585e-9,1.3508931999138715e-9,1.7350748389458366e-9,2.2305416145664005e-9,2.869906928973889e-9,3.695494852353694e-9,4.7621874756927725e-9,6.141282244495675e-9,7.925532353625036e-9,1.0235296816216908e-8,1.3227204216287011e-8,1.710502752169973e-8,2.213409091877642e-8,2.8659612697158665e-8,3.7131327597827746e-8,4.813517338034636e-8,6.243386714145038e-8,8.102149833285237e-8,1.0520285070491993e-7,1.3670378432971519e-7,1.7775699564163045e-7,2.3134890986197522e-7,3.010845297365588e-7,3.9191301885694764e-7,5.105987731932684e-7,6.655969693333979e-7,8.680099551359264e-7,1.1323880993858138e-6,1.4778344513112795e-6,1.9299548312911874e-6,2.5224188245728076e-6,3.297321359990791e-6,4.311358220740407e-6,5.638338437832056e-6,7.376252603766562e-6,9.653691880560403e-6,1.2639475929749597e-5,1.6555658065611074e-5,2.1694104212304187e-5,2.8439105000748005e-5,3.7296491389535e-5,4.89326599161088e-5,6.422574700843718e-5,8.4333619040452e-5,0.0001107837756469505,0.00014559254958332633,0.00019142296901208212,0.0002517921675166964,0.00033135176888815797,0.0004362577910070565,0.0005746542016537067,0.0007573217303840158,0.0009985319435125196,0.001317236082857439,0.0017385187489011736,0.002296647907341489,0.0030359981508275655,0.004016345519723089,0.005318658426956431,0.0070510034737219646,0.009358148649913864,0.012426066765691413,0.01653165122588229,0.022028427694696134,0.029403181003304902,0.03932797576914118,0.05266178231284782,0.07073754177067089,0.09534685100111147,0.12902365073258187,0.17548479992228896,0.24034815954070402,0.33234306237733785,0.46607115644412656,0.6685550419655247,0.9999999999954933]}