{"ns":[-0.0022597284505379575,-0.002501739073331091,-0.002428915500549077,-0.0018831529727189073,-0.002159715583814566,-0.0019487572030079617,-0.0024668297133451237,-0.0019336223878690828,-0.0006548862374969746,0.0013996980262644752,0.0027647423681510914,0.0012841617717463047,-0.005681794381138049,-0.009744415869128747,-0.011458578463181567,-0.0134063633700739,-0.011564922935478967,-0.00560024104076097,0.003912421174691337,0.014783644368016062,0.027896583297885937,0.03978271892306208,0.050056987699330244,0.053213457181524496,0.048353483281425975,0.030252500149866007,-0.004476845892559962,-0.06050452144681017,-0.14104806394820613,-0.2562026943330382,-0.38472569799481543,-0.5371809036970631,-0.6757037890470182,-0.7999948591308335,-0.8931368823380965,-0.9654794689685954,-1.0057044950620537,-1.0256356040372103,-1.0155411842899262,-0.9971118009666511],"taus":[0.1,0.2,0.30000000000000004,0.4,0.5,0.6000000000000001,0.7000000000000001,0.8,0.9,1.0,1.1],"bd":[1,1,1,1,1,2,2,4,4,8,8,16,16,32,32,64,64,100,100,100,100,100,100,100,100,100,100,100,100,100,100,100,100,100,100,100,100,100,100,100,100,100,100,100,100,100,100,100,100,100,100,100,100,100,100,100,100,100,100,100,100,100,100,100,100,100,100,100,100,100,100,100,100,100,100,100,100,100,100,100,100,100,100,100,100,100,100,100,100,100,100,100,100,100,100,100,100,100,100,100,100,100,100,100,100,100,100,100,100,100,100,100,100,100,100,100,100,100,100,100,100,100,100,100,100,100,100,100,100,100,100,100,100,100,100,100,100,100,100,100,100,100,100,100,100,100,100,100,100,100,100,100,100,100,100,100,100,100,100,100,100,100,100,100,100,100,100,100,100,100,100,100,100,100,100,100,100,100,100,100,100,100,100,100,100,100,100,100,100,100,100,100,100,100,100,100,100,100,100,100,100,100,100,100,100,100,100,100,100,100,100,100,100,100,100,100,100,100,100,100,100,100,100,100,100,100,100,100,100,100,100,100,100,100,100,100,100,100,100,100,100,100,100,100,100,100,100,100,100,100,100,100,100,100,100,100,100,100,100,100,100,100,100,100,100,100,100,100,100,100,100,100,100,100,100,100,100,100,100,100,100,100,100,100,100,100,100,100,100,100,100,100,100,100,100,100,100,100,100,100,100,100,100,100,100,100,100,100,100,100,100,100,100,100,100,100,100,100,100,100,100,100,100,100,100,100,100,100,100,100,100,100,100,100,100,100,100,100,100,100,100,100,100,100,100,100,100,100,100,100,100,100,100,100,100,100,100,100,100,100,100,100,100,64,32,32,32,16,8,8,8,4,2,2,2,1],"lt":[{"re":-0.0002961564852260967,"im":0.0022597284505379575},{"re":-0.0013396677721809161,"im":0.001791903626236995},{"re":-0.0018829823496695508,"im":0.0008286563010257078},{"re":-0.0017498417376618578,"im":-0.00023208581379360746},{"re":-0.0012016631227914354,"im":-0.0008113702068708662},{"re":-0.00048817985416895333,"im":-0.0010339633269030102},{"re":8.308757978556544e-5,"im":-0.0008386462773726779},{"re":0.0006287614285607007,"im":-0.0005621149119038951},{"re":0.0010695491140387896,"im":2.8778538913519104e-5},{"re":0.0012444129958272619,"im":0.0008223489399892747},{"re":0.0012057619069054653,"im":0.0016012436110487472},{"re":0.0008717467273735978,"im":0.0022623259832408684},{"re":0.0003526979010436798,"im":0.0026757703897898567},{"re":-0.000254134576094193,"im":0.0027973198153907193},{"re":-0.0007938293415679958,"im":0.002585590882070895},{"re":-0.0012138803331310352,"im":0.0020865755113127385},{"re":-0.0014413867247404127,"im":0.0013537178683755919},{"re":-0.0014413910051949829,"im":0.00041420419589675096},{"re":-0.0011114825695925526,"im":-0.0005432902853264506},{"re":-0.0004773753945957237,"im":-0.0014244670370372975},{"re":0.00032451701425930866,"im":-0.002136910357693885},{"re":0.0013367268392439017,"im":-0.002538004805014103},{"re":0.0024401047868063347,"im":-0.0025307911272137652},{"re":0.0035323258209144716,"im":-0.002080898874196215},{"re":0.004405905087763473,"im":-0.0012238911687340519},{"re":0.004916646215094555,"im":-2.2065858055900905e-5},{"re":0.005004648271033636,"im":0.0014152186021279616},{"re":0.0045795449885427135,"im":0.0029081670192352698},{"re":0.0036360101833315325,"im":0.004284259071803222},{"re":0.0022886371759319084,"im":0.005335422282316395},{"re":0.0005818241401454202,"im":0.006002736001216283},{"re":-0.001292077744155698,"im":0.006125478940455622},{"re":-0.0031488934477012904,"im":0.005625511999342542},{"re":-0.004816038124293379,"im":0.004538528840498247},{"re":-0.006046203651049355,"im":0.002910385990351685},{"re":-0.006645603273819629,"im":0.0009179637046214756},{"re":-0.0064436273758270044,"im":-0.0011222848904000563},{"re":-0.005500523219343667,"im":-0.0029194302440757763},{"re":-0.004070555327929783,"im":-0.0041899590872602486},{"re":-0.0024011274847458293,"im":-0.0048461051558672235},{"re":-0.0007137120342567297,"im":-0.004851920761670607}],"gtau":[{"re":4.6541657856584953e-7,"im":-3.818612238234115e-7},{"re":1.0809344078272826e-6,"im":-4.1673656939035525e-7},{"re":2.380625820462092e-6,"im":-4.1151498635751523e-7},{"re":5.202303461129177e-6,"im":-2.423229099961572e-7},{"re":1.1450166881529836e-5,"im":4.1329809956723273e-7},{"re":2.5556803596306527e-5,"im":2.3223283100218193e-6},{"re":5.811383299334364e-5,"im":7.299664830039587e-6},{"re":0.00013523239863081927,"im":1.9656449749748538e-5},{"re":0.0003246753161948926,"im":4.9902107589858454e-5},{"re":0.0008182294440528063,"im":0.00012445496474641603},{"re":0.9999995345834214,"im":3.818612238234115e-7}],"ts":[0.05,0.1,0.15000000000000002,0.2,0.25,0.30000000000000004,0.35000000000000003,0.4,0.45,0.5,0.55,0.6000000000000001,0.65,0.7000000000000001,0.75,0.8,0.8500000000000001,0.9,0.9500000000000001,1.0,1.05,1.1,1.1500000000000001,1.2000000000000002,1.25,1.3,1.35,1.4000000000000001,1.4500000000000002,1.5,1.55,1.6,1.6500000000000001,1.7000000000000002,1.75,1.8,1.85,1.9000000000000001,1.9500000000000002,2.0,2.0500000000000003],"gt":[{"re":-3.818612210699139e-7,"im":-4.6541657609943533e-7},{"re":-2.3985130376476565e-7,"im":-5.610883700941064e-7},{"re":-3.192051492787619e-8,"im":-6.089371874985916e-7},{"re":2.4232759600711247e-7,"im":-4.990331868046685e-7},{"re":3.793964928402325e-7,"im":-2.9562129215889875e-7},{"re":4.2075115113175687e-7,"im":-5.882285996774812e-8},{"re":3.4332219398517983e-7,"im":1.2688656797863392e-7},{"re":2.340704619055835e-7,"im":2.881767046220764e-7},{"re":3.9272209871759764e-8,"im":4.052656987420132e-7},{"re":-2.0762294320263155e-7,"im":4.37259590875534e-7},{"re":-4.4463263125908815e-7,"im":4.0268245585547926e-7},{"re":-6.42389084148386e-7,"im":2.8070783725317155e-7},{"re":-7.63602089598573e-7,"im":1.0517737973850181e-7},{"re":-7.98731323175053e-7,"im":-9.365281630820468e-8},{"re":-7.366906974406104e-7,"im":-2.6976546259427383e-7},{"re":-5.918876646019457e-7,"im":-4.069027027930964e-7},{"re":-3.793569097111633e-7,"im":-4.822538433571602e-7},{"re":-1.0654374827275152e-7,"im":-4.863043586416456e-7},{"re":1.7202837315350899e-7,"im":-3.885353676705967e-7},{"re":4.2803721178314597e-7,"im":-1.9709905106844522e-7},{"re":6.336189132800883e-7,"im":4.786209306172676e-8},{"re":7.471647216843368e-7,"im":3.5587967742186717e-7},{"re":7.397859373471191e-7,"im":6.902305349769942e-7},{"re":6.011995902061703e-7,"im":1.019707293047185e-6},{"re":3.428706555323142e-7,"im":1.2830281816685414e-6},{"re":-1.6347149579463066e-8,"im":1.4369540219914192e-6},{"re":-4.438909992797982e-7,"im":1.4633207581790725e-6},{"re":-8.861984351265539e-7,"im":1.3357356630254064e-6},{"re":-1.2920015991044481e-6,"im":1.0531097648311432e-6},{"re":-1.6001139789922648e-6,"im":6.505470299671114e-7},{"re":-1.792820305128606e-6,"im":1.409814469776275e-7},{"re":-1.8227999932225916e-6,"im":-4.174847126357009e-7},{"re":-1.6670840554527228e-6,"im":-9.693742150215218e-7},{"re":-1.3365958516945305e-6,"im":-1.4631731999387354e-6},{"re":-8.457349594894326e-7,"im":-1.8249891104663903e-6},{"re":-2.479571458683709e-7,"im":-1.9973531776797965e-6},{"re":3.6157828720567545e-7,"im":-1.9299252045036143e-6},{"re":8.961829373503991e-7,"im":-1.6416188348919913e-6},{"re":1.2717752026223874e-6,