{"taus":[0.2,0.4,0.6000000000000001,0.8,1.0,1.2000000000000002,1.4000000000000001,1.6,1.8,2.0,2.2,2.4000000000000004,2.6,2.8000000000000003,3.0,3.2,3.4000000000000004,3.6,3.8000000000000003,4.0,4.2,4.4,4.6000000000000005,4.800000000000001,5.0,5.2,5.4,5.6000000000000005,5.800000000000001,6.0,6.2,6.4,6.6000000000000005,6.800000000000001,7.0,7.2,7.4,7.6000000000000005,7.800000000000001,8.0,8.200000000000001,8.4,8.6,8.8,9.0,9.200000000000001,9.4,9.600000000000001,9.8,10.0,10.200000000000001],"bd":[2,4,8,16,8,16,8,16,16,32,32,64,64,128,128,160,160,160,160,160,160,160,160,160,160,160,160,160,160,160,160,160,160,160,160,160,160,160,160,160,160,160,160,160,160,160,160,160,160,160,160,160,160,160,160,160,160,160,160,160,160,160,160,160,160,160,160,160,160,160,160,160,160,160,160,160,160,160,160,160,160,160,160,160,160,160,160,160,160,160,160,160,160,160,160,160,160,160,160,160,160,160,160,160,160,160,160,160,160,160,160,160,160,160,160,160,160,160,160,160,160,160,160,160,160,160,160,160,160,160,160,160,160,160,160,160,160,160,160,160,160,160,160,160,160,160,160,160,160,160,160,160,160,160,160,160,160,160,160,160,160,160,160,160,160,160,160,160,160,160,160,160,160,160,160,160,160,160,160,160,160,160,160,160,160,160,160,160,160,160,160,160,160,160,160,160,128,128,64,64,32,32,16,16,8,4,2,1],"gtau":[5.497141856892827e-16,3.740590789039783e-15,-2.7076595455845466e-17,4.063298085820483e-17,-1.5653299624277277e-15,-3.5536955169943376e-15,-9.070831780642595e-16,4.310433624122473e-16,-1.2811982240385366e-15,-4.8575235713319825e-17,2.323638928181811e-15,-4.145244435737362e-16,5.245809342791617e-15,3.97845860721213e-15,1.563333871791145e-15,-2.21924559623395e-15,1.14295098051537e-15,4.898036638362406e-15,-5.396461082228914e-16,1.6451547706161016e-16,-1.8293531206584033e-15,-1.1340663286444532e-16,-2.972355419452981e-15,-5.840168217168579e-16,5.433391343893346e-16,2.959005304767091e-16,1.0663836249645627e-15,1.3117237139930402e-15,2.214825513896785e-15,6.562767226772103e-15,2.057755482490134e-14,8.90388491893364e-14,4.179466096171216e-13,1.923641212547191e-12,8.842601242249511e-12,4.072554246272282e-11,1.8798125474177852e-10,8.697690446826678e-10,4.035023727754689e-9,1.8782529867336554e-8,8.78174379956983e-8,4.126710379874764e-7,1.95041136067674e-6,9.283706083128419e-6,4.45799992075727e-5,0.00021647962038752957,0.0010667862911934957,0.005369992045951149,0.02795109183755406,0.15468726615035888,1.0000000000000457]}