{"taus":[0.1,0.2,0.30000000000000004,0.4,0.5,0.6000000000000001,0.7000000000000001,0.8,0.9,1.0,1.1,1.2000000000000002,1.3,1.4000000000000001,1.5,1.6,1.7000000000000002,1.8,1.9000000000000001,2.0,2.1,2.2,2.3000000000000003,2.4000000000000004,2.5,2.6,2.7,2.8000000000000003,2.9000000000000004,3.0,3.1,3.2,3.3000000000000003,3.4000000000000004,3.5,3.6,3.7,3.8000000000000003,3.9000000000000004,4.0,4.1000000000000005,4.2,4.3,4.4,4.5,4.6000000000000005,4.7,4.800000000000001,4.9,5.0,5.1000000000000005,5.2,5.300000000000001,5.4,5.5,5.6000000000000005,5.7,5.800000000000001,5.9,6.0,6.1000000000000005,6.2,6.300000000000001,6.4,6.5,6.6000000000000005,6.7,6.800000000000001,6.9,7.0,7.1000000000000005,7.2,7.300000000000001,7.4,7.5,7.6000000000000005,7.7,7.800000000000001,7.9,8.0,8.1,8.200000000000001,8.3,8.4,8.5,8.6,8.700000000000001,8.8,8.9,9.0,9.1,9.200000000000001,9.3,9.4,9.5,9.600000000000001,9.700000000000001,9.8,9.9,10.0,10.100000000000001],"bd":[2,4,8,16,8,16,8,16,16,32,32,64,64,128,128,256,256,300,300,300,300,300,300,300,300,300,300,300,300,300,300,300,300,300,300,300,300,300,300,300,300,300,300,300,300,300,300,300,300,300,300,300,300,300,300,300,300,300,300,300,300,300,300,300,300,300,300,300,300,300,300,300,300,300,300,300,300,300,300,300,300,300,300,300,300,300,300,300,300,300,300,300,300,300,300,300,300,300,300,300,300,300,300,300,300,300,300,300,300,300,300,300,300,300,300,300,300,300,300,300,300,300,300,300,300,300,300,300,300,300,300,300,300,300,300,300,300,300,300,300,300,300,300,300,300,300,300,300,300,300,300,300,300,300,300,300,300,300,300,300,300,300,300,300,300,300,300,300,300,300,300,300,300,300,300,300,300,300,300,300,300,300,300,300,300,300,300,300,300,300,300,300,300,300,300,300,300,300,300,300,300,300,300,300,300,300,300,300,300,300,300,300,300,300,300,300,300,300,300,300,300,300,300,300,300,300,300,300,300,300,300,300,300,300,300,300,300,300,300,300,300,300,300,300,300,300,300,300,300,300,300,300,300,300,300,300,300,300,300,300,300,300,300,300,300,300,300,300,300,300,300,300,300,300,300,300,300,300,300,300,300,300,300,300,300,300,300,300,300,300,300,300,300,300,300,300,300,300,300,300,300,300,300,300,300,300,300,300,300,300,300,300,300,300,300,300,300,300,300,300,300,300,300,300,300,300,300,300,300,300,300,300,300,300,300,300,300,300,300,300,300,300,300,300,300,300,300,300,300,300,300,300,300,300,300,300,300,300,300,300,300,300,300,300,300,300,300,300,300,300,300,300,300,300,300,300,300,300,300,300,300,300,300,300,300,300,300,300,300,300,300,300,300,300,256,256,128,128,64,64,32,32,16,16,8,4,2,1],"gtau":[4.180208621839689e-12,4.481322895612881e-12,5.084341019330857e-12,5.946295821365456e-12,7.095451316673002e-12,8.580171788864233e-12,1.0472469242190245e-11,1.2882326287206428e-11,1.5953460071287014e-11,1.983728481611945e-11,2.4781349760974e-11,3.1041187534042464e-11,3.902073466805156e-11,4.917049861657554e-11,6.207420941378621e-11,7.851364846896116e-11,9.947659789667135e-11,1.2622966019053896e-10,1.6046001014340352e-10,2.0425493528982336e-10,2.604876808739757e-10,3.32506447172941e-10,4.249517561127575e-10,5.433283115022457e-10,6.956675505170246e-10,8.917317353791633e-10,1.1443051120808592e-9,1.4698416212770775e-9,1.89069820427664e-9,2.433844762830105e-9,3.1357877958748227e-9,4.043617897839493e-9,5.213772344273519e-9,6.7268673361462306e-9,8.685267929083628e-9,1.122169129745643e-8,1.4508779111903106e-8,1.877077935683682e-8,2.4298391728631525e-8,3.146936941366168e-8,4.078484487124604e-8,5.289322508307939e-8,6.863584965410891e-8,8.911430705241056e-8,1.1576686179107876e-7,1.5047252078464636e-7,1.9568608948181188e-7,2.546187516347051e-7,3.3146811270432587e-7,4.3172804959687355e-7,5.625883990096834e-7,7.334652069761325e-7,9.566902701015374e-7,1.248424900058361e-6,1.6298542149533894e-6,2.128756264860967e-6,2.7815554267091327e-6,3.636063539690778e-6,4.75499044443826e-6,6.220748253505096e-6,8.142253871727464e-6,1.066420767864238e-5,1.3973851427722181e-5,1.8317162794582113e-5,2.4019708242500747e-5,3.1510837579942694e-5,4.1355451471797724e-5,5.427794829969552e-5,7.085383362525137e-5,9.297952180622878e-5,0.0001221984463196698,0.00016069541171656495,0.00021144251412022285,0.000278382386514809,0.000366764883111137,0.0004835131095368928,0.0006378642005651534,0.0008426410516964648,0.0011105492940497242,0.0014668502991583385,0.0019387485810883748,0.002565180675559296,0.0033974139779083313,0.004504838534252995,0.005980471781968114,0.007950169689969767,0.010584645463560777,0.014115306789333343,0.018858783684773155,0.025250989511277067,0.03389441429281371,0.045631081959753295,0.06165116095485894,0.08365372790372048,0.11410880861418146,0.15671210246690495,0.21714775917277257,0.3046219146872324,0.4352163049038052,0.640746872658505,0.9999999999959349]}