{"ns":[-0.8432051481123585,-0.8491176037040268,-0.8403686903045713,-0.8441739822558401,-0.8415038794039813,-0.8330781944305821,-0.8166531550428157,-0.7920338059908545,-0.7643575293455602,-0.7330335396975507,-0.6926932609357125,-0.6583979818075408,-0.644507833907471,-0.6178634170359457,-0.6373296831936007,-0.6612114230812788,-0.6931777110488908,-0.7179146900459537,-0.7430190508614022,-0.7704170359155613,-0.800069724582364,-0.8323040899343944,-0.8630405826508509,-0.892530424968093,-0.9165476714665375,-0.9317098774303297,-0.9458302565677729,-0.9525404143230599,-0.9589824170497492,-0.9684482485588001,-0.9790859910994473,-0.9874026391830523,-0.9928476996786136,-0.996964125652424,-0.9974049732177038,-0.9979409446949726,-0.9984716599502973,-0.9989382275703441,-0.9991984496987518,-0.9991875988514178],"taus":[0.05,0.1,0.15000000000000002,0.2,0.25,0.30000000000000004,0.35000000000000003,0.4,0.45,0.5,0.55,0.6000000000000001,0.65,0.7000000000000001,0.75,0.8,0.8500000000000001,0.9,0.9500000000000001,1.0,1.05],"bd":[2,4,8,16,8,16,8,16,16,32,32,64,64,128,128,256,256,512,496,600,588,600,568,600,600,600,568,600,598,600,564,600,596,600,560,600,600,600,560,600,600,600,560,600,600,600,560,600,600,600,560,600,600,600,563,600,600,600,568,600,600,600,564,600,600,600,564,600,600,600,566,600,600,600,568,600,600,600,576,600,600,600,587,600,316,600,304,600,304,592,600,300,150,300,600,300,300,597,600,593,508,600,600,595,585,600,600,594,502,600,600,593,583,600,600,590,496,600,600,592,583,600,600,592,499,600,600,593,584,600,600,591,496,600,600,593,586,600,600,591,497,600,600,590,585,600,600,591,493,600,600,590,585,600,600,591,494,600,600,590,586,600,600,592,493,600,600,592,584,600,600,594,496,600,600,591,586,600,600,591,495,600,600,593,585,600,600,595,492,600,600,592,584,600,600,593,492,600,600,592,583,600,600,595,490,600,600,591,583,600,600,592,490,600,600,591,583,600,600,593,494,600,600,589,581,600,600,593,489,600,600,591,582,600,600,591,488,600,600,590,581,600,600,592,492,600,600,594,584,600,600,593,493,600,600,593,586,600,600,592,491,600,600,591,583,600,600,592,495,600,600,593,583,600,600,591,493,600,600,590,582,600,600,592,493,600,600,590,579,600,600,591,496,600,600,590,578,600,600,591,495,600,600,592,578,600,600,593,493,600,600,592,578,600,600,591,490,600,600,591,577,600,600,591,490,600,600,594,580,600,600,588,489,600,600,591,581,600,600,589,486,600,600,591,576,600,600,589,490,600,600,588,574,600,600,586,487,600,600,589,569,600,600,587,487,600,600,588,564,600,600,587,479,600,600,589,555,600,600,584,476,600,600,592,538,600,600,578,459,600,600,590,451,600,600,492,275,351,384,192,96,96,96,48,24,32,32,16,8,16,8,4,2,4,2,1],"lt":[{"re":-0.2019648409074327,"im":0.8432051481123585},{"re":-0.3955867859858596,"im":0.7747543049523262},{"re":-0.5558796666371563,"im":0.6527661784870356},{"re":-0.6809530308175035,"im":0.5092732482906717},{"re":-0.7587267883446391,"im":0.34170983133110416},{"re":-0.7956432971387338,"im":0.16822524200766492},{"re":-0.7895430311770654,"im":-0.007490541655483287},{"re":-0.7456986568273316,"im":-0.1724895615644747},{"re":-0.6691946017298934,"im":-0.31926659687133535},{"re":-0.5665693746398734,"im":-0.43686955272601086},{"re":-0.4539078269378968,"im":-0.5250608191351482},{"re":-0.33318125818211264,"im":-0.5802219693867328},{"re":-0.2101560215569523,"im":-0.6107004491266738},{"re":-0.08544116412989837,"im":-0.6183668253698811},{"re":0.03098887138820246,"im":-0.6046416600555099},{"re":0.13598512802584978,"im":-0.5691436365113068},{"re":0.22685534272050695,"im":-0.5166852732939318},{"re":0.30433284460956783,"im":-0.4495766221779089},{"re":0.36799554961004316,"im":-0.37016443031085455},{"re":0.414861981611834,"im":-0.28279313533853734},{"re":0.44897282340064687,"im":-0.18981440013865603},{"re":0.46683596135421124,"im":-0.09441104272324663},{"re":0.4677728954541064,"im":0.000567128908124938},{"re":0.45246083662977,"im":0.0914823462101794},{"re":0.422271426146002,"im":0.1749997274332472},{"re":0.37843383489280924,"im":0.24819520992854568},{"re":0.3242574716191062,"im":0.3090420507137379},{"re":0.26117733436602614,"im":0.3571577382801442},{"re":0.19217339818652643,"im":0.3913487348067922},{"re":0.11974447491133648,"im":0.41121254019054704},{"re":0.04695976727727732,"im":0.41721301093734786},{"re":-0.023688925829244634,"im":0.4098922981916974},{"re":-0.0900828862067975,"im":0.3902665232923423},{"re":-0.15012477120828463,"im":0.36006968070082845},{"re":-0.20204326760630034,"im":0.32070022133533643},{"re":-0.2447681407322567,"im":0.2742613112584044},{"re":-0.2773929463407042,"im":0.22287651617622886},{"re":-0.2997835142569097,"im":0.1685851499809184},{"re":-0.31209385335261813,"im":0.11318231687873284},{"re":-0.31461049545264697,"im":0.05837445866818901},{"re":-0.30792604898151216,"im":0.005718333386144769}],"gtau":[{"re":0.0008342998482257284,"im":0.00022512770303099615},{"re":0.0010554763413340045,"im":0.00027517777365460434},{"re":0.0013652106873671941,"im":0.0003438740364954236},{"re":0.0017955774865295005,"im":0.00043961828281639597},{"re":0.002393598134044713,"im":0.0005733768343903131},{"re":0.0032274164641700226,"im":0.0007601741265130743},{"re":0.004396545794107834,"im":0.0010220668431096909},{"re":0.0060435627685991545,"im":0.001391241060859226},{"re":0.008377432911358701,"im":0.0019143893291229586},{"re":0.01170560903871492,"im":0.0026599221994360943},{"re":0.01648127807042186,"im":0.003727818540911793},{"re":0.023380792655866425,"im":0.005266337517602489},{"re":0.03342454012040894,"im":0.007502427981190359},{"re":0.04815809646875749,"im":0.010786512124690869},{"re":0.06995647920863338,"im":0.01565991397298049},{"re":0.1025296977035659,"im":0.02298914106810865},{"re":0.15177592619767544,"im":0.03418835529656333},{"re":0.22727795146363247,"im":0.051601324323951335},{"re":0.3450779536347208,"im":0.07929302684493585},{"re":0.5331386191919456,"im":0.12462152285145456},{"re":0.9991657001517743,"im":-0.00022512770303099615}],"ts":[0.025,0.05,0.07500000000000001,0.1,0.125,0.15000000000000002,0.17500000000000002,0.2,0.225,0.25,0.275,0.30000000000000004,0.325,0.35000000000000003,0.375,0.4,0.42500000000000004,0.45,0.47500000000000003,0.5,0.525,0.55,0.5750000000000001,0.6000000000000001,0.625,0.65,0.675,0.7000000000000001,0.7250000000000001,0.75,0.775,0.8,0.8250000000000001,0.8500000000000001,0.875,0.9,0.925,0.9500000000000001,0.9750000000000001,1.0,1.0250000000000001],"gt":[{"re":0.00022665534349871252,"im":-0.0008344581616136923},{"re":0.00030162493241439614,"im":-0.0008002664632586467},{"re":0.00037294833206210726,"im":-0.000762933062537846},{"re":0.00044612957003054,"im":-0.000705399731429128},{"re":0.0005189634968779737,"im":-0.0006241056160451827},{"re":0.0005834137161216785,"im":-0.0005285392623407866},{"re":0.0006342128254850373,"im":-0.00042133018218172124},{"re":0.0006666781183329159,"im":-0.00030941565856676173},{"re":0.000680867971039446,"im":-0.00019551313807402945},{"re":0.0006748467239962976,"im":-8.237733179220943e-5},{"re":0.0006511609434250434,"im":2.5346143604346805e-5},{"re":0.0006096258714717043,"im":0.00012680013584478978},{"re":0.0005533136354610441,"im":0.00021939350353813772},{"re":0.0004844968993136003,"im":0.0003023779586198527},{"re":0.0004086639309588555,"im":0.00036983487200028744},{"re":0.0003257003384579197,"im":0.0004232931735639833},{"re":0.00023944562061534706,"im":0.0004614255048542634},{"re":0.00015244562419875385,"im":0.0004855162496876622},{"re":6.661100955154454e-5,"im":0.0004967465849688715},{"re":-1.5670642008603548e-5,"im":0.000495298562803676},{"re":-9.40048023475776e-5,"im":0.0004836228551224243},{"re":-0.00016654998327879925,"im":0.00046185042117425463},{"re":-0.00023182579517061244,"im":0.0004306086508331264},{"re":-0.0002890782087809235,"im":0.0003913825393377952},{"re":-0.0003376324062596457,"im":0.0003455938364851731},{"re":-0.0003764987447284176,"im":0.0002943557856646882},{"re":-0.00040568249616805866,"im":0.00023968298340361306},{"re":-0.0004252885114587366,"im":0.0001823894127894464},{"re":-0.0004353774563731381,