{"gf":[6.305118688896875e-16,1.037023743691596e-15,1.8102166026629427e-15,3.265558570539986e-15,6.0161755297325966e-15,1.124796172967253e-14,2.126079272053972e-14,4.0530491771689295e-14,7.779676646600336e-14,1.501780539307178e-13,2.91299611509079e-13,5.673840415436425e-13,1.109170313779424e-12,2.1753568752081413e-12,4.278941211312403e-12,8.439268813691222e-12,1.6685762600070888e-11,3.3066380815849117e-11,6.566994782031043e-11,1.3068844358256932e-10,2.605905082021576e-10,5.205940788916745e-10,1.0419199439651707e-9,2.0890336558390465e-9,4.19584656885229e-9,8.442075789894392e-9,1.7014996866700995e-8,3.4353420562359115e-8,6.948181829849003e-8,1.4078238647271312e-7,2.8577219203741975e-7,5.811802316764516e-7,1.184275088145816e-6,2.4181590380724965e-6,4.948305815070216e-6,1.0149100822870186e-5,2.0867544126828632e-5,4.302073341745371e-5,8.895242802797732e-5,0.0001845223428659742,0.0003841705089546031,0.0008031614650753076,0.0016872141550039147,0.0035645343904035366,0.007582504207590092,0.016267443436957008,0.03528403465899308,0.07766538155806986,0.1745873613926252,0.4055862310253623,0.9999999999999993],"ts":[0.0,0.1,0.2,0.30000000000000004,0.4,0.5,0.6000000000000001,0.7000000000000001,0.8,0.9,1.0,1.1,1.2000000000000002,1.3,1.4000000000000001,1.5,1.6,1.7000000000000002,1.8,1.9000000000000001,2.0,2.1,2.2,2.3000000000000003,2.4000000000000004,2.5,2.6,2.7,2.8000000000000003,2.9000000000000004,3.0,3.1,3.2,3.3000000000000003,3.4000000000000004,3.5,3.6,3.7,3.8000000000000003,3.9000000000000004,4.0,4.1000000000000005,4.2,4.3,4.4,4.5,4.6000000000000005,4.7,4.800000000000001,4.9,5.0]}