{"ns":[-0.8392584686479712,-0.8404687873323861,-0.8433209742918186,-0.8461183912525259,-0.8491671615929848,-0.8500504608434393,-0.8506834879872136,-0.8504369219398216,-0.8494090149156587,-0.8518201974224054,-0.8552219052573952,-0.8583765444942446,-0.8578878428190251,-0.8577227591392903,-0.8575676617226325,-0.859486674077131,-0.8645977156826062,-0.8684816124952074,-0.8737998288118526,-0.8790717196413383,-0.8858325204286669,-0.8916733183967653,-0.9023004473425051,-0.9124726304083944,-0.9240287999002085,-0.9349312146514095,-0.9477747503271929,-0.9544993168568431,-0.9685954048488808,-0.9819006481457705,-0.9950855639586099,-1.0062324713631372,-1.0088233721569635,-1.0071970533966774,-1.0049771813774104,-1.0043756487770834,-1.0013720994927082,-0.9992063185662653,-0.9987085712314803,-0.998968909999516],"taus":[0.05,0.1,0.15000000000000002,0.2,0.25,0.30000000000000004,0.35000000000000003,0.4,0.45,0.5,0.55,0.6000000000000001,0.65,0.7000000000000001,0.75,0.8,0.8500000000000001,0.9,0.9500000000000001,1.0,1.05],"bd":[1,1,1,1,1,2,2,4,4,8,8,16,16,32,32,64,64,128,128,256,256,500,500,500,500,500,500,500,500,500,500,500,500,500,500,500,500,500,500,500,500,500,500,500,500,500,500,500,500,500,500,500,500,500,500,500,500,500,500,500,500,500,500,500,500,500,500,500,500,500,500,500,500,500,500,500,500,500,500,500,500,500,500,500,500,500,499,499,499,500,500,500,500,500,500,500,500,500,500,500,500,500,500,500,500,500,500,500,500,500,500,500,500,500,500,500,500,500,500,500,500,500,500,500,500,500,500,500,500,500,500,500,500,500,500,500,500,500,500,500,500,500,500,500,500,500,500,500,500,500,500,500,500,500,500,500,500,500,500,500,500,500,500,500,500,500,500,500,500,500,500,500,500,500,500,500,500,500,500,500,500,500,500,500,500,500,500,500,500,500,500,500,500,500,500,500,500,500,500,500,500,500,500,500,500,500,500,500,500,500,500,500,500,500,500,500,500,500,500,500,500,500,500,500,500,500,500,500,500,500,500,500,500,500,500,500,500,500,500,500,500,500,500,500,500,500,500,500,500,500,500,500,500,500,500,500,500,500,500,500,500,500,500,500,500,500,500,500,500,500,500,500,500,500,500,500,500,500,500,500,500,500,500,500,500,500,500,500,500,500,500,500,500,500,500,500,500,500,500,500,500,500,500,500,500,500,500,500,500,500,500,500,500,500,500,500,500,500,500,500,500,500,500,500,500,500,500,500,500,500,500,500,500,500,500,500,500,500,500,500,500,500,500,500,500,500,500,500,500,500,500,500,500,500,500,500,500,500,500,500,500,500,500,500,500,500,500,500,500,500,500,500,500,500,500,500,500,500,500,500,500,500,500,500,500,500,500,500,500,500,500,500,500,500,500,500,358,383,384,192,96,112,120,60,30,32,32,16,8,8,8,4,2,2,2,1],"lt":[{"re":0.028528463956244848,"im":0.8392584686479712},{"re":-0.16914876063689244,"im":0.8199337911850393},{"re":-0.35227672782517616,"im":0.7509222285454132},{"re":-0.5064981054116549,"im":0.6384250546790814},{"re":-0.6222495831345899,"im":0.4963519311413797},{"re":-0.695924727187209,"im":0.3383504370331475},{"re":-0.7279953666433208,"im":0.17743152600674733},{"re":-0.7217988265604531,"im":0.023720250313809435},{"re":-0.6835109134395921,"im":-0.11537598522633684},{"re":-0.6195770484488275,"im":-0.23483515169925245},{"re":-0.5365379076389986,"im":-0.3319285218994764},{"re":-0.43978516575254123,"im":-0.40614820620610476},{"re":-0.3349321633536231,"im":-0.45745875203134423},{"re":-0.2269169853620155,"im":-0.48660423466994673},{"re":-0.11975351924739916,"im":-0.4946912457738826},{"re":-0.01799031759000211,"im":-0.4833825069069096},{"re":0.07496329446197289,"im":-0.4549084497423918},{"re":0.15648363760425513,"im":-0.4116841979288569},{"re":0.22495790953720426,"im":-0.3562787395809871},{"re":0.27940253739847926,"im":-0.29137451306287465},{"re":0.3193656949067469,"im":-0.21975733825488594},{"re":0.34458676089965906,"im":-0.14403618262782936},{"re":0.3553785192038329,"im":-0.06733283135678726},{"re":0.35196296025990464,"im":0.00844331994289455},{"re":0.3353992963379962,"im":0.0810400802729344},{"re":0.3066208104233062,"im":0.14803325026606612},{"re":0.26698159207259586,"im":0.20747541139148168},{"re":0.21829181631229364,"im":0.25720514678051276},{"re":0.16243950552280342,"im":0.29580545351833826},{"re":0.10180764980364941,"im":0.32247775054517},{"re":0.03877364265134292,"im":0.33682139084973517},{"re":-0.024350968612214977,"im":0.3387317059111345},{"re":-0.08538703188406267,"im":0.3284748745927638},{"re":-0.1422235379648067,"im":0.3067803132431181},{"re":-0.1929640272196627,"im":0.2749587586433525},{"re":-0.23595156563414424,"im":0.23472024570189534},{"re":-0.26982072333694124,"im":0.18786564430862313},{"re":-0.29379677153242695,"im":0.13637275514775019},{"re":-0.30758952202099793,"im":0.08218777404074398},{"re":-0.311409425088379,"im":0.027215856378816065},{"re":-0.3057264220608393,"im":-0.026694047507986346}],"gtau":[{"re":0.0008016070778619833,"im":-2.3859310304923436e-5},{"re":0.0010101312095187852,"im":-2.9817101105472226e-5},{"re":0.0013053636725383173,"im":-3.838211918035617e-5},{"re":0.0017185441059958699,"im":-5.0525374267422096e-5},{"re":0.00229582977655627,"im":-6.766890325603673e-5},{"re":0.0031043035446592844,"im":-9.18910830389323e-5},{"re":0.004241197043339458,"im":-0.00012616749454101805},{"re":0.0058478251333170675,"im":-0.00017485335447889723},{"re":0.008130713147773548,"im":-0.00024438048714122193},{"re":0.011393658255348325,"im":-0.00034429929126074583},{"re":0.016086605135779235,"im":-0.0004887573101098053},{"re":0.022881073843165695,"im":-0.0006988587390140634},{"re":0.032788257177499995,"im":-0.0010064020804664018},{"re":0.04734632222786317,"im":-0.0014597846630569845},{"re":0.0689232713011962,"im":-0.0021344312470854957},{"re":0.1012178704985583,"im":-0.003150322917146198},{"re":0.15011063625164095,"im":-0.004703095244088341},{"re":0.2251643287807106,"im":-0.00712216328727964},{"re":0.34240064060809466,"im":-0.010987306386005454},{"re":0.529795249222648,"im":-0.017383569772399222},{"re":0.999198392922138,"im":2.3859310304923436e-5}],"ts":[0.025,0.05,0.07500000000000001,0.1,0.125,0.15000000000000002,0.17500000000000002,0.2,0.225,0.25,0.275,0.30000000000000004,0.325,0.35000000000000003,0.375,0.4,0.42500000000000004,0.45,0.47500000000000003,0.5,0.525,0.55,0.5750000000000001,0.6000000000000001,0.625,0.65,0.675,0.7000000000000001,0.7250000000000001,0.75,0.775,0.8,0.8250000000000001,0.8500000000000001,0.875,0.9,0.925,0.9500000000000001,0.9750000000000001,1.0,1.0250000000000001],"gt":[{"re":-2.3859310305087072e-5,"im":-0.0008016070778724051},{"re":6.239956609000615e-5,"im":-0.0007959447788102242},{"re":0.00014740928745363285,"im":-0.0007738889132035499},{"re":0.0002288846090885612,"im":-0.0007363967133852181},{"re":0.00030504807854161645,"im":-0.0006849430462538102},{"re":0.00037429531608670604,"im":-0.0006211443726973823},{"re":0.0004348204322932096,"im":-0.0005473397669118658},{"re":0.0004850772394480023,"im":-0.00046567270031175405},{"re":0.0005236032758330216,"im":-0.0003785969981659384},{"re":0.0005494216723066289,"im":-0.0002882262418058632},{"re":0.0005619974663162097,"im":-0.00019706214022433281},{"re":0.0005614280520283127,"im":-0.00010730624191107},{"re":0.0005482437946262765,"im":-2.1018402630753832e-5},{"re":0.0005232778883152452,"im":5.9747129821370954e-5},{"re":0.0004873035120693369,"im":0.00013361661663126035},{"re":0.00044191952050125915,"im":0.00019894073625454465},{"re":0.00038870513087328783,"im":0.00025459158190872225},{"re":0.000329350975051206,"im":0.00029953533895272274},{"re":0.0002656769894920804,"im":0.0003333610421904969},{"re":0.00019949636753228945,"im":0.00035580753887494627},{"re":0.00013246815928652611,"im":0.00036698648500889196},{"re":6.620736820781837e-5,"im":0.00036740378439077025},{"re":2.621081863304385e-6,"im":0.0003575681353992707},{"re":-5.701331670387365e-5,"im":0.0003384356887042723},{"re":-0.00011151111099412598,"im":0.0003109211349526662},{"re":-0.00015962105925718315,"im":0.0002760872430143581},{"re":-0.00020039796838700592,"im":0.00023502552765676437},{"re":-0.00023294235319657686,