{"taus":[0.2,0.4,0.6000000000000001,0.8,1.0,1.2000000000000002,1.4000000000000001,1.6,1.8,2.0,2.2,2.4000000000000004,2.6,2.8000000000000003,3.0,3.2,3.4000000000000004,3.6,3.8000000000000003,4.0,4.2,4.4,4.6000000000000005,4.800000000000001,5.0,5.2,5.4,5.6000000000000005,5.800000000000001,6.0,6.2,6.4,6.6000000000000005,6.800000000000001,7.0,7.2,7.4,7.6000000000000005,7.800000000000001,8.0,8.200000000000001,8.4,8.6,8.8,9.0,9.200000000000001,9.4,9.600000000000001,9.8,10.0,10.200000000000001],"bd":[2,4,8,16,8,16,8,16,16,32,32,64,64,128,128,200,200,200,200,200,200,200,200,200,200,200,200,200,200,200,200,200,200,200,200,200,200,200,200,200,200,200,200,200,200,200,200,200,200,200,200,200,200,200,200,200,200,200,200,200,200,200,200,200,200,200,200,200,200,200,200,200,200,200,200,200,200,200,200,200,200,200,200,200,200,200,200,200,200,200,200,200,200,200,200,200,200,200,200,200,200,200,200,200,200,200,200,200,200,200,200,200,200,200,200,200,200,200,200,200,200,200,200,200,200,200,200,200,200,200,200,200,200,200,200,200,200,200,200,200,200,200,200,200,200,200,200,200,200,200,200,200,200,200,200,200,200,200,200,200,200,200,200,200,200,200,200,200,200,200,200,200,200,200,200,200,200,200,200,200,200,200,200,200,200,200,200,200,200,200,200,200,200,200,200,200,128,128,64,64,32,32,16,16,8,4,2,1],"gtau":[1.1733093919937758e-11,1.4700942522561622e-11,2.0575853176386306e-11,3.0107588499947216e-11,4.519000753331861e-11,6.899015161202583e-11,1.0654001838650853e-10,1.6598338318296912e-10,2.605051350574481e-10,4.110675179092917e-10,6.515413818025006e-10,1.036993396736395e-9,1.6565746604463341e-9,2.6547002282674503e-9,4.2670652473746945e-9,6.877059837665529e-9,1.1110397084399106e-8,1.7991650653704577e-8,2.9198045618404414e-8,4.74828722941978e-8,7.737425110295805e-8,1.263533388333339e-7,2.067329935778825e-7,3.4153380626959773e-7,5.594530063350654e-7,9.190969641478855e-7,1.5135055284202964e-6,2.4980437434520623e-6,4.115914641748284e-6,6.82222608053021e-6,1.1348187293128711e-5,1.8929265843702735e-5,3.1654284349408805e-5,5.306728265928626e-5,8.919216754192164e-5,0.0001503015207185485,0.0002539886029151434,0.0004305025029659815,0.0007320891894826178,0.0012511000851297683,0.0021454722014560596,0.0036975753904911336,0.006361760683911602,0.011070832943051057,0.019427096681251803,0.03444651765937575,0.06194862878741055,0.11369783073840593,0.21546623019138658,0.43270892078190704,0.9999999999882202]}