{"gf":[0.43782349911420193,0.4378689572639585,0.43800507864832144,0.4382315411857416,0.4385480985426212,0.43895457908356605,0.4394508849672055,0.44003699138324026,0.4407129459266382,0.4414788681055788,0.44233494898020165,0.44328145092956334,0.4443187075448483,0.4454471236470434,0.4466671754279767,0.44797941071377423,0.449384449350388,0.45088298371103347,0.4524757793259398,0.45416367563506305,0.45594758686482195,0.4578285030303452,0.45980749106505586,0.4618856960797141,0.46406434275366176,0.4663447368611302,0.46872826693614067,0.4712164060797152,0.47381071391377805,0.4765128386863558,0.4793245195333838,0.4822475889026822,0.4852839751464479,0.48843570528886127,0.49170490797622124,0.49509381661752944,0.498604772724056,0.5022402294571303,0.506002755394185,0.5098950385236923,0.5139198904806663,0.5180802510350563,0.5223791928465342,0.5268199264998976,0.5314058058367163,0.536140333599704,0.5410271674077797,0.5460701260809981,0.5512731963359391,0.5566405398739267,0.5621765008857981],"ts":[0.0,0.01,0.02,0.03,0.04,0.05,0.06,0.07,0.08,0.09,0.1,0.11,0.12,0.13,0.14,0.15,0.16,0.17,0.18,0.19,0.2,0.21,0.22,0.23,0.24,0.25,0.26,0.27,0.28,0.29,0.3,0.31,0.32,0.33,0.34,0.35000000000000003,0.36,0.37,0.38,0.39,0.4,0.41000000000000003,0.42,0.43,0.44,0.45,0.46,0.47000000000000003,0.48,0.49,0.5]}