{"gf":[0.47502081252106004,0.47764094652182554,0.48075642391181167,0.4843763966686899,0.4885116915684908,0.49317486738718125,0.49838028235691145,0.5041441724172585,0.5104847408960151,0.5174222603591206,0.52497918747894],"ts":[0.0,0.01,0.02,0.03,0.04,0.05,0.06,0.07,0.08,0.09,0.1]}