{"taus":[0.2,0.4,0.6000000000000001,0.8,1.0,1.2000000000000002,1.4000000000000001,1.6,1.8,2.0,2.2,2.4000000000000004,2.6,2.8000000000000003,3.0,3.2,3.4000000000000004,3.6,3.8000000000000003,4.0,4.2,4.4,4.6000000000000005,4.800000000000001,5.0,5.2,5.4,5.6000000000000005,5.800000000000001,6.0,6.2,6.4,6.6000000000000005,6.800000000000001,7.0,7.2,7.4,7.6000000000000005,7.800000000000001,8.0,8.200000000000001,8.4,8.6,8.8,9.0,9.200000000000001,9.4,9.600000000000001,9.8,10.0,10.200000000000001],"bd":[2,4,8,16,8,16,8,16,16,32,32,64,64,128,128,256,256,300,300,300,300,300,300,300,300,300,300,300,300,300,300,300,300,300,300,300,300,300,300,300,300,300,300,300,300,300,300,300,300,300,300,300,300,300,300,300,300,300,300,300,300,300,300,300,300,300,300,300,300,300,300,300,300,300,300,300,300,300,300,300,300,300,300,300,300,300,300,300,300,300,300,300,300,300,300,300,300,300,300,300,300,300,300,300,300,300,300,300,300,300,300,300,300,300,300,300,300,300,300,300,300,300,300,300,300,300,300,300,300,300,300,300,300,300,300,300,300,300,300,300,300,300,300,300,300,300,300,300,300,300,300,300,300,300,300,300,300,300,300,300,300,300,300,300,300,300,300,300,300,300,300,300,300,300,300,300,300,300,300,300,300,300,300,300,300,300,300,300,300,300,300,300,300,300,256,256,128,128,64,64,32,32,16,16,8,4,2,1],"gtau":[-7.578145094946691e-16,-4.205368202995225e-16,-1.8739865083228385e-16,1.2014879623662268e-16,5.450605482453536e-16,1.6402796708283658e-15,-7.908606579275225e-16,-3.8978689135881825e-15,-6.748040634623781e-16,-8.624120967999827e-16,-3.0569006684983626e-15,-1.0251543101875162e-14,8.631945074283522e-16,1.3745350834345235e-16,5.162449747452104e-16,4.250496201016848e-16,1.374067633776803e-15,2.0965291343619858e-15,2.212939822671852e-15,8.379281525577936e-15,2.278587184033899e-14,6.045970384362702e-14,1.698358814242812e-13,4.614819361550671e-13,1.2485108981825521e-12,3.4010174652234733e-12,9.240629829511942e-12,2.5188471676302425e-11,6.876865448969914e-11,1.8806785903562464e-10,5.154397284353788e-10,1.4154703560600862e-9,3.8966458084614436e-9,1.075604425383032e-8,2.979876557542976e-8,8.231981468590232e-8,2.2875218705455096e-7,6.377976187563944e-7,1.7857764300337555e-6,5.014883946124234e-6,1.4138666860441468e-5,4.0059175220033555e-5,0.00011414587524676115,0.00032748783789982326,0.0009476915128130265,0.002772787344059688,0.008233226902735338,0.024966765841615068,0.07824084989133143,0.2602176913486462,1.0000000000000442]}