{"gf":[1.9287498479639317e-22,2.596642852793477e-22,3.7084652781219164e-22,5.470915863840754e-22,8.23872038522808e-22,1.258480053892109e-21,1.942585160068729e-21,3.022758073722997e-21,4.7336297072034026e-21,7.451399166481475e-21,1.1780234010415886e-20,1.8691922365374432e-20,2.975183450764135e-20,4.7484907066352564e-20,7.596899120038784e-20,1.2179769413351503e-19,1.9564416617394064e-19,3.14803005522879e-19,5.073253278582574e-19,8.187505901454691e-19,1.3230737706381347e-18,2.1406249247992832e-18,3.4672371673402765e-18,5.62186052929957e-18,9.124334814027159e-18,1.4822500172025245e-17,2.4100064466750317e-17,3.921672526115539e-17,6.386499684349562e-17,1.0408229911774388e-16,1.69745746683579e-16,2.770231511357431e-16,4.52393929933104e-16,7.392487058066606e-16,1.2087265872829272e-15,1.9775196542246873e-15,3.2371375374781e-15,5.302030857246576e-15,8.688763041913899e-15,1.4246321807052617e-14,2.3370700327607824e-14,3.835840307005404e-14,6.298908144424578e-14,1.0348624495156594e-13,1.7010209610267438e-13,2.7973312910120923e-13,4.602388478663158e-13,7.575758195952472e-13,1.247587764797512e-12,2.055499466183112e-12,3.3881633722336947e-12,5.5874268473328235e-12,9.218495982428273e-12,1.5216317096594562e-11,2.5128189666886454e-11,4.151607739555938e-11,6.862408340128675e-11,1.1348644765513688e-10,1.8776780542764693e-10,3.1082135940441205e-10,5.147739313667301e-10,8.529862907957785e-10,1.414137816575846e-9,2.3456894560904227e-9,3.892995471001779e-9,6.4645461040655195e-9,1.07408780436724e-8,1.7856517561901445e-8,2.970417147732333e-8,4.944372943477995e-8,8.235472835971906e-8,1.3726537375766812e-7,2.2895044760239975e-7,3.8215927947550424e-7,6.383895509968466e-7,1.067292632815057e-6,1.7859024894474796e-6,2.9911010035225007e-6,5.014516246839849e-6,8.415512184184769e-6,1.4138994219406077e-5,2.378376280646821e-5,4.005990966333693e-5,6.757044403279578e-5,0.00011415088611117766,0.00019317278135651044,0.0003275199114656267,0.000556482386469887,0.0009477724097243585,0.001618597118079063,0.002772893525944265,0.004767729274368416,0.008233083532175885,0.01429111492385641,0.02496532766529181,0.0439640833231051,0.07823587265107776,0.14122145618593818,0.2602132149576502,0.49526978452695053,1.0],"ts":[0.0,0.1,0.2,0.30000000000000004,0.4,0.5,0.6000000000000001,0.7000000000000001,0.8,0.9,1.0,1.1,1.2000000000000002,1.3,1.4000000000000001,1.5,1.6,1.7000000000000002,1.8,1.9000000000000001,2.0,2.1,2.2,2.3000000000000003,2.4000000000000004,2.5,2.6,2.7,2.8000000000000003,2.9000000000000004,3.0,3.1,3.2,3.3000000000000003,3.4000000000000004,3.5,3.6,3.7,3.8000000000000003,3.9000000000000004,4.0,4.1000000000000005,4.2,4.3,4.4,4.5,4.6000000000000005,4.7,4.800000000000001,4.9,5.0,5.1000000000000005,5.2,5.300000000000001,5.4,5.5,5.6000000000000005,5.7,5.800000000000001,5.9,6.0,6.1000000000000005,6.2,6.300000000000001,6.4,6.5,6.6000000000000005,6.7,6.800000000000001,6.9,7.0,7.1000000000000005,7.2,7.300000000000001,7.4,7.5,7.6000000000000005,7.7,7.800000000000001,7.9,8.0,8.1,8.200000000000001,8.3,8.4,8.5,8.6,8.700000000000001,8.8,8.9,9.0,9.1,9.200000000000001,9.3,9.4,9.5,9.600000000000001,9.700000000000001,9.8,9.9,10.0]}