{"taus":[0.02,0.04,0.06,0.08,0.1,0.12,0.14,0.16,0.18,0.2,0.22,0.24,0.26,0.28,0.3,0.32,0.34,0.36,0.38,0.4,0.42,0.44,0.46,0.48,0.5,0.52,0.54,0.56,0.58,0.6,0.62,0.64,0.66,0.68,0.7000000000000001,0.72,0.74,0.76,0.78,0.8,0.8200000000000001,0.84,0.86,0.88,0.9,0.92,0.9400000000000001,0.96,0.98,1.0,1.02],"bd":[2,4,8,16,8,16,8,16,16,32,32,64,64,80,80,80,80,80,80,80,80,80,80,80,80,80,80,80,80,80,80,80,80,80,80,80,80,80,80,80,80,80,80,80,80,80,80,80,80,80,80,80,80,80,80,80,80,80,80,80,80,80,80,80,80,80,80,80,80,80,80,80,80,80,80,80,80,80,80,80,80,80,80,80,80,80,80,80,80,80,80,80,80,80,80,80,80,80,80,80,80,80,80,80,80,80,80,80,80,80,80,80,80,80,80,80,80,80,80,80,80,80,80,80,80,80,80,80,80,80,80,80,80,80,80,80,80,80,80,80,80,80,80,80,80,80,80,80,80,80,80,80,80,80,80,80,80,80,80,80,80,80,80,80,80,80,80,80,80,80,80,80,80,80,80,80,80,80,80,80,80,80,80,80,80,80,80,80,80,80,80,80,80,80,80,80,80,80,64,64,32,32,16,16,8,4,2,1],"gtau":[0.39245479170670355,0.39393052687606656,0.39559654285573825,0.3974298645870263,0.39941300850070627,0.4015324367149609,0.40377753234804126,0.4061398734042391,0.40861272105452073,0.41118996009718345,0.4138671132433111,0.4166417916328117,0.41950952302715155,0.4224682641982313,0.4255164570898765,0.42865296311728035,0.4318770112827288,0.435188157184057,0.43858625073853624,0.44207141099483177,0.4456440068121679,0.4493046424921301,0.45305414768724234,0.4568935710973058,0.46082417761873756,0.4648474487426289,0.4689650861116276,0.4731790182542323,0.4774914106198347,0.4819046791536359,0.48642150776716053,0.49104487020704884,0.49577805699233557,0.5006247082966293,0.5055888539203238,0.510674961830257,0.5158879971867599,0.5212334943624365,0.5267176452406178,0.5323474081474718,0.5381303112798316,0.5440718754945222,0.5501895229798611,0.5564942179737661,0.5630006072402728,0.5697262403640024,0.5766918478390547,0.5839222976029925,0.5914479006463141,0.5993063210626198,0.607545208293166]}