{"gf":[1.9287498479639317e-22,3.7084652781219164e-22,8.23872038522808e-22,1.942585160068729e-21,4.7336297072034026e-21,1.1780234010415886e-20,2.975183450764135e-20,7.596899120038784e-20,1.9564416617394064e-19,5.073253278582574e-19,1.3230737706381347e-18,3.4672371673402765e-18,9.124334814027159e-18,2.4100064466750317e-17,6.386499684349562e-17,1.69745746683579e-16,4.52393929933104e-16,1.2087265872829272e-15,3.2371375374781e-15,8.688763041913899e-15,2.3370700327607824e-14,6.298908144424578e-14,1.7010209610267438e-13,4.602388478663158e-13,1.247587764797512e-12,3.3881633722336947e-12,9.218495982428273e-12,2.5128189666886454e-11,6.862408340128675e-11,1.8776780542764693e-10,5.147739313667301e-10,1.414137816575846e-9,3.892995471001779e-9,1.07408780436724e-8,2.970417147732333e-8,8.235472835971906e-8,2.2895044760239975e-7,6.383895509968466e-7,1.7859024894474796e-6,5.014516246839849e-6,1.4138994219406077e-5,4.005990966333693e-5,0.00011415088611117766,0.0003275199114656267,0.0009477724097243585,0.002772893525944265,0.008233083532175885,0.02496532766529181,0.07823587265107776,0.2602132149576502,1.0],"ts":[0.0,0.2,0.4,0.6000000000000001,0.8,1.0,1.2000000000000002,1.4000000000000001,1.6,1.8,2.0,2.2,2.4000000000000004,2.6,2.8000000000000003,3.0,3.2,3.4000000000000004,3.6,3.8000000000000003,4.0,4.2,4.4,4.6000000000000005,4.800000000000001,5.0,5.2,5.4,5.6000000000000005,5.800000000000001,6.0,6.2,6.4,6.6000000000000005,6.800000000000001,7.0,7.2,7.4,7.6000000000000005,7.800000000000001,8.0,8.200000000000001,8.4,8.6,8.8,9.0,9.200000000000001,9.4,9.600000000000001,9.8,10.0]}