{"taus":[0.2,0.4,0.6000000000000001,0.8,1.0,1.2000000000000002,1.4000000000000001,1.6,1.8,2.0,2.2,2.4000000000000004,2.6,2.8000000000000003,3.0,3.2,3.4000000000000004,3.6,3.8000000000000003,4.0,4.2,4.4,4.6000000000000005,4.800000000000001,5.0,5.2,5.4,5.6000000000000005,5.800000000000001,6.0,6.2,6.4,6.6000000000000005,6.800000000000001,7.0,7.2,7.4,7.6000000000000005,7.800000000000001,8.0,8.200000000000001,8.4,8.6,8.8,9.0,9.200000000000001,9.4,9.600000000000001,9.8,10.0,10.200000000000001],"bd":[2,4,8,16,8,16,8,16,16,32,32,64,64,120,120,120,120,120,120,120,120,120,120,120,120,120,120,120,120,120,120,120,120,120,120,120,120,120,120,120,120,120,120,120,120,120,120,120,120,120,120,120,120,120,120,120,120,120,120,120,120,120,120,120,120,120,120,120,120,120,120,120,120,120,120,120,120,120,120,120,120,120,120,120,120,120,120,120,120,120,120,120,120,120,120,120,120,120,120,120,120,120,120,120,120,120,120,120,120,120,120,120,120,120,120,120,120,120,120,120,120,120,120,120,120,120,120,120,120,120,120,120,120,120,120,120,120,120,120,120,120,120,120,120,120,120,120,120,120,120,120,120,120,120,120,120,120,120,120,120,120,120,120,120,120,120,120,120,120,120,120,120,120,120,120,120,120,120,120,120,120,120,120,120,120,120,120,120,120,120,120,120,120,120,120,120,120,120,64,64,32,32,16,16,8,4,2,1],"gtau":[-2.0822162958165305e-16,-8.03976620036277e-16,-2.3882332675803403e-15,-8.273468417155719e-15,-1.568500477711985e-16,-1.6433873560457368e-15,7.317568989234365e-16,1.4936170979519035e-16,-1.2334605985223993e-15,2.5579004039548546e-16,2.4247962540866243e-15,8.501060276196841e-17,3.112763754269903e-15,3.458784343567502e-16,3.609620473581094e-16,-2.1424940487244386e-15,-4.0342898184208046e-16,-7.455584286628468e-16,-2.1111407524861237e-16,-8.175025940666901e-16,-1.4211117299840516e-15,-8.233276463545445e-16,-1.5713529023766877e-15,-1.6214346592167944e-16,-1.3097252554455376e-16,-5.839489789501902e-16,5.12812039172963e-16,4.1525785124378517e-16,1.4363222835464002e-16,3.0092392812589886e-15,1.1843024216921339e-14,8.065557864145708e-14,3.8260021010021715e-13,1.7952069022332257e-12,8.400035778439244e-12,3.9315605448226125e-11,1.8398265264453192e-10,8.608869501335207e-10,4.029143237414812e-9,1.8867004783121616e-8,8.843344917962084e-8,4.144335169563614e-7,1.9532825584339215e-6,9.286922314039236e-6,4.458250326637076e-5,0.00021647435393362612,0.0010668131061834212,0.005370090162906489,0.027951110005909593,0.1546817248709065,1.000000000000091]}