{"taus":[0.1,0.2,0.30000000000000004,0.4,0.5,0.6000000000000001,0.7000000000000001,0.8,0.9,1.0,1.1,1.2000000000000002,1.3,1.4000000000000001,1.5,1.6,1.7000000000000002,1.8,1.9000000000000001,2.0,2.1,2.2,2.3000000000000003,2.4000000000000004,2.5,2.6,2.7,2.8000000000000003,2.9000000000000004,3.0,3.1,3.2,3.3000000000000003,3.4000000000000004,3.5,3.6,3.7,3.8000000000000003,3.9000000000000004,4.0,4.1000000000000005,4.2,4.3,4.4,4.5,4.6000000000000005,4.7,4.800000000000001,4.9,5.0,5.1000000000000005,5.2,5.300000000000001,5.4,5.5,5.6000000000000005,5.7,5.800000000000001,5.9,6.0,6.1000000000000005,6.2,6.300000000000001,6.4,6.5,6.6000000000000005,6.7,6.800000000000001,6.9,7.0,7.1000000000000005,7.2,7.300000000000001,7.4,7.5,7.6000000000000005,7.7,7.800000000000001,7.9,8.0,8.1,8.200000000000001,8.3,8.4,8.5,8.6,8.700000000000001,8.8,8.9,9.0,9.1,9.200000000000001,9.3,9.4,9.5,9.600000000000001,9.700000000000001,9.8,9.9,10.0,10.100000000000001],"bd":[2,4,8,16,8,16,8,16,16,32,32,64,64,80,80,80,80,80,80,80,80,80,80,80,80,80,80,80,80,80,80,80,80,80,80,80,80,80,80,80,80,80,80,80,80,80,80,80,80,80,80,80,80,80,80,80,80,80,80,80,80,80,80,80,80,80,80,80,80,80,80,80,80,80,80,80,80,80,80,80,80,80,80,80,80,80,80,80,80,80,80,80,80,80,80,80,80,80,80,80,80,80,80,80,80,80,80,80,80,80,80,80,80,80,80,80,80,80,80,80,80,80,80,80,80,80,80,80,80,80,80,80,80,80,80,80,80,80,80,80,80,80,80,80,80,80,80,80,80,80,80,80,80,80,80,80,80,80,80,80,80,80,80,80,80,80,80,80,80,80,80,80,80,80,80,80,80,80,80,80,80,80,80,80,80,80,80,80,80,80,80,80,80,80,80,80,80,80,80,80,80,80,80,80,80,80,80,80,80,80,80,80,80,80,80,80,80,80,80,80,80,80,80,80,80,80,80,80,80,80,80,80,80,80,80,80,80,80,80,80,80,80,80,80,80,80,80,80,80,80,80,80,80,80,80,80,80,80,80,80,80,80,80,80,80,80,80,80,80,80,80,80,80,80,80,80,80,80,80,80,80,80,80,80,80,80,80,80,80,80,80,80,80,80,80,80,80,80,80,80,80,80,80,80,80,80,80,80,80,80,80,80,80,80,80,80,80,80,80,80,80,80,80,80,80,80,80,80,80,80,80,80,80,80,80,80,80,80,80,80,80,80,80,80,80,80,80,80,80,80,80,80,80,80,80,80,80,80,80,80,80,80,80,80,80,80,80,80,80,80,80,80,80,80,80,80,80,80,80,80,80,80,80,80,80,80,80,80,80,80,80,80,80,80,80,80,80,80,64,64,32,32,16,16,8,4,2,1],"gtau":[-7.138616647578995e-16,-1.2861612458149507e-15,-3.1291658916964946e-15,-8.968441759030215e-15,-2.2106030427054745e-15,-8.839279487282363e-16,-3.0562388137660535e-15,5.605928473627867e-16,1.3428893055823592e-15,2.8905949871681893e-16,-1.5791982743807941e-15,-1.877128437965427e-15,-3.2631352392859398e-15,2.1597107721349365e-16,-5.176560419296807e-16,3.3670528741822117e-16,-8.438585818807852e-16,-6.4806887309436285e-15,-8.866585062248107e-15,-1.4628978004114765e-16,-1.323804584254112e-15,4.391990817568433e-15,2.570013488726335e-16,1.2229023814475134e-15,-2.191864289778183e-15,-3.836119962073023e-16,2.0489738473570457e-17,5.040172332979736e-16,1.8589640344126384e-15,2.2151937596194264e-15,2.2827004583348303e-15,4.095749481169297e-15,-2.4127433095198042e-15,-8.146609821062247e-15,1.396551565663452e-15,-4.870878978516683e-16,-7.020865705634296e-17,-5.262976824809397e-16,-4.4048446068232336e-16,-4.4376428983176023e-16,9.534569643987747e-16,2.54039365165505e-15,2.029285049519478e-15,6.28903551015298e-15,3.648568200065849e-15,3.0791059665365253e-16,1.6801699699420355e-15,1.6248527651198973e-15,2.719763706185942e-16,1.4658370566534218e-15,6.603275418919415e-16,-2.8996879423486116e-15,-1.159910396473958e-15,1.1098719898562974e-15,2.4949437334039975e-15,5.208578272195127e-15,9.865433074414854e-15,1.920813328398184e-14,3.591978850526995e-14,7.507046416899047e-14,1.477864398369826e-13,3.019161422828622e-13,6.204769325508782e-13,1.276106809105501e-12,2.6137123895118e-12,5.36851460503959e-12,1.1029765105479335e-11,2.2666593075115388e-11,4.6594554203989e-11,9.580346526795354e-11,1.9703618800660113e-10,4.0532457757482534e-10,8.339241551290106e-10,1.7159653657460368e-9,3.5313865252814026e-9,7.268454358650224e-9,1.4962711373280012e-8,3.08084229060507e-8,6.345288660690215e-8,1.307353509509161e-7,2.6950007320822386e-7,5.559484851394485e-7,1.1478145105610307e-6,2.3717687470785133e-6,4.905201213210145e-6,1.0154492655472733e-5,2.1042594241152192e-5,4.3645677320007447e-5,9.061700355013812e-5,0.00018839726534571717,0.00039098748784383605,0.0008472163761145058,0.0017851538721890667,0.0037768374492965027,0.008033122190664564,0.0171925758874274,0.037128760601462966,0.08117831592637316,0.18073220289960962,0.41403682569776556,1.0000000000014149]}