{"taus":[0.2,0.4,0.6000000000000001,0.8,1.0,1.2000000000000002,1.4000000000000001,1.6,1.8,2.0,2.2,2.4000000000000004,2.6,2.8000000000000003,3.0,3.2,3.4000000000000004,3.6,3.8000000000000003,4.0,4.2,4.4,4.6000000000000005,4.800000000000001,5.0,5.2],"bd":[2,4,8,16,8,16,8,16,16,32,32,40,40,40,36,40,40,40,36,40,36,40,40,40,36,40,40,40,36,40,40,40,36,40,40,40,36,40,40,40,36,40,40,40,36,40,40,40,36,40,40,40,36,40,40,40,36,40,40,40,36,40,40,40,36,40,40,40,36,40,40,40,36,40,40,40,36,40,40,40,36,40,40,40,36,40,40,40,36,40,40,40,36,40,40,40,36,40,36,40,32,32,16,16,8,4,2,1],"gtau":[2.982741391754011e-6,4.327797875423423e-6,7.009530906646044e-6,1.1784820767035262e-5,2.0063792116769117e-5,3.38374558217241e-5,5.639253053427569e-5,9.254067926835481e-5,0.00015068558901135885,0.0002464107878058334,0.0004046252336828281,0.0006664512137759019,0.0011045709827517953,0.0018273955599966132,0.003034956708797489,0.005056994705940768,0.00850351142557872,0.01435199690699625,0.02425119171631922,0.040858754437588976,0.06847175019267523,0.11396694527676177,0.19304643061848903,0.3254994125529582,0.5553515420517396,0.9999970172588865]}