{"ns":[-1.1128100330494064,-1.1161884364463053,-1.1127220664127166,-1.1138007423387675,-1.116922967534954,-1.1191994464219288,-1.1205574979920467,-1.1190914154345497,-1.114672573690529,-1.1012261937834387,-1.0979569631045616,-1.0954325083457608,-1.0905266118029757,-1.0837598271318976,-1.0772261111706714,-1.0740420513018307,-1.066263509973115,-1.0624924754096003,-1.0581929591451393,-1.0534858973195032,-1.0492839843319044,-1.0468075843028608,-1.0452114402293036,-1.0438937229749807,-1.041481542579487,-1.0391229784506455,-1.0348354111187437,-1.0316940891263942,-1.0239140407564162,-1.0190677238606676,-1.0114542219994647,-1.0064894275651999,-1.0042425113690443,-1.000654224257598,-0.9999473216894771,-0.9987323552815803,-0.9990074912165243,-0.9989473231092435,-0.9989919055481843,-0.998991173524455],"taus":[0.05,0.1,0.15000000000000002,0.2,0.25,0.30000000000000004,0.35000000000000003,0.4,0.45,0.5,0.55,0.6000000000000001,0.65,0.7000000000000001,0.75,0.8,0.8500000000000001,0.9,0.9500000000000001,1.0,1.05],"bd":[2,4,8,16,8,16,8,16,16,32,32,64,64,128,128,256,256,512,512,900,762,900,828,900,884,900,836,900,896,900,836,900,894,900,832,900,896,900,836,900,896,900,840,900,900,900,838,900,900,900,844,900,900,900,840,900,896,900,842,900,900,900,838,900,898,900,840,900,898,900,840,900,898,900,840,900,896,900,848,900,898,900,870,900,472,900,470,900,472,900,900,452,226,452,900,450,450,900,900,889,757,900,900,889,859,900,900,889,744,900,900,891,863,900,900,891,746,900,900,893,863,900,900,892,737,900,900,890,858,900,900,890,738,900,900,894,861,900,900,890,737,900,900,891,863,900,900,889,738,900,900,890,862,900,900,891,737,900,900,889,860,900,900,887,737,900,900,888,859,900,900,886,731,900,900,888,859,900,900,884,732,900,900,889,860,900,900,886,732,900,900,886,859,900,900,886,729,900,900,890,861,900,900,888,725,900,900,889,864,900,900,888,731,900,900,887,860,900,900,887,730,900,900,888,860,900,900,888,731,900,900,888,858,900,900,888,731,900,900,889,857,900,900,887,730,900,900,888,858,900,900,889,729,900,900,888,857,900,900,887,727,900,900,888,857,900,900,886,727,900,900,888,856,900,900,889,727,900,900,887,853,900,900,887,726,900,900,887,855,900,900,886,723,900,900,887,851,900,900,888,724,900,900,887,851,900,900,883,721,900,900,888,850,900,900,885,722,900,900,886,846,900,900,885,720,900,900,886,843,900,900,886,721,900,900,885,838,900,900,887,716,900,900,886,833,900,900,887,711,900,900,885,825,900,900,886,706,900,900,886,818,900,900,882,696,900,900,884,803,900,900,884,690,900,900,884,780,900,900,881,667,900,900,883,717,900,900,874,598,891,900,789,478,770,900,508,279,345,384,192,96,96,96,48,24,32,32,16,8,16,8,4,2,4,2,1],"lt":[{"re":-0.30871718294576644,"im":1.1128100330494064},{"re":-0.5522709907046291,"im":1.006394349233923},{"re":-0.7566024532488727,"im":0.8319337393494862},{"re":-0.9043730241460264,"im":0.6146622362220322},{"re":-0.9903041134802086,"im":0.3796107763254828},{"re":-1.0178605441900521,"im":0.1472336872246544},{"re":-0.9884982691805635,"im":-0.07201952808050156},{"re":-0.9132311718959545,"im":-0.2630299110362281},{"re":-0.8020534963977779,"im":-0.4220325725640122},{"re":-0.6687793950409229,"im":-0.5487647122362885},{"re":-0.5212257341491452,"im":-0.6440433874809363},{"re":-0.36320888310509897,"im":-0.7070841467720698},{"re":-0.2021618971885951,"im":-0.73679617208261},{"re":-0.04579393998130116,"im":-0.7359534196061985},{"re":0.09985464077626133,"im":-0.7077802277612366},{"re":0.23127980703386666,"im":-0.6561755550549501},{"re":0.34631773632122886,"im":-0.5838409619841081},{"re":0.4407845318098663,"im":-0.4952431448419651},{"re":0.5129276679766174,"im":-0.39474421989136704},{"re":0.5625546444943912,"im":-0.28627457586050015},{"re":0.5901939160284811,"im":-0.1748721773244096},{"re":0.5953170543426385,"im":-0.06414053735021047},{"re":0.5799580677262061,"im":0.041853862523415775},{"re":0.5455360561434882,"im":0.1401364569018427},{"re":0.49483743348117115,"im":0.22737298044116105},{"re":0.43095389314375826,"im":0.30151076948432587},{"re":0.3574144207013889,"im":0.3609166803386541},{"re":0.2770427492717187,"im":0.4042116753730721},{"re":0.19359231740107663,"im":0.43132566037439635},{"re":0.1101520898454414,"im":0.4425076398769098},{"re":0.029365138176145007,"im":0.43883791425402324},{"re":-0.046167705836761344,"im":0.42185336057775497},{"re":-0.11471930374540608,"im":0.3934494710784326},{"re":-0.17486180570447754,"im":0.3554172944612444},{"re":-0.2254658377692619,"im":0.30976945206987755},{"re":-0.2657981091282287,"im":0.25842364631876563},{"re":-0.2955335400700854,"im":0.20330337842286084},{"re":-0.3146060485799431,"im":0.14608476846337445},{"re":-0.3231992486086209,"im":0.08848522668626185},{"re":-0.3216332615673922,"im":0.03220799018418443},{"re":-0.31053323221884843,"im":-0.021147402012260372}],"gtau":[{"re":0.0010100517478731476,"im":0.0002757781607172848},{"re":0.0012720165168624055,"im":0.00034321998455635834},{"re":0.0016430599196992158,"im":0.0004408250545939004},{"re":0.002163089799159156,"im":0.0005788530820815502},{"re":0.00289149663492459,"im":0.0007724182498808899},{"re":0.00391470118868786,"im":0.001044497708053062},{"re":0.005357798340531644,"im":0.0014275675214457258},{"re":0.00740267204484555,"im":0.001970330522593181},{"re":0.010314702496327332,"im":0.002743479414540328},{"re":0.014485518162096424,"im":0.0038534844564273403},{"re":0.0204971292328349,"im":0.005459217944187628},{"re":0.029218914070897575,"im":0.00780025417529712},{"re":0.04196681573365552,"im":0.011240026216588211},{"re":0.06075225476882694,"im":0.016347006526980744},{"re":0.0886898922962749,"im":0.02400935375402548},{"re":0.13067853650922048,"im":0.03563013505031921},{"re":0.194581309556951,"im":0.05344637164368115},{"re":0.29327991575279483,"im":0.08110384559758942},{"re":0.44850389166169946,"im":0.12464303335929351},{"re":0.6983123183608643,"im":0.19435464677816897},{"re":0.9989899482521268,"im":-0.0002757781607172848}],"ts":[0.025,0.05,0.07500000000000001,0.1,0.125,0.15000000000000002,0.17500000000000002,0.2,0.225,0.25,0.275,0.30000000000000004,0.325,0.35000000000000003,0.375,0.4,0.42500000000000004,0.45,0.47500000000000003,0.5,0.525,0.55,0.5750000000000001,0.6000000000000001,0.625,0.65,0.675,0.7000000000000001,0.7250000000000001,0.75,0.775,0.8,0.8250000000000001,0.8500000000000001,0.875,0.9,0.925,0.9500000000000001,0.9750000000000001,1.0,1.0250000000000001],"gt":[{"re":0.00027569959791515745,"im":-0.0010100109805592937},{"re":0.0003823454733884124,"im":-0.0009726337460472209},{"re":0.0004799985093622569,"im":-0.0009124098840162304},{"re":0.0005692967898202092,"im":-0.0008323193379084612},{"re":0.000648805856120917,"im":-0.0007376399707093093},{"re":0.0007148072919300667,"im":-0.0006302254270424914},{"re":0.0007644139407040367,"im":-0.0005132706462365206},{"re":0.0007960506067454518,"im":-0.00039072699784078617},{"re":0.0008092726822881606,"im":-0.0002656633895089333},{"re":0.0008034768196227842,"im":-0.00014110444418752118},{"re":0.0007794119463496413,"im":-2.076059279834455e-5},{"re":0.0007385816381406249,"im":9.240782144559142e-5},{"re":0.0006822131378554001,"im":0.00019627480323538394},{"re":0.0006121271843369578,"im":0.00028829991935920736},{"re":0.0005312941677123823,"im":0.00036622931260752096},{"re":0.00044301909531597046,"im":0.0004288563119657158},{"re":0.000349733644774043,"im":0.000476008256614493},{"re":0.0002542517672691477,"im":0.0005064823075253812},{"re":0.00015909512704940926,"im":0.000520346810787094},{"re":6.668438963939982e-5,"im":0.000518261988630709},{"re":-2.0463811085948456e-5,"im":0.0005013401977780025},{"re":-0.00010021327018074232,"im":0.00047080650032713806},{"re":-0.0001706569671895145,"im":0.0004284810917955361},{"re":-0.00023040942631080488,"im":0.00037639191744979523},{"re":-0.0002783960463248129,"im":0.0003170704641416006},{"re":-0.00031404562085494243,"im":0.0002526818652725494},{"re":-0.0003372388757826417,"im":0.00018574112485560305},{"re":-0.00034800106147243426,"im":0.00011822499598444811},{"re":-0.00034689724214918935,