{"taus":[0.2,0.4,0.6000000000000001,0.8,1.0,1.2000000000000002,1.4000000000000001,1.6,1.8,2.0,2.2,2.4000000000000004,2.6,2.8000000000000003,3.0,3.2,3.4000000000000004,3.6,3.8000000000000003,4.0,4.2,4.4,4.6000000000000005,4.800000000000001,5.0,5.2,5.4,5.6000000000000005,5.800000000000001,6.0,6.2,6.4,6.6000000000000005,6.800000000000001,7.0,7.2,7.4,7.6000000000000005,7.800000000000001,8.0,8.200000000000001,8.4,8.6,8.8,9.0,9.200000000000001,9.4,9.600000000000001,9.8,10.0,10.200000000000001],"bd":[2,4,8,16,8,16,8,16,16,32,32,64,64,128,128,180,176,180,172,180,180,180,164,180,180,180,168,180,180,180,176,180,180,180,168,180,180,180,168,180,176,180,172,180,180,180,168,180,180,180,168,180,176,180,172,180,176,180,172,180,180,180,172,180,180,180,168,180,180,180,168,180,176,180,172,180,176,180,172,180,180,180,176,180,180,180,172,180,176,180,172,180,176,180,172,180,180,180,168,180,176,180,168,180,176,180,168,180,176,180,168,180,176,180,172,180,176,180,172,180,180,180,172,180,176,180,172,180,180,180,172,180,176,180,168,180,180,180,172,180,176,180,168,180,180,180,172,180,180,180,172,180,176,180,168,180,180,180,168,180,176,180,168,180,180,180,172,180,176,180,168,180,176,180,168,180,180,180,168,180,180,180,164,180,176,180,168,180,180,180,172,180,176,180,168,180,128,128,64,64,32,32,16,16,8,4,2,1],"gtau":[0.9999984577331925,0.9273322695681768,0.7415135485220683,0.5656421346825605,0.422771751522502,0.31268462041709577,0.2326150701755591,0.17247985718093767,0.12738813845431848,0.09227320508070211,0.06716079527037293,0.050061370216698646,0.03683888596635313,0.02675891007274728,0.019528197718370926,0.01450980978680387,0.010611349612319762,0.0078094873849367625,0.005701055159979493,0.004140154317263117,0.0029901730028209883,0.0021944065005391894,0.001630157808275287,0.0012136552712551977,0.0009151736906038865,0.0006949637329230925,0.0005298263857163686,0.0004042134450941014,0.00030896351238832056,0.0002387722121612156,0.00018484392197090963,0.0001432835612077407,0.0001114090126372135,8.652436083330701e-5,6.677094831136727e-5,5.1880424713201014e-5,4.024755185495502e-5,3.100780459630709e-5,2.3778700099024467e-5,1.827994261813028e-5,1.4024547854804579e-5,1.0716430009654468e-5,8.100426890579312e-6,6.03365078814605e-6,4.466302689043453e-6,3.310682158229133e-6,2.5001486323498126e-6,1.9426086358372763e-6,1.5834782498387102e-6,1.4111328111848313e-6,1.542266826213022e-6]}