{"taus":[0.2,0.4,0.6000000000000001,0.8,1.0,1.2000000000000002],"bd":[2,4,8,16,8,16,8,16,16,32,24,48,48,96,72,100,72,96,48,48,24,32,16,16,8,4,2,1],"gtau":[9.070850005746763e-5,0.0002762639533060632,0.0016186409618081164,0.011774074467953203,0.09819433300416765,0.999909291499941]}