{"ns":[-0.9516382465565781,-0.9726174913928941,-0.9651990210609623,-0.9686956048707406,-0.9554836953291351,-0.9447368855319894,-0.9378789958729347,-0.9162825995846542,-0.9029411466417997,-0.8887369839000435,-0.8716751991637823,-0.8696080669805165,-0.867228423469465,-0.8633865117062577,-0.8590602081035281,-0.8620368258154212,-0.8642143280994757,-0.8704084771560405,-0.8770502842466767,-0.8838153258182542,-0.8924738433074392,-0.9033304111539526,-0.9114022604574217,-0.9156893573919387,-0.9198739975689005,-0.9233375660919518,-0.9385678319695347,-0.9542377012499589,-0.9745317757204153,-0.9863760091009146,-0.9864926023799839,-0.9925432305804016,-1.000979743691187,-0.9946436641003239,-0.9914532914306978,-0.9887066276257787,-0.9868591801966539,-0.9857298821356322,-0.9931943153935896,-0.9989117353456198],"taus":[0.025,0.05,0.07500000000000001,0.1,0.125,0.15000000000000002,0.17500000000000002,0.2,0.225,0.25,0.275,0.30000000000000004,0.325,0.35000000000000003,0.375,0.4,0.42500000000000004,0.45,0.47500000000000003,0.5,0.525,0.55,0.5750000000000001,0.6000000000000001,0.625,0.65,0.675,0.7000000000000001,0.7250000000000001,0.75,0.775,0.8,0.8250000000000001,0.8500000000000001,0.875,0.9,0.925,0.9500000000000001,0.9750000000000001,1.0,1.0250000000000001],"bd":[1,1,1,1,1,2,2,4,4,8,8,16,16,32,32,64,64,128,128,200,200,200,200,200,200,200,200,200,200,200,200,200,200,200,200,200,200,200,200,200,200,200,200,200,200,200,200,200,200,200,200,200,200,200,200,200,200,200,200,200,200,200,200,200,200,200,200,200,200,200,200,200,200,200,200,200,200,200,200,200,200,200,200,200,200,200,200,200,200,200,200,200,200,200,200,200,200,200,200,200,200,200,200,200,200,200,200,200,200,200,200,200,200,200,200,200,200,200,200,200,200,200,200,200,200,200,200,200,200,200,200,200,200,200,200,200,200,200,200,200,200,200,200,200,200,200,200,200,200,200,200,200,200,200,200,200,200,200,200,200,200,200,200,200,200,200,199,199,199,200,200,200,200,200,200,200,200,200,200,200,200,200,200,200,200,200,200,200,200,200,200,200,200,200,200,200,200,200,200,200,200,200,200,200,200,200,200,200,200,200,200,200,200,200,200,200,200,200,200,200,200,200,200,200,200,200,200,200,200,200,200,200,200,200,200,200,200,200,200,200,200,200,200,200,200,200,200,200,200,200,200,200,200,200,200,200,200,200,200,200,200,200,200,200,200,200,200,200,200,200,200,200,200,200,200,200,200,200,200,200,200,200,200,200,200,200,200,200,200,200,200,200,200,200,200,200,200,200,200,200,200,200,200,200,200,200,200,200,200,200,200,200,200,200,200,200,200,200,200,200,200,200,200,200,200,200,200,200,200,200,200,200,200,200,200,200,200,200,200,200,200,200,200,200,200,200,200,200,200,200,200,200,200,200,200,200,200,200,200,200,200,200,200,200,200,200,200,200,200,200,200,200,200,200,200,200,200,200,200,200,200,200,200,200,200,200,200,200,200,200,200,200,200,200,200,200,200,200,200,200,200,200,200,200,200,200,200,200,200,200,200,200,200,200,200,200,200,200,200,200,200,200,200,200,200,200,200,200,200,200,200,200,200,200,200,200,200,200,200,200,200,200,200,200,200,200,200,200,200,200,200,200,200,200,200,200,200,200,200,200,200,200,200,200,200,200,200,200,200,200,200,200,200,200,200,200,200,200,200,193,97,113,121,61,31,32,32,16,8,8,8,4,2,2,2,1],"lt":[{"re":0.44773023129604084,"im":0.9516382465565781},{"re":0.23253965232525126,"im":1.031964096030187},{"re":0.00459247328956559,"im":1.083175370761593},{"re":-0.21986111164605532,"im":1.07792087645443},{"re":-0.43542042444450674,"im":1.0226867780391071},{"re":-0.6433988807437605,"im":0.9340903636070464},{"re":-0.8408257577015078,"im":0.8215554935568204},{"re":-1.0208004846301075,"im":0.6915682282816196},{"re":-1.1791070376564092,"im":0.5487762434603866},{"re":-1.3105385732623964,"im":0.3979919127768323},{"re":-1.4083188000966653,"im":0.24210430111376255},{"re":-1.4702813806546862,"im":0.08397974109521442},{"re":-1.4958814290830917,"im":-0.07399192096938181},{"re":-1.4862801393047107,"im":-0.22926995460883312},{"re":-1.443479473310306,"im":-0.3798442157620634},{"re":-1.3704851463496242,"im":-0.5226278691074534},{"re":-1.2709711958967114,"im":-0.6541397724558239},{"re":-1.1491711015197368,"im":-0.7711734242285634},{"re":-1.0098889587579793,"im":-0.8701092100888043},{"re":-0.856822526908773,"im":-0.9484823530309092},{"re":-0.6968602745383243,"im":-1.005988060420036},{"re":-0.5331397891667609,"im":-1.0399980517313858},{"re":-0.3692069565931603,"im":-1.0498694048058521},{"re":-0.2100157505299411,"im":-1.0369792637313486},{"re":-0.05842860546406917,"im":-1.0042367327882233},{"re":0.0829955396551491,"im":-0.9519218824507023},{"re":0.2120756651602848,"im":-0.8818275803066923},{"re":0.3260898616326612,"im":-0.7963672439900804},{"re":0.4236996293743398,"im":-0.6981056054411049},{"re":0.5023419220838713,"im":-0.5903259537367453},{"re":0.5629043954962986,"im":-0.47709743822080364},{"re":0.6050170737630484,"im":-0.36111407787915223},{"re":0.628875897166506,"im":-0.2449775823718016},{"re":0.6341725396554369,"im":-0.1319383569503313},{"re":0.6223382383715848,"im":-0.02418954995914503},{"re":0.5955859508606421,"im":0.07587092091046899},{"re":0.554657342739349,"im":0.1664986869867563},{"re":0.5022667032453996,"im":0.24604682985083448},{"re":0.4404503203201401,"im":0.3135222401520307},{"re":0.3713778181141949,"im":0.36792353893096846},{"re":0.29786891306186125,"im":0.4081650910403635}],"gtau":[{"re":0.0011048208044340331,"im":-0.0005660144074376093},{"re":0.001235692762981692,"im":-0.000629310307457567},{"re":0.001392147997990551,"im":-0.0007045676989556485},{"re":0.001577850481248327,"im":-0.00079365080214042},{"re":0.001797525202435459,"im":-0.0008987643348745055},{"re":0.0020568603032050494,"im":-0.0010227360257412962},{"re":0.002362916497140204,"im":-0.0011690672197114133},{"re":0.002724032990828335,"im":-0.0013422136731979718},{"re":0.0031501669606077277,"im":-0.0015465609218315273},{"re":0.003653180194124543,"im":-0.0017877963151640371},{"re":0.004247209979159017,"im":-0.0020726350636096433},{"re":0.0049490629546309235,"im":-0.002409298023620292},{"re":0.005778788503488979,"im":-0.0028077061965625333},{"re":0.006760078390501041,"im":-0.0032800215297429116},{"re":0.007921865767183275,"im":-0.003840054649731034},{"re":0.009298649071985661,"im":-0.004504392120347131},{"re":0.010933334631214753,"im":-0.0052930486652647485},{"re":0.012875226866946678,"im":-0.006227834597933651},{"re":0.015183096911013058,"im":-0.007338831307916681},{"re":0.017930836878901315,"im":-0.008659875598196998},{"re":0.021207569411861804,"im":-0.010230338787176765},{"re":0.025122966845274246,"im":-0.012101459093120947},{"re":0.02980750009782006,"im":-0.014333694292000062},{"re":0.035425039737056005,"im":-0.016993264550489492},{"re":0.04216954372753835,"im":-0.02017795142894302},{"re":0.050282739509228465,"im":-0.023991949879656523},{"re":0.060061443323883384,"im":-0.028562174819084477},{"re":0.07186858356638066,"im":-0.034058186374130425},{"re":0.08617115324871968,"im":-0.04069298010262107},{"re":0.10354234245501448,"im":-0.04871781826645913},{"re":0.12468134501494955,"im":-0.05844208723559352},{"re":0.15048613659051147,"im":-0.07026398904250292},{"re":0.18208311873946165,"im":-0.08468480610248307},{"re":0.22091074611820413,"im":-0.10234273303722875},{"re":0.2688121424860268,"im":-0.12409302255815399},{"re":0.32816898232650243,"im":-0.15107846691099677},{"re":0.40211099368080266,"im":-0.18484776192438612},{"re":0.49477992696170164,"im":-0.22754766128667236},{"re":0.6117293166308669,"im":-0.2822352597273431},{"re":0.7605186254198971,"im":-0.3533813881399229},{"re":0.9988951791955659,"im":0.0005660144074376093}],"ts":[0.025,0.05,0.07500000000000001,0.1,0.125,0.15000000000000002,0.17500000000000002,0.2,0.225,0.25,0.275,0.30000000000000004,0.325,0.35000000000000003,0.375,0.4,0.42500000000000004,0.45,0.47500000000000003,0.5,0.525,0.55,0.5750000000000001,0.6000000000000001,0.625,0.65,0.675,0.7000000000000001,0.7250000000000001,0.75,0.775,0.8,0.8250000000000001,0.8500000000000001,0.875,0.9,0.925,0.9500000000000001,0.9750000000000001,1.0,1.0250000000000001],