{"taus":[0.2,0.4,0.6000000000000001,0.8,1.0,1.2000000000000002,1.4000000000000001,1.6,1.8,2.0,2.2,2.4000000000000004,2.6,2.8000000000000003,3.0,3.2,3.4000000000000004,3.6,3.8000000000000003,4.0,4.2,4.4,4.6000000000000005,4.800000000000001,5.0,5.2],"bd":[2,4,8,16,8,16,8,16,16,32,32,40,40,40,40,40,40,40,40,40,40,40,40,40,40,40,40,40,40,40,40,40,40,40,40,40,40,40,40,40,40,40,40,40,40,40,40,40,40,40,40,40,40,40,40,40,40,40,40,40,40,40,40,40,40,40,40,40,40,40,40,40,40,40,40,40,40,40,40,40,40,40,40,40,40,40,40,40,40,40,40,40,40,40,40,40,40,40,40,40,32,32,16,16,8,4,2,1],"gtau":[5.251243996112261e-15,8.985147387417384e-15,4.8258559572627456e-15,6.815153272106617e-15,4.940913768716515e-15,9.387183630782123e-15,4.348894912573326e-14,2.7714855441011985e-13,1.3983313884596767e-12,6.855027953261164e-12,3.36066534381641e-11,1.643910720496786e-10,8.047789017614586e-10,3.941474168112136e-9,1.9306074674901752e-8,9.469161281082999e-8,4.650853148024872e-7,2.287450229389657e-6,1.1273309852173055e-5,5.568409804760036e-5,0.0002753232848746764,0.0013610375176366751,0.006742838437074156,0.03368631728220581,0.171431324959765,0.99999999999989]}