{"ns":[-1.3354455262042326,-1.3580252192957327,-1.373711232723119,-1.3900503007803025,-1.4160610210384683,-1.4133984597655098,-1.430768454156511,-1.3837302144488999,-1.310826283515265,-1.3359615849476763,-1.3049911610731457,-1.2251134069011853,-1.0453061014827534,-0.8252880940368494,-0.6615187930635172,-0.5564229800875752,-0.5848501699825368,-0.6168362767412549,-0.769442647647074,-0.9127142192863088,-0.9680370679552252,-0.8858024508252783,-0.7719223500097189,-0.6484165363685356,-0.5295978930785272,-0.46832954032124136,-0.3689056823408478,-0.2584841445645825,-0.08781894184169095,-0.01320277266231105,-0.03450044968144827,-0.2381896100032232,-0.3914320127935269,-0.6775364016154876,-0.8281166930167569,-0.8579121433721197,-0.8597294487683332,-0.8885541832281311,-0.9269024857473268,-0.9728536712562182],"taus":[0.1,0.2,0.30000000000000004,0.4,0.5,0.6000000000000001,0.7000000000000001,0.8,0.9,1.0,1.1],"bd":[1,1,1,1,1,2,2,4,4,8,8,16,16,32,32,64,64,128,128,256,256,500,500,500,500,500,500,500,500,500,500,500,500,500,500,500,500,500,500,500,500,500,500,500,500,500,498,498,498,500,500,500,500,500,500,500,500,500,500,500,500,500,500,500,500,500,500,500,500,500,500,500,500,500,500,500,500,500,500,500,500,500,500,500,500,500,500,500,500,500,500,500,500,500,500,500,500,500,500,500,500,500,500,500,500,500,500,500,500,500,500,500,500,500,500,500,500,500,500,500,500,500,500,500,500,500,500,500,500,500,500,500,500,500,500,500,500,500,500,500,500,500,500,500,500,500,500,500,500,500,500,500,500,500,500,500,500,500,500,500,500,500,500,500,500,500,500,500,500,500,500,500,500,500,500,500,500,500,500,500,500,500,500,500,500,500,500,500,500,500,500,500,500,500,500,500,500,500,500,500,500,500,500,500,500,500,500,500,500,500,500,500,500,500,500,500,500,500,500,500,500,500,500,500,500,500,500,500,500,500,500,500,500,500,500,500,500,500,500,500,500,500,500,500,500,500,500,500,500,500,500,500,500,500,500,500,500,500,500,500,500,500,500,500,500,500,500,500,500,500,500,500,500,500,500,500,500,500,500,500,500,500,500,500,500,500,500,500,500,500,500,500,500,500,500,500,500,500,500,500,500,500,500,500,500,500,500,500,500,500,500,500,500,500,500,500,500,500,500,500,500,500,500,500,500,500,500,500,500,500,500,500,500,500,500,500,500,500,500,500,500,500,500,500,500,500,500,500,500,500,500,500,500,500,500,500,430,460,472,246,126,128,128,64,32,32,32,16,8,8,8,4,2,2,2,1],"lt":[{"re":-0.08775956724050633,"im":1.3354455262042326},{"re":-0.6591180023835961,"im":1.142204289318093},{"re":-1.0339831902773204,"im":0.722822897113885},{"re":-1.155515422669663,"im":0.2158340201014509},{"re":-1.057603007867033,"im":-0.23762037295832514},{"re":-0.8056464860755735,"im":-0.5655221612702865},{"re":-0.48053982414940183,"im":-0.7394176656848483},{"re":-0.14419308427668773,"im":-0.7735234581133},{"re":0.15087933713051083,"im":-0.6888660087836924},{"re":0.3667573656022536,"im":-0.5189132456877718},{"re":0.48474872949718123,"im":-0.3018267003389858},{"re":0.5031364647536495,"im":-0.07859825761158035},{"re":0.4438578375385081,"im":0.11755362190756648},{"re":0.3314602526186834,"im":0.2681910166955067},{"re":0.19166631600324313,"im":0.36251602999418986},{"re":0.04018284386905065,"im":0.3950830518485095},{"re":-0.10223813438482628,"im":0.3722204411573825},{"re":-0.21875393155712675,"im":0.30204230047263303},{"re":-0.2968591495228642,"im":0.19874318003225122},{"re":-0.32894499044091885,"im":0.07797636200072844},{"re":-0.31274405616533807,"im":-0.04195408666834888},{"re":-0.2550289963168026,"im":-0.14410920355765208},{"re":-0.16858946795055277,"im":-0.21581159076944767},{"re":-0.06760814984923207,"im":-0.24909904544407152},{"re":0.03191315981284673,"im":-0.24294597096443993},{"re":0.115872138313709,"im":-0.20328188321653706},{"re":0.17402977795600824,"im":-0.1407291623498817},{"re":0.202722249411875,"im":-0.06716644004816048},{"re":0.20218967473878896,"im":0.005973761379804409},{"re":0.17794122477039043,"im":0.06856908649678253},{"re":0.1364236554100841,"im":0.11443507039659935},{"re":0.08525802005972666,"im":0.14016808185615368},{"re":0.03354023818511923,"im":0.1451711222741221},{"re":-0.012040140440288496,"im":0.1334079856797071},{"re":-0.04653593477300065,"im":0.10954951405948761},{"re":-0.0680291278830134,"im":0.07899520204030779},{"re":-0.07607639771129325,"im":0.04762823569624775},{"re":-0.07219737963363897,"im":0.019708061614109904},{"re":-0.059694819268021775,"im":-0.001210814668920228},{"re":-0.04245911802748089,"im":-0.014057367535379513},{"re":-0.024465493088471308,"im":-0.019156746897316133}],"gtau":[{"re":0.0011959557876673923,"im":-0.00013688231513689155},{"re":0.0019594055938628807,"im":-0.00013041069015100963},{"re":0.003477035311392991,"im":-0.00012624045787645912},{"re":0.006473795703552679,"im":-9.37526295507252e-5},{"re":0.012499650377312679,"im":4.029388461307653e-5},{"re":0.02489666073926514,"im":0.0004573265672163033},{"re":0.05107405033212815,"im":0.0016032132583283045},{"re":0.10804157533968946,"im":0.004582087235901087},{"re":0.23671920064558397,"im":0.0121975686739302},{"re":0.5427678479756067,"im":0.03198603144862242},{"re":0.9988040442123326,"im":0.00013688231513689155}],"ts":[0.05,0.1,0.15000000000000002,0.2,0.25,0.30000000000000004,0.35000000000000003,0.4,0.45,0.5,0.55,0.6000000000000001,0.65,0.7000000000000001,0.75,0.8,0.8500000000000001,0.9,0.9500000000000001,1.0,1.05,1.1,1.1500000000000001,1.2000000000000002,1.25,1.3,1.35,1.4000000000000001,1.4500000000000002,1.5,1.55,1.6,1.6500000000000001,1.7000000000000002,1.75,1.8,1.85,1.9000000000000001,1.9500000000000002,2.0,2.0500000000000003],"gt":[{"re":-0.00013688231513525582,"im":-0.0011959557876725384},{"re":8.907988614631317e-5,"im":-0.001213370466303568},{"re":0.0003020763250981091,"im":-0.0011793270491843996},{"re":0.0005316069152971333,"im":-0.0010603713906019777},{"re":0.0007297721498663357,"im":-0.0008696642346787255},{"re":0.000851558210582156,"im":-0.0006239720226607895},{"re":0.0008662420863324169,"im":-0.00035830826654481546},{"re":0.0007840117065704337,"im":-0.00012086498959697023},{"re":0.0006361800716238315,"im":7.132923171170476e-5},{"re":0.0004516274208652699,"im":0.00019435635995944452},{"re":0.0002678581928961843,"im":0.0002514738266397102},{"re":0.0001078887791622879,"im":0.0002492777033678891},{"re":-7.141179103845949e-6,"im":0.00020615686235793255},{"re":-8.249808738241869e-5,"im":0.0001389646344837782},{"re":-0.00011878424435434014,"im":6.69621159683876e-5},{"re":-0.00012001938446878487,"im":-1.5723562852585104e-7},{"re":-9.636965664064111e-5,"im":-5.216652505034312e-5},{"re":-5.5875966116156805e-5,"im":-8.181503796222168e-5},{"re":-8.263326888964097e-6,"im":-8.692615831047964e-5},{"re":3.6509348104711e-5,"im":-6.785130923387933e-5},{"re":6.773482003806471e-5,"im":-2.9493018534815684e-5},{"re":7.830469375119588e-5,"im":1.938329548462538e-5},{"re":6.762288580824086e-5,"im":6.807006076797063e-5},{"re":3.658686179550484e-5,"im":0.00010669318087572065},{"re":-8.411328139941068e-6,"im":0.00012719489982580497},{"re":-5.719301180199067e-5,"im":0.0001257594852785491},{"re":-0.000100223561965451,"im":0.00010247068171155509},{"re":-0.00012990672111522927,"im":6.295852127653792e-5},{"re":-0.00014160407485225136,"im":1.4554459829361091e-5},{"re":-0.00013338292126563393,"im":-3.414951420188153e-5},{"re":-0.00010689987723702305,"im":-7.582287917728786e-5},{"re":-6.666231633856304e-5,"im":-0.00010431437544193289},{"re":-1.8948935744954784e-5,"im":-0.000114801961849183},{"re":2.8412725497403823e-5,"im":-0.00010686637515365764},{"re":6.835040850862579e-5,"im":-8.250291329625933e-5},{"re":9.563553465674126e-5,"im":-4.58620990522605e-5},{"re":0.00010696826919262023,"im":-2.648137662092429e-6},{"re":0.00010122450179666954,"im":4.1259415019243173e-5},{"re":7.985161725804205e-5,"im":7.955309826988545e-5},{"re":4.649883958124135e-5,"im":0.00010758865956742412},{"re":6.365216641374306e-6,"im":0.00012207406753076943}]}