{"taus":[0.2,0.4,0.6000000000000001,0.8,1.0,1.2000000000000002,1.4000000000000001,1.6,1.8,2.0,2.2,2.4000000000000004,2.6,2.8000000000000003,3.0,3.2,3.4000000000000004,3.6,3.8000000000000003,4.0,4.2,4.4,4.6000000000000005,4.800000000000001,5.0,5.2,5.4,5.6000000000000005,5.800000000000001,6.0,6.2,6.4,6.6000000000000005,6.800000000000001,7.0,7.2,7.4,7.6000000000000005,7.800000000000001,8.0,8.200000000000001,8.4,8.6,8.8,9.0,9.200000000000001,9.4,9.600000000000001,9.8,10.0,10.200000000000001],"bd":[2,4,8,16,8,16,8,16,16,32,32,64,64,128,128,256,256,512,492,600,600,600,600,600,600,600,600,600,600,600,600,600,600,600,600,600,600,600,600,600,600,600,600,600,600,600,600,600,600,600,600,600,600,600,600,600,600,600,600,600,600,600,600,600,600,600,600,600,600,600,600,600,600,600,600,600,600,600,600,600,600,600,600,600,600,600,600,600,600,600,600,600,600,600,600,600,600,600,600,600,600,600,600,600,600,600,600,600,600,600,600,600,600,600,600,600,600,600,600,600,600,600,600,600,600,600,600,600,600,600,600,600,600,600,600,600,600,600,600,600,600,600,600,600,600,600,600,600,600,600,600,600,600,600,600,600,600,600,600,600,600,600,600,600,600,600,600,600,600,600,600,600,600,600,600,600,600,600,600,600,600,600,600,600,600,600,600,600,600,600,600,600,512,512,256,256,128,128,64,64,32,32,16,16,8,4,2,1],"gtau":[3.2781846305687664e-16,1.0474401567900852e-15,-2.801628169668057e-16,7.695648774641996e-17,6.673936961030113e-16,1.6594319152976257e-15,2.477883861853687e-15,3.418925930990461e-16,-9.85671633849787e-16,1.4834807619072117e-15,9.809917544848789e-15,4.05375730169671e-16,2.9955606126289768e-15,-1.6715843258081325e-16,-8.482492375331097e-16,-2.2346815035853523e-15,1.3995044989279082e-15,3.624975054118791e-15,-2.3866689550235447e-16,-2.5610240133118164e-15,3.633967707112411e-16,-5.861946348406151e-16,4.021245761993673e-16,-8.718419389612322e-16,-8.15550358338525e-16,-2.3083611372281614e-15,3.057443247268684e-16,1.1521622456196875e-15,7.218235919815492e-16,2.5235488237035714e-15,2.269014753968255e-14,9.000655563369258e-14,4.150113606848078e-13,1.924458549716066e-12,8.830656253064907e-12,4.06217840519446e-11,1.873807064974476e-10,8.669594123534852e-10,4.024316393315997e-9,1.8749380931379575e-8,8.77212949509154e-8,4.1241265448492553e-7,1.9500250370443037e-6,9.284335849345174e-6,4.458424501660979e-5,0.0002164710027937656,0.0010667514052506684,0.005369895621524027,0.027950860065397078,0.15468756074862408,0.9999999999999847]}