{"taus":[0.2,0.4,0.6000000000000001,0.8,1.0,1.2000000000000002,1.4000000000000001,1.6,1.8,2.0,2.2,2.4000000000000004,2.6,2.8000000000000003,3.0,3.2,3.4000000000000004,3.6,3.8000000000000003,4.0,4.2,4.4,4.6000000000000005,4.800000000000001,5.0,5.2,5.4,5.6000000000000005,5.800000000000001,6.0,6.2,6.4,6.6000000000000005,6.800000000000001,7.0,7.2,7.4,7.6000000000000005,7.800000000000001,8.0,8.200000000000001,8.4,8.6,8.8,9.0,9.200000000000001,9.4,9.600000000000001,9.8,10.0,10.200000000000001],"bd":[2,4,8,16,8,16,8,16,16,32,32,64,64,120,120,120,120,120,120,120,120,120,120,120,120,120,120,120,120,120,120,120,120,120,120,120,120,120,120,120,120,120,120,120,120,120,120,120,120,120,120,120,120,120,120,120,120,120,120,120,120,120,120,120,120,120,120,120,120,120,120,120,120,120,120,120,120,120,120,120,120,120,120,120,120,120,120,120,120,120,120,120,120,120,120,120,120,120,120,120,120,120,120,120,120,120,120,120,120,120,120,120,120,120,120,120,120,120,120,120,120,120,120,120,120,120,120,120,120,120,120,120,120,120,120,120,120,120,120,120,120,120,120,120,120,120,120,120,120,120,120,120,120,120,120,120,120,120,120,120,120,120,120,120,120,120,120,120,120,120,120,120,120,120,120,120,120,120,120,120,120,120,120,120,120,120,120,120,120,120,120,120,120,120,120,120,120,120,64,64,32,32,16,16,8,4,2,1],"gtau":[-4.136650755371835e-16,-2.150344045705423e-16,3.375038355365184e-16,4.1419962155967304e-16,2.0305291478296076e-16,1.2479839528106417e-15,-1.0970654436571465e-15,-4.825283355468467e-15,-1.806671515034134e-15,-5.506449050074789e-16,-2.8348806497266454e-15,-1.0755008409722844e-14,4.97184480701777e-16,-4.1792169505370504e-16,4.163411731281431e-16,4.767316968998239e-16,7.087028324994953e-16,7.507187550268265e-16,-7.177710063779045e-16,2.5125218799052203e-16,1.1427689459558995e-15,1.1047756253696068e-15,6.665514254709609e-15,2.0235266109879626e-14,6.12388932477435e-14,1.9710639005231712e-13,6.142228311664583e-13,1.903216618403965e-12,5.901881965655999e-12,1.8287254893772177e-11,5.66789057735313e-11,1.75618421841703e-10,5.44336311957652e-10,1.6882250990558235e-9,5.241000875174702e-9,1.6291571781309557e-8,5.069022900078131e-8,1.5728505257754258e-7,4.870629465096367e-7,1.5255596191857918e-6,4.793765708596428e-6,1.5096978999832835e-5,4.786485690359983e-5,0.00015279740495510388,0.0004918925126289372,0.0016017016931752092,0.005290497608544299,0.01784587001704924,0.06223777770338956,0.23075757512596834,0.999999999999971]}