{"taus":[0.2,0.4,0.6000000000000001,0.8,1.0,1.2000000000000002,1.4000000000000001,1.6,1.8,2.0,2.2,2.4000000000000004,2.6,2.8000000000000003,3.0,3.2,3.4000000000000004,3.6,3.8000000000000003,4.0,4.2,4.4,4.6000000000000005,4.800000000000001,5.0,5.2,5.4,5.6000000000000005,5.800000000000001,6.0,6.2,6.4,6.6000000000000005,6.800000000000001,7.0,7.2,7.4,7.6000000000000005,7.800000000000001,8.0,8.200000000000001,8.4,8.6,8.8,9.0,9.200000000000001,9.4,9.600000000000001,9.8,10.0,10.200000000000001],"bd":[2,4,8,16,8,16,8,16,16,32,32,64,64,128,128,200,200,200,200,200,200,200,200,200,200,200,200,200,200,200,200,200,200,200,200,200,200,200,200,200,200,200,200,200,200,200,200,200,200,200,200,200,200,200,200,200,200,200,200,200,200,200,200,200,200,200,200,200,200,200,200,200,200,200,200,200,200,200,200,200,200,200,200,200,200,200,200,200,200,200,200,200,200,200,200,200,200,200,200,200,200,200,200,200,200,200,200,200,200,200,200,200,200,200,200,200,200,200,200,200,200,200,200,200,200,200,200,200,200,200,200,200,200,200,200,200,200,200,200,200,200,200,200,200,200,200,200,200,200,200,200,200,200,200,200,200,200,200,200,200,200,200,200,200,200,200,200,200,200,200,200,200,200,200,200,200,200,200,200,200,200,200,200,200,200,200,200,200,200,200,200,200,200,200,200,200,128,128,64,64,32,32,16,16,8,4,2,1],"gtau":[-2.1207060741047326e-16,-2.983858475081399e-16,-1.8575756404599176e-16,-3.271114346837631e-17,2.680025893861606e-15,1.0548256095883393e-15,4.2034060702595143e-16,3.1610661224744496e-17,-1.2121164507549903e-15,7.024602771735299e-16,2.1105289406701805e-15,-1.6754965906337517e-17,2.641652617738207e-15,-6.73477276965286e-16,-2.5581288348773694e-15,-7.381413875115976e-15,3.516808303358779e-17,-4.2254362223625865e-16,-3.5007577760130466e-16,1.6532983062151213e-15,7.171656550866859e-16,-3.905500039742784e-15,-2.492815666255958e-15,-1.8973860657560953e-15,-5.699619582453625e-16,7.83125106306152e-17,1.898641062868642e-16,1.7044030432041265e-15,1.1059369490413002e-14,4.415272865338899e-14,1.7384694307300403e-13,7.043620865336684e-13,2.9073347904911714e-12,1.1979429450794e-11,4.9443173528771125e-11,2.0452844938676214e-10,8.481042879525046e-10,3.5266308036635603e-9,1.471177128512987e-8,6.159837578432919e-8,2.5902393233913645e-7,1.0945719941723258e-6,4.652657460962038e-6,1.9915217424413805e-5,8.598967516433138e-5,0.0003752749616263225,0.0016622119907675527,0.007519378628308521,0.03515375779909868,0.17442825241423346,1.0000000000001483]}