{"gf":[0.37754066879814546,0.37947249489223117,0.3814931675376976,0.3836036427722521,0.3858049497812014,0.388098191669378,0.39048454635965996,0.3929652676185504,0.3955416862094461,0.39821521117478126,0.40098733124860436,0.4038596164014398,0.4068337195198649,0.40991137822338963,0.4130944168218896,0.4163847484170174,0.4197843771516362,0.42329540061155424,0.4269200123844597,0.43066050478128276,0.4345192717257208,0.4384988118182011,0.4426017315810254,0.44683074889189744,0.4511886966138106,0.455678526429601,0.46030331289033505,0.4650662576871404,0.46997069415699233,0.4750200920334925,0.48021806245467674,0.48556836324048086,0.49107490445364704,0.496741754258492,0.5025731450932132,0.5085734801723735,0.5147473403373208,0.52109949127356,0.5276348911154566,0.5343586984599064,0.5412762808123248,0.5483932234896977,0.5557153390074223,0.5632486769782443,0.5709995345539446,0.5789744674422935,0.5871803015343663,0.5956241451797197,0.604313402149608,0.6132557853316084,0.6224593312018545],"ts":[0.0,0.01,0.02,0.03,0.04,0.05,0.06,0.07,0.08,0.09,0.1,0.11,0.12,0.13,0.14,0.15,0.16,0.17,0.18,0.19,0.2,0.21,0.22,0.23,0.24,0.25,0.26,0.27,0.28,0.29,0.3,0.31,0.32,0.33,0.34,0.35000000000000003,0.36,0.37,0.38,0.39,0.4,0.41000000000000003,0.42,0.43,0.44,0.45,0.46,0.47000000000000003,0.48,0.49,0.5]}