{"taus":[0.2,0.4,0.6000000000000001,0.8,1.0,1.2000000000000002,1.4000000000000001,1.6,1.8,2.0,2.2,2.4000000000000004,2.6,2.8000000000000003,3.0,3.2,3.4000000000000004,3.6,3.8000000000000003,4.0,4.2,4.4,4.6000000000000005,4.800000000000001,5.0,5.2],"bd":[2,4,8,16,8,16,8,16,16,32,32,64,64,120,104,160,144,160,156,160,156,160,156,160,160,160,160,160,160,160,160,160,160,160,156,160,160,160,160,160,160,160,160,160,160,160,160,160,156,160,160,160,156,160,160,160,156,160,160,160,156,160,160,160,156,160,156,160,160,160,160,160,160,160,156,160,156,160,156,160,156,160,156,160,160,160,156,160,156,160,160,160,160,160,156,160,128,128,64,64,32,32,16,16,8,4,2,1],"gtau":[-3.65280057147564e-15,1.2423014010163164e-16,2.008510747029982e-14,1.0698542183187047e-14,3.1608797575563897e-14,1.4483143891188573e-13,6.354111987503661e-13,2.6427558937621745e-12,1.1087583162491286e-11,4.6668473640065336e-11,1.9686446764012383e-10,8.31518335803839e-10,3.5165009298672803e-9,1.4887097815880352e-8,6.305724572954072e-8,2.6700823821327847e-7,1.131423049314998e-6,4.805838057139161e-6,2.0492339501741695e-5,8.790558836424175e-5,0.00038119873812968174,0.0016786838236251124,0.007559987721394909,0.03522939331126848,0.17447464985267314,0.999999999998592]}