{"taus":[0.2,0.4,0.6000000000000001,0.8,1.0,1.2000000000000002,1.4000000000000001,1.6,1.8,2.0,2.2,2.4000000000000004,2.6,2.8000000000000003,3.0,3.2,3.4000000000000004,3.6,3.8000000000000003,4.0,4.2,4.4,4.6000000000000005,4.800000000000001,5.0,5.2,5.4,5.6000000000000005,5.800000000000001,6.0,6.2,6.4,6.6000000000000005,6.800000000000001,7.0,7.2,7.4,7.6000000000000005,7.800000000000001,8.0,8.200000000000001,8.4,8.6,8.8,9.0,9.200000000000001,9.4,9.600000000000001,9.8,10.0,10.200000000000001],"bd":[2,4,8,16,8,16,8,16,16,32,32,64,64,80,80,80,80,80,80,80,80,80,80,80,80,80,80,80,80,80,80,80,80,80,80,80,80,80,80,80,80,80,80,80,80,80,80,80,80,80,80,80,80,80,80,80,80,80,80,80,80,80,80,80,80,80,80,80,80,80,80,80,80,80,80,80,80,80,80,80,80,80,80,80,80,80,80,80,80,80,80,80,80,80,80,80,80,80,80,80,80,80,80,80,80,80,80,80,80,80,80,80,80,80,80,80,80,80,80,80,80,80,80,80,80,80,80,80,80,80,80,80,80,80,80,80,80,80,80,80,80,80,80,80,80,80,80,80,80,80,80,80,80,80,80,80,80,80,80,80,80,80,80,80,80,80,80,80,80,80,80,80,80,80,80,80,80,80,80,80,80,80,80,80,80,80,80,80,80,80,80,80,80,80,80,80,80,80,64,64,32,32,16,16,8,4,2,1],"gtau":[-4.419866987379302e-16,-1.758284495805824e-15,9.68245287740382e-16,4.305757066568507e-15,-8.592958398207209e-16,2.300694560844329e-15,-7.534716025601049e-16,1.4204733994559317e-16,-1.5022232151767934e-15,-4.756797511929854e-15,2.066742563142126e-15,3.1193147983633316e-16,4.3999743557190716e-15,6.526011104450904e-17,1.5367729406720371e-15,2.649827886781182e-15,-1.2920150061936567e-15,-7.366883276636832e-15,9.526944816390052e-17,-5.527835880298963e-16,-1.3085897152505184e-15,1.4898690482226483e-16,9.739291405679327e-16,1.3938719506386529e-16,-5.393183595135692e-16,-4.394794030262318e-15,3.9033097583624467e-16,8.083761022419525e-16,1.3840781424133414e-15,5.701823380322345e-15,1.785043946862135e-14,7.998936912666451e-14,3.5688638569533767e-13,1.6855530903044916e-12,7.9398306107629e-12,3.7411886381014925e-11,1.7629356723292674e-10,8.310133145227242e-10,3.919439920666719e-9,1.8501580273928415e-8,8.744745789383363e-8,4.1410599910380986e-7,1.966372588108208e-6,9.371749951532106e-6,4.488348242511751e-5,0.00021652537091361595,0.0010674889452495105,0.005372293139487351,0.027958164168318745,0.15472200758180107,1.0000000000000555]}