{"taus":[0.1,0.2,0.30000000000000004,0.4,0.5,0.6000000000000001,0.7000000000000001,0.8,0.9,1.0,1.1,1.2000000000000002,1.3,1.4000000000000001,1.5,1.6,1.7000000000000002,1.8,1.9000000000000001,2.0,2.1,2.2,2.3000000000000003,2.4000000000000004,2.5,2.6,2.7,2.8000000000000003,2.9000000000000004,3.0,3.1,3.2,3.3000000000000003,3.4000000000000004,3.5,3.6,3.7,3.8000000000000003,3.9000000000000004,4.0,4.1000000000000005,4.2,4.3,4.4,4.5,4.6000000000000005,4.7,4.800000000000001,4.9,5.0,5.1000000000000005,5.2,5.300000000000001,5.4,5.5,5.6000000000000005,5.7,5.800000000000001,5.9,6.0,6.1000000000000005,6.2,6.300000000000001,6.4,6.5,6.6000000000000005,6.7,6.800000000000001,6.9,7.0,7.1000000000000005,7.2,7.300000000000001,7.4,7.5,7.6000000000000005,7.7,7.800000000000001,7.9,8.0,8.1,8.200000000000001,8.3,8.4,8.5,8.6,8.700000000000001,8.8,8.9,9.0,9.1,9.200000000000001,9.3,9.4,9.5,9.600000000000001,9.700000000000001,9.8,9.9,10.0,10.100000000000001],"bd":[2,4,8,16,8,16,8,16,16,32,32,64,64,128,128,160,160,160,160,160,160,160,160,160,160,160,160,160,160,160,160,160,160,160,160,160,160,160,160,160,160,160,160,160,160,160,160,160,160,160,160,160,160,160,160,160,160,160,160,160,160,160,160,160,160,160,160,160,160,160,160,160,160,160,160,160,160,160,160,160,160,160,160,160,160,160,160,160,160,160,160,160,160,160,160,160,160,160,160,160,160,160,160,160,160,160,160,160,160,160,160,160,160,160,160,160,160,160,160,160,160,160,160,160,160,160,160,160,160,160,160,160,160,160,160,160,160,160,160,160,160,160,160,160,160,160,160,160,160,160,160,160,160,160,160,160,160,160,160,160,160,160,160,160,160,160,160,160,160,160,160,160,160,160,160,160,160,160,160,160,160,160,160,160,160,160,160,160,160,160,160,160,160,160,160,160,160,160,160,160,160,160,160,160,160,160,160,160,160,160,160,160,160,160,160,160,160,160,160,160,160,160,160,160,160,160,160,160,160,160,160,160,160,160,160,160,160,160,160,160,160,160,160,160,160,160,160,160,160,160,160,160,160,160,160,160,160,160,160,160,160,160,160,160,160,160,160,160,160,160,160,160,160,160,160,160,160,160,160,160,160,160,160,160,160,160,160,160,160,160,160,160,160,160,160,160,160,160,160,160,160,160,160,160,160,160,160,160,160,160,160,160,160,160,160,160,160,160,160,160,160,160,160,160,160,160,160,160,160,160,160,160,160,160,160,160,160,160,160,160,160,160,160,160,160,160,160,160,160,160,160,160,160,160,160,160,160,160,160,160,160,160,160,160,160,160,160,160,160,160,160,160,160,160,160,160,160,160,160,160,160,160,160,160,160,160,160,160,160,160,160,160,160,160,160,160,128,128,64,64,32,32,16,16,8,4,2,1],"gtau":[-1.1789455258731998e-15,-6.251409419875753e-16,-1.472518453736882e-15,4.792666667292253e-16,-1.955870780544001e-15,-3.9438279556515135e-15,-5.24160909225742e-15,-1.9787065189921093e-16,6.447140301645954e-16,-2.3351034822403484e-16,7.116924051100869e-16,3.3506347161397434e-16,-3.979524980162871e-15,1.2646650724518396e-15,-3.518116107379886e-15,1.0988550546419192e-15,-3.587922911856867e-16,2.2799528427260246e-15,4.811514954991517e-15,-5.559505436382301e-16,-3.8467101723059257e-16,-1.5429252406560718e-15,-1.6691505221515109e-15,1.3215804795062898e-15,2.7228025396290274e-15,5.5459089854811164e-15,1.3741649450982297e-15,1.5547417304509358e-15,1.4721760790798595e-14,1.62258423898046e-15,8.396698182692716e-15,-5.014190807246269e-15,-1.8930442710710374e-14,3.073427083753077e-15,2.5208906402381825e-15,3.8801644822563965e-15,-6.433973501073598e-15,-1.0533127008419395e-14,7.664428971508539e-15,1.3161870344768406e-14,8.14744499679867e-15,1.69358211754579e-14,2.69893629148496e-14,5.12736815780604e-14,8.870299475053364e-14,1.4788718940773982e-13,2.429515692428713e-13,4.1190892743561695e-13,6.747083282664586e-13,1.1252260567787378e-12,1.8798076950409805e-12,3.1431558170571526e-12,5.252771218717512e-12,8.793354017118952e-12,1.472125656863491e-11,2.4651852612714057e-11,4.128995310309218e-11,6.91908795067507e-11,1.1601046099487352e-10,1.9460504683534278e-10,3.266319407912638e-10,5.485105601186576e-10,9.216310514448352e-10,1.5494818824303133e-9,2.606634040885545e-9,4.387871940013596e-9,7.391340804107131e-9,1.2459632160812475e-8,2.1019490342821205e-8,3.548929138533285e-8,5.997307415069674e-8,1.0144492862903876e-7,1.7177624593575203e-7,2.912352493139417e-7,4.941298203877437e-7,8.38772017573169e-7,1.4250847071340248e-6,2.4241889940096127e-6,4.1298370945872945e-6,7.0484738574520495e-6,1.2094929083196272e-5,2.0636505125041638e-5,3.5248723661859405e-5,6.0276009387794236e-5,0.0001032301801272942,0.00017699425569795213,0.00030395959626274493,0.0005229309255779619,0.00090139079142898,0.0015573411916969813,0.0026974684827406497,0.004685974864157139,0.008170467053729964,0.014303125050611492,0.025189310258968707,0.04466384000836971,0.07990629314323976,0.1446654548462954,0.26642821992218285,0.5039577000695413,0.9999999999999611]}