{"taus":[0.2,0.4,0.6000000000000001,0.8,1.0,1.2000000000000002,1.4000000000000001,1.6,1.8,2.0,2.2,2.4000000000000004,2.6,2.8000000000000003,3.0,3.2,3.4000000000000004,3.6,3.8000000000000003,4.0,4.2,4.4,4.6000000000000005,4.800000000000001,5.0,5.2],"bd":[2,4,8,16,8,16,8,16,16,32,32,64,64,120,104,120,116,120,116,120,120,120,120,120,116,120,120,120,120,120,120,120,120,120,120,120,120,120,120,120,120,120,120,120,120,120,120,120,120,120,120,120,120,120,120,120,120,120,120,120,120,120,120,120,120,120,120,120,120,120,120,120,120,120,120,120,120,120,120,120,120,120,120,120,120,120,116,120,120,120,116,120,116,120,120,120,120,120,64,64,32,32,16,16,8,4,2,1],"gtau":[1.5761416990277793e-15,6.403350051320142e-15,-8.05683874848463e-15,5.481632657045472e-15,1.912959799367321e-14,8.023612393925372e-14,3.821297250417117e-13,1.6970830435318501e-12,7.46780163297051e-12,3.2834264971089e-11,1.444092319217086e-10,6.356583311664366e-10,2.798250286668435e-9,1.2309585859449387e-8,5.405510159541761e-8,2.3673910175908444e-7,1.0347645510193893e-6,4.51944021637982e-6,1.9743640675344656e-5,8.630284618716782e-5,0.0003778834567414763,0.0016679189961388186,0.007524984921794016,0.03513523029569951,0.17427193819917,0.999999999999221]}