{"ns":[2.5792898919121095e-6,2.5413738500383966e-6,8.473517414854938e-7,1.2646349360790953e-6,2.5729515874698733e-6,3.910848735452894e-6,3.7069387710010175e-6,1.7043310425885055e-6,1.6964466076933356e-6,4.356638927416398e-6,1.312157139399449e-5,2.4455553648128847e-5,3.665603626725438e-5,4.621800417806748e-5,6.360352758671244e-5,7.812863121345268e-5,9.70083730940556e-5,0.0001533010286787003,0.00020539054103015626,0.00024635245875040813,0.00031863174395195315,0.00040070224398312284,0.000481291490603704,0.0006731985473413736,0.000791280003632072,0.0009614108852175004,0.0010553981127984467,0.000676980199618409,0.002083624658668598,0.0078099249151891755,0.015522907377748701,0.03371616536285614,0.05121713065508914,0.07528396881737465,0.10073264681084257,0.11334108988558085,0.12264146316588714,0.10961707283650486,0.035252130818762537,-0.056897392255133517,-0.17596326737944512,-0.3499556547020682,-0.5146226948707601,-0.7121397605654806,-0.917935374035209,-1.0120335084388739,-0.9902451396278861,-0.9806376399043467,-0.9762262955735301,-0.9961670612537838],"taus":[0.05,0.1,0.15000000000000002,0.2,0.25,0.30000000000000004,0.35000000000000003,0.4,0.45,0.5,0.55,0.6000000000000001,0.65,0.7000000000000001,0.75,0.8,0.8500000000000001,0.9,0.9500000000000001,1.0,1.05],"bd":[1,1,1,1,1,2,2,4,4,8,8,16,16,32,32,64,64,128,128,256,256,300,300,300,300,300,300,300,300,300,300,300,300,300,300,300,300,300,300,300,300,300,300,300,300,300,300,300,300,300,300,300,300,300,300,300,300,300,300,300,300,300,300,300,300,300,300,300,300,300,300,300,300,300,300,300,300,300,300,300,300,300,300,300,300,300,300,300,300,300,300,300,300,300,300,300,300,300,300,300,300,300,300,300,300,300,300,300,300,300,300,300,300,300,300,300,300,300,300,300,300,300,300,300,300,300,300,300,300,300,300,300,300,300,300,300,300,300,300,300,300,300,300,300,300,300,300,300,300,300,300,300,300,300,300,300,300,300,300,300,300,300,300,300,300,300,300,300,300,300,300,300,300,300,300,300,300,300,300,300,300,300,300,300,300,300,300,300,300,300,300,300,300,300,300,300,300,300,300,300,300,300,300,300,300,300,300,300,300,300,300,300,300,300,300,300,300,300,300,300,300,300,300,300,300,300,300,300,300,300,300,300,300,300,300,300,300,300,300,300,300,300,300,300,300,300,300,300,300,300,300,300,300,300,300,300,300,300,300,300,300,300,300,300,300,300,300,300,300,300,300,300,300,300,300,300,300,300,300,300,300,300,300,300,300,300,300,300,300,300,300,300,300,300,300,300,300,300,300,300,300,300,300,300,300,300,300,300,300,300,300,300,300,300,300,300,300,300,300,300,300,300,300,300,300,300,300,300,300,300,300,300,300,300,300,300,300,300,300,300,300,300,300,300,300,300,300,300,300,300,300,300,300,300,300,300,300,300,300,300,300,300,300,300,300,300,300,300,300,300,300,300,300,300,300,300,300,300,300,300,300,300,300,300,300,300,300,300,300,300,300,300,300,300,300,300,300,300,300,300,300,300,300,300,300,300,300,300,300,300,300,300,300,300,300,300,300,300,300,300,300,300,300,300,300,300,300,300,300,300,300,300,300,300,300,300,300,300,300,300,300,300,300,300,300,300,300,300,300,300,300,300,300,300,300,300,300,300,300,300,300,300,300,300,300,300,300,300,300,300,300,300,300,300,300,300,300,300,300,256,128,128,128,64,32,32,32,16,8,8,8,4,2,2,2,1],"lt":[{"re":-7.1469924615638e-7,"im":-2.5792898919121095e-6},{"re":1.197683651968283e-6,"im":-1.8025303298422653e-6},{"re":1.2429431124089106e-6,"im":8.50199133396912e-7},{"re":-2.9124201447557927e-8,"im":1.7861193682799422e-6},{"re":-9.741587241021224e-7,"im":1.2836528376069038e-6},{"re":-1.245590930150735e-6,"im":4.4420189808815826e-7},{"re":-1.0024850015787753e-6,"im":-1.9084879600866048e-7},{"re":-5.625481400659375e-7,"im":-4.930056248265834e-7},{"re":-1.4625561461584077e-7,"im":-5.02863810558951e-7},{"re":1.1772878115288241e-7,"im":-2.9969685856814613e-7},{"re":1.2856235405460302e-7,"im":-5.7834689685410887e-8},{"re":1.0656212615574753e-8,"im":5.479450551032831e-8},{"re":-1.0904956800438575e-7,"im":4.429898907543885e-8},{"re":-1.6506945215851637e-7,"im":-4.434046992377632e-8},{"re":-1.369637449698068e-7,"im":-1.430995478754195e-7},{"re":-5.381141121951804e-8,"im":-1.8691267786703912e-7},{"re":2.5909732517377064e-8,"im":-1.6760582698624094e-7},{"re":6.676243699942482e-8,"im":-1.1396290132878732e-7},{"re":7.664756502491644e-8,"im":-5.914785985435325e-8},{"re":5.796436040545271e-8,"im":-2.1279601664155514e-8},{"re":3.127525269463544e-8,"im":-1.241706069242814e-8},{"re":1.7219651753932025e-8,"im":-2.5377521245789165e-8},{"re":2.361486651722143e-8,"im":-4.2016285206085404e-8},{"re":4.547096261844407e-8,"im":-4.5271972281902254e-8},{"re":6.66936886980865e-8,"im":-2.8027254065469124e-8},{"re":7.456774167553905e-8,"im":8.782015895593138e-10},{"re":6.334717505291736e-8,"im":3.009728689002491e-8},{"re":3.917600909898373e-8,"im":4.777049711491979e-8},{"re":1.253325221200785e-8,"im":4.86955598250661e-8},{"re":-7.0897936015630435e-9,"im":3.830096731899419e-8},{"re":-1.6702525255025108e-8,"im":2.356269065460859e-8},{"re":-1.4542797664606596e-8,"im":1.1628334113651432e-8},{"re":-8.634827396279365e-9,"im":7.3668925436900905e-9},{"re":-6.545308629124168e-9,"im":9.986409037318499e-9},{"re":-1.121475732856201e-8,"im":1.2738830926574223e-8},{"re":-1.9360032734341778e-8,"im":9.510994517253459e-9},{"re":-2.4605742999680595e-8,"im":-3.504213262202883e-11},{"re":-2.3530546903429465e-8,"im":-1.1637491923316385e-8},{"re":-1.5948162485355074e-8,"im":-2.2332960946139577e-8},{"re":-3.6895821322572776e-9,"im":-2.765875260635308e-8},{"re":9.185152492350617e-9,"im":-2.6378881366599452e-8},{"re":1.9869150230298493e-8,"im":-1.859771217146031e-8},{"re":2.4908654660586772e-8,"im":-6.176440478428801e-9},{"re":2.151744684224976e-8,"im":6.469806994546091e-9},{"re":1.161431096898987e-8,"im":1.4648310210636356e-8},{"re":-9.482591735236356e-10,"im":1.5679162635512366e-8},{"re":-1.0035908031692671e-8,"im":1.0223443424210292e-8},{"re":-1.2747844690839686e-8,"im":1.0569011721030198e-9},{"re":-8.740019939436672e-9,"im":-6.9648972822743675e-9},{"re":-1.04415983731818e-9,"im":-9.667395736156778e-9},{"re":5.745589718906084e-9,"im":-6.279789506193727e-9}],"gtau":[{"re":-5.171202596986838e-10,"im":1.8419258620448337e-9},{"re":-8.874963219166148e-10,"im":2.2360961091674746e-9},{"re":-1.404092550329946e-9,"im":2.7685747391385254e-9},{"re":-2.148711690908621e-9,"im":3.47467615999299e-9},{"re":-3.2415135708255865e-9,"im":4.404355218537127e-9},{"re":-4.860652971090602e-9,"im":5.621819698591017e-9},{"re":-7.2657921443896056e-9,"im":7.210692088332121e-9},{"re":-1.0850650918600751e-8,"im":9.280696690002295e-9},{"re":-1.620897896446826e-8,"im":1.1979615924241944e-8},{"re":-2.4240128630654846e-8,"im":1.5515453917293284e-8},{"re":-3.63179362232325e-8,"im":2.0165977182863855e-8},{"re":-5.455647813360207e-8,"im":2.632933991977551e-8},{"re":-8.223338750443588e-8,"im":3.460848138758668e-8},{"re":-1.244359222870198e-7,"im":4.592765476164151e-8},{"re":-1.8913552823524955e-7,"im":6.182206415470931e-8},{"re":-2.8887644481308937e-7,"im":8.495902240657493e-8},{"re":-4.434631621302222e-7,"im":1.201213235654164e-7},{"re":-6.842232011270145e-7,"im":1.7615799870172834e-7},{"re":-1.060658465821214e-6,"im":2.6957361837324967e-7},{"re":-1.6508788442408107e-6,"im":4.3102036661803527e-7},{"re":1.0000000005171203,"im":-1.8419258620448337e-9}],"ts":[0.1,0.2,0.30000000000000004,0.4,0.5,0.6000000000000001,0.7000000000000001,0.8,0.9,1.0,1.1,1.2000000000000002,1.3,1.4000000000000001,1.5,1.6,1.7000000000000002,1.8,1.9000000000000001,2.0,2.1,2.2,2.3000000000000003,2.4000000000000004,2.5,2.6,2.7,2.8000000000000003,2.9000000000000004,3.0,3.1,3.2,3.3000000000000003,3.4000000000000004,3.5,3.6,3.7,3.8000000000000003,3.9000000000000004,4.0,4.1000000000000005,4.2,4.3,4.4,4.5,4.6000000000000005,4.7,4.800000000000001,4.9,5.0,5.1000000000000005],"gt":[{"re":1.8419233934095314e-9,"im":5.171198455646854e-10},{"re":1.4836660023079053e-9,"im":1.0158428669368282e-9},{"re":8.168612939849316e-10,"im":1.3631459401335728e-9},{"re":1.7673628900883297e-10,