{"ns":[-0.6953946018347411,-0.6591708035390264,-0.6882386074269804,-0.7124714241984236,-0.7470429683788836,-0.7778766981882465,-0.8146383895661513,-0.8432433521422259,-0.8754784907192771,-0.9071539205633813,-0.9385737917738801,-0.9698387644932343,-0.9777212858519557,-0.9853584366773283,-0.9922755941840119,-0.9984452530565117,-1.0038898720302034,-1.0087171715706107,-1.0138350746638016,-1.017889598348287,-1.0425577299149298,-1.0660358590464487,-1.0878657969694858,-1.1091210777934037,-1.1273270920485394,-1.1439941794514763,-1.1596592451155043,-1.1738561517904695,-1.1850741329250876,-1.1956462662087979,-1.2058063408015918,-1.2155749322112848,-1.2247896739093198,-1.2342504091418918,-1.2449180142214307,-1.251188454882514,-1.2605924541148867,-1.2670025185299074,-1.272690358165209,-1.2776391174857975,-1.2819777282813105,-1.2856223034652516,-1.285783611342217,-1.2855203431002031,-1.2847368881302663,-1.2833936536742878,-1.2813782689831141,-1.2767258626783222,-1.2723897011229302,-1.2671454013501116,-1.2621775290091577,-1.2559463066563135,-1.250204949217658,-1.2433667864130822,-1.2385153112771599,-1.2307568867140508,-1.22321782129124,-1.214789694509608,-1.2059894547254681,-1.1974328887741432,-1.1886176050299517,-1.179526987351299,-1.170218626856363,-1.160710703158476,-1.1504785939966182,-1.1434715077543376,-1.1362233599693354,-1.1288268773326238,-1.1213299915584665,-1.1150320109390124,-1.1075791664680605,-1.1033577570134743,-1.0984598866057274,-1.0930098917401196,-1.087419673686543,-1.0816786199422825,-1.075709731166129,-1.0705327958289084,-1.0655084306752296,-1.0616704135374129,-1.054910404597484,-1.0470883212337003,-1.0398677870396287,-1.0303645665305694,-1.0218549712782743,-1.0130400426774226,-1.0045748067942246,-0.9959947343330722,-0.9925230782453064,-1.0062039746923583,-1.0120346116336445,-1.006472525058741,-0.9891963067684058,-0.9877068316758514,-0.9932803986310763,-0.9856975640656365,-0.9925924840054634,-0.9941417900702306,-1.0000655543921217,-1.0002541248227628],"taus":[0.05,0.1,0.15000000000000002,0.2,0.25,0.30000000000000004,0.35000000000000003,0.4,0.45,0.5,0.55,0.6000000000000001,0.65,0.7000000000000001,0.75,0.8,0.8500000000000001,0.9,0.9500000000000001,1.0,1.05],"bd":[2,4,8,16,8,16,8,16,16,32,32,60,58,60,56,60,58,60,58,60,60,60,56,60,58,60,56,60,58,60,58,60,60,60,58,60,60,60,58,60,60,60,58,60,60,60,58,60,60,60,58,60,60,60,58,60,60,60,58,60,60,60,58,60,60,60,58,60,60,60,58,60,60,60,56,60,60,60,58,60,60,60,56,60,54,60,54,60,40,60,60,40,20,40,60,30,30,58,60,56,43,60,60,56,54,60,60,56,43,60,60,58,53,60,60,57,44,60,60,56,55,60,60,56,42,60,60,56,54,60,60,56,42,60,60,56,55,60,60,56,43,60,60,58,56,60,60,56,44,60,60,58,58,60,60,57,43,60,60,58,56,60,60,57,44,60,60,56,52,60,60,56,43,60,60,58,55,60,60,57,44,60,60,56,52,60,60,57,44,60,60,57,54,60,60,57,44,60,60,57,55,60,60,57,44,60,60,57,55,60,60,57,44,60,60,56,53,60,60,56,44,60,60,56,51,60,60,56,44,60,60,56,55,60,60,56,41,60,60,56,54,60,60,57,44,60,60,56,53,60,60,57,44,60,60,56,54,60,60,57,44,60,60,56,54,60,60,58,44,60,60,56,54,60,60,57,44,60,60,57,55,60,60,58,44,60,60,57,54,60,60,58,44,60,60,57,55,60,60,58,44,60,60,57,52,60,60,58,43,60,60,57,52,60,60,58,43,60,60,57,52,60,60,58,43,60,60,57,52,60,60,58,43,60,60,57,52,60,60,58,43,60,60,57,52,60,60,58,42,60,60,58,56,60,60,58,42,60,60,57,53,60,60,59,44,60,60,56,52,60,60,60,44,60,60,56,52,60,60,60,44,60,60,56,52,60,60,60,44,60,60,56,52,60,60,60,44,60,60,56,52,60,60,60,44,60,60,57,53,60,60,59,44,60,60,57,52,60,60,58,44,60,60,57,52,60,60,58,41,60,60,57,52,60,60,58,41,60,60,57,52,60,60,58,41,60,60,57,52,60,60,58,41,60,60,57,52,60,60,58,44,60,60,56,51,60,60,58,41,60,60,56,51,60,60,59,44,60,60,56,51,60,60,58,41,60,60,56,51,60,60,59,43,60,60,56,51,60,60,58,41,60,60,56,51,60,60,59,43,60,60,56,51,60,60,58,40,60,60,56,51,60,60,59,43,60,60,56,51,60,60,58,40,60,60,56,51,60,60,58,40,60,60,56,52,60,60,59,40,60,60,56,52,60,60,59,40,60,60,56,52,60,60,59,40,60,60,56,52,60,60,59,40,60,60,56,52,60,60,59,40,60,60,56,52,60,60,59,40,60,60,57,53,60,60,58,40,60,60,57,53,60,60,58,40,60,60,57,53,60,60,58,44,60,60,57,53,60,60,58,44,60,60,57,53,60,60,58,44,60,60,57,53,60,60,58,44,60,60,57,53,60,60,58,44,60,60,57,55,60,60,58,44,60,60,57,55,60,60,58,44,60,60,57,56,60,60,58,44,60,60,57,55,60,60,58,44,60,60,57,55,60,60,58,44,60,60,57,55,60,60,58,44,60,60,57,55,60,60,58,44,60,60,57,55,60,60,58,44,60,60,56,54,60,60,58,46,60,60,56,54,60,60,57,43,60,60,56,53,60,60,57,41,60,60,56,53,60,60,57,43,60,60,56,54,60,60,58,43,60,60,56,55,60,60,58,43,60,60,56,54,60,60,58,43,60,60,56,55,60,60,58,44,60,60,56,53,60,60,57,46,60,60,57,57,60,60,56,46,60,60,56,55,60,60,56,50,60,60,56,55,60,60,56,48,60,60,58,58,60,60,56,49,60,60,56,56,60,60,56,48,60,60,58,58,60,60,57,48,60,60,56,55,60,60,56,47,60,60,57,54,60,60,56,49,60,60,56,54,60,60,56,47,60,60,58,58,60,60,57,48,60,60,56,56,60,60,56,48,60,60,58,54,60,60,58,45,60,60,60,55,60,60,56,32,32,32,16,8,16,8,4,2,4,2,1],"lt":[{"re":0.23050154270994203,"im":0.6953946018347411},{"re":0.5411166673728892,"im":0.7026224697159393},{"re":0.4902248285053187,"im":0.7309664420094194},{"re":0.4402259023692023,"im":0.7452499492538237},{"re":0.3904158796908782,"im":0.7633741876093884},{"re":0.33995661054649917,"im":0.7729399432716522},{"re":0.2899662855332246,"im":0.7822580234186042},{"re":0.2366523301661249,"im":0.7748618891756275},{"re":0.18486415192564454,"im":0.7661769331303536},{"re":0.13554663337122966,"im":0.7529467138382234},{"re":0.08942089025629947,"im":0.736206582698342},{"re":0.047070260232522476,"im":0.7166398679505982},{"re":0.007979832883822056,"im":0.6928467218107314},{"re":-0.026380092006103823,"im":0.6662862202984355},{"re":-0.056727787436216676,"im":0.6370561187335383},{"re":-0.0829977240673572,"im":0.6057761996689235},{"re":-0.10495093718183932,"im":0.5728908775127294},{"re":-0.12270534856666153,"im":0.5389389195908418},{"re":-0.13710400507799939,"im":0.5048665811316267},{"re":-0.14678347138234976,"im":0.4707279109438189},{"re":-0.15344173657874036,"im":0.4365134508138846},{"re":-0.15667509041396124,"im":0.4026379649297467},{"re":-0.1557695526947228,"im":0.3689419516127226},{"re":-0.1514934628272257,"im":0.3365420748881929},{"re":-0.14284944979890307,"im":0.3038996310913672},{"re":-0.13092975269192395,"im":0.27241822803182314},{"re":-0.11640472156424343,"im":0.24207639270248532},{"re":-0.0986987400402021,"im":0.21356804887280847},{"re":-0.07743167499268522,"im":0.1873421681705343},{"re":-0.05421988294575046,"im":0.16314347641775429},{"re":-0.02948854241035127,"im":0.14088646178165135},{"re":-0.0034543806871251887,"im":0.1209081889823207},{"re":0.023894928125487908,"im":0.10293198801816787},{"re":0.052364637665463204,"im":0.08735546147692705},{"re":0.07979947660476415,"im":0.0744076462958189},{"re":0.11025166869956034,"im":0.06142097370626662},{"re":0.14368054375675182,"im":0.05249599299387111},{"re":0.17515378391824485,"im":0.044618160094172125},{"re":0.2071853735091592,"im":0.03850562176625046},{"re":0.23971281101090589,"im":0.03408409112533286},{"re":0.27253709106398033,"im":0.03153724476114934},{"re":0.30564389325074687,"im":0.03092881054408411},{"re":0.3387701624624387,"im":0.034215279199138235},{"re":0.37159419740853894,"im":0.03943233623608733},{"re":0.4038398070198214,"im":0.04652865394349004},{"re":0.4354398451080256,"im":0.05545050855858683},{"re":0.46690775242542604,"im":0.06629889099057988},{"re":0.49649533615054753,"im":0.07877868281410132},{"re":0.5259198455526247,"im":0.09243054552453459},{"re":0.5532759030409281,"im":0.10785033833476095},{"re":0.5804875356899926,"im":0.12476271856990573},{"re":0.6054595634803281,"im":0.14308554159951428},{"re":0.6299550433145884,"im":0.16293999481829508},{"re":0.6520002759490197,"im":0.1840693411791607},{"re":0.6730600602221978,"im":0.20692931086086197},{"re":0.6914392378100963,"im":0.23073412706001828},{"re":0.7088900874897547,"im":0.2558453819184076},{"re":0.7236493689434894,"im":0.2817671006353045},{"re":0.7364612372821318,"im":0.3087211429959526},{"re":0.7475029619761115,