{"taus":[0.2,0.4,0.6000000000000001,0.8,1.0,1.2000000000000002,1.4000000000000001,1.6,1.8,2.0,2.2,2.4000000000000004,2.6,2.8000000000000003,3.0,3.2,3.4000000000000004,3.6,3.8000000000000003,4.0,4.2,4.4,4.6000000000000005,4.800000000000001,5.0,5.2,5.4,5.6000000000000005,5.800000000000001,6.0,6.2,6.4,6.6000000000000005,6.800000000000001,7.0,7.2,7.4,7.6000000000000005,7.800000000000001,8.0,8.200000000000001,8.4,8.6,8.8,9.0,9.200000000000001,9.4,9.600000000000001,9.8,10.0,10.200000000000001],"bd":[2,4,8,16,8,16,8,16,16,32,32,60,56,60,60,60,60,60,52,60,56,60,52,60,60,60,56,60,60,60,56,60,60,60,56,60,60,60,56,60,60,60,56,60,60,60,56,60,56,60,56,60,56,60,56,60,60,60,56,60,60,60,56,60,60,60,56,60,60,60,56,60,60,60,56,60,60,60,56,60,60,60,56,60,60,60,56,60,56,60,56,60,60,60,56,60,60,60,56,60,60,60,56,60,60,60,56,60,60,60,56,60,60,60,56,60,60,60,56,60,60,60,56,60,60,60,56,60,60,60,56,60,60,60,56,60,60,60,56,60,60,60,56,60,60,60,56,60,60,60,56,60,60,60,56,60,60,60,56,60,60,60,56,60,60,60,56,60,60,60,56,60,60,60,56,60,60,60,56,60,60,60,56,60,60,60,56,60,60,60,56,60,60,60,56,60,60,60,60,60,32,32,16,16,8,4,2,1],"gtau":[0.9999402750229341,1.0043919904987542,0.8501287047726105,0.6859175740439669,0.5424868562607122,0.4206014914832876,0.32581062605786376,0.25983550172157205,0.20653400348225143,0.16787577067909837,0.1345399695643885,0.10946503567415158,0.08752232347336303,0.06958648822384751,0.05588738720767456,0.044492054615580964,0.03573044796662625,0.02847146016099913,0.022711090072259323,0.01813855793689763,0.014438818855823318,0.011513627800673373,0.009061294325861158,0.00718025145340276,0.005735374953941764,0.0045731194426263605,0.0036605547179647422,0.0029224388432506202,0.0023236583114260613,0.0018574464038221652,0.0015072149148248188,0.0012296682442307974,0.0010071157844423776,0.0008256885137183842,0.0006742883304209887,0.0005584868888929763,0.0004668164053631182,0.0003897113314022731,0.0003233346817998729,0.00027017439618967377,0.00022335803776182248,0.0001836048377593245,0.0001509075889757714,0.00012382408285912424,9.981270799608953e-5,7.948947664872952e-5,6.353481702402023e-5,5.2154109224141696e-5,4.5353743453632313e-5,4.4430002311636146e-5,5.972497706849232e-5]}