{"taus":[0.025,0.05,0.07500000000000001,0.1,0.125,0.15000000000000002,0.17500000000000002,0.2,0.225,0.25,0.275,0.30000000000000004,0.325,0.35000000000000003,0.375,0.4,0.42500000000000004,0.45,0.47500000000000003,0.5,0.525,0.55,0.5750000000000001,0.6000000000000001,0.625,0.65,0.675,0.7000000000000001,0.7250000000000001,0.75,0.775,0.8,0.8250000000000001,0.8500000000000001,0.875,0.9,0.925,0.9500000000000001,0.9750000000000001,1.0,1.0250000000000001,1.05,1.075,1.1,1.125,1.1500000000000001,1.175,1.2000000000000002,1.225,1.25,1.2750000000000001,1.3,1.3250000000000002,1.35,1.375,1.4000000000000001,1.425,1.4500000000000002,1.475,1.5,1.5250000000000001,1.55,1.5750000000000002,1.6,1.625,1.6500000000000001,1.675,1.7000000000000002,1.725,1.75,1.7750000000000001,1.8,1.8250000000000002,1.85,1.875,1.9000000000000001,1.925,1.9500000000000002,1.975,2.0,2.025,2.0500000000000003,2.075,2.1,2.125,2.15,2.1750000000000003,2.2,2.225,2.25,2.275,2.3000000000000003,2.325,2.35,2.375,2.4000000000000004,2.4250000000000003,2.45,2.475,2.5,2.5250000000000004,2.5500000000000003,2.575,2.6,2.625,2.6500000000000004,2.6750000000000003,2.7,2.725,2.75,2.7750000000000004,2.8000000000000003,2.825,2.85,2.875,2.9000000000000004,2.9250000000000003,2.95,2.975,3.0,3.0250000000000004,3.0500000000000003,3.075,3.1,3.125,3.1500000000000004,3.1750000000000003,3.2,3.225,3.25,3.2750000000000004,3.3000000000000003,3.325,3.35,3.375,3.4000000000000004,3.4250000000000003,3.45,3.475,3.5,3.5250000000000004,3.5500000000000003,3.575,3.6,3.625,3.6500000000000004,3.6750000000000003,3.7,3.725,3.75,3.7750000000000004,3.8000000000000003,3.825,3.85,3.875,3.9000000000000004,3.9250000000000003,3.95,3.975,4.0,4.025,4.05,4.075,4.1000000000000005,4.125,4.15,4.175,4.2,4.2250000000000005,4.25,4.275,4.3,4.325,4.3500000000000005,4.375,4.4,4.425,4.45,4.4750000000000005,4.5,4.525,4.55,4.575,4.6000000000000005,4.625,4.65,4.675,4.7,4.7250000000000005,4.75,4.775,4.800000000000001,4.825,4.8500000000000005,4.875,4.9,4.925000000000001,4.95,4.9750000000000005,5.0,5.025],"bd":[2,4,8,16,8,16,8,16,16,32,32,64,64,128,128,140,140,140,136,140,140,140,136,140,140,140,136,140,140,140,136,140,140,140,136,140,140,140,136,140,140,140,136,140,140,140,136,140,140,140,140,140,140,140,132,140,140,140,140,140,140,140,136,140,140,140,140,140,140,140,140,140,140,140,140,140,140,140,140,140,140,140,140,140,136,140,140,140,140,140,140,140,140,140,140,140,140,140,140,140,136,140,140,140,140,140,140,140,140,140,140,140,140,140,140,140,140,140,140,140,140,140,140,140,140,140,140,140,140,140,140,140,140,140,140,140,140,140,140,140,140,140,140,140,140,140,140,140,140,140,140,140,140,140,140,140,140,140,140,140,140,140,140,140,140,140,140,140,140,140,140,140,140,140,140,140,140,140,140,140,140,140,140,140,140,140,140,140,140,140,140,140,140,140,140,140,140,140,136,140,140,140,140,140,140,140,140,140,140,140,140,140,140,140,136,140,140,140,140,140,140,140,140,140,140,140,136,140,140,140,136,140,140,140,136,140,140,140,136,140,140,140,136,140,140,140,136,140,140,140,136,140,140,140,136,140,140,140,136,140,140,140,136,140,140,140,136,140,140,140,136,140,140,140,136,140,140,140,136,140,140,140,136,140,140,140,136,140,140,140,136,140,140,140,136,140,140,140,136,140,140,140,136,140,140,140,136,140,140,140,136,140,140,140,136,140,140,140,136,140,140,140,136,140,140,140,136,140,140,140,136,140,140,140,136,140,140,140,136,140,140,140,136,140,140,140,136,140,140,140,136,140,140,140,136,140,140,140,136,140,140,140,136,140,140,140,136,140,140,140,136,140,140,140,136,140,140,140,136,140,140,140,136,140,140,140,136,140,140,140,136,140,140,140,136,140,140,140,136,140,140,140,136,140,140,140,136,140,140,140,136,140,140,140,136,140,140,140,136,140,140,140,136,140,140,140,136,140,140,140,136,140,140,140,136,140,140,140,136,140,140,140,136,140,140,140,136,140,140,140,136,140,140,140,136,140,140,140,136,140,140,140,136,140,140,140,136,140,140,140,136,140,140,140,132,140,140,140,132,140,140,140,132,140,140,140,132,140,140,140,132,140,140,140,132,140,140,140,132,140,140,140,132,140,140,140,132,140,140,140,132,140,140,140,132,140,140,140,132,140,140,140,132,140,140,140,132,140,140,140,132,140,140,140,132,140,140,140,132,140,140,140,132,140,140,140,132,140,140,140,132,140,140,140,132,140,140,140,132,140,140,140,132,140,140,140,136,140,140,140,136,140,140,140,136,140,140,140,136,140,140,140,136,140,140,140,136,140,140,140,136,140,140,140,136,140,140,140,136,140,140,140,136,140,140,140,140,140,140,140,140,140,140,140,140,140,140,140,140,140,140,140,140,140,140,140,140,140,140,140,140,140,140,140,140,140,140,140,140,140,140,140,140,140,140,140,140,140,140,140,140,140,140,140,140,140,140,140,140,140,140,140,140,140,140,140,140,140,140,140,140,140,140,140,140,140,140,140,140,140,140,140,136,140,140,140,140,140,140,140,140,140,140,140,140,140,140,140,140,140,140,140,140,140,140,140,136,140,140,140,140,140,140,140,140,140,140,140,136,140,140,140,140,140,140,140,136,140,140,140,140,140,140,140,140,140,140,140,136,140,140,140,136,140,140,140,140,140,140,140,140,140,140,140,140,140,140,140,136,140,140,140,140,140,140,140,136,140,140,140,140,140,140,140,140,140,140,140,140,140,140,140,140,140,140,140,140,140,140,140,136,140,140,140,132,140,128,128,64,64,32,32,16,16,8,4,2,1],