{"taus":[0.2,0.4,0.6000000000000001,0.8,1.0,1.2000000000000002,1.4000000000000001,1.6,1.8,2.0,2.2,2.4000000000000004,2.6,2.8000000000000003,3.0,3.2,3.4000000000000004,3.6,3.8000000000000003,4.0,4.2,4.4,4.6000000000000005,4.800000000000001,5.0,5.2,5.4,5.6000000000000005,5.800000000000001,6.0,6.2,6.4,6.6000000000000005,6.800000000000001,7.0,7.2,7.4,7.6000000000000005,7.800000000000001,8.0,8.200000000000001,8.4,8.6,8.8,9.0,9.200000000000001,9.4,9.600000000000001,9.8,10.0,10.200000000000001],"bd":[2,4,8,16,8,16,8,16,16,32,32,40,36,40,36,40,40,40,40,40,40,40,40,40,40,40,40,40,40,40,40,40,40,40,40,40,40,40,40,40,40,40,40,40,40,40,40,40,40,40,40,40,40,40,40,40,40,40,40,40,40,40,40,40,40,40,40,40,40,40,40,40,40,40,40,40,40,40,40,40,40,40,40,40,40,40,40,40,40,40,40,40,40,40,40,40,40,40,40,40,40,40,40,40,40,40,40,40,40,40,40,40,40,40,40,40,40,40,40,40,40,40,40,40,40,40,40,40,40,40,40,40,40,40,40,40,40,40,40,40,40,40,40,40,40,40,40,40,40,40,40,40,40,40,40,40,40,40,40,40,40,40,40,40,40,40,40,40,40,40,40,40,40,40,40,40,40,40,40,40,40,40,40,40,40,40,40,40,40,40,40,40,40,40,40,40,36,40,36,40,32,32,16,16,8,4,2,1],"gtau":[-6.793553074544926e-15,-1.720304090191715e-14,-9.223113844505145e-16,8.074245617852973e-15,-1.1466042389684417e-15,-2.6543397778905405e-14,-1.4354840077021867e-14,-1.005526828209737e-14,-1.3023569918474995e-14,-1.129532463150888e-14,8.44027561810639e-15,-1.2536447330513524e-15,-1.3628144963813788e-15,1.2932003796147638e-14,-9.051012468280295e-15,1.3398559472200424e-14,1.9308362400619488e-15,1.1671681343157882e-14,2.629370857445303e-15,2.6776519074117855e-14,-2.006699647933509e-15,-1.838081088876058e-15,5.19922947044844e-15,9.711821884012384e-15,6.939561793066398e-15,1.0667412850062084e-13,2.9229181127856533e-13,9.98188153344114e-13,3.2314362070408604e-12,1.0586598672207307e-11,3.465582791944641e-11,1.1368554448566507e-10,3.729174549412325e-10,1.2237794958663708e-9,4.016943785142989e-9,1.3189205822006008e-8,4.331706645582224e-8,1.4234718393738913e-7,4.6821164485474446e-7,1.5417100645890086e-6,5.082015641339729e-6,1.677520501667596e-5,5.53947424513526e-5,0.00018266172702098994,0.0005991711812168231,0.0019533932077202814,0.00636480916062273,0.02085387162520236,0.0692233362167012,0.24429016861460046,0.9999999999999772]}