{"taus":[0.1,0.2,0.30000000000000004,0.4,0.5,0.6000000000000001,0.7000000000000001,0.8,0.9,1.0,1.1,1.2000000000000002,1.3,1.4000000000000001,1.5,1.6,1.7000000000000002,1.8,1.9000000000000001,2.0,2.1,2.2,2.3000000000000003,2.4000000000000004,2.5,2.6,2.7,2.8000000000000003,2.9000000000000004,3.0,3.1,3.2,3.3000000000000003,3.4000000000000004,3.5,3.6,3.7,3.8000000000000003,3.9000000000000004,4.0,4.1000000000000005,4.2,4.3,4.4,4.5,4.6000000000000005,4.7,4.800000000000001,4.9,5.0,5.1000000000000005],"bd":[2,4,8,16,8,16,8,16,16,32,32,64,64,80,76,80,80,80,80,80,80,80,80,80,80,80,80,80,76,80,80,80,80,80,80,80,80,80,80,80,80,80,80,80,80,80,80,80,80,80,80,80,80,80,80,80,80,80,80,80,80,80,80,80,80,80,80,80,80,80,80,80,80,80,80,80,80,80,80,80,80,80,80,80,80,80,80,80,80,80,80,80,80,80,80,80,80,80,80,80,80,80,80,80,80,80,80,80,80,80,80,80,80,80,80,80,80,80,80,80,80,80,80,80,80,80,80,80,80,80,80,80,80,80,80,80,80,80,80,80,80,80,80,80,80,80,80,80,80,80,80,80,80,80,80,80,80,80,80,80,80,80,80,80,80,80,80,80,80,80,80,80,80,80,80,80,80,80,80,80,80,80,80,80,76,80,76,80,76,80,76,80,80,80,76,80,80,80,64,64,32,32,16,16,8,4,2,1],"gtau":[2.112806996709061e-14,1.8710114401382256e-14,5.216141688382492e-15,2.6109758774813876e-15,-6.42301189799724e-15,3.899364775374569e-16,1.9865442040545963e-14,2.7783410299113166e-14,4.628859346356714e-14,5.818087826542276e-14,8.085669189060048e-14,1.2752740248586475e-13,2.576028386196706e-13,5.387738196614767e-13,1.1176057170542954e-12,2.399681757162036e-12,5.06164265832066e-12,1.0763907191699435e-11,2.283559092768324e-11,4.836016630106445e-11,1.0231342136764045e-10,2.1637538730578253e-10,4.5775772503504896e-10,9.68515725398718e-10,2.0495979643585264e-9,4.3403910235699136e-9,9.192835444873521e-9,1.947322592794678e-8,4.1259173182225697e-8,8.743735164317366e-8,1.853304757017567e-7,3.9289159546206355e-7,8.330766079283587e-7,1.7668452875327634e-6,3.748411894719201e-6,7.955049197143374e-6,1.688980607938547e-5,3.588337121680762e-5,7.630036559470456e-5,0.00016239086789938346,0.00034598022745299423,0.0007379698381106937,0.0015761097322320543,0.003371711769293002,0.007243769728557573,0.015686404703415407,0.03432493615637261,0.07622042890754697,0.17270668470312192,0.4038554218553228,1.0000000000000222]}