{"taus":[0.1,0.2,0.30000000000000004,0.4,0.5,0.6000000000000001,0.7000000000000001,0.8,0.9,1.0,1.1,1.2000000000000002,1.3,1.4000000000000001,1.5,1.6,1.7000000000000002,1.8,1.9000000000000001,2.0,2.1,2.2,2.3000000000000003,2.4000000000000004,2.5,2.6,2.7,2.8000000000000003,2.9000000000000004,3.0,3.1,3.2,3.3000000000000003,3.4000000000000004,3.5,3.6,3.7,3.8000000000000003,3.9000000000000004,4.0,4.1000000000000005,4.2,4.3,4.4,4.5,4.6000000000000005,4.7,4.800000000000001,4.9,5.0,5.1000000000000005,5.2,5.300000000000001,5.4,5.5,5.6000000000000005,5.7,5.800000000000001,5.9,6.0,6.1000000000000005,6.2,6.300000000000001,6.4,6.5,6.6000000000000005,6.7,6.800000000000001,6.9,7.0,7.1000000000000005,7.2,7.300000000000001,7.4,7.5,7.6000000000000005,7.7,7.800000000000001,7.9,8.0,8.1,8.200000000000001,8.3,8.4,8.5,8.6,8.700000000000001,8.8,8.9,9.0,9.1,9.200000000000001,9.3,9.4,9.5,9.600000000000001,9.700000000000001,9.8,9.9,10.0,10.100000000000001],"bd":[2,4,8,16,8,16,8,16,16,32,32,64,64,128,128,200,200,200,200,200,200,200,200,200,200,200,200,200,200,200,200,200,200,200,200,200,200,200,200,200,200,200,200,200,200,200,200,200,200,200,200,200,200,200,200,200,200,200,200,200,200,200,200,200,200,200,200,200,200,200,200,200,200,200,200,200,200,200,200,200,200,200,200,200,200,200,200,200,200,200,200,200,200,200,200,200,200,200,200,200,200,200,200,200,200,200,200,200,200,200,200,200,200,200,200,200,200,200,200,200,200,200,200,200,200,200,200,200,200,200,200,200,200,200,200,200,200,200,200,200,200,200,200,200,200,200,200,200,200,200,200,200,200,200,200,200,200,200,200,200,200,200,200,200,200,200,200,200,200,200,200,200,200,200,200,200,200,200,200,200,200,200,200,200,200,200,200,200,200,200,200,200,200,200,200,200,200,200,200,200,200,200,200,200,200,200,200,200,200,200,200,200,200,200,200,200,200,200,200,200,200,200,200,200,200,200,200,200,200,200,200,200,200,200,200,200,200,200,200,200,200,200,200,200,200,200,200,200,200,200,200,200,200,200,200,200,200,200,200,200,200,200,200,200,200,200,200,200,200,200,200,200,200,200,200,200,200,200,200,200,200,200,200,200,200,200,200,200,200,200,200,200,200,200,200,200,200,200,200,200,200,200,200,200,200,200,200,200,200,200,200,200,200,200,200,200,200,200,200,200,200,200,200,200,200,200,200,200,200,200,200,200,200,200,200,200,200,200,200,200,200,200,200,200,200,200,200,200,200,200,200,200,200,200,200,200,200,200,200,200,200,200,200,200,200,200,200,200,200,200,200,200,200,200,200,200,200,200,200,200,200,200,200,200,200,200,200,200,200,200,200,200,200,200,200,200,128,128,64,64,32,32,16,16,8,4,2,1],"gtau":[-1.4694220978336948e-15,-1.419733503501194e-15,-2.2623394736646854e-15,-7.77207155472913e-15,-1.378622387581557e-15,-1.3652271658982483e-15,-3.748567017533609e-15,2.8667529940731363e-16,4.1997786727853124e-17,-8.170165405635314e-16,-8.95409818818157e-16,-1.7057103238431067e-15,-2.8119124807680905e-15,8.010774929780382e-16,-2.2597867816829225e-15,2.1662501391050152e-15,1.975476610539311e-15,-6.432057487927104e-15,-7.35639776980496e-15,-1.1988051079926296e-15,-1.4995719415977465e-15,3.669421039130622e-15,1.5716442881835086e-15,3.1332901056749723e-15,-1.911723781009998e-15,-2.2407733263743173e-15,-1.4582693823341539e-15,3.0650786377255005e-16,1.3539903607618652e-15,3.6752309366932077e-16,-3.568566953543901e-15,8.035528019792102e-15,-2.7159614460957264e-15,-7.569973397584976e-15,3.347877876755767e-16,-1.3687767255593851e-15,-3.828066394671742e-15,-5.42116787391717e-15,-2.211524066530218e-15,2.754817287994754e-16,1.0219682912115641e-16,3.3078756054588382e-15,1.2251117968038738e-15,3.515544204462145e-15,2.258485803287016e-15,-1.261527886540555e-15,2.381544037897795e-15,1.0659917126447085e-15,1.092060402644587e-15,8.002685489980533e-16,1.898113496539767e-15,-3.785449810658395e-15,-1.5768125137586588e-15,2.074518886733246e-15,1.6119739902215379e-15,3.0161261479932423e-15,6.102259737742449e-15,1.4548361183172407e-14,2.3009668062913548e-14,5.3924748958656806e-14,1.0024935912771542e-13,2.040554414420402e-13,4.183333480601013e-13,8.552602196887257e-13,1.756334705238961e-12,3.613392028275774e-12,7.442948825075029e-12,1.533698729720469e-11,3.1645896246140876e-11,6.533951240741575e-11,1.3499046088158368e-10,2.791144942553207e-10,5.77577371800781e-10,1.1961909949751546e-9,2.479502106121974e-9,5.144154277933627e-9,1.0682197573231095e-8,2.2203388477489712e-8,4.61963096408165e-8,9.6215456596914e-8,2.0061313423632006e-7,4.1879742267067776e-7,8.753378643382966e-7,1.8319199810765664e-6,3.837310997545219e-6,8.054235146903927e-6,1.6936431612999818e-5,3.568379261205371e-5,7.534854416235905e-5,0.00015954221045384487,0.0003387842011600816,0.0007198355321177674,0.0015386341662603851,0.003304016061090687,0.007138331940635182,0.015531142291429842,0.03412324003166211,0.07597507845863331,0.17246814141029557,0.40373341738548446,1.000000000001809]}