{"taus":[0.1,0.2,0.30000000000000004,0.4,0.5,0.6000000000000001,0.7000000000000001,0.8,0.9,1.0,1.1,1.2000000000000002,1.3,1.4000000000000001,1.5,1.6,1.7000000000000002,1.8,1.9000000000000001,2.0,2.1,2.2,2.3000000000000003,2.4000000000000004,2.5,2.6,2.7,2.8000000000000003,2.9000000000000004,3.0,3.1,3.2,3.3000000000000003,3.4000000000000004,3.5,3.6,3.7,3.8000000000000003,3.9000000000000004,4.0,4.1000000000000005,4.2,4.3,4.4,4.5,4.6000000000000005,4.7,4.800000000000001,4.9,5.0,5.1000000000000005,5.2,5.300000000000001,5.4,5.5,5.6000000000000005,5.7,5.800000000000001,5.9,6.0,6.1000000000000005,6.2,6.300000000000001,6.4,6.5,6.6000000000000005,6.7,6.800000000000001,6.9,7.0,7.1000000000000005,7.2,7.300000000000001,7.4,7.5,7.6000000000000005,7.7,7.800000000000001,7.9,8.0,8.1,8.200000000000001,8.3,8.4,8.5,8.6,8.700000000000001,8.8,8.9,9.0,9.1,9.200000000000001,9.3,9.4,9.5,9.600000000000001,9.700000000000001,9.8,9.9,10.0,10.100000000000001],"bd":[2,4,8,16,8,16,8,16,16,32,32,64,64,128,128,256,256,400,400,400,400,400,400,400,400,400,400,400,400,400,400,400,400,400,400,400,400,400,400,400,400,400,400,400,400,400,400,400,400,400,400,400,400,400,400,400,400,400,400,400,400,400,400,400,400,400,400,400,400,400,400,400,400,400,400,400,400,400,400,400,400,400,400,400,400,400,400,400,400,400,400,400,400,400,400,400,400,400,400,400,400,400,400,400,400,400,400,400,400,400,400,400,400,400,400,400,400,400,400,400,400,400,400,400,400,400,400,400,400,400,400,400,400,400,400,400,400,400,400,400,400,400,400,400,400,400,400,400,400,400,400,400,400,400,400,400,400,400,400,400,400,400,400,400,400,400,400,400,400,400,400,400,400,400,400,400,400,400,400,400,400,400,400,400,400,400,400,400,400,400,400,400,400,400,400,400,400,400,400,400,400,400,400,400,400,400,400,400,400,400,400,400,400,400,400,400,400,400,400,400,400,400,400,400,400,400,400,400,400,400,400,400,400,400,400,400,400,400,400,400,400,400,400,400,400,400,400,400,400,400,400,400,400,400,400,400,400,400,400,400,400,400,400,400,400,400,400,400,400,400,400,400,400,400,400,400,400,400,400,400,400,400,400,400,400,400,400,400,400,400,400,400,400,400,400,400,400,400,400,400,400,400,400,400,400,400,400,400,400,400,400,400,400,400,400,400,400,400,400,400,400,400,400,400,400,400,400,400,400,400,400,400,400,400,400,400,400,400,400,400,400,400,400,400,400,400,400,400,400,400,400,400,400,400,400,400,400,400,400,400,400,400,400,400,400,400,400,400,400,400,400,400,400,400,400,400,400,400,400,400,400,400,400,400,400,400,400,400,400,400,400,400,400,400,256,256,128,128,64,64,32,32,16,16,8,4,2,1],"gtau":[-1.5378907505104247e-15,-1.4099572989354303e-15,-1.715546986448886e-15,-1.12731152981708e-15,-1.5236624369100513e-15,-3.734919705262088e-15,-6.734088456286786e-15,4.5461186510883094e-15,8.645427902954523e-15,-8.232512485769786e-15,-1.298929452418384e-14,-5.09544446276994e-15,1.9670221955210467e-15,5.069288926102824e-15,3.0351747549198046e-17,3.521378027130143e-15,1.2036394578498329e-15,-1.0979144091058137e-15,2.422736217574345e-15,-9.33398514259892e-16,1.9646820707620832e-15,-2.926542830227357e-15,-2.9699566435371044e-14,7.798538078368533e-15,2.0623788082251113e-14,4.847093978984788e-16,-2.0668063949132845e-15,-2.1660740779934425e-15,-4.139318159508033e-15,-6.350184070776188e-16,1.1877072250372034e-16,3.884455077997386e-15,1.5362629218465655e-15,-9.750948842963617e-16,2.645029426849532e-15,9.48639778983901e-15,-9.426088747250713e-16,-5.760737084866514e-16,1.9438013787383486e-15,1.0571093769166447e-14,9.005183883345381e-15,1.5193348388985958e-14,2.387579278132953e-14,5.084700440749042e-14,8.126387878667047e-14,1.2960451905978687e-13,2.1808069457195965e-13,3.6459463425436695e-13,6.027711374880671e-13,1.0100076261034978e-12,1.7132942683769148e-12,2.8541780879491114e-12,4.779201376978201e-12,8.015770965232773e-12,1.3417804979166574e-11,2.2489318751048562e-11,3.772353128060841e-11,6.329074235095161e-11,1.062479177218463e-10,1.784464575119877e-10,2.998859229024453e-10,5.042462393710324e-10,8.484091036974368e-10,1.428474114413595e-9,2.407150605439637e-9,4.052173337203774e-9,6.830858180629034e-9,1.1521868021754938e-8,1.9447529314525633e-8,3.284584908025056e-8,5.551444456067241e-8,9.388896358008335e-8,1.5887504156409807e-7,2.69009030703287e-7,4.558007507784882e-7,7.728469840174271e-7,1.3114900168053107e-6,2.227610101239269e-6,3.787720683362522e-6,6.447214000633246e-6,1.0984943118903017e-5,1.8733785887115294e-5,3.1957378168354507e-5,5.464504283324858e-5,9.35894139255458e-5,0.0001605463808559308,0.00027588614065242285,0.00047503183964124954,0.0008197614637715039,0.0014182937779025123,0.0024611197780720936,0.0042856582865714865,0.0074934129011708815,0.013167096311561275,0.023281382844632506,0.04148939114583535,0.07470179252302513,0.1364065585051208,0.2542258000887523,0.4894302140044871,1.0000000000003622]}