{"taus":[0.2,0.4,0.6000000000000001,0.8,1.0,1.2000000000000002,1.4000000000000001,1.6,1.8,2.0,2.2,2.4000000000000004,2.6,2.8000000000000003,3.0,3.2,3.4000000000000004,3.6,3.8000000000000003,4.0,4.2,4.4,4.6000000000000005,4.800000000000001,5.0,5.2],"bd":[2,4,8,16,8,16,8,16,16,32,32,64,64,128,128,140,136,140,136,140,136,140,140,140,136,140,140,140,136,140,140,140,140,140,140,140,136,140,136,140,136,140,140,140,140,140,140,140,140,140,140,140,140,140,140,140,140,140,140,140,140,140,140,140,140,140,140,140,140,140,136,140,136,140,136,140,136,140,136,140,140,140,140,140,136,140,140,140,140,140,140,140,140,140,136,140,128,128,64,64,32,32,16,16,8,4,2,1],"gtau":[-2.0810176858056057e-15,7.66245738870877e-16,-9.678828406540693e-15,1.1399495560617115e-14,2.9135433494995505e-14,9.730688250549453e-14,4.841468292222128e-13,2.125133760023513e-12,9.106497822192895e-12,3.928318905741708e-11,1.6937452924756588e-10,7.309795990117411e-10,3.1580537967034258e-9,1.3655068724476176e-8,5.9068151536327156e-8,2.5541995950387105e-7,1.1023269517270307e-6,4.744306957206656e-6,2.0353916481639518e-5,8.754907296203978e-5,0.00037986483886711867,0.0016740677635504822,0.007544957316775785,0.03518906313274717,0.17439579535177843,0.9999999999982311]}