{"gf":[0.9999999999861121,0.4290190624082177,0.21266715095555158,0.11188683613191631,0.06083471608475518,0.03378075863255462,0.019036517729769033,0.010845969893353992,0.006232427206141351,0.003606078147951472,0.0020984127985768392,0.0012270116697754765,0.0007204844865934555,0.0004246194684567045,0.0002510746524708547,0.00014890084190124359,8.854688721132379e-5,5.2788932725027493e-5,3.15452690303219e-5,1.8892494928422943e-5,1.13386503909925e-5,6.818882239955676e-6,4.108808094530069e-6,2.480548617002405e-6,1.5003543907753562e-6,9.091705655693473e-7,5.519495348375573e-7,3.3570574966420826e-7,2.0456550951279997e-7,1.2489218473183073e-7,7.639922537566703e-8,4.6829812926486394e-8,2.8765561927315898e-8,1.7708714096106603e-8,1.0927554003234763e-8,6.760087763891305e-9,4.19337372158312e-9,2.6089521835553372e-9,1.6285322723208317e-9,1.0202954420935305e-9,6.419093444553833e-10,4.058106344310165e-10,2.5801860470287243e-10,1.6518390178754174e-10,1.0665773371946066e-10,6.96273330242058e-11,4.6128291082739887e-11,3.1210475940181786e-11,2.182364704718732e-11,1.6196046826432084e-11,1.3887890837338546e-11],"ts":[0.0,0.2,0.4,0.6000000000000001,0.8,1.0,1.2000000000000002,1.4000000000000001,1.6,1.8,2.0,2.2,2.4000000000000004,2.6,2.8000000000000003,3.0,3.2,3.4000000000000004,3.6,3.8000000000000003,4.0,4.2,4.4,4.6000000000000005,4.800000000000001,5.0,5.2,5.4,5.6000000000000005,5.800000000000001,6.0,6.2,6.4,6.6000000000000005,6.800000000000001,7.0,7.2,7.4,7.6000000000000005,7.800000000000001,8.0,8.200000000000001,8.4,8.6,8.8,9.0,9.200000000000001,9.4,9.600000000000001,9.8,10.0]}