{"ns":[2.6503202118139607e-9,6.593787016704443e-9,9.37714563514244e-9,1.558022801355588e-8,2.5716399862554662e-8,4.052376957473977e-8,5.417141699668086e-8,9.140671107724227e-8,1.3300508030782667e-7,2.2434102865419394e-7,3.1476090191481393e-7,4.452872406793262e-7,6.7965096988347e-7,8.518596867386233e-7,1.0114119371753102e-6,1.1340835318559526e-6,1.5076534298627417e-6,1.9702773953754044e-6,2.481811727979829e-6,3.5439070011020894e-6,5.003628260664709e-6,6.7864563222203276e-6,7.640272120605745e-6,7.748812164442433e-6,4.483671596704108e-6,-6.812979943805734e-6,-1.789476756104812e-5,-4.1915184149701755e-5,-7.559327600781737e-5,-0.00012991571178364684,-0.00021378169494426548,-0.00030851110520691867,-0.0004524863124253887,-0.0006700619960248257,-0.0010135130430631695,-0.0015865409212806956,-0.0027725119210816,-0.005477386010978681,-0.011534411330142618,-0.025850756700332104,-0.05882503609727038,-0.09670133740079231,-0.18375551064279086,-0.2460843693469398,-0.4351478988860231,-0.40974940262016274,-0.43189530877182736,-0.44303619749423767,-0.8224580992155346,-1.0667639200435843],"taus":[0.05,0.1,0.15000000000000002,0.2,0.25,0.30000000000000004,0.35000000000000003,0.4,0.45,0.5,0.55,0.6000000000000001,0.65,0.7000000000000001,0.75,0.8,0.8500000000000001,0.9,0.9500000000000001,1.0,1.05,1.1,1.1500000000000001,1.2000000000000002,1.25,1.3,1.35,1.4000000000000001,1.4500000000000002,1.5,1.55,1.6,1.6500000000000001,1.7000000000000002,1.75,1.8,1.85,1.9000000000000001,1.9500000000000002,2.0,2.0500000000000003,2.1,2.15,2.2,2.25,2.3000000000000003,2.35,2.4000000000000004,2.45,2.5,2.5500000000000003,2.6,2.6500000000000004,2.7,2.75,2.8000000000000003,2.85,2.9000000000000004,2.95,3.0,3.0500000000000003,3.1,3.1500000000000004,3.2,3.25,3.3000000000000003,3.35,3.4000000000000004,3.45,3.5,3.5500000000000003,3.6,3.6500000000000004,3.7,3.75,3.8000000000000003,3.85,3.9000000000000004,3.95,4.0,4.05,4.1000000000000005,4.15,4.2,4.25,4.3,4.3500000000000005,4.4,4.45,4.5,4.55,4.6000000000000005,4.65,4.7,4.75,4.800000000000001,4.8500000000000005,4.9,4.95,5.0,5.050000000000001],"bd":[2,4,8,16,8,16,8,16,16,32,32,40,40,40,36,40,40,40,36,40,40,40,36,40,40,40,36,40,40,40,36,40,40,40,36,40,40,40,36,40,40,40,36,40,40,40,36,40,40,40,36,40,40,40,36,40,40,40,36,40,40,40,36,40,40,40,36,40,40,40,36,40,40,40,36,40,40,40,36,40,40,40,36,40,40,40,36,40,40,40,36,40,40,40,36,40,40,40,36,40,40,40,36,40,40,40,36,40,40,40,36,40,40,40,36,40,40,40,36,40,40,40,36,40,40,40,36,40,40,40,36,40,40,40,36,40,40,40,36,40,40,40,36,40,40,40,36,40,40,40,36,40,40,40,36,40,40,40,36,40,40,40,36,40,40,40,36,40,40,40,36,40,40,40,36,40,40,40,36,40,40,40,36,40,40,40,36,40,40,40,36,40,40,40,36,40,40,40,36,40,40,40,36,40,40,40,36,40,40,40,36,40,40,40,36,40,40,40,36,40,40,40,36,40,40,40,36,40,40,40,36,40,40,40,36,40,40,40,36,40,40,40,36,40,40,40,36,40,40,40,36,40,40,40,36,40,40,40,36,40,40,40,36,40,40,40,36,40,40,40,36,40,40,40,36,40,40,40,36,40,40,40,36,40,40,40,36,40,40,40,36,40,40,40,36,40,40,40,36,40,40,40,36,40,40,40,36,40,40,40,36,40,40,40,36,40,40,40,36,40,40,40,36,40,40,40,36,40,40,40,36,40,40,40,36,40,40,40,36,40,40,40,36,40,40,40,36,40,40,40,36,40,40,40,36,40,40,40,36,40,40,40,36,40,40,40,36,40,40,40,36,40,40,40,36,40,40,40,36,40,40,40,36,40,40,40,36,40,40,40,36,40,40,40,36,40,40,40,36,40,40,40,36,40,30,40,24,40,24,40,40,20,10,20,40,20,20,36,40,37,27,40,40,37,36,40,40,36,30,40,40,38,38,40,40,37,35,40,40,38,37,40,40,37,34,40,40,38,38,40,40,35,32,40,40,38,37,40,40,36,34,40,40,38,37,40,40,38,34,40,40,40,39,40,40,36,34,39,40,38,38,40,40,38,34,39,40,38,37,40,40,38,35,40,40,37,37,40,40,38,34,40,40,38,37,40,40,37,33,40,40,37,36,40,40,37,33,40,40,38,38,40,40,36,33,39,40,39,36,40,40,36,32,40,40,39,37,40,40,34,30,37,40,39,36,40,40,35,32,39,40,38,36,40,40,35,32,39,40,38,36,40,40,35,32,39,40,38,36,40,40,35,33,39,40,38,36,40,40,34,33,40,40,40,38,40,40,35,31,39,40,38,36,40,40,35,33,40,40,39,37,40,40,35,32,40,40,40,38,40,40,37,33,40,40,39,38,40,40,36,32,39,40,39,38,40,40,37,33,39,40,39,38,40,40,37,33,39,40,39,38,40,40,37,33,39,40,39,38,40,40,37,33,39,40,39,38,40,40,36,32,39,40,40,38,40,40,36,32,39,40,39,37,40,40,36,32,39,40,39,37,40,40,36,32,39,40,38,37,40,40,37,33,40,40,37,36,40,40,36,32,40,40,39,37,40,40,37,27,39,40,36,35,40,40,35,32,39,40,38,35,40,40,38,25,39,40,38,38,40,40,38,26,40,40,37,36,40,40,35,32,39,40,39,38,40,40,36,32,38,40,40,36,40,40,37,33,39,40,38,38,40,40,36,32,39,40,38,36,40,40,37,34,39,40,40,37,40,40,37,35,40,40,38,38,40,40,36,34,40,40,36,36,40,40,34,33,38,40,37,36,40,40,37,32,32,32,16,8,16,8,4,2,4,2,1],"lt":[{"re":-3.4361563007226075e-9,"im":-2.6503202118139607e-9},{"re":-1.605137748848706e-9,"im":-3.4066482049232035e-9},{"re":-9.429102783773202e-10,"im":-2.419814394984308e-9},{"re":-1.8357150195192935e-10,"im":-1.9075388479727336e-9},{"re":1.339870423264659e-10,"im":-1.1233402405320223e-9},{"re":4.559317580378021e-10,"im":-6.105127991158441e-10},{"re":6.099408826878399e-10,"im":-3.4118512862392974e-10},{"re":5.31035046289935e-10,"im":-9.220368811685655e-11},{"re":5.069272080116016e-10,"im":9.530673360206651e-11},{"re":3.9583258825084323e-10,"im":2.637303043952849e-10},{"re":3.0859168531230315e-10,"im":3.5563422712258867e-10},{"re":1.8323895225478662e-10,"im":3.894080146510913e-10},{"re":6.152273082619415e-11,"im":3.4786640925793606e-10},{"re":1.7222041674043648e-13,"im":2.839740403587545e-10},{"re":-3.774195470790878e-11,"im":2.0917008016081366e-10},{"re":-9.887899868745621e-11,"im":1.399793538146315e-10},{"re":-9.768831758479466e-11,"im":7.151126421383044e-11},{"re":-7.93911986966414e-11,"im":2.6739044274317406e-11},{"re":-5.76227170764925e-11,"im":1.6306434078357965e-12},{"re":-3.7722502834412074e-11,"im":-1.0842420141268024e-11},{"re":-2.1978764968356896e-11,"im":-1.4989459780138763e-11},{"re":-1.4138053920077805e-11,"im":-1.4042990700768761e-11},{"re":-7.841638118757459e-12,"im":-1.2440777345158094e-11},{"re":-3.790676136488708e-12,"im":-1.0273508534614436e-11},{"re":-1.1022626551808845e-12,"im":-8.6682343040942e-12},{"re":2.656710311702363e-13,"im":-6.287643433060435e-12},{"re":1.2119361655586788e-12,"im":-4.897818909347554e-12},{"re":1.5767092828018008e-12,"im":-3.751269238029062e-12},{"re":1.863850930236655e-12,"im":-2.699166089976137e-12},{"re":1.9107617922453555e-12,"im":-1.8131818363777861e-12},{"re":1.7912192022179704e-12,"im":-1.0901731533038605e-12},{"re":1.6064709600860281e-12,"im":-4.860571675501132e-13},{"re":1.2877178593983535e-12,"im":-1.2199127647327438e-13},{"re":1.0330285168865865e-12,"im":1.0299630153643898e-13},{"re":7.924447864620424e-13,"im":2.191950426658849e-13},{"re":5.449382184744187e-13,"im":3.0388608259873434e-13},{"re":3.386346881168562e-13,"im":4.442242000489937e-13},{"re":2.3306494157169225e-13,"im":3.967560539715255e-13},{"re":2.8405292061851983e-13,"im":4.691195780947124e-13},{"re":1.5786437727431254e-13,"im":5.368072890203728e-13},{"re":2.153112423160451e-13,"im":7.022364667090556e-13},{"re":6.616335292411596e-14,"im":7.104273598302858e-13},{"re":-8.554649017379703e-14,"im":6.004389736803613e-13},{"re":-2.7997084935523367e-13,"im":4.917539774895608e-13},{"re":-2.9757159818681826e-13,"im":2.7738043560495615e-13},{"re":-3.77466786886483e-13,"im":1.294609711635551e-13},{"re":-3.3318207104792827e-13,"im":-2.3968877898293925e-14},{"re":-2.425295361661703e-13,"im":-1.3440228685655572e-13},{"re":-1.417553043690916e-13,"im":-1.7932096146774896e-13},{"re":-5.05627534307104e-14,"im":-1.8445969422539694e-13},{"re":1.804738039008483e-14,"im":-1.6196866912460887e-13}],"gtau":[{"re":-2.1750059563488395e-12,"im":-3.765311189899577e-12},{"re":-2.5403580880357998e-12,"im":-4.380335515660276e-12},{"re":-3.009594607941631e-12,"im":-5.1977879611590734e-12},{"re":-3.465232632630048e-12,"im":-6.1212778016392756e-12},{"re":-4.0683812062077615e-12,"im":-7.034205883083784e-12},{"re":-4.762224159336421e-12,"im":-8.113689778010995e-12},{"re":-5.50361332137371e-12,"im":-9.697296117255622e-12},{"re":-6.4359939167862154e-12,"im":-1.1614907457704194e-11},{"re":-7.751145558439646e-12,