{"ns":[0.03552618388877738,0.03641727796318484,0.035557195609581156,0.03702171244364526,0.03802275153274939,0.037171857176035904,0.039143539491896216,0.050250484414578696,0.06375078602382686,0.08837179353315443,0.11097629633999291,0.13981644297979767,0.1632384110843912,0.18747839924818027,0.20329934575048253,0.23246893763914941,0.2568388821800652,0.28060475843356186,0.2974819053452518,0.3035355521700513,0.2997117478148889,0.2986014411749214,0.29498837825610896,0.2860378788888169,0.2805371407152122,0.26711195352082134,0.24550218925182105,0.22561682115591064,0.20672566879754162,0.1369433087951249,0.04086187674106176,-0.052560633441005714,-0.13166269507291667,-0.3103079705049868,-0.5112757176207514,-0.7133363366927302,-0.7954453986022408,-0.9097179897399263,-0.9676925155213235,-1.0126505589124994],"taus":[0.1,0.2,0.30000000000000004,0.4,0.5,0.6000000000000001,0.7000000000000001,0.8,0.9,1.0,1.1],"bd":[1,1,1,1,1,2,2,4,4,8,8,16,16,32,32,64,64,128,128,200,200,200,200,200,200,200,200,200,200,200,200,200,200,200,200,200,200,200,200,200,200,200,200,200,200,200,200,200,200,200,200,200,200,200,200,200,200,200,200,200,200,200,200,200,200,200,200,200,200,200,200,200,200,200,200,200,200,200,200,200,200,200,200,200,200,200,200,200,200,200,200,200,200,200,200,200,200,200,200,200,200,200,200,200,200,200,200,200,200,200,200,200,200,200,200,200,200,200,200,200,200,200,200,200,200,200,200,200,200,200,200,200,200,200,200,200,200,200,200,200,200,200,200,200,200,200,200,200,200,200,200,200,200,200,200,200,200,200,200,200,200,200,200,200,200,200,200,200,200,200,200,200,200,200,200,200,200,200,200,200,200,200,200,200,200,200,200,200,200,200,200,200,200,200,200,200,200,200,200,200,200,200,200,200,200,200,200,200,200,200,200,200,200,200,200,200,200,200,200,200,200,200,200,200,200,200,200,200,200,200,200,200,200,200,200,200,200,200,200,200,200,200,200,200,200,200,200,200,200,200,200,200,200,200,200,200,200,200,200,200,200,200,200,200,200,200,200,200,200,200,200,200,200,200,200,200,200,200,200,200,200,200,200,200,200,200,200,200,200,200,200,200,200,200,200,200,200,200,200,200,200,200,200,200,200,200,200,200,200,200,200,200,200,200,200,200,200,200,200,200,200,200,200,200,200,200,200,200,200,200,200,200,200,200,200,200,200,200,200,200,200,200,200,200,200,200,200,200,200,200,200,200,200,200,200,200,200,200,200,200,128,128,128,64,32,32,32,16,8,8,8,4,2,2,2,1],"lt":[{"re":0.03259228582830991,"im":-0.03552618388877738},{"re":0.04470130129779048,"im":-0.015430454545581585},{"re":0.04508163166690748,"im":0.004529272659758521},{"re":0.036982689767681265,"im":0.02213499721081002},{"re":0.023817464203170314,"im":0.03288027531899196},{"re":0.009350137708211225,"im":0.03653497454642874},{"re":-0.0034615464880055615,"im":0.033422510974881095},{"re":-0.012438124392991655,"im":0.025984469038659745},{"re":-0.017044199455684365,"im":0.016408657919559835},{"re":-0.01738292100139935,"im":0.006322656002432849},{"re":-0.013759434896485824,"im":-0.0029040060259245353},{"re":-0.007878509521779969,"im":-0.009455612924014575},{"re":-0.0007221318242943316,"im":-0.013186079199156283},{"re":0.0063388416155859195,"im":-0.013681138098609257},{"re":0.012167536050558607,"im":-0.010827635111347439},{"re":0.016026422143327595,"im":-0.005522143575053493},{"re":0.017314124572002695,"im":0.0012292106961192938},{"re":0.015369584151218935,"im":0.008195250355300472},{"re":0.010968876739271308,"im":0.013768920009793392},{"re":0.0051015255655884485,"im":0.01727746217919814},{"re":-0.0012501459929338573,"im":0.01834828911464017},{"re":-0.007254454022772537,"im":0.01716668723494254},{"re":-0.0121173331195298,"im":0.013818199631491368},{"re":-0.015409042915170437,"im":0.008869658214298092},{"re":-0.01668383470882245,"im":0.0031493556220951137},{"re":-0.015935617176664786,"im":-0.0026191596583191577},{"re":-0.013354616048585347,"im":-0.007727842096198475},{"re":-0.009225508896193868,"im":-0.011651567959679868},{"re":-0.004120156815918363,"im":-0.013894874134674325},{"re":0.0011387548712197618,"im":-0.014314272397994439},{"re":0.006127562736018644,"im":-0.01291013430973403},{"re":0.010281791093217607,"im":-0.00988967279546967},{"re":0.013093485981102996,"im":-0.00571934962361593},{"re":0.01438343971815824,"im":-0.0009903835119107033},{"re":0.013899501981604964,"im":0.0038137747092006425},{"re":0.011901041438825961,"im":0.008001082262907917},{"re":0.008643604595409943,"im":0.011264712914083345},{"re":0.004802352405661645,"im":0.01327467516456107},{"re":0.0007979870326955221,"im":0.01374235395820585},{"re":-0.0029889719274896714,"im":0.012862191148740222},{"re":-0.006261875097896492,"im":0.010770109086214888}],"gtau":[{"re":-2.17654887489481e-5,"im":-2.569978463950938e-6},{"re":-3.6698925983486516e-5,"im":-1.215454902434211e-5},{"re":-6.718649868345943e-5,"im":-3.269235029186248e-5},{"re":-0.00012964470694975475,"im":-7.79178645175404e-5},{"re":-0.00025974028413206185,"im":-0.0001788393616578999},{"re":-0.0005369022430343778,"im":-0.0004065043342769095},{"re":-0.0011429334696452353,"im":-0.0009273333290408186},{"re":-0.0025098787185225094,"im":-0.0021431138007713163},{"re":-0.005719142366846377,"im":-0.005064792744322925},{"re":-0.013697219880787722,"im":-0.012420487793946661},{"re":1.0000217654887489,"im":2.569978463950938e-6}],"ts":[0.05,0.1,0.15000000000000002,0.2,0.25,0.30000000000000004,0.35000000000000003,0.4,0.45,0.5,0.55,0.6000000000000001,0.65,0.7000000000000001,0.75,0.8,0.8500000000000001,0.9,0.9500000000000001,1.0,1.05,1.1,1.1500000000000001,1.2000000000000002,1.25,1.3,1.35,1.4000000000000001,1.4500000000000002,1.5,1.55,1.6,1.6500000000000001,1.7000000000000002,1.75,1.8,1.85,1.9000000000000001,1.9500000000000002,2.0,2.0500000000000003],"gt":[{"re":-2.5699784614737486e-6,"im":2.176548875144725e-5},{"re":-8.83517179429339e-6,"im":2.0245251199548172e-5},{"re":-1.4427893860948396e-5,"im":1.6519302833794007e-5},{"re":-1.8766812330916417e-5,"im":9.432181116618457e-6},{"re":-2.017303201277559e-5,"im":2.104242551005341e-6},{"re":-1.8781158619378884e-5,"im":-4.848025297845362e-6},{"re":-1.4816170683837005e-5,"im":-1.06626453958442e-5},{"re":-9.218848487252664e-6,"im":-1.3917941981152129e-5},{"re":-3.033238044403648e-6,"im":-1.4521342954230667e-5},{"re":2.619318850825445e-6,"im":-1.2662110077968994e-5},{"re":7.186336862421744e-6,"im":-8.767727485659584e-6},{"re":9.829722510347697e-6,"im":-3.819649182429441e-6},{"re":1.062906909442332e-5,"im":1.481090171123924e-6},{"re":9.583758994487307e-6,"im":6.221090390033391e-6},{"re":6.834727479764408e-6,"im":9.661499177382622e-6},{"re":2.9547061802103507e-6,"im":1.1508989245097265e-5},{"re":-1.4457959821927013e-6,"im":1.1526094058854975e-5},{"re":-5.4896081781425825e-6,"im":9.496388215134681e-6},{"re":-8.379371860986808e-6,"im":6.158569118671335e-6},{"re":-9.893268843810585e-6,"im":2.1831591931388594e-6},{"re":-9.903134429848756e-6,"im":-1.7900144444417958e-6},{"re":-8.642457819416786e-6,"im":-5.323281147124885e-6},{"re":-6.276743519762727e-6,"im":-7.925519065559282e-6},{"re":-3.134974383863188e-6,"im":-9.428146469305678e-6},{"re":2.6114192733877927e-7,"im":-9.662841057564785e-6},{"re":3.4971029888775335e-6,"im":-8.700890154774857e-6},{"re":6.1907693756562376e-6,"im":-6.71901177556789e-6},{"re":8.047047596576892e-6,"im":-3.9190620703147415e-6},{"re":8.823572292973074e-6,"im":-6.958229629429228e-7},{"re":8.532334898160734e-6,"im":2.43124804227114e-6},{"re":7.187253003544736e-6,"im":5.248349201199243e-6},{"re":4.9486845648514384e-6,"im":7.443664273288207e-6},{"re":2.145760861118842e-6,"im":8.734235208429203e-6},{"re":-8.631353008876085e-7,"im":9.064392915049597e-6},{"re":-3.7590070598044173e-6,"im":8.310813663299044e-6},{"re":-6.149506265863351e-6,"im":6.692176642944053e-6},{"re":-7.86430155564961e-6,"im":4.3799655052944415e-6},{"re":-8.769180852426317e-6,"im":1.8261436292557685e-6},{"re":-8.709704847297967e-6,"im":-6.885206309484897e-7},{"re":-7.837944735913531e-6,"im":-2.9556816023954474e-6},{"re":-6.249122325374847e-6,"im":-4.8089073654325875e-6}]}