{"taus":[0.2,0.4,0.6000000000000001,0.8,1.0,1.2000000000000002,1.4000000000000001,1.6,1.8,2.0,2.2,2.4000000000000004,2.6,2.8000000000000003,3.0,3.2,3.4000000000000004,3.6,3.8000000000000003,4.0,4.2,4.4,4.6000000000000005,4.800000000000001,5.0,5.2,5.4,5.6000000000000005,5.800000000000001,6.0,6.2,6.4,6.6000000000000005,6.800000000000001,7.0,7.2,7.4,7.6000000000000005,7.800000000000001,8.0,8.200000000000001,8.4,8.6,8.8,9.0,9.200000000000001,9.4,9.600000000000001,9.8,10.0,10.200000000000001],"bd":[2,4,8,16,8,16,8,16,16,32,32,64,64,128,128,256,256,400,400,400,400,400,400,400,400,400,400,400,400,400,400,400,400,400,400,400,400,400,400,400,400,400,400,400,400,400,400,400,400,400,400,400,400,400,400,400,400,400,400,400,400,400,400,400,400,400,400,400,400,400,400,400,400,400,400,400,400,400,400,400,400,400,400,400,400,400,400,400,400,400,400,400,400,400,400,400,400,400,400,400,400,400,400,400,400,400,400,400,400,400,400,400,400,400,400,400,400,400,400,400,400,400,400,400,400,400,400,400,400,400,400,400,400,400,400,400,400,400,400,400,400,400,400,400,400,400,400,400,400,400,400,400,400,400,400,400,400,400,400,400,400,400,400,400,400,400,400,400,400,400,400,400,400,400,400,400,400,400,400,400,400,400,400,400,400,400,400,400,400,400,400,400,400,400,256,256,128,128,64,64,32,32,16,16,8,4,2,1],"gtau":[-4.743561482057659e-16,-3.2858608127835733e-16,3.3910810157926176e-17,1.3583748786708425e-15,6.25736990566712e-16,1.9185134674231593e-15,-1.3408917175446912e-15,-4.614668606548485e-15,-1.8034466823304323e-15,-1.3336068775019102e-15,-4.030896329161482e-15,-1.0734314442839595e-14,3.786665506584374e-16,-8.130904357861733e-16,5.24335981038455e-17,4.197994217244808e-17,-8.775922425571716e-18,2.027134789905525e-15,2.0344966406182485e-15,8.142394697425797e-15,2.5288424893664142e-14,6.879367006645108e-14,1.6924612255026763e-13,4.575960433298655e-13,1.239655681841392e-12,3.3778281920663538e-12,9.198274509531535e-12,2.5088536352524255e-11,6.856227501090861e-11,1.8766977572153676e-10,5.146404390783481e-10,1.413971004321677e-9,3.89276087701404e-9,1.0740110472594429e-8,2.9700987044490913e-8,8.234801015340173e-8,2.2901253725099426e-7,6.385075424285638e-7,1.7862156370356828e-6,5.015343951381633e-6,1.4140837719479314e-5,4.006381267148031e-5,0.00011415901065352171,0.0003275364271852125,0.000947805093512127,0.0027729694112537924,0.008233217613688594,0.02496553935220452,0.07823612878739289,0.2602135705716897,1.0000000000000109]}