{"taus":[0.2,0.4,0.6000000000000001,0.8,1.0,1.2000000000000002,1.4000000000000001,1.6,1.8,2.0,2.2,2.4000000000000004,2.6,2.8000000000000003,3.0,3.2,3.4000000000000004,3.6,3.8000000000000003,4.0,4.2,4.4,4.6000000000000005,4.800000000000001,5.0,5.2],"bd":[2,4,8,16,8,16,8,16,16,32,32,64,64,80,76,80,76,80,76,80,80,80,76,80,80,80,76,80,80,80,80,80,76,80,80,80,76,80,76,80,80,80,76,80,80,80,80,80,76,80,80,80,76,80,80,80,76,80,80,80,76,80,80,80,76,80,76,80,76,80,80,80,76,80,80,80,76,80,80,80,80,80,76,80,80,80,80,80,80,80,80,80,80,80,76,80,80,80,64,64,32,32,16,16,8,4,2,1],"gtau":[4.74194708405819e-6,6.2934194400101584e-6,9.15422385900197e-6,1.3947927813326799e-5,2.1850515319494185e-5,3.479672293582552e-5,5.609694508860062e-5,9.118947637384129e-5,0.00014926243259654408,0.00024508047881141446,0.0004016707906181972,0.000655910637970346,0.0010730404976819923,0.0017656694411283314,0.0029027267936853666,0.004772398664638663,0.007851429555459989,0.01295711509734103,0.021384969628448776,0.03535833175909303,0.058540734300987135,0.09769911855129511,0.16481160495338693,0.28291611476546963,0.5046960663075811,0.9999952580529129]}