{"gf":[0.37754066879814546,0.378495532939801,0.37947249489223117,0.38047166734990157,0.3814931675376976,0.38253711723008266,0.3836036427722521,0.3846928751032777,0.3858049497812014,0.38694000701014886,0.388098191669378,0.3892796533443225,0.39048454635965996,0.3917130298143262,0.3929652676185504,0.39424142853292354,0.3955416862094461,0.39686621923465465,0.39821521117478126,0.3995888506229722,0.40098733124860436,0.40241085184869446,0.4038596164014398,0.40533383412191015,0.4068337195198649,0.4083594924598452,0.40991137822338963,0.41148960757359654,0.4130944168218896,0.41472604789711115,0.4163847484170174,0.41807077176205215,0.4197843771516362,0.4215258297228289,0.42329540061155424,0.4250933670363058,0.4269200123844597,0.4287756263012416,0.43066050478128276,0.4325749502630057,0.4345192717257208,0.4364937847895264,0.4384988118182011,0.44053468202491614,0.4426017315810254,0.4447003037279061,0.44683074889189744,0.4489934248025131,0.4511886966138106,0.45341693702920216,0.455678526429601,0.4579738530051374,0.46030331289033505,0.4626673103030674,0.4650662576871404,0.4675005758587867,0.46997069415699233,0.47247705059794737,0.4750200920334925,0.47760027431385627,0.48021806245467674,0.4828739308084304,0.48556836324048086,0.4883018533096452,0.49107490445364704,0.4938880301794425,0.496741754258492,0.49963661092731154,0.5025731450932132,0.5055519125455181,0.5085734801723735,0.5116384261832354,0.5147473403373208,0.5179008241780055,0.52109949127356,0.5243439674641472,0.5276348911154566,0.5309729133791092,0.5343586984599064,0.5377929238903413,0.5412762808123248,0.5448094742665717,0.5483932234896977,0.552028262219324,0.5557153390074223,0.5594552175421196,0.5632486769782443,0.5670965122768469,0.5709995345539446,0.5749585714388573,0.5789744674422935,0.5830480843345847,0.5871803015343663,0.5913720165079325,0.5956241451797197,0.5999376223542199,0.604313402149608,0.6087524584435694,0.6132557853316084,0.6178243975982927,0.6224593312018545],"ts":[0.0,0.005,0.01,0.015,0.02,0.025,0.03,0.035,0.04,0.045,0.05,0.055,0.06,0.065,0.07,0.075,0.08,0.085,0.09,0.095,0.1,0.105,0.11,0.115,0.12,0.125,0.13,0.135,0.14,0.145,0.15,0.155,0.16,0.165,0.17,0.17500000000000002,0.18,0.185,0.19,0.195,0.2,0.20500000000000002,0.21,0.215,0.22,0.225,0.23,0.23500000000000001,0.24,0.245,0.25,0.255,0.26,0.265,0.27,0.275,0.28,0.28500000000000003,0.29,0.295,0.3,0.305,0.31,0.315,0.32,0.325,0.33,0.335,0.34,0.34500000000000003,0.35000000000000003,0.355,0.36,0.365,0.37,0.375,0.38,0.385,0.39,0.395,0.4,0.405,0.41000000000000003,0.41500000000000004,0.42,0.425,0.43,0.435,0.44,0.445,0.45,0.455,0.46,0.465,0.47000000000000003,0.47500000000000003,0.48,0.485,0.49,0.495,0.5]}