{"taus":[0.1,0.2,0.30000000000000004,0.4,0.5,0.6000000000000001,0.7000000000000001,0.8,0.9,1.0,1.1,1.2000000000000002,1.3,1.4000000000000001,1.5,1.6,1.7000000000000002,1.8,1.9000000000000001,2.0,2.1,2.2,2.3000000000000003,2.4000000000000004,2.5,2.6,2.7,2.8000000000000003,2.9000000000000004,3.0,3.1,3.2,3.3000000000000003,3.4000000000000004,3.5,3.6,3.7,3.8000000000000003,3.9000000000000004,4.0,4.1000000000000005,4.2,4.3,4.4,4.5,4.6000000000000005,4.7,4.800000000000001,4.9,5.0,5.1000000000000005],"bd":[2,4,8,16,8,16,8,16,16,32,32,64,64,80,76,80,80,80,80,80,80,80,80,80,80,80,80,80,76,80,80,80,80,80,80,80,80,80,80,80,80,80,80,80,80,80,80,80,80,80,80,80,80,80,80,80,80,80,80,80,80,80,80,80,80,80,80,80,80,80,80,80,80,80,80,80,80,80,80,80,80,80,80,80,80,80,80,80,80,80,80,80,80,80,80,80,80,80,80,80,80,80,80,80,80,80,80,80,80,80,80,80,80,80,80,80,80,80,80,80,80,80,80,80,80,80,80,80,80,80,80,80,80,80,80,80,80,80,80,80,80,80,80,80,80,80,80,80,80,80,80,80,80,80,80,80,80,80,80,80,80,80,80,80,80,80,80,80,80,80,80,80,80,80,80,80,80,80,80,80,80,80,80,80,76,80,76,80,76,80,76,80,80,80,76,80,80,80,64,64,32,32,16,16,8,4,2,1],"gtau":[2.522025351727354e-14,5.329030134110276e-14,6.123869316778162e-14,8.848970929277263e-14,5.599307087335987e-14,8.548891987632109e-15,-1.0402902979702886e-14,-2.061263724823112e-14,-5.375662229378441e-15,1.5856778527126738e-16,6.244184892868023e-14,1.277278523034683e-13,2.274269798349743e-13,5.439678912407324e-13,1.1342736809910992e-12,2.3927808973373904e-12,5.090785488573148e-12,1.0779446396697713e-11,2.283719357359285e-11,4.8339147998971695e-11,1.0226454346935701e-10,2.1634870463778775e-10,4.577727289584096e-10,9.68550497814704e-10,2.049611542954228e-9,4.34043464446578e-9,9.192849686791382e-9,1.947321456983831e-8,4.125916332147863e-8,8.743726783156851e-8,1.8533035842490744e-7,3.928913605902874e-7,8.330762410308232e-7,1.766844810474366e-6,3.7484118820715024e-6,7.955052292251866e-6,1.688982117379825e-5,3.588342730816424e-5,7.630051322100206e-5,0.00016239108932258891,0.00034598034323650353,0.0007379699413613158,0.0015761098409329344,0.0033717116639460205,0.007243769660447646,0.015686405027191964,0.03432493701971484,0.07622043084495649,0.17270668942067643,0.40385543215049646,1.0000000000005964]}