{"ns":[-0.38054011171335206,-0.3826443662335789,-0.37618544642848845,-0.3742602806627227,-0.3678526823522172,-0.34540765303476795,-0.3022450946984841,-0.23715675175067874,-0.18360609799203587,-0.16048753614586891,-0.10634637087681263,-0.12073945228261773,-0.05272993606894236,-0.007108198724674924,-0.01968789540914241,-0.010397214581880459,0.0017883741410301746,0.022815112626688297,0.02043412210372919,-0.01134313826137359,-0.12544493670661735,-0.24903006530511712,-0.36053832715658585,-0.5316017509976563,-0.7079885816558603,-0.906968054165223,-1.0527062993184813,-1.1485563732061503,-1.1917298774590501,-1.2117635086074114,-1.1625386239255364,-1.1090685714778288,-1.0692123490017633,-1.0723489722171193,-1.084501532690749,-1.086052206583585,-1.052521509660356,-1.0416341211329836,-1.0258735858485606,-1.013138811341319],"taus":[0.1,0.2,0.30000000000000004,0.4,0.5,0.6000000000000001,0.7000000000000001,0.8,0.9,1.0,1.1],"bd":[1,1,1,1,1,2,2,4,4,8,8,16,16,32,32,64,64,128,128,256,256,512,512,600,600,600,600,600,600,600,600,600,600,600,600,600,600,600,600,600,600,600,600,600,600,600,597,597,597,600,600,600,600,600,600,600,600,600,600,600,600,600,600,600,600,600,600,600,600,600,600,600,600,600,600,600,600,600,600,600,600,600,600,600,600,600,600,600,600,600,600,600,600,600,600,600,600,600,600,600,600,600,600,600,600,600,600,600,600,600,600,600,600,600,600,600,600,600,600,600,600,600,600,600,600,600,600,600,600,600,600,600,600,600,600,600,600,600,600,600,600,600,600,600,600,600,600,600,600,600,600,600,600,600,600,600,600,600,600,600,600,600,600,600,600,600,600,600,600,600,600,600,600,600,600,600,600,600,600,600,600,600,600,600,600,600,600,600,600,600,600,600,600,600,600,600,600,600,600,600,600,600,600,600,600,600,600,600,600,600,600,600,600,600,600,600,600,600,600,600,600,600,600,600,600,600,600,600,600,600,600,600,600,600,600,600,600,600,600,600,600,600,600,600,600,600,600,600,600,600,600,600,600,600,600,600,600,600,600,600,600,600,600,600,600,600,600,600,600,600,600,600,600,600,600,600,600,600,600,600,600,600,600,600,600,600,600,600,600,600,600,600,600,600,600,600,600,600,600,600,600,600,600,600,600,600,600,600,600,600,600,600,600,600,600,600,600,600,600,600,600,600,600,600,600,600,600,600,600,600,600,600,600,600,600,600,600,600,600,600,600,600,600,600,600,600,600,600,600,600,600,600,600,600,600,600,417,447,458,233,122,128,128,64,32,32,32,16,8,8,8,4,2,2,2,1],"lt":[{"re":0.6209787960576275,"im":0.38054011171335206},{"re":0.37511524536726065,"im":0.6103897914838096},{"re":0.06672925642662436,"im":0.6785117329619089},{"re":-0.21308119785025165,"im":0.5994686851568817},{"re":-0.4073706475435089,"im":0.42553582915710775},{"re":-0.4979475248221658,"im":0.211888303679874},{"re":-0.495077572919615,"im":0.0031248596798872813},{"re":-0.42451101745545494,"im":-0.1742892453480983},{"re":-0.3082852318559527,"im":-0.2986396812854418},{"re":-0.16929708411449967,"im":-0.363172870713454},{"re":-0.0289965410861222,"im":-0.3680664436819455},{"re":0.09236124464288431,"im":-0.32311391761221414},{"re":0.1844346607454553,"im":-0.24386183777379988},{"re":0.23919874607793132,"im":-0.14852651909615988},{"re":0.25752486626274945,"im":-0.04911999683005473},{"re":0.24197409532135492,"im":0.04295883738806773},{"re":0.19876074578413686,"im":0.11548327671678918},{"re":0.13767567507759462,"im":0.1644991391435996},{"re":0.06935667111873069,"im":0.1880945774661136},{"re":0.002600358854070029,"im":0.1866990763295428},{"re":-0.05551012945737772,"im":0.16377301587005988},{"re":-0.09996258139999939,"im":0.1252993630814934},{"re":-0.1261781629371319,"im":0.07724207761230997},{"re":-0.13251697949069863,"im":0.02589711012320977},{"re":-0.12079426316941394,"im":-0.02051124254517757},{"re":-0.09584410611069935,"im":-0.05659356026316784},{"re":-0.0630583221493126,"im":-0.07914951255938464},{"re":-0.027572499179041463,"im":-0.08742366980060559},{"re":0.005590522971837855,"im":-0.08269481466715788},{"re":0.03231135002834211,"im":-0.06754319245537198},{"re":0.049894011467532674,"im":-0.0453652532519398},{"re":0.056969954949111105,"im":-0.020356132465255986},{"re":0.05386956181226415,"im":0.0033443960970296503},{"re":0.04280594952685423,"im":0.022090436791421853},{"re":0.02647629991560567,"im":0.033996709645068714},{"re":0.008259206416198676,"im":0.037971765008628186},{"re":-0.008759721913823,"im":0.03449191357455273},{"re":-0.021919447742953437,"im":0.025043408854362233},{"re":-0.029540267287627764,"im":0.011669293485740003},{"re":-0.03081283229036937,"im":-0.0031411995418040603},{"re":-0.026029695858488584,"im":-0.016774348471290917}],"gtau":[{"re":0.0003055700738782951,"im":-0.0006282533681507581},{"re":0.0005154000623260881,"im":-0.0009796326336475561},{"re":0.0009362114386724803,"im":-0.0016932145090865687},{"re":0.0017727126031949645,"im":-0.0031071711654374404},{"re":0.0034642561518559243,"im":-0.005947036728053519},{"re":0.00695965165802124,"im":-0.011775473469127887},{"re":0.014358573628616353,"im":-0.024049924138056067},{"re":0.030472118502819084,"im":-0.05068604697598194},{"re":0.06687277118752423,"im":-0.11066959647021317},{"re":0.15361303968057113,"im":-0.2528972026460702},{"re":0.9996944299261217,"im":0.0006282533681507581}],"ts":[0.05,0.1,0.15000000000000002,0.2,0.25,0.30000000000000004,0.35000000000000003,0.4,0.45,0.5,0.55,0.6000000000000001,0.65,0.7000000000000001,0.75,0.8,0.8500000000000001,0.9,0.9500000000000001,1.0,1.05,1.1,1.1500000000000001,1.2000000000000002,1.25,1.3,1.35,1.4000000000000001,1.4500000000000002,1.5,1.55,1.6,1.6500000000000001,1.7000000000000002,1.75,1.8,1.85,1.9000000000000001,1.9500000000000002,2.0,2.0500000000000003],"gt":[{"re":-0.0006282533681528066,"im":-0.00030557007387853704},{"re":-0.0005730299490911274,"im":-0.000422353598780806},{"re":-0.0004831712382153415,"im":-0.0005194107395950391},{"re":-0.0003480080133792427,"im":-0.0005877379622468101},{"re":-0.00019599249248983624,"im":-0.0006108131131684443},{"re":-5.173981934894804e-5,"im":-0.0005843186734205728},{"re":6.974788679684243e-5,"im":-0.0005198573264222382},{"re":0.00017252581659706284,"im":-0.000426155840235924},{"re":0.0002476255588252168,"im":-0.00031224912680197984},{"re":0.0002922682906855399,"im":-0.000189528607610476},{"re":0.0003013492809182406,"im":-7.023258776705156e-5},{"re":0.00027315904767980827,"im":3.194439403538585e-5},{"re":0.0002161686995466913,"im":0.00011111511820822139},{"re":0.00014442310987336079,"im":0.00016019744057796278},{"re":6.766463791336621e-5,"im":0.00018165682336703217},{"re":-4.982182937299405e-6,"im":0.00017737672469719028},{"re":-6.444910334442937e-5,"im":0.0001506533236931033},{"re":-0.00010671621829350114,"im":0.0001090026565983931},{"re":-0.0001296548147905088,"im":6.0055967272392344e-5},{"re":-0.00013349845293228224,"im":1.0489646624107273e-5},{"re":-0.00012030130438434828,"im":-3.447875072715739e-5},{"re":-9.399198998340064e-5,"im":-7.066207242428453e-5},{"re":-5.8698762348358506e-5,"im":-9.390222872531775e-5},{"re":-1.9303823657104917e-5,"im":-0.0001020864648121306},{"re":1.7401443088966398e-5,"im":-9.59373134254435e-5},{"re":4.700332355174802e-5,"im":-7.89600733953924e-5},{"re":6.681255247009933e-5,"im":-5.506140690035355e-5},{"re":7.599177075962584e-5,"im":-2.805656861298507e-5},{"re":7.512000153120241e-5,"im":-1.8725371611909471e-6},{"re":6.593060264782081e-5,"im":2.0252012026455856e-5},{"re":5.078969174579473e-5,"im":3.6086037516172196e-5},{"re":3.275595024396403e-5,"im":4.44399385787511e-5},{"re":1.4945492354916799e-5,"im":4.521341407470753e-5},{"re":2.156628844265405e-7,"im":3.9818931360551355e-5},{"re":-9.899457255982906e-6,"im":3.0170884252670977e-5},{"re":-1.442150836824274e-5,"im":1.88788385534424e-5},{"re":-1.350791164870133e-5,"im":8.244176965168279e-6},{"re":-8.227456185273153e-6,"im":3.279903142359418e-7},{"re":-2.219646261767695e-7,"im":-3.5204751030660224e-6},{"re":8.46103958500706e-6,"im":-2.663166333558386e-6},{"re":1.5675819101934034e-5,"im":2.5348498611293997e-6}]}