{"taus":[0.2,0.4,0.6000000000000001,0.8,1.0,1.2000000000000002,1.4000000000000001,1.6,1.8,2.0,2.2,2.4000000000000004,2.6,2.8000000000000003,3.0,3.2,3.4000000000000004,3.6,3.8000000000000003,4.0,4.2,4.4,4.6000000000000005,4.800000000000001,5.0,5.2,5.4,5.6000000000000005,5.800000000000001,6.0,6.2,6.4,6.6000000000000005,6.800000000000001,7.0,7.2,7.4,7.6000000000000005,7.800000000000001,8.0,8.200000000000001,8.4,8.6,8.8,9.0,9.200000000000001,9.4,9.600000000000001,9.8,10.0,10.200000000000001],"bd":[2,4,8,16,8,16,8,16,16,32,32,64,64,128,128,200,200,200,200,200,200,200,200,200,200,200,200,200,200,200,200,200,200,200,200,200,200,200,200,200,200,200,200,200,200,200,200,200,200,200,200,200,200,200,200,200,200,200,200,200,200,200,200,200,200,200,200,200,200,200,200,200,200,200,200,200,200,200,200,200,200,200,200,200,200,200,200,200,200,200,200,200,200,200,200,200,200,200,200,200,200,200,200,200,200,200,200,200,200,200,200,200,200,200,200,200,200,200,200,200,200,200,200,200,200,200,200,200,200,200,200,200,200,200,200,200,200,200,200,200,200,200,200,200,200,200,200,200,200,200,200,200,200,200,200,200,200,200,200,200,200,200,200,200,200,200,200,200,200,200,200,200,200,200,200,200,200,200,200,200,200,200,200,200,200,200,200,200,200,200,200,200,200,200,200,200,128,128,64,64,32,32,16,16,8,4,2,1],"gtau":[-1.2612557605216724e-15,-1.0364930885988107e-15,1.8534494282404445e-16,1.724082769772537e-16,6.923795702308584e-16,1.3846844608939096e-15,-1.3564277992549247e-15,-3.931110220024494e-15,-1.2062204493971367e-15,-2.7314855887179137e-16,-2.8232957713309443e-15,-1.0024554789204139e-14,2.994737481117209e-16,-1.333086653742932e-15,8.079584442891746e-16,7.077246097880597e-16,1.2250965862448948e-15,2.5313474491004407e-15,1.9055924837283123e-15,7.69182885609024e-15,2.2213597844019628e-14,6.060710871178982e-14,1.6520080251652334e-13,4.613104039134224e-13,1.2540938867296836e-12,3.4091745557463412e-12,9.281581630578608e-12,2.5307078192686955e-11,6.910051136987349e-11,1.889853848715129e-10,5.177496005528324e-10,1.4210536795183884e-9,3.9083021113707685e-9,1.077261292473534e-8,2.9760520074571454e-8,8.242648928882839e-8,2.2894964963038576e-7,6.38000876435633e-7,1.7838116649566152e-6,5.007117357320436e-6,1.4117990637474128e-5,4.000755124549441e-5,0.00011404517811404128,0.00032740465669347293,0.0009481787500828872,0.0027732638010105233,0.008234950329764321,0.024972445907460575,0.07826143236941036,0.26029798466961734,1.0000000000000029]}