{"ns":[-0.9987647007322012,-0.9987302576603658,-0.997447752226322,-0.9958203613371837,-0.9955288646866736,-0.9938035383438185,-0.9937099491272177,-0.9930243400880594,-0.9916579578731813,-0.9883528475181091,-0.9837808177375457,-0.9777013978002193,-0.9725120335678356,-0.9686966412342344,-0.966589760527907,-0.967452291745917,-0.9671573573057738,-0.9698920389006457,-0.9732869065680673,-0.9789199145230586,-0.9840469141826867,-0.9892423906886477,-0.9938407240261664,-0.9983100085785586,-1.0020296189075004,-1.0027972470528073,-1.0017645243289404,-1.0019629422056915,-1.0042589138924987,-1.0070095264225345,-1.0113449051332057,-1.0145231525868994,-1.0135850254124983,-1.0082354226733443,-1.0025836124431118,-1.0003547605354888,-0.9988454451644486,-0.9986641165225412,-0.9991149216725645,-0.9990902864149388],"taus":[0.05,0.1,0.15000000000000002,0.2,0.25,0.30000000000000004,0.35000000000000003,0.4,0.45,0.5,0.55,0.6000000000000001,0.65,0.7000000000000001,0.75,0.8,0.8500000000000001,0.9,0.9500000000000001,1.0,1.05],"bd":[1,1,1,1,1,2,2,4,4,8,8,16,16,32,32,64,64,128,128,256,256,512,511,600,600,600,600,600,600,600,600,600,600,600,600,600,600,600,600,600,600,600,600,600,600,600,600,600,600,600,600,600,600,600,600,600,600,600,600,600,600,600,600,600,600,600,600,600,600,600,600,600,600,600,600,600,600,600,600,600,600,600,600,600,600,600,598,598,598,600,600,600,600,600,600,600,600,600,600,600,600,600,600,600,600,600,600,600,600,600,600,600,600,600,600,600,600,600,600,600,600,600,600,600,600,600,600,600,600,600,600,600,600,600,600,600,600,600,600,600,600,600,600,600,600,600,600,600,600,600,600,600,600,600,600,600,600,600,600,600,600,600,600,600,600,600,600,600,600,600,600,600,600,600,600,600,600,600,600,600,600,600,600,600,600,600,600,600,600,600,600,600,600,600,600,600,600,600,600,600,600,600,600,600,600,600,600,600,600,600,600,600,600,600,600,600,600,600,600,600,600,600,600,600,600,600,600,600,600,600,600,600,600,600,600,600,600,600,600,600,600,600,600,600,600,600,600,600,600,600,600,600,600,600,600,600,600,600,600,600,600,600,600,600,600,600,600,600,600,600,600,600,600,600,600,600,600,600,600,600,600,600,600,600,600,600,600,600,600,600,600,600,600,600,600,600,600,600,600,600,600,600,600,600,600,600,600,600,600,600,600,600,600,600,600,600,600,600,600,600,600,600,600,600,600,600,600,600,600,600,600,600,600,600,600,600,600,600,600,600,600,600,600,600,600,600,600,600,600,600,600,600,600,600,600,600,600,600,600,600,600,600,600,600,600,600,600,600,600,600,600,600,600,600,600,600,600,600,600,600,600,600,600,600,600,600,600,600,600,600,600,600,600,600,600,600,356,383,384,192,96,112,120,60,30,32,32,16,8,8,8,4,2,2,2,1],"lt":[{"re":0.12359467164751962,"im":0.9987647007322012},{"re":-0.11406316404334854,"im":0.9953460972826232},{"re":-0.33888464371210597,"im":0.9309025154606617},{"re":-0.532989247179375,"im":0.8131936005410947},{"re":-0.6849832583349129,"im":0.6568054542895093},{"re":-0.7888478384515851,"im":0.4774382702605036},{"re":-0.8438869083691406,"im":0.29057731125285957},{"re":-0.853731265028809,"im":0.10886373400114326},{"re":-0.8244726112720987,"im":-0.05907007345092953},{"re":-0.762933413647626,"im":-0.20806158725886142},{"re":-0.6762837489858131,"im":-0.33440740959136694},{"re":-0.5709472101396057,"im":-0.4370799282402553},{"re":-0.4532253713556577,"im":-0.5155414115667607},{"re":-0.32919510337420244,"im":-0.569519178271449},{"re":-0.20369404844115505,"im":-0.599934645841567},{"re":-0.08086962576583612,"im":-0.607585203927613},{"re":0.03546749890189892,"im":-0.5936444444786091},{"re":0.14196738841364223,"im":-0.560331157921874},{"re":0.23604608988478679,"im":-0.510012265758897},{"re":0.31528184936458103,"im":-0.44556027895912614},{"re":0.3781927578309028,"im":-0.3702227024296816},{"re":0.4238414013673871,"im":-0.2871434807110563},{"re":0.45189506985524824,"im":-0.19994511168487136},{"re":0.4626284657255442,"im":-0.11196487350413152},{"re":0.4568970590412947,"im":-0.02626721049537567},{"re":0.4361161630750018,"im":0.05430328733806428},{"re":0.40212064348405996,"im":0.12718739814107363},{"re":0.3571864087337292,"im":0.19032495395122434},{"re":0.3035957787043776,"im":0.24228447534720673},{"re":0.24369161790230645,"im":0.28211945756464657},{"re":0.18013452466367488,"im":0.30939757411208124},{"re":0.11536916267289478,"im":0.3239312436775802},{"re":0.05171249275619576,"im":0.3260847075286362},{"re":-0.008905299562815756,"im":0.3169341043194889},{"re":-0.06466290702562194,"im":0.29781603959850783},{"re":-0.11414704403613934,"im":0.2701235765917937},{"re":-0.1563245097549631,"im":0.23548567091338912},{"re":-0.19052910450254162,"im":0.1956938117091223},{"re":-0.21631621248703592,"im":0.1525838334327552},{"re":-0.2336789537564683,"im":0.10781625806063119},{"re":-0.2429483517746644,"im":0.06285004146392455}],"gtau":[{"re":0.0009563317431050515,"im":-0.00011740065303757238},{"re":0.0012050124276844615,"im":-0.00014793610469896053},{"re":0.001557090786374883,"im":-0.0001912218745288845},{"re":0.002049842048470887,"im":-0.00025187557298105},{"re":0.002738349060048472,"im":-0.0003367161915493485},{"re":0.00370262007118008,"im":-0.0004556251581119666},{"re":0.005058656541832808,"im":-0.0006229450356849422},{"re":0.0069751213606930144,"im":-0.000859551753937678},{"re":0.00969847072222408,"im":-0.001196004180000067},{"re":0.01359111015218289,"im":-0.0016772761506536878},{"re":0.019189607159770326,"im":-0.0023700462679623006},{"re":0.027294581073885788,"im":-0.003373794779869249},{"re":0.03911114360817552,"im":-0.004838315571957838},{"re":0.056471681580064194,"im":-0.006991611997785078},{"re":0.08219550514296599,"im":-0.010184679434406763},{"re":0.12068307838044035,"im":-0.014965603005358513},{"re":0.17892461556306868,"im":-0.02220472744385789},{"re":0.26827898894779084,"im":-0.033313025484742784},{"re":0.40776963367889996,"im":-0.05064040239047841},{"re":0.6306364077207023,"im":-0.07824953649509472},{"re":0.999043668256895,"im":0.00011740065303757238}],"ts":[0.025,0.05,0.07500000000000001,0.1,0.125,0.15000000000000002,0.17500000000000002,0.2,0.225,0.25,0.275,0.30000000000000004,0.325,0.35000000000000003,0.375,0.4,0.42500000000000004,0.45,0.47500000000000003,0.5,0.525,0.55,0.5750000000000001,0.6000000000000001,0.625,0.65,0.675,0.7000000000000001,0.7250000000000001,0.75,0.775,0.8,0.8250000000000001,0.8500000000000001,0.875,0.9,0.925,0.9500000000000001,0.9750000000000001,1.0,1.0250000000000001],"gt":[{"re":-0.00011740065303798878,"im":-0.000956331743115852},{"re":-1.3490450790596364e-5,"im":-0.0009591086458580222},{"re":9.069699077890694e-5,"im":-0.0009423741835787288},{"re":0.0001925954630569724,"im":-0.0009070099732235213},{"re":0.00028971619887434356,"im":-0.0008543686121956806},{"re":0.0003795670772081046,"im":-0.0007861319207233527},{"re":0.0004598381653684973,"im":-0.0007044334263241875},{"re":0.0005283068228953279,"im":-0.0006116599703168819},{"re":0.0005833930037943534,"im":-0.0005105530360731995},{"re":0.000623928994743761,"im":-0.0004039719638677037},{"re":0.0006488440618184647,"im":-0.00029476841002178746},{"re":0.0006582016214165369,"im":-0.0001855799863251884},{"re":0.0006523302199951421,"im":-7.894688858446215e-5},{"re":0.0006318264475682002,"im":2.280704514251643e-5},{"re":0.000597814583079371,"im":0.00011741354421011977},{"re":0.0005516670069787804,"im":0.00020304369111183836},{"re":0.0004949628292083946,"im":0.00027816681226824165},{"re":0.0004295872901105499,"im":0.0003414001690765325},{"re":0.0003575996163598043,"im":0.0003918380931851911},{"re":0.0002810752412063957,"im":0.00042865784575909973},{"re":0.0002021260907232154,"im":0.00045160706658727197},{"re":0.00012277757603282815,"im":0.0004607306157196705},{"re":4.536888918651499e-5,"im":0.00045647276096147214},{"re":-2.807743823941488e-5,"im":0.0004396019714788723},{"re":-9.571749275545801e-5,"im":0.00041126837345672324},{"re":-0.00015589761727498918,"im":0.00037293370905656963},{"re":-0.00020728514140372698,"im":0.00032636549657841116},{"re":-0.0002487099316696938,