{"taus":[0.2,0.4,0.6000000000000001,0.8,1.0,1.2000000000000002,1.4000000000000001,1.6,1.8,2.0,2.2,2.4000000000000004,2.6,2.8000000000000003,3.0,3.2,3.4000000000000004,3.6,3.8000000000000003,4.0,4.2,4.4,4.6000000000000005,4.800000000000001,5.0,5.2,5.4,5.6000000000000005,5.800000000000001,6.0,6.2,6.4,6.6000000000000005,6.800000000000001,7.0,7.2,7.4,7.6000000000000005,7.800000000000001,8.0,8.200000000000001,8.4,8.6,8.8,9.0,9.200000000000001,9.4,9.600000000000001,9.8,10.0,10.200000000000001],"bd":[2,4,8,16,8,16,8,16,16,32,32,60,60,60,60,60,60,60,56,60,60,60,60,60,60,60,60,60,60,60,60,60,60,60,60,60,60,60,60,60,60,60,60,60,60,60,60,60,60,60,60,60,60,60,60,60,60,60,60,60,60,60,60,60,60,60,60,60,60,60,60,60,60,60,60,60,60,60,60,60,60,60,60,60,60,60,60,60,60,60,60,60,60,60,60,60,60,60,60,60,60,60,60,60,60,60,60,60,60,60,60,60,60,60,60,60,60,60,60,60,56,60,60,60,60,60,60,60,60,60,60,60,60,60,60,60,60,60,60,60,60,60,60,60,60,60,60,60,60,60,60,60,60,60,60,60,60,60,60,60,60,60,60,60,60,60,56,60,60,60,56,60,60,60,56,60,60,60,56,60,60,60,56,60,60,60,60,60,60,60,60,60,60,60,60,60,60,60,56,60,32,32,16,16,8,4,2,1],"gtau":[1.9917686440629077e-15,-4.6119909620042795e-15,1.2191731114131338e-14,4.5352515484558435e-14,2.48129889738172e-14,-2.866300201553247e-14,-2.637529679433422e-15,-3.345683450681873e-14,3.161523526190808e-15,4.5749755525746764e-14,-2.7872506420480734e-14,2.084661039127897e-14,1.6939680739488483e-14,-5.3489713454539346e-15,1.1538840785328274e-14,1.763795434731025e-14,4.689228451860695e-15,-1.9658788545200798e-14,-7.822380838421282e-15,2.5416346729595974e-14,2.0198016361196385e-17,-3.449055716835758e-15,3.474621167350333e-14,6.197216629778173e-14,1.5089785432297898e-13,3.7828015774569337e-13,1.262550300675563e-12,3.856497211744214e-12,1.2003152379880852e-11,3.700419799395191e-11,1.1397771814622398e-10,3.507944619562037e-10,1.0791096944178088e-9,3.317966907510691e-9,1.0197387212553905e-8,3.132595559433218e-8,9.619216908889846e-8,2.949767231560985e-7,9.040498003722896e-7,2.77131851118599e-6,8.49845974339832e-6,2.607738042790662e-5,8.009184978869264e-5,0.0002461530645385977,0.0007564172513305258,0.002332024445903366,0.007223722873876805,0.02268748059244717,0.07337333735342597,0.2519842547624461,0.9999999999996074]}