{"taus":[0.2,0.4,0.6000000000000001,0.8,1.0,1.2000000000000002,1.4000000000000001,1.6,1.8,2.0,2.2,2.4000000000000004,2.6,2.8000000000000003,3.0,3.2,3.4000000000000004,3.6,3.8000000000000003,4.0,4.2,4.4,4.6000000000000005,4.800000000000001,5.0,5.2,5.4,5.6000000000000005,5.800000000000001,6.0,6.2,6.4,6.6000000000000005,6.800000000000001,7.0,7.2,7.4,7.6000000000000005,7.800000000000001,8.0,8.200000000000001,8.4,8.6,8.8,9.0,9.200000000000001,9.4,9.600000000000001,9.8,10.0,10.200000000000001],"bd":[2,4,8,16,8,16,8,16,16,32,32,64,64,120,116,120,120,120,116,120,120,120,116,120,120,120,116,120,120,120,116,120,120,120,116,120,120,120,116,120,120,120,112,120,120,120,116,120,120,120,116,120,120,120,116,120,120,120,116,120,120,120,116,120,120,120,116,120,116,120,116,120,116,120,116,120,116,120,116,120,120,120,112,120,120,120,112,120,120,120,116,120,116,120,116,120,120,120,112,120,120,120,112,120,120,120,112,120,120,120,112,120,120,120,112,120,120,120,112,120,120,120,112,120,120,120,112,120,120,120,112,120,120,120,112,120,120,120,112,120,120,120,112,120,116,120,116,120,120,120,116,120,120,120,116,120,120,120,116,120,120,120,116,120,120,120,116,120,120,120,116,120,120,120,116,120,120,120,116,120,120,120,116,120,120,120,116,120,120,120,116,120,120,120,116,120,116,120,64,64,32,32,16,16,8,4,2,1],"gtau":[0.08679173866958505,0.0880752578663263,0.09071659870489233,0.09399142870363075,0.09770005395622176,0.10176999717242649,0.10615891425965862,0.11084385610848987,0.11580814949099658,0.12105566038639187,0.12659220604345459,0.13237996484985734,0.13844226523778363,0.1447967529627332,0.1514650962800367,0.15845984988684772,0.16579139106089566,0.17346592452052156,0.1814919830282782,0.18989282106952457,0.19867977037367632,0.20785472455213405,0.2174651600465539,0.2275229794409909,0.23807066431902124,0.2491210017600777,0.2607187245288504,0.2728793744957309,0.2856732175259088,0.29910761655775986,0.31321812856261655,0.3280758656235353,0.3437366738936486,0.36025238140220656,0.3776795784726958,0.3960880474805409,0.41555357213546296,0.436166147416223,0.45800623234789606,0.48119001708747167,0.5058499068862369,0.5321149907653872,0.5601399778521339,0.5902290301280155,0.6227559969021945,0.6578972327965515,0.6962154875397297,0.7382761405360386,0.785393414851782,0.840539823465576,0.9132082613310274]}