{"taus":[0.2,0.4,0.6000000000000001,0.8,1.0,1.2000000000000002,1.4000000000000001,1.6,1.8,2.0,2.2,2.4000000000000004,2.6,2.8000000000000003,3.0,3.2,3.4000000000000004,3.6,3.8000000000000003,4.0,4.2,4.4,4.6000000000000005,4.800000000000001,5.0,5.2,5.4,5.6000000000000005,5.800000000000001,6.0,6.2,6.4,6.6000000000000005,6.800000000000001,7.0,7.2,7.4,7.6000000000000005,7.800000000000001,8.0,8.200000000000001,8.4,8.6,8.8,9.0,9.200000000000001,9.4,9.600000000000001,9.8,10.0,10.200000000000001],"bd":[2,4,8,16,8,16,8,16,16,32,32,64,64,128,128,256,256,300,296,300,296,300,292,300,300,300,296,300,300,300,292,300,300,300,296,300,296,300,300,300,296,300,292,300,296,300,296,300,296,300,296,300,288,300,296,300,292,300,288,300,292,300,284,300,292,300,292,300,292,300,288,300,296,300,292,300,288,300,288,300,292,300,288,300,288,300,292,300,284,300,292,300,288,300,292,300,288,300,288,300,288,300,288,300,284,300,296,300,284,300,292,300,288,300,292,300,292,300,292,300,292,300,296,300,284,300,296,300,292,300,292,300,292,300,296,300,288,300,292,300,292,300,292,300,292,300,292,300,292,300,292,300,292,300,292,300,292,300,296,300,296,300,292,300,296,300,292,300,296,300,292,300,296,300,292,300,296,300,292,300,292,300,292,300,292,300,292,300,292,300,288,300,288,300,256,256,128,128,64,64,32,32,16,16,8,4,2,1],"gtau":[1.55614666487527e-11,2.0342891834457042e-11,2.954045427477061e-11,4.485515749845246e-11,6.966538910975517e-11,1.0991210827701532e-10,1.7503829958913484e-10,2.8102252009287024e-10,4.537532829003066e-10,7.367474938627649e-10,1.200230636965711e-9,1.9625844272523254e-9,3.224895646347728e-9,5.289473645614715e-9,8.65182904022601e-9,1.414533379472819e-8,2.3124547775042527e-8,3.7843591011426617e-8,6.184399785184437e-8,1.0139186492369195e-7,1.6612114383611027e-7,2.732135740518197e-7,4.505571278110204e-7,7.42867339653117e-7,1.2273209786122627e-6,2.031378171258288e-6,3.3535808017653134e-6,5.543333505347479e-6,9.182115753306349e-6,1.5212031129762899e-5,2.522775531881176e-5,4.185508592884119e-5,6.956963896812136e-5,0.00011566716688315943,0.00019233946171250845,0.00031954358050057083,0.0005292087065768569,0.0008763986788568025,0.001451425652316325,0.0024056447997256266,0.00398998256230032,0.006628310046760025,0.011036714575433261,0.018438545484918648,0.030954181908497507,0.05229243612332099,0.08910461338437463,0.15375067070204487,0.2707140620858116,0.4945089134611074,0.9999999999847884]}