{"taus":[0.1,0.2,0.30000000000000004,0.4,0.5,0.6000000000000001,0.7000000000000001,0.8,0.9,1.0,1.1,1.2000000000000002,1.3,1.4000000000000001,1.5,1.6,1.7000000000000002,1.8,1.9000000000000001,2.0,2.1,2.2,2.3000000000000003,2.4000000000000004,2.5,2.6,2.7,2.8000000000000003,2.9000000000000004,3.0,3.1,3.2,3.3000000000000003,3.4000000000000004,3.5,3.6,3.7,3.8000000000000003,3.9000000000000004,4.0,4.1000000000000005,4.2,4.3,4.4,4.5,4.6000000000000005,4.7,4.800000000000001,4.9,5.0,5.1000000000000005,5.2,5.300000000000001,5.4,5.5,5.6000000000000005,5.7,5.800000000000001,5.9,6.0,6.1000000000000005,6.2,6.300000000000001,6.4,6.5,6.6000000000000005,6.7,6.800000000000001,6.9,7.0,7.1000000000000005,7.2,7.300000000000001,7.4,7.5,7.6000000000000005,7.7,7.800000000000001,7.9,8.0,8.1,8.200000000000001,8.3,8.4,8.5,8.6,8.700000000000001,8.8,8.9,9.0,9.1,9.200000000000001,9.3,9.4,9.5,9.600000000000001,9.700000000000001,9.8,9.9,10.0,10.100000000000001],"bd":[2,4,8,16,8,16,8,16,16,32,32,64,64,80,80,80,80,80,80,80,80,80,80,80,80,80,80,80,80,80,80,80,80,80,80,80,80,80,80,80,80,80,80,80,80,80,80,80,80,80,80,80,80,80,80,80,80,80,80,80,80,80,80,80,80,80,80,80,80,80,80,80,80,80,80,80,80,80,80,80,80,80,80,80,80,80,80,80,80,80,80,80,80,80,80,80,80,80,80,80,80,80,80,80,80,80,80,80,80,80,80,80,80,80,80,80,80,80,80,80,80,80,80,80,80,80,80,80,80,80,80,80,80,80,80,80,80,80,80,80,80,80,80,80,80,80,80,80,80,80,80,80,80,80,80,80,80,80,80,80,80,80,80,80,80,80,80,80,80,80,80,80,80,80,80,80,80,80,80,80,80,80,80,80,80,80,80,80,80,80,80,80,80,80,80,80,80,80,80,80,80,80,80,80,80,80,80,80,80,80,80,80,80,80,80,80,80,80,80,80,80,80,80,80,80,80,80,80,80,80,80,80,80,80,80,80,80,80,80,80,80,80,80,80,80,80,80,80,80,80,80,80,80,80,80,80,80,80,80,80,80,80,80,80,80,80,80,80,80,80,80,80,80,80,80,80,80,80,80,80,80,80,80,80,80,80,80,80,80,80,80,80,80,80,80,80,80,80,80,80,80,80,80,80,80,80,80,80,80,80,80,80,80,80,80,80,80,80,80,80,80,80,80,80,80,80,80,80,80,80,80,80,80,80,80,80,80,80,80,80,80,80,80,80,80,80,80,80,80,80,80,80,80,80,80,80,80,80,80,80,80,80,80,80,80,80,80,80,80,80,80,80,80,80,80,80,80,80,80,80,80,80,80,80,80,80,80,80,80,80,80,80,80,80,80,80,80,80,64,64,32,32,16,16,8,4,2,1],"gtau":[-8.080209202599828e-16,-6.9265384422655405e-16,-1.5804692521075315e-16,-1.2552051302618785e-16,-2.398564057264399e-15,-3.674967715827468e-15,-5.715373911255796e-15,-3.5816447808712986e-16,7.624136248685786e-16,-2.8056675281739453e-15,-4.183184623989849e-15,-4.130817207395412e-15,-5.745093764593169e-15,1.1859284872705632e-15,-3.2573848047692817e-17,2.7324210771901218e-15,1.4494720376811602e-15,2.3699236622882467e-15,3.061827681107306e-15,1.3525599488477951e-15,1.6847957013115269e-15,1.0911722187562775e-15,2.6870277200834585e-15,1.9182180231398946e-15,1.0612270522184074e-15,3.9585826035444294e-15,-5.060842949659904e-16,-4.184268448870722e-16,2.574381276299538e-15,-3.2949112016645193e-17,-8.107048944828131e-16,-6.5667312648925235e-16,-5.057964788645091e-16,5.33375994857823e-16,2.256329577709587e-15,3.469605419372599e-15,1.1006021925683581e-15,3.0427711968083604e-15,8.89931459606888e-15,1.1214525405531393e-14,1.7877502032387944e-14,3.0196781700750676e-14,5.0290296853285317e-14,9.243158383045998e-14,1.5388929927320419e-13,2.5864135610093954e-13,4.330100789657245e-13,7.246932576084044e-13,1.210014312190186e-12,2.0219582738596566e-12,3.3802577730436366e-12,5.646784882467634e-12,9.438775857619071e-12,1.5789815160496505e-11,2.6405307629467235e-11,4.415779294732644e-11,7.385955319453962e-11,1.2355229432221318e-10,2.067089329593657e-10,3.4587849222098444e-10,5.788372367562892e-10,9.688354176443706e-10,1.6218874159802124e-9,2.7157195774565052e-9,4.5486157395905175e-9,7.621315576050094e-9,1.2772605679645934e-8,2.140767541612097e-8,3.587915721059826e-8,6.01263859162616e-8,1.007473121137648e-7,1.6879502888160591e-7,2.8279035521218675e-7,4.737763478001789e-7,7.938027623579587e-7,1.330178634021972e-6,2.2294374148884065e-6,3.7376725026076324e-6,6.2687192555009114e-6,1.0519121443408454e-5,1.7662170256409124e-5,2.9673152083237305e-5,4.988290259560368e-5,8.391342536043967e-5,0.00014126383658515185,0.0002379987314754808,0.0004012955890077759,0.000676848011952326,0.001140381388676873,0.00192718262936568,0.0033761483981148365,0.005755353374562993,0.009840299058616027,0.01688472267463177,0.029100445023123426,0.05045175130154716,0.08813321319241875,0.15565224854333265,0.27965799968918886,0.5158586145493085,0.9999999999997549]}