{"taus":[0.2,0.4,0.6000000000000001,0.8,1.0,1.2000000000000002,1.4000000000000001,1.6,1.8,2.0,2.2,2.4000000000000004,2.6,2.8000000000000003,3.0,3.2,3.4000000000000004,3.6,3.8000000000000003,4.0,4.2,4.4,4.6000000000000005,4.800000000000001,5.0,5.2,5.4,5.6000000000000005,5.800000000000001,6.0,6.2,6.4,6.6000000000000005,6.800000000000001,7.0,7.2,7.4,7.6000000000000005,7.800000000000001,8.0,8.200000000000001,8.4,8.6,8.8,9.0,9.200000000000001,9.4,9.600000000000001,9.8,10.0,10.200000000000001],"bd":[2,4,8,16,8,16,8,16,16,32,32,64,64,128,128,256,248,400,376,400,400,400,400,400,400,400,400,400,400,400,400,400,400,400,400,400,400,400,400,400,400,400,400,400,400,400,400,400,400,400,400,400,400,400,400,400,400,400,400,400,400,400,400,400,400,400,400,400,400,400,400,400,400,400,400,400,400,400,400,400,400,400,400,400,400,400,400,400,400,400,400,400,400,400,400,400,400,400,400,400,400,400,400,400,400,400,400,400,400,400,400,400,400,400,400,400,400,400,400,400,400,400,400,400,400,400,400,400,400,400,400,400,400,400,400,400,400,400,400,400,400,400,400,400,400,400,400,400,400,400,400,400,400,400,400,400,400,400,400,400,400,400,400,400,400,400,400,400,400,400,400,400,400,400,400,400,400,400,400,400,400,400,400,400,400,400,400,400,400,400,400,400,400,400,256,256,128,128,64,64,32,32,16,16,8,4,2,1],"gtau":[0.07076584503170029,0.07186633190398446,0.07404653430948331,0.07674900772439294,0.07981298977975379,0.08317495477129123,0.08680716112362677,0.09069829122443221,0.09484583880738764,0.09925255785181245,0.10392473070199673,0.10887118143062084,0.11410268870592775,0.11963180273247369,0.125472633950697,0.13164034737227812,0.1381523285783329,0.14502681132513667,0.15228368572294043,0.159944421435258,0.1680319755021532,0.17657114368080745,0.185588622496906,0.1951131670207923,0.20517577423518882,0.2158098966979627,0.22705169054740573,0.23894030317040918,0.251518207690197,0.26483159304134607,0.27893082121098994,0.29387096546516533,0.3097124393226635,0.3265217716305712,0.3443725509410397,0.363346958448807,0.38353594305020106,0.40504242282321723,0.4279834160206142,0.45249228930448826,0.47872285791809494,0.5068561454405299,0.5371083968242422,0.5697420431929799,0.6050868711564754,0.6435761527488401,0.6858077945522202,0.732677399125256,0.7857030010559861,0.8480277187717323,0.9292341549685311]}