{"taus":[0.2,0.4,0.6000000000000001,0.8,1.0,1.2000000000000002,1.4000000000000001,1.6,1.8,2.0,2.2,2.4000000000000004,2.6,2.8000000000000003,3.0,3.2,3.4000000000000004,3.6,3.8000000000000003,4.0,4.2,4.4,4.6000000000000005,4.800000000000001,5.0,5.2,5.4,5.6000000000000005,5.800000000000001,6.0,6.2,6.4,6.6000000000000005,6.800000000000001,7.0,7.2,7.4,7.6000000000000005,7.800000000000001,8.0,8.200000000000001,8.4,8.6,8.8,9.0,9.200000000000001,9.4,9.600000000000001,9.8,10.0,10.200000000000001],"bd":[2,4,8,16,8,16,8,16,16,32,32,64,64,128,128,256,256,300,300,300,300,300,292,300,300,300,300,300,296,300,296,300,300,300,296,300,300,300,300,300,300,300,296,300,296,300,292,300,300,300,296,300,300,300,292,300,300,300,296,300,300,300,296,300,296,300,296,300,296,300,296,300,292,300,296,300,292,300,300,300,292,300,296,300,292,300,296,300,292,300,296,300,292,300,296,300,292,300,296,300,292,300,296,300,292,300,296,300,292,300,296,300,292,300,296,300,292,300,296,300,292,300,296,300,292,300,296,300,292,300,296,300,296,300,292,300,296,300,292,300,296,300,296,300,296,300,292,300,296,300,292,300,296,300,292,300,296,300,292,300,300,300,296,300,296,300,296,300,296,300,296,300,296,300,296,300,292,300,292,300,292,300,296,300,288,300,296,300,296,300,296,300,288,300,256,256,128,128,64,64,32,32,16,16,8,4,2,1],"gtau":[1.4591024636562876e-15,-2.9097762608515485e-15,-2.2577178805001063e-14,-2.8374079859110853e-14,-1.5595059204500266e-14,2.8623856387860474e-14,-9.330742154401716e-16,-1.4379213403551465e-14,-1.7265259075887593e-14,-2.6585828202310022e-14,-3.309372987627185e-14,-1.665956235728878e-14,-2.737612915697687e-14,-2.0569008140324793e-14,-2.7123833800281494e-14,-1.2271014657864297e-15,1.3352737250755878e-14,-7.390450405924268e-15,6.947295639132543e-15,-4.6774189786562266e-17,2.5863283831365853e-14,8.633939324229357e-14,1.208055995808432e-13,3.3153934803956826e-13,8.374472036313139e-13,2.2448231246430783e-12,6.51679159522076e-12,1.839355960511719e-11,5.21212938288565e-11,1.4773830686092833e-10,4.1841475707855603e-10,1.1852402591370017e-9,3.357975689642574e-9,9.507593251928696e-9,2.689783769284926e-8,7.608062129096682e-8,2.1513344299749124e-7,6.083242515842132e-7,1.7209640410667466e-6,4.873389780991721e-6,1.382673900287916e-5,3.9349730121284306e-5,0.00011250654851650344,0.00032371598644943096,0.0009390271758034895,0.002753293288936832,0.008190661034393292,0.024877566857900688,0.07806511032920052,0.2599458548711727,0.9999999999992981]}