{"taus":[0.02,0.04,0.06,0.08,0.1,0.12,0.14,0.16,0.18,0.2,0.22,0.24,0.26,0.28,0.3,0.32,0.34,0.36,0.38,0.4,0.42,0.44,0.46,0.48,0.5,0.52,0.54,0.56,0.58,0.6,0.62,0.64,0.66,0.68,0.7000000000000001,0.72,0.74,0.76,0.78,0.8,0.8200000000000001,0.84,0.86,0.88,0.9,0.92,0.9400000000000001,0.96,0.98,1.0,1.02],"bd":[2,4,8,16,8,16,8,16,16,32,32,64,64,128,104,208,168,320,208,384,264,496,288,544,328,600,336,600,392,600,400,600,440,600,464,600,488,600,496,600,522,600,528,600,568,600,568,600,584,600,584,600,592,600,592,600,600,600,600,600,600,600,600,600,600,600,600,600,600,600,600,600,600,600,600,600,600,600,600,600,600,600,600,600,600,600,600,600,600,600,600,600,600,600,600,600,600,600,600,600,600,600,600,600,600,600,600,600,600,600,600,600,600,600,600,600,600,600,600,600,600,600,600,600,600,600,600,600,600,600,600,600,600,600,600,600,600,600,600,600,600,600,600,600,600,600,600,600,600,600,600,600,600,600,600,600,600,600,600,600,600,600,600,600,584,600,584,600,568,600,560,600,528,600,512,600,480,600,472,600,428,600,404,600,368,600,352,592,304,528,280,432,232,340,184,224,120,128,64,64,32,32,16,16,8,4,2,1],"gtau":[0.3919496817039588,0.39331615904910827,0.39487986869520986,0.39661680354520923,0.39850867147631985,0.4005413022335207,0.402703576178146,0.40498668302713337,0.4073835961585812,0.4098886918562861,0.41249746843320606,0.41520633566150145,0.41801245544052384,0.4209136180640299,0.42390814795257187,0.42699482912013076,0.43017284708705616,0.4334417432606344,0.4368013793320017,0.4402519096803036,0.4437937604115527,0.4474276139608036,0.45115439845861083,0.4549752813526919,0.4588916668838455,0.46290519718382517,0.46701775694687203,0.4712314816689311,0.4755487696244137,0.4799722978649337,0.4845050426738736,0.48915030506655366,0.49391174212970895,0.4987934052484736,0.5037997865469622,0.5089358753362304,0.5142072267983442,0.5196200459641117,0.5251812908789105,0.5308988001855252,0.5367814518826712,0.5428393637883735,0.5490841477461231,0.5555292371285547,0.562190313598779,0.5690858718418752,0.5762379795100578,0.5836733195975904,0.5914246515579132,0.5995329113178567,0.6080503182899595]}