{"taus":[0.5,1.0,1.5],"bd":[2,4,8,16,8,16,8,16,16,32,16,16,8,4,2,1],"gtau":[0.0009554959168832696,0.019184939854013615,0.9990445040831185]}