{"taus":[0.1,0.2,0.30000000000000004,0.4,0.5,0.6000000000000001,0.7000000000000001,0.8,0.9,1.0,1.1,1.2000000000000002,1.3,1.4000000000000001,1.5,1.6,1.7000000000000002,1.8,1.9000000000000001,2.0,2.1,2.2,2.3000000000000003,2.4000000000000004,2.5,2.6,2.7,2.8000000000000003,2.9000000000000004,3.0,3.1,3.2,3.3000000000000003,3.4000000000000004,3.5,3.6,3.7,3.8000000000000003,3.9000000000000004,4.0,4.1000000000000005,4.2,4.3,4.4,4.5,4.6000000000000005,4.7,4.800000000000001,4.9,5.0,5.1000000000000005],"bd":[2,4,8,16,8,16,8,16,16,32,32,64,64,100,96,100,100,100,100,100,100,100,100,100,100,100,100,100,100,100,100,100,100,100,100,100,100,100,100,100,100,100,100,100,100,100,100,100,100,100,100,100,100,100,100,100,100,100,100,100,100,100,100,100,100,100,100,100,100,100,100,100,100,100,100,100,100,100,100,100,100,100,100,100,100,100,100,100,100,100,100,100,100,100,100,100,100,100,100,100,100,100,100,100,100,100,100,100,100,100,100,100,100,100,100,100,100,100,100,100,100,100,100,100,100,100,96,100,100,100,100,100,96,100,100,100,96,100,96,100,100,100,100,100,100,100,100,100,100,100,100,100,100,100,100,100,100,100,100,100,100,100,100,100,100,100,96,100,96,100,96,100,100,100,96,100,100,100,96,100,100,100,100,100,100,100,100,100,100,100,100,100,100,100,96,100,100,100,64,64,32,32,16,16,8,4,2,1],"gtau":[-1.381891550082141e-15,2.8737056880669728e-15,7.34136167364634e-15,1.2047575215224056e-15,1.0021577256041704e-14,1.953596034705064e-14,9.814753746133717e-15,2.0534558794984427e-14,2.187314975234482e-15,1.9476906265047168e-14,6.17712974650193e-14,1.221802596622931e-13,2.896859644404111e-13,6.329437763102207e-13,1.2925279187908398e-12,2.6617280391612896e-12,5.687295833502182e-12,1.1960100268152045e-11,2.532657072906339e-11,5.3644936018916956e-11,1.1367051116857262e-10,2.409112807711429e-10,5.106198854544992e-10,1.0822766057918887e-9,2.2939471820159336e-9,4.861199001013316e-9,1.029946579657476e-8,2.1816105193217323e-8,4.622216102312576e-8,9.793428361270854e-8,2.0752266436350855e-7,4.3972153292260197e-7,9.315652343548851e-7,1.9728944255646688e-6,4.1759041220031345e-6,8.831229689167668e-6,1.8657097705480287e-5,3.937913434185796e-5,8.306220212588154e-5,0.00017498003440051969,0.0003680506697586026,0.0007753405674176849,0.0016393645567762197,0.003483511834959916,0.0074509664572414425,0.016069191569615934,0.0350221633558642,0.07733631186151127,0.17420134454350966,0.4050121216017364,0.9999999999967425]}