{"taus":[0.2,0.4,0.6000000000000001,0.8,1.0,1.2000000000000002,1.4000000000000001,1.6,1.8,2.0,2.2,2.4000000000000004,2.6,2.8000000000000003,3.0,3.2,3.4000000000000004,3.6,3.8000000000000003,4.0,4.2,4.4,4.6000000000000005,4.800000000000001,5.0,5.2,5.4,5.6000000000000005,5.800000000000001,6.0,6.2,6.4,6.6000000000000005,6.800000000000001,7.0,7.2,7.4,7.6000000000000005,7.800000000000001,8.0,8.200000000000001,8.4,8.6,8.8,9.0,9.200000000000001,9.4,9.600000000000001,9.8,10.0,10.200000000000001],"bd":[2,4,8,16,8,16,8,16,16,32,32,64,64,128,128,200,200,200,196,200,196,200,200,200,196,200,200,200,200,200,196,200,200,200,196,200,196,200,196,200,200,200,196,200,200,200,196,200,200,200,196,200,200,200,196,200,200,200,200,200,200,200,200,200,200,200,196,200,196,200,200,200,196,200,196,200,196,200,200,200,196,200,200,200,196,200,200,200,196,200,200,200,196,200,196,200,196,200,200,200,196,200,200,200,196,200,200,200,196,200,200,200,196,200,196,200,196,200,200,200,196,200,200,200,196,200,200,200,196,200,200,200,196,200,200,200,196,200,196,200,196,200,196,200,200,200,196,200,200,200,196,200,200,200,196,200,200,200,196,200,200,200,196,200,200,200,200,200,196,200,196,200,196,200,196,200,200,200,196,200,196,200,196,200,196,200,196,200,196,200,200,200,196,200,196,200,128,128,64,64,32,32,16,16,8,4,2,1],"gtau":[-3.8069473482690354e-15,-9.650244943773305e-15,-1.7365365542364813e-14,4.0709806905325976e-14,-9.22478814297159e-17,-6.628575177587844e-14,-1.5314677242931366e-14,-9.079655455978168e-15,2.823405357182109e-14,-6.607134772979787e-15,-8.521643644471797e-14,-6.456988397117586e-15,2.542413501806098e-14,-1.0110260401609676e-15,-7.647445908285624e-15,1.0497704593370474e-14,-2.1001167327540216e-15,1.1852901458702724e-14,-1.3631623780431219e-14,-2.2956959195619395e-14,1.523103210183373e-14,3.2236279252252295e-14,9.95563899853454e-14,2.4590183260183364e-13,6.668883245715558e-13,1.8936168790028017e-12,5.400123147960178e-12,1.544290551217812e-11,4.422139499433492e-11,1.2655835759914186e-10,3.621823640720398e-10,1.036080666804447e-9,2.9633590546807617e-9,8.474924055314281e-9,2.4228084782627957e-8,6.927604311238858e-8,1.9810608970659808e-7,5.665819302871751e-7,1.6212720334973076e-6,4.642823353177141e-6,1.3311025720148557e-5,3.823644980663935e-5,0.00011016529245576082,0.0003187094913297019,0.0009281418603325253,0.0027294761938281226,0.008139173628935148,0.02477068426468475,0.07785353841414999,0.2595684445042426,0.9999999999990928]}