{"taus":[0.2,0.4,0.6000000000000001,0.8,1.0,1.2000000000000002,1.4000000000000001,1.6,1.8,2.0,2.2,2.4000000000000004,2.6,2.8000000000000003,3.0,3.2,3.4000000000000004,3.6,3.8000000000000003,4.0,4.2,4.4,4.6000000000000005,4.800000000000001,5.0,5.2,5.4,5.6000000000000005,5.800000000000001,6.0,6.2,6.4,6.6000000000000005,6.800000000000001,7.0,7.2,7.4,7.6000000000000005,7.800000000000001,8.0,8.200000000000001,8.4,8.6,8.8,9.0,9.200000000000001,9.4,9.600000000000001,9.8,10.0,10.200000000000001],"bd":[2,4,8,16,8,16,8,16,16,32,32,40,40,40,40,40,36,40,40,40,40,40,40,40,40,40,40,40,40,40,40,40,40,40,40,40,40,40,40,40,40,40,40,40,40,40,40,40,40,40,40,40,40,40,40,40,40,40,40,40,40,40,40,40,40,40,40,40,40,40,40,40,40,40,40,40,40,40,40,40,40,40,40,40,40,40,40,40,40,40,40,40,40,40,40,40,40,40,40,40,40,40,40,40,40,40,40,40,40,40,40,40,40,40,40,40,40,40,40,40,40,40,40,40,40,40,40,40,40,40,40,40,40,40,40,40,40,40,40,40,40,40,40,40,40,40,40,40,40,40,40,40,40,40,40,40,40,40,40,40,40,40,40,40,40,40,40,40,40,40,40,40,40,40,40,40,40,40,40,40,40,40,40,40,40,40,40,40,40,40,40,40,40,40,40,40,36,40,40,40,32,32,16,16,8,4,2,1],"gtau":[2.3347401156876695e-15,-3.981911378031451e-15,2.8290334432130347e-14,3.845814899278191e-15,-1.8381926503294002e-14,1.0364551395287502e-14,1.932281335567057e-15,-4.26087829052912e-15,-9.441745366913981e-15,-6.992770656751516e-16,1.4950739619922863e-14,1.492148041173605e-14,-3.361565219149788e-15,-3.5701338369195784e-14,2.1043836306456535e-14,4.580254401424398e-16,1.3489943603672144e-15,4.396234115485844e-15,-5.105462018787325e-16,1.2343947202429745e-14,8.62106932857802e-15,-6.843533340563253e-15,-4.536773125620336e-15,-1.2208027422265733e-15,-1.4184810317511755e-14,-3.788787923141595e-15,-1.4167068974542776e-14,-4.315981834048687e-15,-1.8152224664376213e-14,5.716952327761923e-14,3.5794860152554436e-13,1.6830697814845232e-12,6.901641940751426e-12,2.8431512174638228e-11,1.171710358438625e-10,4.829367187329897e-10,1.990661888086494e-9,8.205370029750929e-9,3.382870569402329e-8,1.3951043244498025e-7,5.756622029556643e-7,2.3778685410864205e-6,9.82539965806934e-6,4.0619122413627844e-5,0.00016797931555987067,0.0006941584241891077,0.0028626065404753964,0.011559809767517745,0.0466043201340178,0.19949769011776425,0.9999999999998475]}