{"taus":[0.2,0.4,0.6000000000000001,0.8,1.0,1.2000000000000002,1.4000000000000001,1.6,1.8,2.0,2.2,2.4000000000000004,2.6,2.8000000000000003,3.0,3.2,3.4000000000000004,3.6,3.8000000000000003,4.0,4.2,4.4,4.6000000000000005,4.800000000000001,5.0,5.2,5.4,5.6000000000000005,5.800000000000001,6.0,6.2,6.4,6.6000000000000005,6.800000000000001,7.0,7.2,7.4,7.6000000000000005,7.800000000000001,8.0,8.200000000000001,8.4,8.6,8.8,9.0,9.200000000000001,9.4,9.600000000000001,9.8,10.0,10.200000000000001],"bd":[2,4,8,16,8,16,8,16,16,32,32,64,64,128,128,200,200,200,196,200,200,200,196,200,200,200,196,200,196,200,196,200,200,200,192,200,200,200,196,200,196,200,196,200,196,200,200,200,200,200,200,200,200,200,196,200,196,200,196,200,200,200,200,200,200,200,200,200,200,200,200,200,200,200,200,200,200,200,200,200,200,200,200,200,200,200,200,200,200,200,196,200,200,200,196,200,200,200,196,200,200,200,196,200,200,200,196,200,200,200,196,200,200,200,196,200,200,200,200,200,196,200,200,200,196,200,200,200,196,200,200,200,196,200,200,200,196,200,200,200,200,200,196,200,200,200,196,200,200,200,200,200,200,200,196,200,196,200,196,200,196,200,196,200,200,200,200,200,200,200,196,200,200,200,196,200,196,200,200,200,196,200,196,200,200,200,200,200,196,200,196,200,200,200,196,200,128,128,64,64,32,32,16,16,8,4,2,1],"gtau":[3.152436107816627e-15,1.8689191781387863e-14,-1.5021818409478226e-14,5.7248241307713275e-15,-4.320414066359596e-15,-7.501065765245338e-15,-8.815666315143898e-15,-6.537201463614981e-14,-1.6598729715842477e-14,-1.5328625451972672e-14,-2.686786433494825e-14,-1.2397723979120014e-14,2.90930898163194e-14,6.118368692890901e-14,6.558116726778845e-14,1.5802022475966073e-14,6.365877425066487e-14,-1.7020416626064526e-14,1.0678521220990085e-14,-3.4276610704691483e-14,-5.441354136653113e-16,-2.8118316682156343e-14,5.449386429471557e-14,-1.4324092091424464e-14,7.951059907685907e-15,3.536422167543802e-14,6.593886878404397e-14,1.7171071132305913e-13,4.846979536985036e-13,1.706166689797487e-12,5.819302935730095e-12,2.075194940892123e-11,7.357640171055791e-11,2.6102077808925565e-10,9.241478341480624e-10,3.2643126064812975e-9,1.149099223496185e-8,4.038795868088288e-8,1.418728776182986e-7,4.984397512982193e-7,1.7524062140737908e-6,6.170947735064749e-6,2.1788882258512868e-5,7.72379252329019e-5,0.0002755775651419446,0.000992447896094856,0.003622579875537384,0.013495272892494158,0.05193216870925041,0.21203004937762437,0.9999999999995824]}