{"gf":[0.44893309169582535,0.4540778406230738,0.46021675487909997,0.46738453234484106,0.4756236553653651,0.4849848821887092,0.49552785753301176,0.5073218540021236,0.5204466590500633,0.5349936255938573,0.5510669083041746],"ts":[0.0,0.01,0.02,0.03,0.04,0.05,0.06,0.07,0.08,0.09,0.1]}