{"taus":[0.2,0.4,0.6000000000000001,0.8,1.0,1.2000000000000002,1.4000000000000001,1.6,1.8,2.0,2.2,2.4000000000000004,2.6,2.8000000000000003,3.0,3.2,3.4000000000000004,3.6,3.8000000000000003,4.0,4.2,4.4,4.6000000000000005,4.800000000000001,5.0,5.2,5.4,5.6000000000000005,5.800000000000001,6.0,6.2,6.4,6.6000000000000005,6.800000000000001,7.0,7.2,7.4,7.6000000000000005,7.800000000000001,8.0,8.200000000000001,8.4,8.6,8.8,9.0,9.200000000000001,9.4,9.600000000000001,9.8,10.0,10.200000000000001],"bd":[2,4,8,16,8,16,8,16,16,32,32,64,64,80,80,80,80,80,80,80,80,80,80,80,80,80,80,80,80,80,80,80,80,80,80,80,80,80,80,80,80,80,80,80,80,80,80,80,80,80,80,80,80,80,80,80,80,80,80,80,80,80,80,80,80,80,80,80,80,80,80,80,80,80,80,80,80,80,80,80,80,80,80,80,80,80,80,80,80,80,80,80,80,80,80,80,80,80,80,80,80,80,80,80,80,80,80,80,80,80,80,80,80,80,80,80,80,80,80,80,80,80,80,80,80,80,80,80,80,80,80,80,80,80,80,80,80,80,80,80,80,80,80,80,80,80,80,80,80,80,80,80,80,80,80,80,80,80,80,80,80,80,80,80,80,80,80,80,80,80,80,80,80,80,80,80,80,80,80,80,80,80,80,80,80,80,80,80,80,80,80,80,80,80,80,80,80,80,64,64,32,32,16,16,8,4,2,1],"gtau":[0.0770466765095863,0.07822556969812836,0.08056169997734185,0.08347212201969567,0.08678573675648468,0.09044422960725976,0.09439710783166576,0.09863074517421902,0.103140869281376,0.10792984017227061,0.11300274139733234,0.11836807261131968,0.12403662647783865,0.13002082274818685,0.13633460542516646,0.14299335073177277,0.15001381914415735,0.1574141478343648,0.16521387315608055,0.17343398072713884,0.18209697544310396,0.1912269735614147,0.20084981363657295,0.21099318886224638,0.22168680008470448,0.23296253642357811,0.24485468052778456,0.257400146526211,0.27063875624865397,0.2846135595782089,0.29937120563114855,0.31496237907502317,0.33144231605393193,0.3488714142697957,0.36731596320690457,0.38684902790905684,0.4075515296556695,0.42951359054175564,0.45283622543536306,0.4776335229542825,0.5040355261206609,0.5321921447931375,0.5622786385524355,0.5945037330147783,0.6291237118745352,0.6664498410114265,0.7068763708316295,0.7510734996808568,0.8000181169995847,0.8557033803655589,0.922953323490156]}