{"gf":[0.43782349911420193,0.4378689572639586,0.43800507864832144,0.43823154118574165,0.4385480985426213,0.4389545790835661,0.4394508849672056,0.44003699138324026,0.44071294592663823,0.4414788681055788,0.4423349489802017,0.4432814509295634,0.44431870754484837,0.4454471236470435,0.44666717542797674,0.4479794107137743,0.4493844493503881,0.4508829837110335,0.45247577932593985,0.45416367563506305,0.455947586864822,0.4578285030303453,0.4598074910650559,0.46188569607971414,0.46406434275366176,0.46634473686113026,0.46872826693614067,0.4712164060797152,0.47381071391377805,0.4765128386863558,0.4793245195333838,0.4822475889026822,0.485283975146448,0.48843570528886127,0.49170490797622124,0.49509381661752944,0.498604772724056,0.5022402294571303,0.506002755394185,0.5098950385236923,0.5139198904806664,0.5180802510350563,0.5223791928465342,0.5268199264998977,0.5314058058367163,0.5361403335997041,0.5410271674077798,0.5460701260809981,0.5512731963359392,0.5566405398739268,0.5621765008857981],"ts":[0.0,0.01,0.02,0.03,0.04,0.05,0.06,0.07,0.08,0.09,0.1,0.11,0.12,0.13,0.14,0.15,0.16,0.17,0.18,0.19,0.2,0.21,0.22,0.23,0.24,0.25,0.26,0.27,0.28,0.29,0.3,0.31,0.32,0.33,0.34,0.35000000000000003,0.36,0.37,0.38,0.39,0.4,0.41000000000000003,0.42,0.43,0.44,0.45,0.46,0.47000000000000003,0.48,0.49,0.5]}