{"taus":[0.2,0.4,0.6000000000000001,0.8,1.0,1.2000000000000002,1.4000000000000001,1.6,1.8,2.0,2.2,2.4000000000000004,2.6,2.8000000000000003,3.0,3.2,3.4000000000000004,3.6,3.8000000000000003,4.0,4.2,4.4,4.6000000000000005,4.800000000000001,5.0,5.2],"bd":[2,4,2,4,4,8,8,16,16,32,32,60,60,60,60,60,60,60,60,60,60,60,60,60,60,60,60,60,60,60,60,60,60,60,60,60,60,60,60,60,60,60,60,60,32,32,16,16,8,8,4,4,2,1],"gtau":[0.0005537212741650255,0.0005286445402028118,0.0005847770855988244,0.0006879377577914058,0.0008379455546337614,0.0010443977896766475,0.0013237372351285373,0.0016999168486833483,0.002206602954306062,0.002890841472016308,0.0038184892926663608,0.005082133247968113,0.00681258370852098,0.009196038692121449,0.012500066077603221,0.017112986765798487,0.023605604144992968,0.03282987026842136,0.04608205201288511,0.06538460922391308,0.09399512814710854,0.13741148531223546,0.2055553442320283,0.31837180361385425,0.5242614549224502,0.9994462787256624]}