{"taus":[0.05,0.1,0.15000000000000002,0.2,0.25,0.30000000000000004,0.35000000000000003,0.4,0.45,0.5,0.55,0.6000000000000001,0.65,0.7000000000000001,0.75,0.8,0.8500000000000001,0.9,0.9500000000000001,1.0,1.05,1.1,1.1500000000000001,1.2000000000000002,1.25,1.3,1.35,1.4000000000000001,1.4500000000000002,1.5,1.55,1.6,1.6500000000000001,1.7000000000000002,1.75,1.8,1.85,1.9000000000000001,1.9500000000000002,2.0,2.0500000000000003,2.1,2.15,2.2,2.25,2.3000000000000003,2.35,2.4000000000000004,2.45,2.5,2.5500000000000003,2.6,2.6500000000000004,2.7,2.75,2.8000000000000003,2.85,2.9000000000000004,2.95,3.0,3.0500000000000003,3.1,3.1500000000000004,3.2,3.25,3.3000000000000003,3.35,3.4000000000000004,3.45,3.5,3.5500000000000003,3.6,3.6500000000000004,3.7,3.75,3.8000000000000003,3.85,3.9000000000000004,3.95,4.0,4.05,4.1000000000000005,4.15,4.2,4.25,4.3,4.3500000000000005,4.4,4.45,4.5,4.55,4.6000000000000005,4.65,4.7,4.75,4.800000000000001,4.8500000000000005,4.9,4.95,5.0,5.050000000000001,5.1000000000000005,5.15,5.2,5.25,5.300000000000001,5.3500000000000005,5.4,5.45,5.5,5.550000000000001,5.6000000000000005,5.65,5.7,5.75,5.800000000000001,5.8500000000000005,5.9,5.95,6.0,6.050000000000001,6.1000000000000005,6.15,6.2,6.25,6.300000000000001,6.3500000000000005,6.4,6.45,6.5,6.550000000000001,6.6000000000000005,6.65,6.7,6.75,6.800000000000001,6.8500000000000005,6.9,6.95,7.0,7.050000000000001,7.1000000000000005,7.15,7.2,7.25,7.300000000000001,7.3500000000000005,7.4,7.45,7.5,7.550000000000001,7.6000000000000005,7.65,7.7,7.75,7.800000000000001,7.8500000000000005,7.9,7.95,8.0,8.05,8.1,8.15,8.200000000000001,8.25,8.3,8.35,8.4,8.450000000000001,8.5,8.55,8.6,8.65,8.700000000000001,8.75,8.8,8.85,8.9,8.950000000000001,9.0,9.05,9.1,9.15,9.200000000000001,9.25,9.3,9.35,9.4,9.450000000000001,9.5,9.55,9.600000000000001,9.65,9.700000000000001,9.75,9.8,9.850000000000001,9.9,9.950000000000001,10.0,10.05],"bd":[2,4,2,4,4,8,8,16,16,32,32,40,40,40,40,40,40,40,40,40,40,40,40,40,40,40,40,40,40,40,40,40,40,40,40,40,40,40,40,40,40,40,40,40,40,40,40,40,40,40,40,40,40,40,40,40,40,40,40,40,40,40,40,40,40,40,40,40,40,40,40,40,40,40,40,40,40,40,40,40,40,40,40,40,40,40,40,40,40,40,40,40,40,40,40,40,40,40,40,40,40,40,40,40,40,40,40,40,40,40,40,40,40,40,40,40,40,40,40,40,40,40,40,40,40,40,40,40,40,40,40,40,40,40,40,40,40,40,40,40,40,40,40,40,40,40,40,40,40,40,40,40,40,40,40,40,40,40,40,40,40,40,40,40,40,40,40,40,40,40,40,40,40,40,40,40,40,40,40,40,40,40,40,40,40,40,40,40,40,40,40,40,40,40,40,40,40,40,40,40,40,40,40,40,40,40,40,40,40,40,40,40,40,40,40,40,40,40,40,40,40,40,40,40,40,40,40,40,40,40,40,40,40,40,40,40,40,40,40,40,40,40,40,40,40,40,40,40,40,40,40,40,40,40,40,40,40,40,40,40,40,40,40,40,40,40,40,40,40,40,40,40,40,40,40,40,40,40,40,40,40,40,40,40,40,40,40,40,40,40,40,40,40,40,40,40,40,40,40,40,40,40,40,40,40,40,40,40,40,40,40,40,40,40,40,40,40,40,40,40,40,40,40,40,40,40,40,40,40,40,40,40,40,40,40,40,40,40,40,40,40,40,40,40,40,40,40,40,40,40,40,40,40,40,40,40,40,40,40,40,40,40,40,40,40,40,40,40,40,40,40,40,40,40,40,40,40,40,40,40,40,40,40,40,40,40,40,40,40,40,40,40,40,40,32,32,16,16,8,8,4,4,2,1],"gtau":[8.777214082264447e-12,9.193016289303445e-12,9.788834242324653e-12,1.0539912042119267e-11,1.1439938444532129e-11,1.249683182797313e-11,1.3720911277415266e-11,1.5117815668953363e-11,1.6711807212047568e-11,1.8519118073535874e-11,2.0567422539868646e-11,2.2883051017878908e-11,2.5496728900558022e-11,2.8447085483336702e-11,3.17744424698177e-11,3.5521735674935646e-11,3.9744893234147784e-11,4.450106867877694e-11,4.985729086283966e-11,5.5894762627620036e-11,6.270635692037983e-11,7.039658311280997e-11,7.904701914674495e-11,8.877625557527543e-11,9.975271036443938e-11,1.1214366066728383e-10,1.2612934305669697e-10,1.419113270014751e-10,1.5972274202596493e-10,1.7983083959671477e-10,2.0253448686653775e-10,2.2816515943342535e-10,2.5710540191498e-10,2.8979050618431906e-10,3.267031249181644e-10,3.684017610399032e-10,4.155090776104663e-10,4.687325996766193e-10,5.288713055697019e-10,5.968373882856219e-10,6.736549711385488e-10,7.604839365360449e-10,8.586406981105592e-10,9.696140236658213e-10,1.0950891395884463e-9,1.2369739161394248e-9,1.3974384577061225e-9,1.5789199665395766e-9,1.7841949771709214e-9,2.016401879754899e-9,2.2790979673190985e-9,2.576311140447371e-9,2.91260217195018e-9,3.293139771640418e-9,3.7237755311267646e-9,4.211150069261011e-9,4.762775004982199e-9,5.387165936791572e-9,6.093971540528283e-9,6.894126756718306e-9,7.800021295621904e-9,8.825698772504355e-9,9.987074426009635e-9,1.1302148104050302e-8,1.2791428840617372e-8,1.4478057814863571e-8,1.6388301946816278e-8,1.8551942643021314e-8,2.100274261634424e-8,2.3778983473271237e-8,2.692406871324147e-8,3.0487214717278295e-8,3.452422406419828e-8,3.9098336798582145e-8,4.428137590006675e-8,5.0154688383584437e-8,5.6810604159372106e-8,6.435371598336076e-8,7.290275802327162e-8,8.259236738583487e-8,9.357530498276444e-8,1.0602496168470324e-7,1.2013812722705501e-7,1.3613804258243493e-7,1.5427789438194175e-7,1.7484488900279166e-7,1.981649863500112e-7,2.246081454243029e-7,2.545942186984797e-7,2.8859984231684923e-7,3.2716592523935957e-7,3.709065018523967e-7,4.205186182959247e-7,4.7679360905487025e-7,5.406299386021276e-7,6.130476517965015e-7,6.952050822647538e-7,7.884175758272996e-7,8.941788966171216e-7,1.0141855582872768e-6,1.1503644780791166e-6,1.3049044347359255e-6,1.4802918379820013e-6,1.679351416111253e-6,1.9052925327122668e-6,2.1617617554246787e-6,2.4529029032012274e-6,2.7834251468713003e-6,3.158680660194842e-6,3.5847529501558453e-6,4.0685573890668485e-6,4.617955667561465e-6,5.241886122302407e-6,5.950512305165513e-6,6.7553918565991384e-6,7.669669189042667e-6,8.70829485995908e-6,9.888275524922331e-6,1.1228958972686287e-5,1.2752358671579061e-5,1.44835241450365e-5,1.6450962903410506e-5,1.8687122037827468e-5,2.122893726110997e-5,2.4118459245856108e-5,2.740356849473939e-5,3.113879110253687e-5,3.538622999394583e-5,4.0216628178253646e-5,4.571058300945246e-5,5.195993320898514e-5,5.906934361096167e-5,6.7158116261216e-5,7.636226071340297e-5,8.683686124860181e-5,9.875878434915541e-5,0.00011232977619808591,0.00012778000744254918,0.00014537213105927235,0.00016540592907718558,0.00018822363545422136,0.00021421603567140445,0.0002438294603824433,0.00027757378156011576,0.00031603163030075173,0.0003598689386089905,0.00040984705980635835,0.0004668366640253035,0.0005318337276469463,0.0006059779007980408,0.0006905736298834968,0.0007871144600100266,0.00089731101099417,0.0010231232024767076,0.0011667974021534343,0.0013309092918519527,0.001518413386302548,0.0017327000293877242,0.001977661366592935,0.002257767641927787,0.002578156111886444,0.002944733725661884,0.0033642946432459898,0.003844657269942445,0.004394824574493546,0.00502517041041346,0.005747656084028226,0.006576082741068614,0.007526386457226232,0.008616984361868557,0.00986917556233062,0.011307617012010591,0.012960883960634346,0.014862122872412663,0.01704983443834197,0.01956879515089161,0.02247115616192381,0.025817759424156504,0.029679722602416973,0.034140349473717316,0.03929747059675408,0.045266328479293905,0.05218318331544497,0.06020988305747193,0.06953975843286116,0.08039911127100786,0.09305179943686231,0.10782219056807676,0.1250998572757321,0.14536501241051197,0.16921301600368074,0.1973887848378473,0.23083611884764363,0.2707703583166746,0.31878797585378227,0.37701131826582857,0.44845816781229664,0.5374544495286748,0.6505244562782214,0.7983248460250437,0.9999999999915515]}