{"taus":[0.05,0.1,0.15000000000000002,0.2,0.25,0.30000000000000004,0.35000000000000003,0.4,0.45,0.5,0.55,0.6000000000000001,0.65,0.7000000000000001,0.75,0.8,0.8500000000000001,0.9,0.9500000000000001,1.0,1.05],"bd":[2,4,2,4,4,8,8,16,16,32,32,64,64,100,100,100,100,100,100,100,100,100,100,100,100,100,100,100,100,100,100,100,64,64,32,32,16,16,8,8,4,4,2,1],"gtau":[0.46446161692636523,0.3890007195087764,0.35506480191197254,0.3372942061560986,0.3273064876576798,0.3216172607294533,0.3185574896672156,0.3172511214936677,0.3172171779010762,0.3181928742050787,0.3200483713186445,0.32275610287588313,0.3263808648887313,0.33109695481324064,0.3372281984962471,0.34534995435271537,0.35649929959760984,0.37264633808294634,0.39790509585683753,0.44218729528490397,0.5355383830736234]}