{"taus":[0.025,0.05,0.07500000000000001,0.1,0.125,0.15000000000000002,0.17500000000000002,0.2,0.225,0.25,0.275,0.30000000000000004,0.325,0.35000000000000003,0.375,0.4,0.42500000000000004,0.45,0.47500000000000003,0.5,0.525,0.55,0.5750000000000001,0.6000000000000001,0.625,0.65,0.675,0.7000000000000001,0.7250000000000001,0.75,0.775,0.8,0.8250000000000001,0.8500000000000001,0.875,0.9,0.925,0.9500000000000001,0.9750000000000001,1.0,1.0250000000000001,1.05,1.075,1.1,1.125,1.1500000000000001,1.175,1.2000000000000002,1.225,1.25,1.2750000000000001,1.3,1.3250000000000002,1.35,1.375,1.4000000000000001,1.425,1.4500000000000002,1.475,1.5,1.5250000000000001,1.55,1.5750000000000002,1.6,1.625,1.6500000000000001,1.675,1.7000000000000002,1.725,1.75,1.7750000000000001,1.8,1.8250000000000002,1.85,1.875,1.9000000000000001,1.925,1.9500000000000002,1.975,2.0,2.025,2.0500000000000003,2.075,2.1,2.125,2.15,2.1750000000000003,2.2,2.225,2.25,2.275,2.3000000000000003,2.325,2.35,2.375,2.4000000000000004,2.4250000000000003,2.45,2.475,2.5,2.5250000000000004,2.5500000000000003,2.575,2.6,2.625,2.6500000000000004,2.6750000000000003,2.7,2.725,2.75,2.7750000000000004,2.8000000000000003,2.825,2.85,2.875,2.9000000000000004,2.9250000000000003,2.95,2.975,3.0,3.0250000000000004,3.0500000000000003,3.075,3.1,3.125,3.1500000000000004,3.1750000000000003,3.2,3.225,3.25,3.2750000000000004,3.3000000000000003,3.325,3.35,3.375,3.4000000000000004,3.4250000000000003,3.45,3.475,3.5,3.5250000000000004,3.5500000000000003,3.575,3.6,3.625,3.6500000000000004,3.6750000000000003,3.7,3.725,3.75,3.7750000000000004,3.8000000000000003,3.825,3.85,3.875,3.9000000000000004,3.9250000000000003,3.95,3.975,4.0,4.025,4.05,4.075,4.1000000000000005,4.125,4.15,4.175,4.2,4.2250000000000005,4.25,4.275,4.3,4.325,4.3500000000000005,4.375,4.4,4.425,4.45,4.4750000000000005,4.5,4.525,4.55,4.575,4.6000000000000005,4.625,4.65,4.675,4.7,4.7250000000000005,4.75,4.775,4.800000000000001,4.825,4.8500000000000005,4.875,4.9,4.925000000000001,4.95,4.9750000000000005,5.0,5.025],"bd":[2,4,2,4,4,8,8,16,16,20,18,20,18,20,18,20,18,20,18,20,18,20,18,20,18,20,18,20,18,20,16,20,16,20,16,20,16,20,16,20,16,20,16,20,16,20,16,20,16,20,16,20,16,20,16,20,16,20,16,20,16,20,16,20,16,20,16,20,16,20,16,20,16,20,16,20,16,20,16,20,16,20,16,20,16,20,16,20,16,20,16,20,16,20,16,20,16,20,16,20,16,20,16,20,16,20,16,20,16,20,16,20,16,20,16,20,16,20,16,20,16,20,16,20,16,20,16,20,16,20,16,20,16,20,16,20,16,20,16,20,16,20,16,20,16,20,16,20,16,20,16,20,16,20,16,20,16,20,16,20,16,20,16,20,16,20,16,20,16,20,16,20,16,20,16,20,16,20,16,20,16,20,16,20,16,20,16,20,16,20,16,20,16,20,16,20,16,20,16,20,16,20,16,20,16,20,16,20,16,20,16,20,16,20,16,20,16,20,16,20,16,20,16,20,16,20,16,20,16,20,16,20,16,20,16,20,16,20,16,20,16,20,16,20,16,20,16,20,16,20,16,20,16,20,16,20,16,20,16,20,16,20,16,20,16,20,16,20,16,20,16,20,16,20,16,20,16,20,16,20,16,20,16,20,16,20,16,20,16,20,16,20,16,20,16,20,16,20,16,20,16,20,16,20,16,20,16,20,16,20,16,20,16,20,16,20,16,20,16,20,16,20,16,20,16,20,16,20,16,20,16,20,16,20,16,20,16,20,16,20,16,20,16,20,16,20,16,20,18,20,18,20,18,20,18,20,18,20,18,20,18,20,18,20,18,20,18,20,18,20,16,20,18,20,18,20,18,20,18,20,18,20,18,20,18,20,18,20,18,20,18,20,18,20,18,20,16,16,8,8,4,4,2,1],"gtau":[0.000893577739749957,0.0008856147124443113,0.000883245297732835,0.0008853684502560892,0.0008912321548413335,0.000900309355873817,0.0009122236071459178,0.0009267028861659855,0.0009435497999312475,0.0009626217977706798,0.0009838175164649117,0.0010070672967826787,0.0010323264113240394,0.001059570136134973,0.0010887904098937945,0.0011199933913494486,0.0011532118761212829,0.0011886322057889107,0.0012260221470075125,0.0012654463978245291,0.0013068710254555073,0.0013502655870174434,0.0013956177850309075,0.0014429374907019997,0.0014922525684468338,0.0015436042762701709,0.001597043988773503,0.001652631050422288,0.0017104313896536087,0.001770516638126311,0.0018329634771492296,0.001897853322142735,0.0019652720777697244,0.00203530999462797,0.002108061586916175,0.002183625562911855,0.0022621048021231657,0.002343606970881452,0.002428245709612445,0.002516140552345477,0.0026074162169909226,0.0027022022895814963,0.002800633286194883,0.0029028488958275167,0.0030089942707298835,0.003119220344061424,0.003233684114669963,0.0033525489493031265,0.003475984847101829,0.003604168718804376,0.0037372846450275297,0.0038755241385671603,0.004019086399936417,0.004168178573758108,0.004323015996203988,0.004483822455189468,0.004650830426296071,0.004824281333979754,0.005004425795724402,0.005191523864652278,0.005385845294017968,0.005587669788955618,0.005797287274949596,0.006014998173928533,0.0062411136974004746,0.006475956163120502,0.006719859326819568,0.006973168747124277,0.007236242176653181,0.007509449980290693,0.007793175599516119,0.008087816030037205,0.008393782344590234,0.00871150023343826,0.009041410571905056,0.009383970008219755,0.009739651566485758,0.010108945255249026,0.0104923587051141,0.010890417797649585,0.011303667318001106,0.011732671625702316,0.012178015348138964,0.012640304102119387,0.013120165252352146,0.013618248681142194,0.014135227578479605,0.014671799240215269,0.015228685873860346,0.015806635426395634,0.016406422472683434,0.01702884918704742,0.017674746418792825,0.018344974904495322,0.019040426626231982,0.019762026322587126,0.02051073314400092,0.021287542453096196,0.02209348775949322,0.022929642794194106,0.023797123674760282,0.024697091176291704,0.025630753098662622,0.026599366721629276,0.02760424132916413,0.028646740816265986,0.02972828638169156,0.03085035933759779,0.03201450393300976,0.03322233026557804,0.03447551721308774,0.035775815445799386,0.03712505039636717,0.03852512533462953,0.039978024516790264,0.041485816455416435,0.04305065724585716,0.04467479405595924,0.04636056854568274,0.048110420394903805,0.049926890778928645,0.05181262580834257,0.053770379849378366,0.05580301875410511,0.057913522918593516,0.06010499016433099,0.06238063842339243,0.06474380822369373,0.06719796498392717,0.06974670114651822,0.07239373819549745,0.07514292862793977,0.07799825796786716,0.08096384693062277,0.08404395386064478,0.08724297757568866,0.09056546075264514,0.09401609398212929,0.09759972060396567,0.10132134235283279,0.10518612599343037,0.10919941071833111,0.11336671638447259,0.11769375259781746,0.1221864283719852,0.12685086246975197,0.13169339410907094,0.13672059461907998,0.14193927860801095,0.14735651805362251,0.15297965297348315,0.15881630440737435,0.16487438682611727,0.17116212066862274,0.1776880450156246,0.1844610304003438,0.19149029177130183,0.1987854016373934,0.20635630343996164,0.2142133251676774,0.22236719358535853,0.23082904833936352,0.23961045708787093,0.24872343080336068,0.25818043967816023,0.26799442960894093,0.2781788392481522,0.28874761767913965,0.299715242927968,0.3110967414345522,0.3229077085160493,0.33516432996673906,0.34788340501063403,0.3610823708636997,0.37477932922209156,0.3889930749731924,0.40374312702549203,0.41904976035500935,0.4349340439728353,0.45141788321892995,0.4685240646384308,0.4862763054990536,0.5046993036557404,0.5238187007705759,0.5436610955848512,0.5642541252974839,0.5856265700771036,0.6078063813097727,0.6308813672291457,0.6544572393040796,0.6787410002844918,0.7038881195713197,0.7300971983864316,0.7575656495039644,0.7864714971004981,0.8169737104848697,0.8492203040231855,0.8833629642529481,0.9195711726950239,0.9580580581422489,0.9991064222589686]}