{"taus":[0.2,0.4,0.6000000000000001,0.8,1.0,1.2000000000000002,1.4000000000000001,1.6,1.8,2.0,2.2,2.4000000000000004,2.6,2.8000000000000003,3.0,3.2,3.4000000000000004,3.6,3.8000000000000003,4.0,4.2,4.4,4.6000000000000005,4.800000000000001,5.0,5.2,5.4,5.6000000000000005,5.800000000000001,6.0,6.2,6.4,6.6000000000000005,6.800000000000001,7.0,7.2,7.4,7.6000000000000005,7.800000000000001,8.0,8.200000000000001,8.4,8.6,8.8,9.0,9.200000000000001,9.4,9.600000000000001,9.8,10.0,10.200000000000001],"bd":[2,4,2,4,4,8,8,16,16,32,32,40,40,40,40,40,40,40,40,40,40,40,40,40,40,40,40,40,40,40,40,40,40,40,40,40,40,40,40,40,40,40,40,40,40,40,40,40,40,40,40,40,40,40,40,40,40,40,40,40,40,40,40,40,40,40,40,40,40,40,40,40,40,40,40,40,40,40,40,40,40,40,40,40,40,40,40,40,40,40,40,40,40,40,32,32,16,16,8,8,4,4,2,1],"gtau":[0.5378992775042187,0.37026280648586857,0.3455143867071694,0.3372303123480317,0.33345428232115687,0.3314170729968895,0.3301848329715053,0.3293688506105424,0.32877027394642516,0.3282818672033802,0.32784512278775507,0.32742880422351767,0.32701992614658504,0.32660924732469504,0.3261874279006534,0.3257530228027587,0.32531045280934684,0.32486016769449527,0.3244036628363175,0.32394281122207985,0.3234795926115488,0.3230168632535995,0.3225575050796747,0.32210110030620753,0.3216454808823318,0.3211903594050131,0.32073694076835757,0.320286044766482,0.31983835476397066,0.31939430069994246,0.3189540600385538,0.31851781134349244,0.31808590667686143,0.3176587824064805,0.31723695597946144,0.3168208792916341,0.3164107899323698,0.3160093410299876,0.31561939446916587,0.3152433172832373,0.31488937866147754,0.31456591000819134,0.3142874576661236,0.3140841322970838,0.3140030409196308,0.31414287788809037,0.3147025393257709,0.3162359984421656,0.3204862092563319,0.33588083878305525,0.46210072249578105]}