{"taus":[0.1,0.2,0.30000000000000004,0.4,0.5,0.6000000000000001,0.7000000000000001,0.8,0.9,1.0,1.1,1.2000000000000002,1.3,1.4000000000000001,1.5,1.6,1.7000000000000002,1.8,1.9000000000000001,2.0,2.1,2.2,2.3000000000000003,2.4000000000000004,2.5,2.6,2.7,2.8000000000000003,2.9000000000000004,3.0,3.1,3.2,3.3000000000000003,3.4000000000000004,3.5,3.6,3.7,3.8000000000000003,3.9000000000000004,4.0,4.1000000000000005,4.2,4.3,4.4,4.5,4.6000000000000005,4.7,4.800000000000001,4.9,5.0,5.1000000000000005,5.2,5.300000000000001,5.4,5.5,5.6000000000000005,5.7,5.800000000000001,5.9,6.0,6.1000000000000005,6.2,6.300000000000001,6.4,6.5,6.6000000000000005,6.7,6.800000000000001,6.9,7.0,7.1000000000000005,7.2,7.300000000000001,7.4,7.5,7.6000000000000005,7.7,7.800000000000001,7.9,8.0,8.1,8.200000000000001,8.3,8.4,8.5,8.6,8.700000000000001,8.8,8.9,9.0,9.1,9.200000000000001,9.3,9.4,9.5,9.600000000000001,9.700000000000001,9.8,9.9,10.0,10.100000000000001],"bd":[2,4,2,4,4,8,8,16,16,32,32,40,40,40,40,40,40,40,40,40,40,40,40,40,40,40,40,40,40,40,40,40,40,40,40,40,40,40,40,40,40,40,40,40,40,40,40,40,40,40,40,40,40,40,40,40,40,40,40,40,40,40,40,40,40,40,40,40,40,40,40,40,40,40,40,40,40,40,40,40,40,40,40,40,40,40,40,40,40,40,40,40,40,40,40,40,40,40,40,40,40,40,40,40,40,40,40,40,40,40,40,40,40,40,40,40,40,40,40,40,40,40,40,40,40,40,40,40,40,40,40,40,40,40,40,40,40,40,40,40,40,40,40,40,40,40,40,40,40,40,40,40,40,40,40,40,40,40,40,40,40,40,40,40,40,40,40,40,40,40,40,40,40,40,40,40,40,40,40,40,40,40,40,40,40,40,40,40,40,40,40,40,40,40,32,32,16,16,8,8,4,4,2,1],"gtau":[5.521280405151511e-12,6.2366539082222495e-12,7.353896174905965e-12,8.871768031009735e-12,1.0857146231002969e-11,1.3419741123830916e-11,1.6705889753623743e-11,2.0905316106439397e-11,2.6267629961595644e-11,3.311096165456115e-11,4.1840925383815835e-11,5.2975950940031774e-11,6.717954871137166e-11,8.529802336082305e-11,1.08385006066589e-10,1.378372339018936e-10,1.7537752427241763e-10,2.233780240173317e-10,2.848347452794496e-10,3.6348650698799263e-10,4.641014800815853e-10,5.924427456919177e-10,7.558262324414503e-10,9.651975527707459e-10,1.2335005066232516e-9,1.5773808680740522e-9,2.0182334763551003e-9,2.5834810309782553e-9,3.3084255625997894e-9,4.238409553186441e-9,5.4316613516692354e-9,6.9631348170103224e-9,8.929128569268096e-9,1.1453601196989368e-8,1.4695984973764703e-8,1.8861451735091085e-8,2.4214080530262067e-8,3.1093950478081473e-8,3.993904413897148e-8,5.131353478349302e-8,6.594454369725965e-8,8.476920134058367e-8,1.0899597760261873e-7,1.401834385612622e-7,1.8034260570655125e-7,2.320689070116387e-7,2.9871325754599523e-7,3.8460341349742045e-7,4.953308131689983e-7,6.381225955120847e-7,8.223248287369483e-7,1.060029047508428e-6,1.3668846749322975e-6,1.7631549643748364e-6,2.2750910811201645e-6,2.9367193890005837e-6,3.792168647143549e-6,4.898701855857379e-6,6.330669669283494e-6,8.184669126842706e-6,1.0586281837738264e-5,1.369888232908965e-5,1.7735163827687607e-5,2.297223116723004e-5,2.9771390883906135e-5,3.860412230240521e-5,5.0086199373430086e-5,6.502257318029046e-5,8.446647793549148e-5,0.00010979736573130115,0.00014282380396649338,0.0001859195217886917,0.0002422035522980349,0.0003157791295390443,0.00041205101198204234,0.0005381477474829645,0.0007034845260300423,0.000920516031827562,0.0012057441104680689,0.0015810712513694989,0.0020756231066598576,0.0027282223986758217,0.0035907548283962845,0.004732782852576693,0.006247981298417976,0.008263190534492705,0.010954174223194418,0.014554802596231447,0.019361105896219727,0.025805867585110012,0.03447814326388713,0.04619864250754815,0.06212518929561144,0.08391663489997526,0.11399703471046807,0.15593297650985727,0.215432606664662,0.30179015817613825,0.4313550781598885,0.6368965118786226,0.9999999999943423]}