{"taus":[0.2,0.4,0.6000000000000001,0.8,1.0,1.2000000000000002,1.4000000000000001,1.6,1.8,2.0,2.2,2.4000000000000004,2.6,2.8000000000000003,3.0,3.2,3.4000000000000004,3.6,3.8000000000000003,4.0,4.2,4.4,4.6000000000000005,4.800000000000001,5.0,5.2,5.4,5.6000000000000005,5.800000000000001,6.0,6.2,6.4,6.6000000000000005,6.800000000000001,7.0,7.2,7.4,7.6000000000000005,7.800000000000001,8.0,8.200000000000001,8.4,8.6,8.8,9.0,9.200000000000001,9.4,9.600000000000001,9.8,10.0,10.200000000000001],"bd":[1,1,1,2,2,4,4,8,8,16,16,32,32,64,64,100,100,100,100,100,100,100,99,100,100,100,100,100,100,100,100,100,100,100,100,100,100,100,100,100,100,100,100,100,100,100,100,100,100,100,100,100,100,100,100,100,100,100,100,100,100,100,100,100,100,100,100,100,100,100,100,100,100,100,100,100,100,100,100,100,100,100,100,100,100,100,100,100,100,100,64,64,32,32,16,16,8,8,4,4,2,2,1,1],"gtau":[5.8542247916803525e-19,7.252434744944904e-19,1.629168165246995e-18,3.674881850114187e-18,8.407892866811645e-18,1.9335717771927116e-17,4.458220995723728e-17,1.0293951380159962e-16,2.378870507815307e-16,5.500370578377306e-16,1.272235032022562e-15,2.943401567338445e-15,6.810952256075895e-15,1.5762381205801073e-14,3.6481892309743413e-14,8.444328927666481e-14,1.954691652183032e-13,4.5249287865976845e-13,1.0475190316905129e-12,2.425079598432298e-12,5.614380404518716e-12,1.2998337688250242e-11,3.0094194829728885e-11,6.967640604428662e-11,1.6132302127248572e-10,3.735203885760025e-10,8.648475778426003e-10,2.0024993273588203e-9,4.6367426598007695e-9,1.0736484500526436e-8,2.4861117436986654e-8,5.756916615954214e-8,1.3331277586974746e-7,3.087227315474273e-7,7.149635813318735e-7,1.6558544427940794e-6,3.835212454070396e-6,8.883702777784643e-6,2.0580118778082933e-5,4.768347158468942e-5,0.00011050428499841695,0.0002561651248035086,0.0005940891865672012,0.0013787205256954218,0.003203133267086614,0.007455802617655609,0.01741667263206766,0.040996899638297744,0.09840886588656587,0.25278628365679573,0.999999999999994]}