{"ns":[-0.9260485824419363,-0.9178054512026771,-0.9154435866135656,-0.9136530408879381,-0.9136735753852233,-0.9135868083930169,-0.9146981258046862,-0.9164328387640536,-0.9198951814408522,-0.9210869553595925,-0.9226797055574505,-0.9229944809665556,-0.9259315105492251,-0.9287135258352133,-0.9339053493668783,-0.9354825556121772,-0.9408692164786993,-0.9435083557436723,-0.9460700887923172,-0.948504098623264,-0.9508373229052677,-0.9530990987032062,-0.955302249641197,-0.9575341686985746,-0.9587998734207419,-0.9629319605588962,-0.9642398247931824,-0.9673297895820624,-0.9690670652772606,-0.9709982862619878,-0.9730110285986141,-0.974992348279763,-0.9770159997216175,-0.9790841956510986,-0.9810486643479929,-0.983053264674433,-0.985007635936577,-0.9868850387095757,-0.9885119130846108,-0.9902344537808353,-0.9919610194959548,-0.9937127592913176,-0.9954035842200595,-0.9970571396493325,-0.99858421203995,-0.9996145135528018,-0.9999924612071039,-1.0000394674737125,-0.9999725069577939,-1.0000058980890316],"taus":[0.1,0.2,0.30000000000000004,0.4,0.5,0.6000000000000001,0.7000000000000001,0.8,0.9,1.0,1.1,1.2000000000000002,1.3,1.4000000000000001,1.5,1.6,1.7000000000000002,1.8,1.9000000000000001,2.0,2.1,2.2,2.3000000000000003,2.4000000000000004,2.5,2.6,2.7,2.8000000000000003,2.9000000000000004,3.0,3.1,3.2,3.3000000000000003,3.4000000000000004,3.5,3.6,3.7,3.8000000000000003,3.9000000000000004,4.0,4.1000000000000005,4.2,4.3,4.4,4.5,4.6000000000000005,4.7,4.800000000000001,4.9,5.0,5.1000000000000005],"bd":[2,4,2,4,4,8,8,16,16,32,32,60,60,60,60,60,58,60,60,60,58,60,58,60,58,60,60,60,60,60,60,60,58,60,58,60,58,60,58,60,58,60,58,60,58,60,58,60,58,60,58,60,58,60,58,60,58,60,58,60,58,60,58,60,58,60,58,60,58,60,58,60,58,60,58,60,58,60,58,60,58,60,58,60,58,60,58,60,58,60,58,60,58,60,58,60,58,60,58,60,60,60,30,60,30,60,60,30,29,58,60,59,56,60,60,59,55,60,60,60,55,60,60,60,55,60,60,59,55,60,60,58,56,60,60,59,56,60,60,59,56,60,60,59,56,60,60,59,57,60,60,59,57,60,60,59,57,60,60,59,56,60,60,58,56,60,60,59,56,60,60,59,56,60,60,59,56,60,60,59,56,60,60,59,55,60,60,59,56,60,60,59,56,60,60,59,56,60,60,59,56,60,60,59,56,60,60,58,56,60,60,58,56,60,60,57,55,60,60,56,55,60,60,56,55,60,60,56,55,60,60,57,56,59,60,57,56,59,60,57,56,59,60,57,56,59,60,57,56,60,60,57,56,60,60,55,55,60,60,55,55,60,60,55,55,60,60,55,55,60,60,55,55,60,60,56,55,60,60,56,55,60,60,57,56,60,60,57,56,59,60,56,55,60,60,59,32,32,32,16,8,8,8,4,2,4,2,1],"lt":[{"re":0.02848616036018018,"im":0.9260485824419363},{"re":-0.41406461438798337,"im":0.7649749650560174},{"re":-0.6313943540584469,"im":0.45068069335465444},{"re":-0.6673612892771374,"im":0.15261637764914976},{"re":-0.6059368385026432,"im":-0.07780941249008137},{"re":-0.4968099593426867,"im":-0.24393641831301457},{"re":-0.36352199674138874,"im":-0.3547559289051088},{"re":-0.21940777013271834,"im":-0.4159824448353182},{"re":-0.07601889045139465,"im":-0.43220562294767234},{"re":0.05583187854545402,"im":-0.4078719151504193},{"re":0.1671035912702739,"im":-0.35028701722643446},{"re":0.25127454966256685,"im":-0.2678444604992462},{"re":0.3048082360435779,"im":-0.17041561055648669},{"re":0.3264597100535382,"im":-0.0673247414832962},{"re":0.3176590950941525,"im":0.03235564124804055},{"re":0.28128301673648787,"im":0.12112624952494633},{"re":0.22393379551845682,"im":0.19233589267947845},{"re":0.15113115970753363,"im":0.24149543106678995},{"re":0.07040920499992116,"im":0.26618883470327814},{"re":-0.010987701262354762,"im":0.26621350474870653},{"re":-0.08608464576755365,"im":0.24327876371374946},{"re":-0.14896665638353257,"im":0.20095351349717439},{"re":-0.1951816512558133,"im":0.1441503817611222},{"re":-0.2219863612852099,"im":0.07859894887534409},{"re":-0.22838232739961126,"im":0.010323989686965079},{"re":-0.2151668340021193,"im":-0.05483167753316164},{"re":-0.18439422298779534,"im":-0.11143812957755768},{"re":-0.14001266956619354,"im":-0.15523543507179385},{"re":-0.08648306986519466,"im":-0.18337434978124287},{"re":-0.028964352016090197,"im":-0.19446403495396328},{"re":0.027456076829543236,"im":-0.1886597186873765},{"re":0.07815053298246628,"im":-0.1675051023523026},{"re":0.1192673566260398,"im":-0.13373614420522983},{"re":0.1479906618171288,"im":-0.09093773037646333},{"re":0.162699433947504,"im":-0.04322412660077719},{"re":0.1630607051183561,"im":0.005171746949709197},{"re":0.14988914591129107,"im":0.05019280516920052},{"re":0.12510867609375725,"im":0.0882774296079836},{"re":0.0915152150770021,"im":0.11671015869645027},{"re":0.052430339787420795,"im":0.13370639364404477},{"re":0.01145637105365595,"im":0.13869173005611132},{"re":-0.027904874297367568,"im":0.13190395052394843},{"re":-0.06249469483414323,"im":0.11462068825134188},{"re":-0.08974091051459235,"im":0.08894455088796632},{"re":-0.10785368436163881,"im":0.05754686986735948},{"re":-0.11590392947311148,"im":0.02338216621511188},{"re":-0.11389634205636712,"im":-0.010503461466169298},{"re":-0.10264853427921719,"im":-0.04134862273571007},{"re":-0.08363093841733328,"im":-0.06677927102214078},{"re":-0.058914407272358055,"im":-0.0849883278695877},{"re":-0.03095443246933666,"im":-0.09487167886877333}],"gtau":[{"re":2.91057791204234e-7,"im":-7.998422679907883e-9},{"re":3.2139023506494366e-7,"im":-9.727274545102493e-9},{"re":3.7607933480655577e-7,"im":-1.2181998733108145e-8},{"re":4.546258855609167e-7,"im":-1.52313967456354e-8},{"re":5.610446089685189e-7,"im":-1.9060926061068396e-8},{"re":7.027324483632667e-7,"im":-2.3941627477384395e-8},{"re":8.901104831959042e-7,"im":-2.991160483098642e-8},{"re":1.1372281388622881e-6,"im":-3.7474981218147605e-8},{"re":1.4628725664615065e-6,"im":-4.701568130020715e-8},{"re":1.8923226437654162e-6,"im":-5.9290096764144633e-8},{"re":2.459438518061404e-6,"im":-7.522930552009771e-8},{"re":3.209645957483337e-6,"im":-9.615895709754251e-8},{"re":4.203942143794971e-6,"im":-1.2387895107495276e-7},{"re":5.524326659843194e-6,"im":-1.6084609513453314e-7},{"re":7.281188949371822e-6,"im":-2.1039715092381102e-7},{"re":9.62334504710666e-6,"im":-2.7705649868907456e-7},{"re":1.2751719891771881e-5,"im":-3.669298177176849e-7},{"re":1.6937957059539872e-5,"im":-4.88240983588858e-7},{"re":2.2549885503426634e-5,"im":-6.520499353915798e-7},{"re":3.0086274301575458e-5,"im":-8.731724177205795e-7},{"re":4.022448546503402e-5,"im":-1.171403223256294e-6},{"re":5.388578517893259e-5,"im":-1.573101573693998e-6},{"re":7.23250765559987e-5,"im":-2.1132556890609748e-6},{"re":9.725436181536685e-5,"im":-2.8381606749258634e-6},{"re":0.00013101293821037266,"im":-3.808874081078759e-6},{"re":0.00017680246412785227,"im":-5.105648677684509e-6},{"re":0.0002390122447282211,"im":-6.8335576862548325e-6},{"re":0.0003236698868451959,"im":-9.12931386274526e-6},{"re":0.0004390615371599987,"im":-1.2168503815960081e-5},{"re":0.0005967397594097778,"im":-1.6228153818711716e-5},{"re":0.0008124053433044577,"im":-2.1544766850011997e-5},{"re":0.0011080799275092151,"im":-2.852958171520947e-5},{"re":0.0015140538100702498,"im":-3.7659642435888145e-5},{"re":0.002072552183071919,"im":-4.952120626622872e-5},{"re":0.0028425364105851437,"im":-6.48458771254744e-5},{"re":0.003906613002508522,"im":-8.45063668017291e-5},{"re":0.005380981144214259,"im":-0.00010954046830168062},{"re":0.007429905326431341,"im":-0.00014115027914185564},{"re":0.010286920350436417,"im":-0.0001806756987277324},{"re":0.014286086211902001,"im":-0.00022935164328674726},{"re":0.019908878121446948,"im":-0.0002882396351421882},{"re":0.027855232597075837,"im":-0.00035826499817308825},{"re":0.03915549681752889,"im":-0.0004403207061570163},{"re":0.055340684777580515,"im":-0.0005373042554515888},{"re":0.07873366011115034,"im":-0.0006614062293867756},{"re":0.11293403938991417,"im":-0.0008528117318791767},{"re":0.16370870788982672,"im":-0.0012336228765705915},{"re":0.24072843629415414,"im":-0.0021620661101689736},{"re":0.3613539347072559,"im":-0.004597806221755064},{"re":0.560483928782511,"im":-0.011084860458926059},{"re":0.9999997089422088,"im":7.998422679907883e-9}],