{"taus":[0.025,0.05,0.07500000000000001,0.1,0.125,0.15000000000000002,0.17500000000000002,0.2,0.225,0.25,0.275,0.30000000000000004,0.325,0.35000000000000003,0.375,0.4,0.42500000000000004,0.45,0.47500000000000003,0.5,0.525,0.55,0.5750000000000001,0.6000000000000001,0.625,0.65,0.675,0.7000000000000001,0.7250000000000001,0.75,0.775,0.8,0.8250000000000001,0.8500000000000001,0.875,0.9,0.925,0.9500000000000001,0.9750000000000001,1.0,1.0250000000000001,1.05,1.075,1.1,1.125,1.1500000000000001,1.175,1.2000000000000002,1.225,1.25,1.2750000000000001,1.3,1.3250000000000002,1.35,1.375,1.4000000000000001,1.425,1.4500000000000002,1.475,1.5,1.5250000000000001,1.55,1.5750000000000002,1.6,1.625,1.6500000000000001,1.675,1.7000000000000002,1.725,1.75,1.7750000000000001,1.8,1.8250000000000002,1.85,1.875,1.9000000000000001,1.925,1.9500000000000002,1.975,2.0,2.025,2.0500000000000003,2.075,2.1,2.125,2.15,2.1750000000000003,2.2,2.225,2.25,2.275,2.3000000000000003,2.325,2.35,2.375,2.4000000000000004,2.4250000000000003,2.45,2.475,2.5,2.5250000000000004,2.5500000000000003,2.575,2.6,2.625,2.6500000000000004,2.6750000000000003,2.7,2.725,2.75,2.7750000000000004,2.8000000000000003,2.825,2.85,2.875,2.9000000000000004,2.9250000000000003,2.95,2.975,3.0,3.0250000000000004,3.0500000000000003,3.075,3.1,3.125,3.1500000000000004,3.1750000000000003,3.2,3.225,3.25,3.2750000000000004,3.3000000000000003,3.325,3.35,3.375,3.4000000000000004,3.4250000000000003,3.45,3.475,3.5,3.5250000000000004,3.5500000000000003,3.575,3.6,3.625,3.6500000000000004,3.6750000000000003,3.7,3.725,3.75,3.7750000000000004,3.8000000000000003,3.825,3.85,3.875,3.9000000000000004,3.9250000000000003,3.95,3.975,4.0,4.025,4.05,4.075,4.1000000000000005,4.125,4.15,4.175,4.2,4.2250000000000005,4.25,4.275,4.3,4.325,4.3500000000000005,4.375,4.4,4.425,4.45,4.4750000000000005,4.5,4.525,4.55,4.575,4.6000000000000005,4.625,4.65,4.675,4.7,4.7250000000000005,4.75,4.775,4.800000000000001,4.825,4.8500000000000005,4.875,4.9,4.925000000000001,4.95,4.9750000000000005,5.0,5.025],"bd":[2,4,2,4,4,8,8,16,16,32,32,64,46,86,54,100,62,100,66,100,68,100,70,100,72,100,72,100,74,100,74,100,74,100,74,100,76,100,76,100,76,100,74,100,74,100,74,100,76,100,76,100,76,100,76,100,76,100,78,100,78,100,78,100,80,100,80,100,80,100,80,100,80,100,80,100,80,100,80,100,82,100,80,100,80,100,80,100,80,100,82,100,82,100,82,100,82,100,82,100,82,100,82,100,82,100,82,100,82,100,82,100,82,100,82,100,82,100,82,100,82,100,82,100,82,100,82,100,82,100,82,100,82,100,82,100,82,100,82,100,82,100,82,100,82,100,82,100,82,100,82,100,82,100,82,100,82,100,82,100,82,100,82,100,82,100,82,100,82,100,82,100,82,100,82,100,82,100,82,100,82,100,82,100,82,100,82,100,82,100,82,100,82,100,82,100,82,100,82,100,82,100,82,100,82,100,82,100,82,100,82,100,82,100,82,100,82,100,82,100,82,100,80,100,80,100,80,100,80,100,80,100,80,100,80,100,80,100,80,100,80,100,80,100,82,100,82,100,82,100,82,100,82,100,82,100,82,100,82,100,80,100,82,100,82,100,82,100,82,100,82,100,82,100,82,100,84,100,84,100,84,100,84,100,82,100,82,100,82,100,82,100,82,100,82,100,82,100,82,100,80,100,80,100,80,100,80,100,80,100,80,100,80,100,80,100,80,100,80,100,80,100,80,100,80,100,80,100,80,100,80,100,80,100,80,100,80,100,80,100,80,100,80,100,80,100,80,100,80,100,78,100,78,100,78,100,78,100,78,100,78,100,78,100,76,100,78,100,76,100,78,100,76,100,74,100,74,100,72,100,72,100,70,100,68,100,64,100,60,100,54,88,46,64,32,32,16,16,8,8,4,4,2,1],"gtau":[9.749573057856995e-5,9.663482320099992e-5,9.638202120578691e-5,9.661789535995939e-5,9.726082524732493e-5,9.82535682202324e-5,9.955526198846183e-5,0.0001011364377851038,0.00010297580109348393,0.00010505807896541695,0.0001073725533060313,0.00010991203626171976,0.00011267212362819725,0.00011565068165151515,0.00011884743485376787,0.00012226369771403548,0.00012590214429143416,0.00012976664843102992,0.00013386217029438994,0.00013819462394349847,0.00014277089045396273,0.00014759869284907098,0.0001526865629409337,0.0001580439016076955,0.00016368089749895014,0.0001696085280309838,0.00017583857828867516,0.00018238364402054777,0.00018925713659188935,0.0001964732766581159,0.00020404715465987614,0.000211994751838338,0.00022033297876106054,0.0002290797073384461,0.00023825380367012476,0.0002478751695615377,0.0002579647935319777,0.0002685447798404905,0.00027963831818932745,0.0002912695286382521,0.00030346350640531603,0.0003162487296220201,0.0003296566220065792,0.00034371830760481886,0.0003584649796423302,0.0003739286751224276,0.000390142900142765,0.00040714292345138853,0.00042496602473828,0.00044365161773174476,0.0004632413289491274,0.0004837790969931388,0.0005053112543053214,0.0005278867578759176,0.0005515566407718577,0.0005763747235719926,0.0006023977970042872,0.0006296859644376692,0.0006583024527054073,0.0006883135334067494,0.0007197887597165132,0.0007528009073331066,0.000787426643392144,0.0008237465063742762,0.0008618448151277383,0.0009018110542160432,0.0009437388381398964,0.000987726583634584,0.0010338775486783025,0.0010823001024121903,0.0011331081705400845,0.0011864216377004773,0.0012423668134912498,0.0013010754214273557,0.0013626878212528364,0.0014273511961245603,0.0014952197509806228,0.0015664553979876995,0.0016412284204406363,0.0017197180908711494,0.001802113100101887,0.0018886125583717865,0.001979425766448472,0.002074773159641311,0.0021748868061674336,0.002280010913164544,0.002390402479148123,0.002506331931396775,0.002628083773676637,0.0027559574082396364,0.002890267845888817,0.003031346589162637,0.003179542244160139,0.003335222093621219,0.0034987725714165016,0.003670600450678315,0.0038511339648830793,0.004040823930648412,0.0042401450027207,0.004449596960712023,0.004669706073488756,0.00490102653836185,0.005144141998839205,0.005399667158200145,0.0056682494681509375,0.005950570929949911,0.006247349979407564,0.006559343501372172,0.006887348944026981,0.0072322065335374735,0.007594801672047625,0.007976067413682814,0.008376987116665034,0.008798597231478845,0.009241990269283728,0.009708317927154413,0.010198794394371428,0.010714699874732303,0.0112573842733216,0.011828271194982308,0.012428862001765937,0.013060740288042738,0.013725576612902746,0.014425133327875027,0.01516126991328157,0.01593594861600604,0.016751240156467596,0.0176093302933519,0.01851252619214397,0.019463263680323115,0.020464114786397637,0.021517795581344774,0.02262717477989289,0.0237952827378772,0.025025321083140945,0.0263206728955408,0.027684913603807676,0.02912182263778629,0.030635395805346258,0.03222985837674327,0.03390967926795804,0.03567958602635064,0.03754458090241223,0.03950995791349611,0.04158132132203085,0.043764605163682684,0.04606609453261593,0.04849244786285946,0.051050721139889906,0.05374839390301909,0.05659339711436854,0.05959414315608678,0.06275955807207911,0.06609910772703376,0.06962270916902823,0.0733411297961748,0.07726586486632309,0.081409087387302,0.08578370946563077,0.09040339440624338,0.095282649770076,0.10043688682208671,0.10588258440047987,0.1116373031495465,0.11771957947939607,0.12414929687306592,0.13094776675717854,0.1381378963531213,0.1457443092967472,0.15379345404649172,0.1623137422654804,0.17133569094309514,0.1808921460963858,0.19101836926586388,0.2017523255414525,0.21313585931383114,0.22521375603602817,0.23803445273007862,0.25165072192159776,0.26612030803965486,0.28150654876790016,0.2978790166471316,0.3153143464140532,0.33389722788326304,0.3537215076118396,0.3748916876266015,0.39752478828699,0.42175187839925593,0.44772121969050654,0.4756019707022278,0.5055881290787337,0.5379040166109195,0.5728106453065746,0.6106147940394334,0.6516805407126046,0.6964453992999581,0.7454422256047462,0.7993298707372033,0.8589374543027943,0.9253294374943124,0.9999025042404798]}