{"gf":[4.5397868702390376e-5,0.00023117520448154218,0.0016091860111879823,0.011890365710282458,0.0932627338294249,0.9999546021312976],"ts":[0.0,0.2,0.4,0.6000000000000001,0.8,1.0]}