{"taus":[0.05,0.1,0.15000000000000002,0.2,0.25,0.30000000000000004,0.35000000000000003,0.4,0.45,0.5,0.55,0.6000000000000001,0.65,0.7000000000000001,0.75,0.8,0.8500000000000001,0.9,0.9500000000000001,1.0,1.05],"bd":[2,4,2,4,4,8,8,16,16,32,32,64,64,100,100,100,100,100,100,100,100,100,100,100,100,100,100,100,100,100,100,100,64,64,32,32,16,16,8,8,4,4,2,1],"gtau":[0.07488711862793317,0.07602859697355258,0.07904924112472926,0.08363409970634134,0.08970038729809542,0.09729592410707248,0.10656156679815336,0.11772021289488777,0.1310799241108083,0.14704730161800422,0.1661507268462193,0.18907572503932596,0.2167172948485068,0.25025751038344457,0.2912831727686882,0.34197008716286265,0.40538386828830136,0.4859977333574584,0.5906460919442511,0.7304415204935234,0.9251128813720496]}