{"gf":[0.18242552380635635,0.18781824380139014,0.19481366520457405,0.2033675392080321,0.2134886363262343,0.22523030271795896,0.23868652179993893,0.2539913073763855,0.27132087905119195,0.2908984964847985,0.3130021735282758,0.33797583437421197,0.3662448782665149,0.39833766236696433,0.43491519877148777,0.4768125545955969,0.5250973141046607,0.5811534757955874,0.6468041466260385,0.7244948887701511,0.8175744761936437],"ts":[0.0,0.05,0.1,0.15000000000000002,0.2,0.25,0.30000000000000004,0.35000000000000003,0.4,0.45,0.5,0.55,0.6000000000000001,0.65,0.7000000000000001,0.75,0.8,0.8500000000000001,0.9,0.9500000000000001,1.0]}