{"taus":[0.1,0.2,0.30000000000000004,0.4,0.5,0.6000000000000001,0.7000000000000001,0.8,0.9,1.0,1.1,1.2000000000000002,1.3,1.4000000000000001,1.5,1.6,1.7000000000000002,1.8,1.9000000000000001,2.0,2.1,2.2,2.3000000000000003,2.4000000000000004,2.5,2.6,2.7,2.8000000000000003,2.9000000000000004,3.0,3.1,3.2,3.3000000000000003,3.4000000000000004,3.5,3.6,3.7,3.8000000000000003,3.9000000000000004,4.0,4.1000000000000005,4.2,4.3,4.4,4.5,4.6000000000000005,4.7,4.800000000000001,4.9,5.0,5.1000000000000005,5.2,5.300000000000001,5.4,5.5,5.6000000000000005,5.7,5.800000000000001,5.9,6.0,6.1000000000000005,6.2,6.300000000000001,6.4,6.5,6.6000000000000005,6.7,6.800000000000001,6.9,7.0,7.1000000000000005,7.2,7.300000000000001,7.4,7.5,7.6000000000000005,7.7,7.800000000000001,7.9,8.0,8.1,8.200000000000001,8.3,8.4,8.5,8.6,8.700000000000001,8.8,8.9,9.0,9.1,9.200000000000001,9.3,9.4,9.5,9.600000000000001,9.700000000000001,9.8,9.9,10.0,10.100000000000001],"bd":[2,4,2,4,4,8,8,16,16,20,20,20,20,20,20,20,20,20,20,20,20,20,20,20,20,20,20,20,20,20,20,20,20,20,20,20,20,20,20,20,20,20,20,20,20,20,20,20,20,20,20,20,20,20,20,20,20,20,20,20,20,20,20,20,20,20,20,20,20,20,20,20,20,20,20,20,20,20,20,20,20,20,20,20,20,20,20,20,20,20,20,20,20,20,20,20,20,20,20,20,20,20,20,20,20,20,20,20,20,20,20,20,20,20,20,20,20,20,20,20,20,20,20,20,20,20,20,20,20,20,20,20,20,20,20,20,20,20,20,20,20,20,20,20,20,20,20,20,20,20,20,20,20,20,20,20,20,20,20,20,20,20,20,20,20,20,20,20,20,20,20,20,20,20,20,20,20,20,20,20,20,20,20,20,20,20,20,20,20,20,20,20,20,20,20,20,16,16,8,8,4,4,2,1],"gtau":[2.630817170113914e-12,3.170514731609235e-12,3.925335474637377e-12,4.932278697504962e-12,6.254363881678787e-12,7.976545626983812e-12,1.0209562721781594e-11,1.3094324473575121e-11,1.6795230064777117e-11,2.157772288455386e-11,2.7793014602676905e-11,3.573913890258947e-11,4.61605140796206e-11,5.965375108539401e-11,7.716176976623322e-11,9.983391517495332e-11,1.2922662032878818e-10,1.6734212808938584e-10,2.1678495938990296e-10,2.809277564750982e-10,3.64161953814037e-10,4.72219248064544e-10,6.124720354457057e-10,7.945435076634444e-10,1.0309992772766139e-9,1.3381003316302152e-9,1.737008123388145e-9,2.2552608950713136e-9,2.9285744330130852e-9,3.803497397223165e-9,4.940513042058372e-9,6.418271561458057e-9,8.339037774447416e-9,1.0835852087952979e-8,1.4081767279397026e-8,1.8301853517969604e-8,2.3788939368373936e-8,3.0923970606202525e-8,4.020250423772007e-8,5.226939414224636e-8,6.796357606256488e-8,8.837672253282668e-8,1.1492931341031886e-7,1.4946988251918135e-7,1.944040891723359e-7,2.52862776872853e-7,3.289208391630028e-7,4.2788213117087486e-7,5.56650490058982e-7,7.242132030652954e-7,9.422704499978026e-7,1.2260553473440581e-6,1.5954021181058275e-6,2.0761378130429147e-6,2.7018959768292077e-6,3.516480317741788e-6,4.576945669255608e-6,5.957614862201294e-6,7.755316482691951e-6,1.0096216255316358e-5,1.3144728988535872e-5,1.711514778555246e-5,2.2286823427351396e-5,2.9023984217859044e-5,3.780162403632509e-5,4.923933021400393e-5,6.414550576209048e-5,8.357520882524992e-5,0.00010890584409058117,0.0001419362777336999,0.00018501671360311289,0.0002412190084544058,0.0003145602035476608,0.00041029616203490843,0.0005353076436475199,0.0006986092295995591,0.0009120195708941359,0.0011910474632823578,0.0015560637504224953,0.0020338554553081425,0.002659691469872151,0.0034800756366114164,0.0045564273126205545,0.005970019460706608,0.007828631183925312,0.010275551191377769,0.013501829742198301,0.017763033697758283,0.023402374084788097,0.03088273700609844,0.040831522100530725,0.0541035208166594,0.07186861095465531,0.09702800555650075,0.13080766536132965,0.17715388405942176,0.24154848279675936,0.33273701389701393,0.46542577685204456,0.6670964399242751,0.9999999999971053]}