{"taus":[0.1,0.2,0.30000000000000004,0.4,0.5,0.6000000000000001,0.7000000000000001,0.8,0.9,1.0,1.1,1.2000000000000002,1.3,1.4000000000000001,1.5,1.6,1.7000000000000002,1.8,1.9000000000000001,2.0,2.1,2.2,2.3000000000000003,2.4000000000000004,2.5,2.6,2.7,2.8000000000000003,2.9000000000000004,3.0,3.1,3.2,3.3000000000000003,3.4000000000000004,3.5,3.6,3.7,3.8000000000000003,3.9000000000000004,4.0,4.1000000000000005,4.2,4.3,4.4,4.5,4.6000000000000005,4.7,4.800000000000001,4.9,5.0,5.1000000000000005,5.2,5.300000000000001,5.4,5.5,5.6000000000000005,5.7,5.800000000000001,5.9,6.0,6.1000000000000005,6.2,6.300000000000001,6.4,6.5,6.6000000000000005,6.7,6.800000000000001,6.9,7.0,7.1000000000000005,7.2,7.300000000000001,7.4,7.5,7.6000000000000005,7.7,7.800000000000001,7.9,8.0,8.1,8.200000000000001,8.3,8.4,8.5,8.6,8.700000000000001,8.8,8.9,9.0,9.1,9.200000000000001,9.3,9.4,9.5,9.600000000000001,9.700000000000001,9.8,9.9,10.0,10.100000000000001],"bd":[2,4,2,4,4,8,8,16,16,32,32,40,40,40,40,40,40,40,40,40,40,40,40,40,40,40,40,40,40,40,40,40,40,40,40,40,40,40,40,40,40,40,40,40,40,40,40,40,40,40,40,40,40,40,40,40,40,40,40,40,40,40,40,40,40,40,40,40,40,40,40,40,40,40,40,40,40,40,40,40,40,40,40,40,40,40,40,40,40,40,40,40,40,40,40,40,40,40,40,40,40,40,40,40,40,40,40,40,40,40,40,40,40,40,40,40,40,40,40,40,40,40,40,40,40,40,40,40,40,40,40,40,40,40,40,40,40,40,40,40,40,40,40,40,40,40,40,40,40,40,40,40,40,40,40,40,40,40,40,40,40,40,40,40,40,40,40,40,40,40,40,40,40,40,40,40,40,40,40,40,40,40,40,40,40,40,40,40,40,40,40,40,40,40,32,32,16,16,8,8,4,4,2,1],"gtau":[0.010153788535716203,0.008057868005596292,0.007723542688029366,0.007775589315368171,0.007974732553837576,0.00824901504203771,0.008570323813290722,0.008926509456085219,0.009311638409188801,0.009722693016158263,0.010158114102143978,0.010617061067104031,0.011098993519122444,0.01160359932407937,0.012131529446434234,0.012688051607684197,0.01327268580850508,0.013883863912435282,0.014521117928558912,0.015191935380131279,0.015896120760999735,0.016634383690478764,0.01740788926178884,0.018218056708323938,0.01906646974041211,0.0199548369337683,0.02088497194153341,0.021858785226086537,0.022878281088076338,0.02394556761850458,0.02506286677409899,0.02623253937827211,0.027456980907469408,0.028738733689700032,0.030080470193353394,0.03148491605943816,0.03295505521695028,0.03449393490338159,0.03610473730644006,0.03779081078971092,0.03955566678744059,0.04140298010282218,0.043336592885791295,0.04536052487692896,0.04747898565905412,0.04969637914659999,0.052017315055199576,0.05444662065511234,0.056989350826352106,0.05965079788714456,0.062436502057358914,0.06535226260910769,0.06840414977780188,0.07159851744560754,0.07494201656817591,0.0784416093243359,0.08210458399708426,0.08593857062117485,0.0899515574521866,0.09415190832727224,0.09854838100139324,0.103150146558753,0.10796681001867624,0.11300843228204598,0.11828555359895276,0.12380921878341226,0.12959100445429184,0.1356430486384789,0.14197808310820464,0.1486094687687383,0.15555123419177722,0.16281811701340365,0.17042560584855335,0.1783899879713524,0.18672838888182924,0.19545885294280618,0.20460042041841595,0.2141732598586206,0.2241987763347822,0.23469998358443617,0.2457013233991287,0.25722928780897736,0.2693127361957599,0.28198425548869677,0.295280382792024,0.3092440878316473,0.3239344429129124,0.33944348968110943,0.3557209416024962,0.3728725056248107,0.3910216384746063,0.4102629116532691,0.4306933499942777,0.4525560555989677,0.47625709549187817,0.5024994901003166,0.5326029015885024,0.569519039573572,0.6207875025047961,0.711750026659842,0.9898462114643103]}