{"taus":[0.2,0.4,0.6000000000000001,0.8,1.0,1.2000000000000002,1.4000000000000001,1.6,1.8,2.0,2.2,2.4000000000000004,2.6,2.8000000000000003,3.0,3.2,3.4000000000000004,3.6,3.8000000000000003,4.0,4.2,4.4,4.6000000000000005,4.800000000000001,5.0,5.2,5.4,5.6000000000000005,5.800000000000001,6.0,6.2,6.4,6.6000000000000005,6.800000000000001,7.0,7.2,7.4,7.6000000000000005,7.800000000000001,8.0,8.200000000000001,8.4,8.6,8.8,9.0,9.200000000000001,9.4,9.600000000000001,9.8,10.0,10.200000000000001],"bd":[2,4,2,4,4,8,8,16,16,32,32,64,64,100,100,100,100,100,100,100,100,100,100,100,100,100,100,100,100,100,100,100,100,100,100,100,100,100,100,100,100,100,100,100,100,100,100,100,100,100,100,100,100,100,100,100,100,100,100,100,100,100,100,100,100,100,100,100,100,100,100,100,100,100,100,100,100,100,100,100,100,100,100,100,100,100,100,100,100,100,100,100,64,64,32,32,16,16,8,8,4,4,2,1],"gtau":[3.6926873603926934e-7,3.240037888637203e-7,4.0612343624020834e-7,5.32985931007508e-7,7.087029812867907e-7,9.472204494827648e-7,1.2690960326126435e-6,1.7025568312774776e-6,2.2857947911074314e-6,3.0702685461293873e-6,4.12522714360307e-6,5.54382648628508e-6,7.451362163976146e-6,1.0016325174048716e-5,1.3465291082840107e-5,1.810295585158301e-5,2.4339047345120346e-5,3.2724533730976096e-5,4.400045625878843e-5,5.916326324666467e-5,7.955299207541455e-5,0.00010697174774401498,0.00014384305902697512,0.00019342620785352005,0.00026010451073241447,0.000349773082985176,0.0004703604276376719,0.0006325300494452366,0.0008506242736717896,0.001143934144649334,0.0015384083436156995,0.0020689527747265245,0.002782525988403848,0.0037423055811184346,0.00503330223442495,0.006769920717393305,0.00910615819731026,0.012249370166606204,0.016478840977852825,0.0221710683396242,0.02983391331394362,0.040153487481758364,0.054059329780405056,0.07281497466618962,0.0981517630955885,0.1324763173941819,0.1792396096635494,0.24376354603601572,0.33590072817746874,0.4847337204477587,0.999999630731242]}