{"taus":[0.05,0.1,0.15000000000000002,0.2,0.25,0.30000000000000004,0.35000000000000003,0.4,0.45,0.5,0.55,0.6000000000000001,0.65,0.7000000000000001,0.75,0.8,0.8500000000000001,0.9,0.9500000000000001,1.0,1.05,1.1,1.1500000000000001,1.2000000000000002,1.25,1.3,1.35,1.4000000000000001,1.4500000000000002,1.5,1.55,1.6,1.6500000000000001,1.7000000000000002,1.75,1.8,1.85,1.9000000000000001,1.9500000000000002,2.0,2.0500000000000003,2.1,2.15,2.2,2.25,2.3000000000000003,2.35,2.4000000000000004,2.45,2.5,2.5500000000000003,2.6,2.6500000000000004,2.7,2.75,2.8000000000000003,2.85,2.9000000000000004,2.95,3.0,3.0500000000000003,3.1,3.1500000000000004,3.2,3.25,3.3000000000000003,3.35,3.4000000000000004,3.45,3.5,3.5500000000000003,3.6,3.6500000000000004,3.7,3.75,3.8000000000000003,3.85,3.9000000000000004,3.95,4.0,4.05,4.1000000000000005,4.15,4.2,4.25,4.3,4.3500000000000005,4.4,4.45,4.5,4.55,4.6000000000000005,4.65,4.7,4.75,4.800000000000001,4.8500000000000005,4.9,4.95,5.0,5.050000000000001,5.1000000000000005,5.15,5.2,5.25,5.300000000000001,5.3500000000000005,5.4,5.45,5.5,5.550000000000001,5.6000000000000005,5.65,5.7,5.75,5.800000000000001,5.8500000000000005,5.9,5.95,6.0,6.050000000000001,6.1000000000000005,6.15,6.2,6.25,6.300000000000001,6.3500000000000005,6.4,6.45,6.5,6.550000000000001,6.6000000000000005,6.65,6.7,6.75,6.800000000000001,6.8500000000000005,6.9,6.95,7.0,7.050000000000001,7.1000000000000005,7.15,7.2,7.25,7.300000000000001,7.3500000000000005,7.4,7.45,7.5,7.550000000000001,7.6000000000000005,7.65,7.7,7.75,7.800000000000001,7.8500000000000005,7.9,7.95,8.0,8.05,8.1,8.15,8.200000000000001,8.25,8.3,8.35,8.4,8.450000000000001,8.5,8.55,8.6,8.65,8.700000000000001,8.75,8.8,8.85,8.9,8.950000000000001,9.0,9.05,9.1,9.15,9.200000000000001,9.25,9.3,9.35,9.4,9.450000000000001,9.5,9.55,9.600000000000001,9.65,9.700000000000001,9.75,9.8,9.850000000000001,9.9,9.950000000000001,10.0,10.05],"bd":[2,4,2,4,4,8,8,16,16,32,32,60,60,60,60,60,60,60,60,60,60,60,60,60,60,60,60,60,60,60,60,60,60,60,60,60,60,60,60,60,60,60,60,60,60,60,60,60,60,60,60,60,60,60,60,60,60,60,60,60,60,60,60,60,60,60,60,60,60,60,60,60,60,60,60,60,60,60,60,60,60,60,60,60,60,60,60,60,60,60,60,60,60,60,60,60,60,60,60,60,60,60,60,60,60,60,60,60,60,60,60,60,60,60,60,60,60,60,60,60,60,60,60,60,60,60,60,60,60,60,60,60,60,60,60,60,60,60,60,60,60,60,60,60,60,60,60,60,60,60,60,60,60,60,60,60,60,60,60,60,60,60,60,60,60,60,60,60,60,60,60,60,60,60,60,60,60,60,60,60,60,60,60,60,60,60,60,60,60,60,60,60,60,60,60,60,60,60,60,60,60,60,60,60,60,60,60,60,60,60,60,60,60,60,60,60,60,60,60,60,60,60,60,60,60,60,60,60,60,60,60,60,60,60,60,60,60,60,60,60,60,60,60,60,60,60,60,60,60,60,60,60,60,60,60,60,60,60,60,60,60,60,60,60,60,60,60,60,60,60,60,60,60,60,60,60,60,60,60,60,60,60,60,60,60,60,60,60,60,60,60,60,60,60,60,60,60,60,60,60,60,60,60,60,60,60,60,60,60,60,60,60,60,60,60,60,60,60,60,60,60,60,60,60,60,60,60,60,60,60,60,60,60,60,60,60,60,60,60,60,60,60,60,60,60,60,60,60,60,60,60,60,60,60,60,60,60,60,60,60,60,60,60,60,60,60,60,60,60,60,60,60,60,60,60,60,60,60,60,60,60,60,60,60,60,60,60,60,60,60,60,60,60,60,32,32,16,16,8,8,4,4,2,1],"gtau":[9.49578801866654e-12,9.990423291939032e-12,1.0655119269180976e-11,1.1475907953717687e-11,1.2446200422938808e-11,1.3575981558512773e-11,1.4862179561302054e-11,1.6327240315452393e-11,1.798639735554704e-11,1.985961961469305e-11,2.1969889934438182e-11,2.4345269374883318e-11,2.7022039924226287e-11,3.0026742713423715e-11,3.340172693150141e-11,3.720850115014136e-11,4.148920779535393e-11,4.629096021774556e-11,5.170092831299475e-11,5.775080689836828e-11,6.455157732260172e-11,7.219504359357021e-11,8.078791338906932e-11,9.044698590441993e-11,1.0131193745060192e-10,1.1352918329597396e-10,1.2727008605938668e-10,1.4272410831854704e-10,1.6010555342012373e-10,1.7966410326208191e-10,2.0167298687555645e-10,2.264424881337669e-10,2.543196115248671e-10,2.857000111463152e-10,3.21033029718238e-10,3.608096684308377e-10,4.05595437605343e-10,4.5603650059933535e-10,5.129099591898478e-10,5.769646111478927e-10,6.491483375929489e-10,7.304892605124996e-10,8.221660670464344e-10,9.255075899114905e-10,1.042009787517859e-9,1.1733646384207742e-9,1.3214836002615994e-9,1.488523573642771e-9,1.6769248903318383e-9,1.8894427322101943e-9,2.1292203553628633e-9,2.399728244482574e-9,2.7049673076751496e-9,3.0494365528877515e-9,3.43822011718922e-9,3.877066383785963e-9,4.3724764779312984e-9,4.931800507051028e-9,5.563355729587825e-9,6.276542855963016e-9,7.082002459499705e-9,7.991770751222912e-9,9.019465897680332e-9,1.0180497822038838e-8,1.1492306367943485e-8,1.2974632695228623e-8,1.4649818123400043e-8,1.6543158889137184e-8,1.868329274664139e-8,2.1102648800011777e-8,2.3837947631739345e-8,2.6930780210401896e-8,3.04282546580787e-8,3.438373415558007e-8,3.885767491021571e-8,4.3918579866997506e-8,4.9644071495995075e-8,5.6122124115260793e-8,6.345245318162576e-8,7.174809547597553e-8,8.113724877190547e-8,9.176515719362123e-8,1.037966363031179e-7,1.174185634122525e-7,1.3284290295380196e-7,1.5031009906055115e-7,1.7009293506578478e-7,1.925009291929496e-7,2.1788529055834772e-7,2.4664475220425466e-7,2.792317342268921e-7,3.161599510267411e-7,3.58012596092057e-7,4.0545199456094116e-7,4.5923021758995766e-7,5.202014846956855e-7,5.893361352780292e-7,6.677365345519085e-7,7.566552037458449e-7,8.57515447067227e-7,9.719348058887736e-7,1.1017519335499836e-6,1.249056892346176e-6,1.4162260148187978e-6,1.6059613011744234e-6,1.8213356141807158e-6,2.0658440548216212e-6,2.34346248467083e-6,2.6587143395101168e-6,3.0167468015571348e-6,3.4234176934279776e-6,3.8853945972927895e-6,4.410267964777979e-6,5.006680184442262e-6,5.684472912645062e-6,6.45485525450938e-6,7.330595819859863e-6,8.326241887045615e-6,9.458370146416818e-6,1.0745872605844471e-5,1.2210283690770646e-5,1.3876153933305485e-5,1.5771477158659015e-5,1.7928178940328102e-5,2.038267520675885e-5,2.3176511232526767e-5,2.635709272251948e-5,2.9978522297858724e-5,3.4102556256987364e-5,3.879970285897449e-5,4.4150477083064036e-5,5.024683956231636e-5,5.719384395444204e-5,6.511152650045609e-5,7.413707190084845e-5,8.442729669634521e-5,9.616149831020517e-5,0.00010954472397588447,0.00012481152286415042,0.00014223025407412274,0.00016210803464456966,0.00018479642438744845,0.00021069795846147092,0.00024027364309663583,0.00027405161704546494,0.0003126370718553293,0.0003567237016575362,0.0004071069178254721,0.00046469897107093773,0.0005305465463195818,0.0006058508274547588,0.0006919908006554053,0.0007905501552773647,0.0009033483089519861,0.0010324762479967933,0.0011803380073003393,0.0013496985660007,0.001543739616572518,0.0017661236259638327,0.002021068393188129,0.002313433566943074,0.0026488216830780034,0.003033694767680188,0.003475509471900895,0.003982877158327292,0.004565747560764123,0.005235624810163566,0.0060058201615754096,0.006891747911448918,0.007911272712695816,0.009085119901131717,0.010437357250976748,0.011995961666241048,0.013793491760586637,0.015867895703387938,0.018263468192807667,0.02103199531131655,0.024234131600106602,0.02794106660939438,0.03223655348772097,0.037219395944973505,0.04300652764844451,0.049736870825346106,0.057576261703607315,0.06672391236237743,0.07729310817158612,0.08971468416077207,0.10428874758264574,0.12142087647357594,0.1416135744046354,0.1654863644902512,0.19381193807984198,0.22756630331846256,0.26800016906322666,0.3167441994940172,0.37597259678641687,0.44865319497026934,0.5389953890332688,0.6532428331914018,0.8012463966836775,0.9999999999910607]}