{"taus":[0.05,0.1,0.15000000000000002,0.2,0.25,0.30000000000000004,0.35000000000000003,0.4,0.45,0.5,0.55,0.6000000000000001,0.65,0.7000000000000001,0.75,0.8,0.8500000000000001,0.9,0.9500000000000001,1.0,1.05],"bd":[2,4,2,4,4,8,8,16,16,32,32,64,64,120,112,120,120,120,120,120,120,120,120,120,120,120,120,120,120,120,120,120,64,64,32,32,16,16,8,8,4,4,2,1],"gtau":[0.07585808302371212,0.07700566339009919,0.08003657349858205,0.08463813628112339,0.09072743710104439,0.0983516041635424,0.10765067554580365,0.11884663845857585,0.13224651275108212,0.14825555643940133,0.16740034227763445,0.19036390283707455,0.21803763740650514,0.2515983325671192,0.2926248692907097,0.3432808282969473,0.4066121680661931,0.4870588559498306,0.5913947134745612,0.7306094660159547,0.9241419169762934]}