{"taus":[0.025,0.05,0.07500000000000001,0.1,0.125,0.15000000000000002,0.17500000000000002,0.2,0.225,0.25,0.275,0.30000000000000004,0.325,0.35000000000000003,0.375,0.4,0.42500000000000004,0.45,0.47500000000000003,0.5,0.525,0.55,0.5750000000000001,0.6000000000000001,0.625,0.65,0.675,0.7000000000000001,0.7250000000000001,0.75,0.775,0.8,0.8250000000000001,0.8500000000000001,0.875,0.9,0.925,0.9500000000000001,0.9750000000000001,1.0,1.0250000000000001,1.05,1.075,1.1,1.125,1.1500000000000001,1.175,1.2000000000000002,1.225,1.25,1.2750000000000001,1.3,1.3250000000000002,1.35,1.375,1.4000000000000001,1.425,1.4500000000000002,1.475,1.5,1.5250000000000001,1.55,1.5750000000000002,1.6,1.625,1.6500000000000001,1.675,1.7000000000000002,1.725,1.75,1.7750000000000001,1.8,1.8250000000000002,1.85,1.875,1.9000000000000001,1.925,1.9500000000000002,1.975,2.0,2.025,2.0500000000000003,2.075,2.1,2.125,2.15,2.1750000000000003,2.2,2.225,2.25,2.275,2.3000000000000003,2.325,2.35,2.375,2.4000000000000004,2.4250000000000003,2.45,2.475,2.5,2.5250000000000004,2.5500000000000003,2.575,2.6,2.625,2.6500000000000004,2.6750000000000003,2.7,2.725,2.75,2.7750000000000004,2.8000000000000003,2.825,2.85,2.875,2.9000000000000004,2.9250000000000003,2.95,2.975,3.0,3.0250000000000004,3.0500000000000003,3.075,3.1,3.125,3.1500000000000004,3.1750000000000003,3.2,3.225,3.25,3.2750000000000004,3.3000000000000003,3.325,3.35,3.375,3.4000000000000004,3.4250000000000003,3.45,3.475,3.5,3.5250000000000004,3.5500000000000003,3.575,3.6,3.625,3.6500000000000004,3.6750000000000003,3.7,3.725,3.75,3.7750000000000004,3.8000000000000003,3.825,3.85,3.875,3.9000000000000004,3.9250000000000003,3.95,3.975,4.0,4.025,4.05,4.075,4.1000000000000005,4.125,4.15,4.175,4.2,4.2250000000000005,4.25,4.275,4.3,4.325,4.3500000000000005,4.375,4.4,4.425,4.45,4.4750000000000005,4.5,4.525,4.55,4.575,4.6000000000000005,4.625,4.65,4.675,4.7,4.7250000000000005,4.75,4.775,4.800000000000001,4.825,4.8500000000000005,4.875,4.9,4.925000000000001,4.95,4.9750000000000005,5.0,5.025],"bd":[2,4,2,4,4,8,8,16,16,32,32,60,58,60,58,60,58,60,58,60,58,60,58,60,58,60,58,60,58,60,58,60,58,60,58,60,58,60,60,60,58,60,58,60,58,60,58,60,58,60,58,60,56,60,56,60,58,60,58,60,58,60,58,60,58,60,58,60,58,60,58,60,60,60,60,60,60,60,60,60,58,60,58,60,58,60,60,60,58,60,58,60,58,60,58,60,58,60,58,60,58,60,58,60,58,60,58,60,58,60,58,60,58,60,60,60,60,60,60,60,58,60,58,60,58,60,58,60,58,60,60,60,60,60,60,60,58,60,58,60,58,60,58,60,58,60,58,60,58,60,58,60,58,60,58,60,58,60,58,60,58,60,58,60,58,60,58,60,58,60,58,60,58,60,58,60,56,60,56,60,58,60,58,60,58,60,58,60,58,60,58,60,58,60,58,60,58,60,58,60,58,60,58,60,58,60,58,60,58,60,58,60,58,60,58,60,58,60,58,60,58,60,58,60,58,60,58,60,58,60,58,60,58,60,58,60,58,60,58,60,58,60,58,60,58,60,58,60,58,60,58,60,58,60,58,60,58,60,58,60,58,60,58,60,58,60,58,60,58,60,58,60,58,60,60,60,60,60,60,60,58,60,58,60,58,60,58,60,58,60,58,60,58,60,58,60,58,60,58,60,58,60,58,60,58,60,58,60,58,60,58,60,56,60,56,60,58,60,58,60,58,60,58,60,58,60,58,60,58,60,58,60,58,60,58,60,58,60,58,60,58,60,58,60,58,60,58,60,60,60,60,60,58,60,58,60,56,60,58,60,58,60,58,60,56,60,56,60,56,60,56,60,56,60,56,60,56,60,56,60,56,60,56,60,56,60,56,60,56,60,56,60,54,60,32,32,16,16,8,8,4,4,2,1],"gtau":[4.945712621006736e-6,4.963700053772339e-6,5.012967449548826e-6,5.088414256558711e-6,5.186666714831178e-6,5.305470989264244e-6,5.443333543478651e-6,5.599297062324752e-6,5.772796120785642e-6,5.9635626807245445e-6,6.171561403591598e-6,6.3969453470853495e-6,6.640024974302905e-6,6.901246352193187e-6,7.181176878314086e-6,7.480491025227477e-6,7.799964441208054e-6,8.140469106459198e-6,8.50297438772241e-6,8.888544043615295e-6,9.29833770360392e-6,9.73361174962847e-6,1.0195721283082208e-5,1.0686123018914455e-5,1.1206378270389766e-5,1.1758157196794684e-5,1.2343243346728768e-5,1.296354132730441e-5,1.3621093723620996e-5,1.4318092449198381e-5,1.5056823333638012e-5,1.5839713328939474e-5,1.6669334213706283e-5,1.754838659890753e-5,1.8479759948064283e-5,1.9466561247129903e-5,2.0512110984797473e-5,2.161993472443517e-5,2.279376775424766e-5,2.4037572618472164e-5,2.5355551771073354e-5,2.675216616689761e-5,2.823215063184207e-5,2.9800534195652427e-5,3.146265799641377e-5,3.3224195207992205e-5,3.5091172129016315e-5,3.706998955375816e-5,3.916744645877972e-5,4.139076469822626e-5,4.374761616909884e-5,4.624615081120482e-5,4.889502604435099e-5,5.17034368433218e-5,5.468115075287362e-5,5.7838542295923645e-5,6.118663082833673e-5,6.473712232775688e-5,6.850244794212847e-5,7.249581035800608e-5,7.673123857423268e-5,8.122362613518383e-5,8.598878901493577e-5,9.1043519668467e-5,9.640564667027444e-5,0.00010209409188139017,0.0001081289458737595,0.00011453154036159773,0.00012132453271056292,0.00012853199513440734,0.000136179486921479,0.00014429407909256198,0.0001529043527699171,0.00016204048457173396,0.0001717344209751478,0.00018202006239744165,0.00019293343836973906,0.00020451285509626746,0.00021679901609996814,0.00022983511757622706,0.0002436669335767822,0.00025834289137222956,0.0002739140471638278,0.0002904338829591873,0.0003079584569176198,0.00032654716792609095,0.0003462632245646788,0.00036717372938904487,0.0003893497024540507,0.00041286616607286034,0.00043780229050544,0.00046424160215891263,0.0004922722296947082,0.0005219871474690264,0.0005534844406522333,0.0005868676296783417,0.0006222459069355609,0.0006597344968624048,0.0006994549323827632,0.000741535383223549,0.0007861110017691632,0.0008333242698002927,0.0008833254004015516,0.0009362727375508101,0.0009923331945867907,0.001051682735674038,0.0011145068707483663,0.0011810011901455951,0.0012513719248031312,0.0013258365384321972,0.0014046243543874935,0.001487977188772614,0.0015761500347541125,0.0016694117539831621,0.0017680458151878111,0.0018723510461517736,0.0019826424408191574,0.002099251994410005,0.0022225296049148127,0.002352844018924064,0.0024905838731722886,0.002636158770171755,0.0027900005014139186,0.0029525643649030648,0.0031243306505922743,0.0033058062343535627,0.003497526476005349,0.0037000572910577266,0.0039139976530269596,0.004139982476403238,0.004378686120017099,0.004630826669328479,0.004897171274486542,0.0051785430097757105,0.005475829711161842,0.005789995619070528,0.006122096514397747,0.0064732988569554135,0.006844901663275587,0.007238355392804279,0.007655262881662383,0.008097339831010138,0.008566336650648508,0.009063990127481382,0.009592035887090984,0.010152181519643075,0.010746097297896376,0.011375538437043612,0.012042455746849968,0.012749106629849098,0.013498195500684188,0.014292898244107203,0.015136787685064228,0.0160337572061412,0.016988071812843782,0.01800444488588274,0.019088088790543637,0.020244788752826374,0.021480984233350257,0.02280385160897638,0.02422143467569265,0.02574278476462357,0.027378101513447113,0.02913887308932281,0.031037992927016995,0.03308982772282458,0.03531031652643658,0.03771731113789034,0.04033127233487831,0.04317624655755189,0.04628084739401634,0.049678896947578544,0.0534097448282268,0.05751836540113947,0.06205564845769916,0.06707883123424473,0.0726521496228618,0.07884768750105223,0.08574648010471476,0.0934399283154258,0.10203156579225653,0.1116391050524287,0.12239711273902236,0.13446123015189995,0.14800753545913428,0.1632413993228741,0.18040758344954122,0.19979491682659523,0.2217450611013231,0.2466646947720544,0.2750415754076046,0.30746586161714,0.34465795357207246,0.38750662104702727,0.4371260531273509,0.49493724169991965,0.5627874775621893,0.6431317609417768,0.7393103970164179,0.8560030186603473,0.9999950542777731]}