{"taus":[0.2,0.4,0.6000000000000001,0.8,1.0,1.2000000000000002,1.4000000000000001,1.6,1.8,2.0,2.2,2.4000000000000004,2.6,2.8000000000000003,3.0,3.2,3.4000000000000004,3.6,3.8000000000000003,4.0,4.2,4.4,4.6000000000000005,4.800000000000001,5.0,5.2,5.4,5.6000000000000005,5.800000000000001,6.0,6.2,6.4,6.6000000000000005,6.800000000000001,7.0,7.2,7.4,7.6000000000000005,7.800000000000001,8.0,8.200000000000001,8.4,8.6,8.8,9.0,9.200000000000001,9.4,9.600000000000001,9.8,10.0,10.200000000000001],"bd":[2,4,2,4,4,8,8,16,16,32,32,60,60,60,60,60,60,60,60,60,60,60,60,60,60,60,60,60,60,60,60,60,60,60,60,60,60,60,60,60,60,60,60,60,60,60,60,60,60,60,60,60,60,60,60,60,60,60,60,60,60,60,60,60,60,60,60,60,60,60,60,60,60,60,60,60,60,60,60,60,60,60,60,60,60,60,60,60,60,60,60,60,60,60,32,32,16,16,8,8,4,4,2,1],"gtau":[0.49970868363009513,0.3438624632245848,0.32086896995566155,0.3132363523135678,0.3097902146965831,0.3079440026846234,0.30683989571079945,0.30612979662351425,0.3056428320673858,0.30530148997615114,0.3050532601165385,0.3048612875855319,0.30471557952834694,0.3046027599922228,0.30451420735159285,0.30444392645355567,0.3043878095979931,0.3043427335170282,0.30430681255467,0.30427862930552474,0.3042568781651573,0.3042408744147128,0.3042298431989037,0.3042233151805083,0.304220995705781,0.3042227005781149,0.3042283577201759,0.30423800715950544,0.30425180455448414,0.3042700336780986,0.3042931281563664,0.30432170562412153,0.30435661985653456,0.3043990368323024,0.30445054389844833,0.3045133263084272,0.3045904290530283,0.30468606552423105,0.30480658112664455,0.3049618287418582,0.3051545758190334,0.3054102283634373,0.3057626515847025,0.3062518355155435,0.3069686268143514,0.3080741362816983,0.3099208569702432,0.31336953897072484,0.32101720643996945,0.344061200238133,0.5002913163699094]}