{"taus":[0.025,0.05,0.07500000000000001,0.1,0.125,0.15000000000000002,0.17500000000000002,0.2,0.225,0.25,0.275,0.30000000000000004,0.325,0.35000000000000003,0.375,0.4,0.42500000000000004,0.45,0.47500000000000003,0.5,0.525,0.55,0.5750000000000001,0.6000000000000001,0.625,0.65,0.675,0.7000000000000001,0.7250000000000001,0.75,0.775,0.8,0.8250000000000001,0.8500000000000001,0.875,0.9,0.925,0.9500000000000001,0.9750000000000001,1.0,1.0250000000000001,1.05,1.075,1.1,1.125,1.1500000000000001,1.175,1.2000000000000002,1.225,1.25,1.2750000000000001,1.3,1.3250000000000002,1.35,1.375,1.4000000000000001,1.425,1.4500000000000002,1.475,1.5,1.5250000000000001,1.55,1.5750000000000002,1.6,1.625,1.6500000000000001,1.675,1.7000000000000002,1.725,1.75,1.7750000000000001,1.8,1.8250000000000002,1.85,1.875,1.9000000000000001,1.925,1.9500000000000002,1.975,2.0,2.025,2.0500000000000003,2.075,2.1,2.125,2.15,2.1750000000000003,2.2,2.225,2.25,2.275,2.3000000000000003,2.325,2.35,2.375,2.4000000000000004,2.4250000000000003,2.45,2.475,2.5,2.5250000000000004,2.5500000000000003,2.575,2.6,2.625,2.6500000000000004,2.6750000000000003,2.7,2.725,2.75,2.7750000000000004,2.8000000000000003,2.825,2.85,2.875,2.9000000000000004,2.9250000000000003,2.95,2.975,3.0,3.0250000000000004,3.0500000000000003,3.075,3.1,3.125,3.1500000000000004,3.1750000000000003,3.2,3.225,3.25,3.2750000000000004,3.3000000000000003,3.325,3.35,3.375,3.4000000000000004,3.4250000000000003,3.45,3.475,3.5,3.5250000000000004,3.5500000000000003,3.575,3.6,3.625,3.6500000000000004,3.6750000000000003,3.7,3.725,3.75,3.7750000000000004,3.8000000000000003,3.825,3.85,3.875,3.9000000000000004,3.9250000000000003,3.95,3.975,4.0,4.025,4.05,4.075,4.1000000000000005,4.125,4.15,4.175,4.2,4.2250000000000005,4.25,4.275,4.3,4.325,4.3500000000000005,4.375,4.4,4.425,4.45,4.4750000000000005,4.5,4.525,4.55,4.575,4.6000000000000005,4.625,4.65,4.675,4.7,4.7250000000000005,4.75,4.775,4.800000000000001,4.825,4.8500000000000005,4.875,4.9,4.925000000000001,4.95,4.9750000000000005,5.0,5.025],"bd":[2,4,2,4,4,8,8,16,16,32,32,64,46,80,52,80,54,80,58,80,60,80,60,80,62,80,62,80,62,80,62,80,62,80,62,80,64,80,64,80,64,80,64,80,66,80,66,80,68,80,68,80,68,80,66,80,68,80,68,80,68,80,68,80,68,80,68,80,68,80,68,80,70,80,70,80,70,80,70,80,70,80,70,80,70,80,70,80,70,80,68,80,68,80,68,80,70,80,70,80,70,80,70,80,70,80,70,80,70,80,70,80,70,80,70,80,70,80,70,80,70,80,70,80,70,80,70,80,70,80,70,80,70,80,70,80,70,80,70,80,70,80,70,80,70,80,70,80,70,80,70,80,70,80,70,80,70,80,70,80,70,80,70,80,70,80,70,80,70,80,70,80,70,80,70,80,70,80,70,80,70,80,70,80,70,80,70,80,70,80,70,80,70,80,70,80,70,80,70,80,70,80,70,80,70,80,70,80,70,80,68,80,68,80,68,80,68,80,68,80,68,80,68,80,68,80,68,80,68,80,68,80,68,80,68,80,68,80,68,80,68,80,68,80,68,80,68,80,68,80,68,80,68,80,68,80,68,80,68,80,68,80,68,80,68,80,68,80,68,80,68,80,68,80,68,80,68,80,68,80,68,80,68,80,68,80,68,80,68,80,68,80,68,80,68,80,68,80,68,80,68,80,68,80,68,80,68,80,68,80,68,80,66,80,66,80,66,80,66,80,68,80,68,80,68,80,68,80,68,80,66,80,68,80,68,80,68,80,68,80,68,80,68,80,68,80,68,80,68,80,68,80,66,80,66,80,66,80,66,80,66,80,66,80,66,80,66,80,64,80,66,80,66,80,66,80,64,80,62,80,62,80,60,80,60,80,58,80,56,80,52,80,46,64,32,32,16,16,8,8,4,4,2,1],"gtau":[5.732857301518476e-7,5.825981383451512e-7,5.957761253570578e-7,6.123470111557701e-7,6.320218604385469e-7,6.546322818946911e-7,6.800937256896113e-7,7.083825557504834e-7,7.395227710002824e-7,7.735749511344317e-7,8.106305670755533e-7,8.508086038135569e-7,8.942526265482766e-7,9.411293851394811e-7,9.916265339896241e-7,1.045955477784134e-6,1.1043491350175478e-6,1.1670620409560784e-6,1.2343728071779503e-6,1.3065846998211114e-6,1.3840261268999502e-6,1.4670518127299734e-6,1.556044622247279e-6,1.6514178173009471e-6,1.7536173974962577e-6,1.8631228370271376e-6,1.980450701970712e-6,2.1061582058647132e-6,2.240842707155551e-6,2.385144332197345e-6,2.5397554273141425e-6,2.705420053074447e-6,2.882939267930939e-6,3.0731732202009987e-6,3.2770470880666783e-6,3.495556447804656e-6,3.7297704417787177e-6,3.980840995903646e-6,4.249999730730292e-6,4.538572332224629e-6,4.84799332569326e-6,5.1798011679778034e-6,5.535657641240123e-6,5.9173261124064385e-6,6.326722158609984e-6,6.765898391512532e-6,7.237055191054449e-6,7.742586112101568e-6,8.28503302103133e-6,8.8671600221402e-6,9.491931500353652e-6,1.0162534462223133e-5,1.0882396893574477e-5,1.1655207013179203e-5,1.2484932700045059e-5,1.3375844375517048e-5,1.4332537077317898e-5,1.5359957492848957e-5,1.646342829446831e-5,1.7648681118185325e-5,1.8921885109284094e-5,2.0289682531558217e-5,2.1759221570126656e-5,2.3338205654986963e-5,2.5034920849570185e-5,2.6858296350797332e-5,2.8817947399832354e-5,3.0924228963007785e-5,3.318829492612915e-5,3.5622159924762966e-5,3.8238766949890676e-5,4.1052059450562114e-5,4.407706151993047e-5,4.7329961297347754e-5,5.0828202494697756e-5,5.4590585005624696e-5,5.8637370621801e-5,6.29904048471988e-5,6.767322426019474e-5,7.271121277919359e-5,7.813173361462234e-5,8.396429339649532e-5,9.02407113929189e-5,9.699530350287262e-5,0.00010426508685507855,0.00011208999034630155,0.00012051309576312419,0.00012958088984100136,0.00013934354115602228,0.00014985520419913756,0.00016117434213423952,0.00017336407365210033,0.0001864925975984531,0.00020063357423956242,0.00021586661199146602,0.00023227776982338996,0.0002499601160234537,0.0002690143976612919,0.0002895495866139624,0.0003116837918476736,0.0003355448798662229,0.00036127135311677646,0.0003890132355555185,0.0004189329968361523,0.0004512065374408824,0.00048602422806326125,0.0005235920213569955,0.0005641326440981502,0.0006078868825399041,0.0006551149685743547,0.0007060980806691168,0.0007611399691797145,0.0008205687201331661,0.0008847386668711826,0.0009540324616475423,0.0010288633327671661,0.0011096775241187461,0.0011969569539539303,0.0012912220834501997,0.001393035049297816,0.0015030030481925178,0.001621781997859584,0.0017500805367217397,0.0018886643164994982,0.0020383606814195253,0.0022000637339463116,0.0023747397924925038,0.0025634333601162827,0.0027672735289318677,0.00298748094997307,0.0032253753722118264,0.0034823838319201377,0.0037600494875936557,0.004060041233133379,0.004384164123502771,0.004734370643905879,0.005112772955632432,0.005521656225875415,0.005963492962768099,0.0064409587491995055,0.006956949167798196,0.0075145982008585676,0.008117298234735133,0.008768721744820969,0.009472844863495207,0.010233972705554793,0.011056766672360989,0.0119462737578237,0.012907957955564453,0.013947733538600703,0.015072000688391214,0.016287685586546363,0.017602290420407177,0.01902395766603673,0.020561549477293637,0.022224710473801798,0.024023958047892584,0.025970725249995306,0.02807747872514377,0.03035775166333356,0.0328262758923602,0.03549908099210919,0.03839362340625885,0.04152892963060392,0.04492575589811592,0.04860676288876069,0.052596717151011926,0.05692270619665137,0.061614410540408455,0.06670438713944685,0.07222838167220272,0.0782256932781865,0.08473956417216419,0.09181763104506717,0.09951245601137493,0.1078820271427363,0.1169904570780249,0.12690909258969044,0.13771648114481158,0.1495004216720246,0.1623587772978976,0.17640040494211506,0.19174665886771472,0.20853357510785736,0.2269154752510698,0.24706506938534542,0.2691766594879333,0.29347002482989376,0.3201950471120599,0.34963757689566083,0.38212587011577,0.41803847208942274,0.45781382673802196,0.5019622974018996,0.5510796949192192,0.605865988255604,0.6671479952787593,0.7359079323270611,0.8133188057571498,0.9007871613361371,0.9999994267170401]}