{"taus":[0.2,0.4,0.6000000000000001,0.8,1.0,1.2000000000000002,1.4000000000000001,1.6,1.8,2.0,2.2,2.4000000000000004,2.6,2.8000000000000003,3.0,3.2,3.4000000000000004,3.6,3.8000000000000003,4.0,4.2,4.4,4.6000000000000005,4.800000000000001,5.0,5.2],"bd":[2,4,2,4,4,8,8,16,16,32,32,64,64,100,98,100,98,100,98,100,98,100,100,100,100,100,100,100,100,100,100,100,100,100,98,100,98,100,100,100,98,100,64,64,32,32,16,16,8,8,4,4,2,1],"gtau":[3.7272528381978285e-6,4.350162780312011e-6,5.877979457325816e-6,8.445974254333768e-6,1.2565456218169026e-5,1.912848205344306e-5,2.9611216623452806e-5,4.644216466733793e-5,7.362837458433514e-5,0.00011781303417279094,0.00019007133656207486,0.0003089781828157455,0.0005058844182065766,0.0008340700714666956,0.0013847787817491948,0.002315619570275649,0.0039015480596330783,0.006627927803070302,0.01136389755306785,0.019694650795047074,0.034581903626031876,0.06174891990156648,0.11282529935126234,0.21345528049771173,0.42941413195553857,0.9999962727471465]}