{"taus":[0.2,0.4,0.6000000000000001,0.8,1.0,1.2000000000000002,1.4000000000000001,1.6,1.8,2.0,2.2,2.4000000000000004,2.6,2.8000000000000003,3.0,3.2,3.4000000000000004,3.6,3.8000000000000003,4.0,4.2,4.4,4.6000000000000005,4.800000000000001,5.0,5.2,5.4,5.6000000000000005,5.800000000000001,6.0,6.2,6.4,6.6000000000000005,6.800000000000001,7.0,7.2,7.4,7.6000000000000005,7.800000000000001,8.0,8.200000000000001,8.4,8.6,8.8,9.0,9.200000000000001,9.4,9.600000000000001,9.8,10.0,10.200000000000001],"bd":[2,4,2,4,4,8,8,16,16,32,32,60,60,60,60,60,60,60,60,60,60,60,60,60,60,60,60,60,60,60,60,60,60,60,60,60,60,60,60,60,60,60,60,60,60,60,60,60,60,60,60,60,60,60,60,60,60,60,60,60,60,60,60,60,60,60,60,60,60,60,60,60,60,60,60,60,60,60,60,60,60,60,60,60,60,60,60,60,60,60,60,60,60,60,32,32,16,16,8,8,4,4,2,1],"gtau":[2.020852592558975e-12,2.809860156590159e-12,4.267762757564818e-12,6.69753692554532e-12,1.0706952477183799e-11,1.7301900866387745e-11,2.8153631925241666e-11,4.604495733075591e-11,7.559005952022769e-11,1.2456264958193498e-10,2.0578162229882135e-10,3.405237965611213e-10,5.643882882487326e-10,9.38546916486355e-10,1.5627141086969953e-9,2.6066757607767446e-9,4.352434954950273e-9,7.2777289111057545e-9,1.218574801979931e-8,2.043073943038915e-8,3.429952260912658e-8,5.765892737758558e-8,9.70574989806164e-8,1.636034892983753e-7,2.7617200481088193e-7,4.6689211830997814e-7,7.905516653152711e-7,1.3407545796105996e-6,2.277744434683722e-6,3.876446682386945e-6,6.609659384683526e-6,1.1292550167927559e-5,1.9334498666675567e-5,3.317980914512981e-5,5.7082225487293374e-5,9.847374336594297e-5,0.000170398765096055,0.00029587574460747325,0.000515576701816932,0.0009026620871459858,0.0015880565214583839,0.002796507519153132,0.004961796228159416,0.008865288469248838,0.01597584165608584,0.029109137574076287,0.053833358405985486,0.10169631221539298,0.19864539609505877,0.4125139372094141,0.9999999999976695]}