{"taus":[0.2,0.4,0.6000000000000001,0.8,1.0,1.2000000000000002,1.4000000000000001,1.6,1.8,2.0,2.2,2.4000000000000004,2.6,2.8000000000000003,3.0,3.2,3.4000000000000004,3.6,3.8000000000000003,4.0,4.2,4.4,4.6000000000000005,4.800000000000001,5.0,5.2],"bd":[2,4,2,4,4,8,8,16,16,32,32,64,64,100,100,100,100,100,100,100,100,100,100,100,100,100,100,100,100,100,100,100,100,100,100,100,100,100,100,100,100,100,64,64,32,32,16,16,8,8,4,4,2,1],"gtau":[2.400695652021942e-8,3.480291906476254e-8,5.807726763668106e-8,1.0266583403821332e-7,1.8744468206882996e-7,3.4960030352933756e-7,6.622446389410487e-7,1.269788246795023e-6,2.4592948337120533e-6,4.8051126855781924e-6,9.464807533324118e-6,1.8789983195355127e-5,3.757396561266688e-5,7.567460744110368e-5,0.00015344229970636826,0.0003133992951968142,0.0006449403932338679,0.0013381776934188858,0.002802332547891371,0.005931946198722321,0.012721992025258245,0.027745583895577023,0.061919902919294084,0.14308372364701044,0.3515756589401715,0.9999999759930143]}