{"taus":[0.2,0.4,0.6000000000000001,0.8,1.0,1.2000000000000002,1.4000000000000001,1.6,1.8,2.0,2.2,2.4000000000000004,2.6,2.8000000000000003,3.0,3.2,3.4000000000000004,3.6,3.8000000000000003,4.0,4.2,4.4,4.6000000000000005,4.800000000000001,5.0,5.2,5.4,5.6000000000000005,5.800000000000001,6.0,6.2,6.4,6.6000000000000005,6.800000000000001,7.0,7.2,7.4,7.6000000000000005,7.800000000000001,8.0,8.200000000000001,8.4,8.6,8.8,9.0,9.200000000000001,9.4,9.600000000000001,9.8,10.0,10.200000000000001],"bd":[2,4,2,4,4,8,8,16,16,20,20,20,20,20,20,20,20,20,20,20,20,20,20,20,20,20,20,20,20,20,20,20,20,20,20,20,20,20,20,20,20,20,20,20,20,20,20,20,20,20,20,20,20,20,20,20,20,20,20,20,20,20,20,20,20,20,20,20,20,20,20,20,20,20,20,20,20,20,20,20,20,20,20,20,20,20,20,20,20,20,20,20,20,20,20,20,16,16,8,8,4,4,2,1],"gtau":[7.477544265533675e-15,-2.1241190332954065e-15,1.3057313180168141e-15,-2.0802767816428945e-15,-5.680896514891094e-15,3.0570811935120474e-16,9.225643291831335e-16,2.1808496005135236e-16,-5.688775697657939e-16,-8.900281047324863e-17,1.4252588186698707e-16,-3.7715351838075544e-16,8.458403889271978e-17,6.992348499272054e-16,2.023449103719952e-16,-1.259001275445112e-16,-4.235752023091329e-17,3.1965639795568146e-17,-3.5797975373421647e-16,1.7449395569395345e-16,6.16278512130534e-16,7.32134962717798e-16,4.20964522297742e-16,-2.380046262833737e-16,-1.9275070234937643e-16,-1.0465754954696176e-16,2.8450705091850117e-16,4.1547926344858185e-16,-2.05112986196307e-18,2.0783936970861442e-15,8.927938426955885e-15,4.433032200732219e-14,2.2027849845609502e-13,1.0855117346232965e-12,5.314909654793099e-12,2.6089913476352595e-11,1.280781717878057e-10,6.285313881780031e-10,3.0909497567918107e-9,1.5208748882786393e-8,7.489124075600589e-8,3.6900944417076125e-7,1.819539850665029e-6,8.979490888308736e-6,4.4358044813162476e-5,0.00021955524708740077,0.0010856951418316027,0.00546290427600953,0.028389556471275067,0.15659119485165932,0.999999999999864]}