{"taus":[0.05,0.1,0.15000000000000002,0.2,0.25,0.30000000000000004,0.35000000000000003,0.4,0.45,0.5,0.55,0.6000000000000001,0.65,0.7000000000000001,0.75,0.8,0.8500000000000001,0.9,0.9500000000000001,1.0,1.05],"bd":[2,4,2,4,4,8,8,16,16,20,20,20,20,20,20,20,20,20,20,20,20,20,20,20,20,20,20,20,20,20,20,20,20,20,20,20,16,16,8,8,4,4,2,1],"gtau":[0.07470795929613798,0.07595238735000626,0.07903999714193086,0.08366926899987956,0.08976763438789681,0.09738904695989846,0.10667806929426533,0.11785970437164102,0.13124289683967053,0.14723386663757843,0.16635974796859102,0.18930433046636347,0.21696095992906422,0.2505112514653973,0.29154434138261964,0.34224316696419643,0.4056873649811759,0.48636791724282036,0.5911225234071972,0.7309744326559076,0.925292040703864]}