{"gf":[1.3888001859641008e-11,1.4561377490894166e-11,1.6196114459968215e-11,1.8608143032212958e-11,2.18237381811805e-11,2.596223612105604e-11,3.1210606272902687e-11,3.782264597106001e-11,4.6128483711192846e-11,5.655084592210412e-11,6.962762378298113e-11,8.604150623068647e-11,1.0665817911454784e-10,1.3257522942119243e-10,1.65184591583731e-10,2.0625221456912568e-10,2.58019682170158e-10,3.2333385713971066e-10,4.058123290672772e-10,5.100546346183195e-10,6.419120250230101e-10,8.088321565536017e-10,1.0202997027745054e-9,1.2883998255832715e-9,1.628539072955418e-9,2.060368081440139e-9,2.6089630783535265e-9,3.306339411954229e-9,4.193391232812614e-9,5.322378355810462e-9,6.760115993535521e-9,8.592067722251873e-9,1.0927599635920676e-8,1.3906727933012025e-8,1.770878804643329e-8,2.2563577190380777e-8,2.8765682050250268e-8,3.669290990155869e-8,4.683000848444418e-8,5.979920535682104e-8,7.63995444133816e-8,9.765757594882318e-8,1.2489270627268396e-7,1.5980148446109853e-7,2.045663637637746e-7,2.6199610997987583e-7,3.357071515474691e-7,4.3035792328206677e-7,5.519518397394381e-7,7.082291960662441e-7,9.091743622007638e-7,1.167672540085268e-6,1.50036065614825e-6,1.9287304011066303e-6,2.4805589755964573e-6,3.19176602755764e-6,4.108825252619507e-6,5.291898381599224e-6,6.818910715121424e-6,8.79085483667588e-6,1.1338697740387549e-5,1.4632383106625432e-5,1.889257382213386e-5,2.440598201307239e-5,3.154540076111477e-5,4.079590458206175e-5,5.278915316784441e-5,6.834835311568485e-5,8.854725697680754e-5,0.00011478767767123981,0.00014890146370053565,0.00019328484541378667,0.00025107570094068995,0.00032638784427432664,0.0004246212416373094,0.0005528735802078655,0.0007204874952852669,0.0009397799236893547,0.0012270167936886704,0.001603719451053719,0.002098421561398967,0.0027490406870234376,0.0036060932066765243,0.004737073622835223,0.006232453232312664,0.008213949976738038,0.010846015185350291,0.014351929836975226,0.019036597224908202,0.025319224617049354,0.0337808996985893,0.04523514479117274,0.06083497012617365,0.08224003160871539,0.11188730336328373,0.15345036939892145,0.21266803903800172,0.2989670735433468,0.42902085395902073,0.6359416470682564,0.999999999986112],"ts":[0.0,0.1,0.2,0.30000000000000004,0.4,0.5,0.6000000000000001,0.7000000000000001,0.8,0.9,1.0,1.1,1.2000000000000002,1.3,1.4000000000000001,1.5,1.6,1.7000000000000002,1.8,1.9000000000000001,2.0,2.1,2.2,2.3000000000000003,2.4000000000000004,2.5,2.6,2.7,2.8000000000000003,2.9000000000000004,3.0,3.1,3.2,3.3000000000000003,3.4000000000000004,3.5,3.6,3.7,3.8000000000000003,3.9000000000000004,4.0,4.1000000000000005,4.2,4.3,4.4,4.5,4.6000000000000005,4.7,4.800000000000001,4.9,5.0,5.1000000000000005,5.2,5.300000000000001,5.4,5.5,5.6000000000000005,5.7,5.800000000000001,5.9,6.0,6.1000000000000005,6.2,6.300000000000001,6.4,6.5,6.6000000000000005,6.7,6.800000000000001,6.9,7.0,7.1000000000000005,7.2,7.300000000000001,7.4,7.5,7.6000000000000005,7.7,7.800000000000001,7.9,8.0,8.1,8.200000000000001,8.3,8.4,8.5,8.6,8.700000000000001,8.8,8.9,9.0,9.1,9.200000000000001,9.3,9.4,9.5,9.600000000000001,9.700000000000001,9.8,9.9,10.0]}