{"taus":[0.2,0.4,0.6000000000000001,0.8,1.0,1.2000000000000002,1.4000000000000001,1.6,1.8,2.0,2.2,2.4000000000000004,2.6,2.8000000000000003,3.0,3.2,3.4000000000000004,3.6,3.8000000000000003,4.0,4.2,4.4,4.6000000000000005,4.800000000000001,5.0,5.2,5.4,5.6000000000000005,5.800000000000001,6.0,6.2,6.4,6.6000000000000005,6.800000000000001,7.0,7.2,7.4,7.6000000000000005,7.800000000000001,8.0,8.200000000000001,8.4,8.6,8.8,9.0,9.200000000000001,9.4,9.600000000000001,9.8,10.0,10.200000000000001],"bd":[2,4,2,4,4,8,8,16,16,32,32,60,60,60,60,60,60,60,60,60,60,60,60,60,60,60,60,60,60,60,60,60,60,60,60,60,60,60,60,60,60,60,60,60,60,60,60,60,60,60,60,60,60,60,60,60,60,60,60,60,60,60,60,60,60,60,60,60,60,60,60,60,60,60,60,60,60,60,60,60,60,60,60,60,60,60,60,60,60,60,60,60,60,60,32,32,16,16,8,8,4,4,2,1],"gtau":[-2.473486687684562e-15,1.4314138959776014e-16,1.6401492749637382e-15,-5.795328925877564e-15,1.0695821681013133e-15,-3.6959523867274005e-16,6.484350754288129e-17,2.326266306253932e-16,2.557488318079823e-15,1.4024011127391638e-15,1.0188610872079602e-16,-2.2738135279133248e-15,5.209184944645575e-17,1.0972115504630642e-15,3.2163515654347546e-17,2.226162114798867e-15,3.1003098045380195e-15,3.312687681498979e-15,8.291697502091426e-15,2.2692227095348465e-14,5.5674097621520787e-14,1.5161310371480345e-13,4.1354315224574854e-13,1.126879617901148e-12,3.0646128197152002e-12,8.338600290916164e-12,2.268592776245863e-11,6.172780950451258e-11,1.6795389853516072e-10,4.569887918870417e-10,1.2434304274485541e-9,3.3832234573639395e-9,9.205290252764536e-9,2.504613267322868e-8,6.814590083319914e-8,1.8541031907263727e-7,5.044559400923497e-7,1.3724897346129836e-6,3.73414809335928e-6,1.015970485998267e-5,2.7642656589044718e-5,7.521467549931526e-5,0.00020470255759159295,0.0005573701672109783,0.0015187501121981435,0.004143679670738485,0.01133285466869865,0.031154852990336837,0.08677239714863967,0.25283618718697237,1.0000000000002327]}