{"taus":[0.2,0.4,0.6000000000000001,0.8,1.0,1.2000000000000002,1.4000000000000001,1.6,1.8,2.0,2.2,2.4000000000000004,2.6,2.8000000000000003,3.0,3.2,3.4000000000000004,3.6,3.8000000000000003,4.0,4.2,4.4,4.6000000000000005,4.800000000000001,5.0,5.2,5.4,5.6000000000000005,5.800000000000001,6.0,6.2,6.4,6.6000000000000005,6.800000000000001,7.0,7.2,7.4,7.6000000000000005,7.800000000000001,8.0,8.200000000000001,8.4,8.6,8.8,9.0,9.200000000000001,9.4,9.600000000000001,9.8,10.0,10.200000000000001],"bd":[1,1,1,2,2,4,4,8,8,16,16,32,32,64,64,128,128,140,140,140,140,140,140,140,140,140,140,140,140,140,140,140,140,140,140,140,140,140,140,140,140,140,140,140,140,140,140,140,140,140,140,140,140,140,140,140,140,140,140,140,140,140,140,140,140,140,140,140,140,140,140,140,140,140,140,140,140,140,140,140,140,140,140,140,140,140,140,140,128,128,64,64,32,32,16,16,8,8,4,4,2,2,1,1],"gtau":[1.5159960287869134e-5,8.10398709634766e-6,7.53243366175993e-6,7.49601944031684e-6,7.89607180537298e-6,8.59544454400949e-6,9.574321771478996e-6,1.0849098391012208e-5,1.2457806142734265e-5,1.445896943961023e-5,1.6931158022277742e-5,1.9979194415525812e-5,2.373359603878005e-5,2.836073136780195e-5,3.406936993644894e-5,4.112125593994961e-5,4.984819259416705e-5,6.067052929209778e-5,7.412245122969855e-5,9.088211708850869e-5,0.00011181110193381574,0.00013801067523888723,0.00017089225240681007,0.0002122671240616933,0.00026446838816038547,0.00033051027750274193,0.00041430129644016354,0.0005209273118301838,0.0006570314907968521,0.0008313284797800633,0.0010553025657288196,0.0013441635448204346,0.0017181662327260757,0.0022044450279767747,0.0028396054922345663,0.003673401660541253,0.004774047439620586,0.006236008081799446,0.008191609114488985,0.010828720875382445,0.014418411608196001,0.01935938481274883,0.026252105815579047,0.03602791314307221,0.05018647166728262,0.07126360760558169,0.1038391924410435,0.1569859206908748,0.25132596534291224,0.4455367206470997,0.9999848400397062]}