{"taus":[0.2,0.4,0.6000000000000001,0.8,1.0,1.2000000000000002,1.4000000000000001,1.6,1.8,2.0,2.2,2.4000000000000004,2.6,2.8000000000000003,3.0,3.2,3.4000000000000004,3.6,3.8000000000000003,4.0,4.2,4.4,4.6000000000000005,4.800000000000001,5.0,5.2],"bd":[2,4,2,4,4,8,8,16,16,32,32,60,60,60,60,60,60,60,60,60,60,60,60,60,60,60,60,60,60,60,60,60,60,60,60,60,60,60,60,60,60,60,60,60,32,32,16,16,8,8,4,4,2,1],"gtau":[6.0981162482633914e-6,7.002229943205952e-6,9.298015191109782e-6,1.31154984294211e-5,1.913956763306336e-5,2.8568644613438628e-5,4.334961518976568e-5,6.663673861648513e-5,0.00010353891689607347,0.00016237375329261877,0.0002567520154401122,0.00040907784764787196,0.0006564717630252599,0.0010608586690657052,0.001726341326534896,0.0028294649461026128,0.004672663226488029,0.007780274931013282,0.01307481312440169,0.02220973872042743,0.03822390086641131,0.0668969484207136,0.11980548285088674,0.22216411244111636,0.43806422972604925,0.9999939018837368]}