{"taus":[0.2,0.4,0.6000000000000001,0.8,1.0,1.2000000000000002,1.4000000000000001,1.6,1.8,2.0,2.2,2.4000000000000004,2.6,2.8000000000000003,3.0,3.2,3.4000000000000004,3.6,3.8000000000000003,4.0,4.2,4.4,4.6000000000000005,4.800000000000001,5.0,5.2,5.4,5.6000000000000005,5.800000000000001,6.0,6.2,6.4,6.6000000000000005,6.800000000000001,7.0,7.2,7.4,7.6000000000000005,7.800000000000001,8.0,8.200000000000001,8.4,8.6,8.8,9.0,9.200000000000001,9.4,9.600000000000001,9.8,10.0,10.200000000000001],"bd":[2,4,2,4,4,8,8,16,16,20,20,20,20,20,20,20,20,20,20,20,20,20,20,20,20,20,20,20,20,20,20,20,20,20,20,20,20,20,20,20,20,20,20,20,20,20,20,20,20,20,20,20,20,20,20,20,20,20,20,20,20,20,20,20,20,20,20,20,20,20,20,20,20,20,20,20,20,20,20,20,20,20,20,20,20,20,20,20,20,20,20,20,20,20,20,20,16,16,8,8,4,4,2,1],"gtau":[0.9999999999815882,0.4504615484050129,0.23625272818606685,0.13128408299111788,0.07520235430376418,0.04385826486488902,0.025907438753312455,0.015303034448530338,0.009284301213195059,0.00564089220284031,0.0034413987432381147,0.0021029173218452186,0.0012871174233933563,0.0007889588337208617,0.0004842320213836895,0.00029746343209352685,0.00018286153858072468,0.00011248964889568894,6.92416953881916e-5,4.264414395793076e-5,2.6276522291566774e-5,1.6198644223590872e-5,9.990323301593624e-6,6.163938865034584e-6,3.8045430503589055e-6,2.3490971961297427e-6,1.4509275032819803e-6,8.964645756204278e-7,5.540666508246572e-7,3.4255532531712294e-7,2.118542294983255e-7,1.3106291528350873e-7,8.110715191719933e-8,5.0208621268044296e-8,3.109168953092757e-8,1.9260575372583615e-8,1.1936328570613966e-8,7.400681985162586e-9,4.590914197382893e-9,2.849773459257562e-9,1.7701680265069836e-9,1.1004075783557623e-9,6.8594768791569e-10,4.2762162634564467e-10,2.679726744405651e-10,1.678329245804176e-10,1.0556477058605335e-10,6.669936155293852e-11,4.2551078745013854e-11,2.7595672410131256e-11,1.841187412090377e-11]}