{"ns":[-1.0133074503932435,-1.012475665206912,-1.0119382209854595,-1.0116827703881321,-1.0115877570132705,-1.0115678197729754,-1.0112351924680814,-1.0108762703627105,-1.0107086179426457,-1.0104995130924674,-1.0101769142949832,-1.0098205121389479,-1.0093324505155201,-1.0088268672786824,-1.0083032751066674,-1.0077844371793432,-1.0073180437806815,-1.0068822862657483,-1.0064746401021472,-1.0061013879652383,-1.0057527629322742,-1.0054309611586545,-1.005132374998602,-1.0048397477863658,-1.0043242193380155,-1.0046107589910678,-1.00459706507198,-1.0045785471860196,-1.0045734939304496,-1.0045571966665718,-1.0045246899560394,-1.0045048147366697,-1.0042721841580098,-1.0041700533724425,-1.003953809850556,-1.0035346644117156,-1.0034087589842846,-1.0031967554186794,-1.0029990581499613,-1.0028291665128257,-1.0026843477872078,-1.0025653677424908,-1.0024695151846108,-1.002390992372976,-1.0023330163658761,-1.0022834648902934,-1.0022391721362496,-1.0021928100682234,-1.0021530632636546,-1.0021247967812161,-1.0020520539658373,-1.0019981189409815,-1.0019375242034019,-1.0019005016748486,-1.001848208278267,-1.001791779549846,-1.0017577825035304,-1.0017179479047618,-1.001679843847592,-1.001620454748849,-1.0015617143532283,-1.0015006227022767,-1.0014282087535107,-1.0013600683300787,-1.0012762134875255,-1.0010787013214137,-1.0010501266833112,-1.000987894013828,-1.0009274815661202,-1.0009025616297367,-1.000937151930358,-1.0008918644414428,-1.000837452628207,-1.0007825576383689,-1.0007384472314245,-1.0006686210618827,-1.0005930326999508,-1.0005283000938583,-1.0004621257931223,-1.000403756181945,-1.0003544220339475,-1.0003074037883322,-1.0002393909823206,-1.0001857096067308,-1.0001418343066972,-1.0001119832823824,-1.0000777915980605,-1.000058146263592,-1.0000505859688398,-1.0000621525791478,-1.0000609391762476,-1.0000583578107043,-1.000058629810455,-1.0000600615017163,-1.0000571865373342,-1.0000535876096368,-1.0000572524512452,-1.0000577962370047,-1.000052255885525,-1.000034009186253],"taus":[0.1,0.2,0.30000000000000004,0.4,0.5,0.6000000000000001,0.7000000000000001,0.8,0.9,1.0,1.1,1.2000000000000002,1.3,1.4000000000000001,1.5,1.6,1.7000000000000002,1.8,1.9000000000000001,2.0,2.1,2.2,2.3000000000000003,2.4000000000000004,2.5,2.6,2.7,2.8000000000000003,2.9000000000000004,3.0,3.1,3.2,3.3000000000000003,3.4000000000000004,3.5,3.6,3.7,3.8000000000000003,3.9000000000000004,4.0,4.1000000000000005,4.2,4.3,4.4,4.5,4.6000000000000005,4.7,4.800000000000001,4.9,5.0,5.1000000000000005],"bd":[2,4,2,4,4,8,8,16,16,32,32,64,64,128,118,140,132,140,134,140,132,140,132,140,134,140,132,140,132,140,132,140,132,140,132,140,132,140,132,140,132,140,132,140,132,140,132,140,132,140,134,140,134,140,132,140,134,140,134,140,134,140,134,140,134,140,134,140,134,140,134,140,134,140,134,140,132,140,132,140,132,140,132,140,132,140,134,140,134,140,134,140,134,140,134,140,134,140,134,140,138,140,70,140,70,140,140,70,69,138,140,140,121,140,140,138,122,140,140,139,120,140,140,139,122,140,140,139,122,140,140,139,122,140,140,139,119,140,140,139,120,140,140,138,120,140,140,138,120,140,140,139,120,140,140,140,120,140,140,139,119,140,140,139,119,140,140,139,120,140,140,139,119,140,140,139,119,140,140,139,120,140,140,139,119,140,140,140,119,140,140,140,119,140,140,140,119,140,140,140,118,140,140,139,118,140,140,139,117,140,140,139,117,140,140,139,117,140,140,139,117,140,140,139,117,140,140,139,117,140,140,139,117,140,140,138,118,140,140,138,118,140,140,139,117,140,140,139,118,140,140,138,118,140,140,137,118,140,140,138,118,140,140,138,118,140,140,138,118,140,140,138,117,140,140,137,118,140,140,137,118,140,140,137,118,140,140,138,118,140,140,138,117,140,140,138,117,140,140,138,117,140,140,138,118,140,140,138,117,140,140,138,118,140,140,137,117,140,140,137,117,140,140,138,118,140,140,138,118,140,140,138,117,140,140,138,117,140,140,138,117,140,140,138,117,140,140,138,117,140,140,139,116,140,140,139,117,140,140,138,117,140,140,138,118,140,140,137,117,140,140,138,118,140,140,138,117,140,140,137,117,140,140,137,117,140,140,138,117,140,140,138,118,140,140,138,118,140,140,138,118,140,140,138,118,140,140,138,118,140,140,138,118,140,140,139,119,140,140,138,118,140,140,138,118,140,140,138,117,140,140,138,117,140,140,138,117,140,140,138,118,140,140,138,117,140,140,138,117,140,140,137,117,140,140,137,115,140,140,137,114,140,140,136,115,140,140,136,114,140,140,136,112,140,140,135,111,140,140,135,108,140,140,135,107,140,140,137,98,139,140,129,81,112,128,64,32,32,32,16,8,8,8,4,2,4,2,1],"lt":[{"re":-0.0033004347402903565,"im":1.0133074503932435},{"re":-0.2708611743266546,"im":0.9597988168756715},{"re":-0.4873609267301431,"im":0.8231719525261018},{"re":-0.6320082117125034,"im":0.6457354421004503},{"re":-0.711212880731621,"im":0.46167491925383186},{"re":-0.7417443681994412,"im":0.28849858799532635},{"re":-0.7371916194480045,"im":0.13260546001543722},{"re":-0.7078394804934792,"im":-0.004455573604943008},{"re":-0.6604021972068661,"im":-0.12305369196416038},{"re":-0.5995745033579749,"im":-0.22368939388125464},{"re":-0.5289104068447028,"im":-0.3069822768697314},{"re":-0.4514443369696936,"im":-0.37385178302369004},{"re":-0.36966877333872933,"im":-0.42486179147872655},{"re":-0.28578386556845536,"im":-0.46083253691177345},{"re":-0.2017230008977488,"im":-0.4826146745126323},{"re":-0.1192307043596973,"im":-0.491126365273991},{"re":-0.03986294737245215,"im":-0.4873792793332618},{"re":0.03500795815256235,"im":-0.4724771446025426},{"re":0.10420258179049195,"im":-0.447603953841429},{"re":0.16672433814498253,"im":-0.41400264086071226},{"re":0.22175466932398102,"im":-0.3729561490423418},{"re":0.26865290475245623,"im":-0.3257840703293714},{"re":0.30695247026287575,"im":-0.2738194963349279},{"re":0.33635597361715597,"im":-0.21839617342884893},{"re":0.35670892432809304,"im":-0.1608724446516413},{"re":0.3681038203570122,"im":-0.10254326392103964},{"re":0.3707288245089124,"im":-0.04465629471783039},{"re":0.36495219684653357,"im":0.011596095374131662},{"re":0.35128535082822215,"im":0.06510340414880707},{"re":0.33037055919707997,"im":0.1148682880103272},{"re":0.3029569430894822,"im":0.16001707728851028},{"re":0.26988320590336073,"im":0.1997647568771083},{"re":0.23208724184064675,"im":0.23348332232282054},{"re":0.19057058028160068,"im":0.26066532709477275},{"re":0.14636261867345568,"im":0.28098611755880687},{"re":0.10055637116063647,"im":0.2942583592603485},{"re":0.054212149902619085,"im":0.30043495971946627},{"re":0.008311744709857953,"im":0.2997106594317151},{"re":-0.03614857670982771,"im":0.2923025148431822},{"re":-0.07824379788888558,"im":0.2786335917577715},{"re":-0.11715171404083295,"im":0.259219334655217},{"re":-0.15213346436402309,"im":0.23467368366008762},{"re":-0.1825564802450416,"im":0.20570296092191526},{"re":-0.2079049345291493,"im":0.1730875591222793},{"re":-0.2277910324812252,"im":0.1376600212274347},{"re":-0.24195476215286577,"im":0.10028813986694554},{"re":-0.2502687197901984,"im":0.06185034302482211},{"re":-0.2527327954684216,"im":0.023224252240065014},{"re":-0.24947389466268208,"im":-0.014736207454321162},{"re":-0.24073966126447766,"im":-0.05121692576836879},{"re":-0.22688415070175755,"im":-0.08547835830865742},{"re":-0.20836825107660986,"im":-0.11678079204432391},{"re":-0.1857367746815363,"im":-0.14457013352288448},{"re":-0.15961141585622102,"im":-0.16833235083099593},{"re":-0.13065828804357385,"im":-0.1876351688072742},{"re":-0.09961094281213412,"im":-0.202182502543013},{"re":-0.06722860727561016,"im":-0.21179304121131537},{"re":-0.03426648147006324,"im":-0.21641294567932945},{"re":-0.0014658891263179276,"im":-0.21607951876112083},{"re":0.03046002702116356,"im":-0.2109392504777837},{"re":0.06083161108240253,"im":-0.20123713699218473},{"re":0.08901313546342642,"im":-0.187303396684444},{"re":0.11441559697501691,"im":-0.16957082741163218},{"re":0.13657140150114666,"im":-0.1485469137660661},{"re":0.15506524466681937,"im":-0.12478272290583273},{"re":0.16959469297490046,"im":-0.09888362662055289},{"re":0.1799197592790025,