{"gf":[0.07585818002124345,0.08003655399516,0.09072741642247929,0.10765065085335075,0.13224647901916534,0.16740029578805035,0.2180375829340961,0.29262480803645247,0.40661207056063575,0.5913945874353292,0.9241418199787566],"ts":[0.0,0.1,0.2,0.30000000000000004,0.4,0.5,0.6000000000000001,0.7000000000000001,0.8,0.9,1.0]}