{"ns":[0.40181324459180434,0.44324815613418395,0.4406607417690899,0.4423455480521278,0.4400600895552421,0.4331750430482064,0.42136394027024715,0.421092512805912,0.42229902139270026,0.4210057511618183,0.42667123565574433,0.43094550916372365,0.43794997513029504,0.4442249015815144,0.44751328328417134,0.4507726132136591,0.4456518001005826,0.4411282167939349,0.42395353175814937,0.40801414601091607,0.3768895968100854,0.3475128416632298,0.30248075439140754,0.2595192327095862,0.20224983852954523,0.14720950191277662,0.08066275872456688,0.01656193013948437,-0.055556185265795366,-0.1249276940833521,-0.1989130252598289,-0.27027685342875046,-0.34235190130013116,-0.4113086058492452,-0.47838609240703567,-0.5418919946143894,-0.6018985338660858,-0.6579210273013275,-0.7101352626124202,-0.7585938788887502,-0.8039222591084972,-0.8383762078201422,-0.8705343270093057,-0.8948862251907421,-0.8871418688878944,-0.9157983241861144,-0.9499697930051311,-0.9773913741005894,-1.0008260867170824,-1.0008248141762022],"taus":[0.05,0.1,0.15000000000000002,0.2,0.25,0.30000000000000004,0.35000000000000003,0.4,0.45,0.5,0.55,0.6000000000000001,0.65,0.7000000000000001,0.75,0.8,0.8500000000000001,0.9,0.9500000000000001,1.0,1.05,1.1,1.1500000000000001,1.2000000000000002,1.25,1.3,1.35,1.4000000000000001,1.4500000000000002,1.5,1.55,1.6,1.6500000000000001,1.7000000000000002,1.75,1.8,1.85,1.9000000000000001,1.9500000000000002,2.0,2.0500000000000003,2.1,2.15,2.2,2.25,2.3000000000000003,2.35,2.4000000000000004,2.45,2.5,2.5500000000000003,2.6,2.6500000000000004,2.7,2.75,2.8000000000000003,2.85,2.9000000000000004,2.95,3.0,3.0500000000000003,3.1,3.1500000000000004,3.2,3.25,3.3000000000000003,3.35,3.4000000000000004,3.45,3.5,3.5500000000000003,3.6,3.6500000000000004,3.7,3.75,3.8000000000000003,3.85,3.9000000000000004,3.95,4.0,4.05,4.1000000000000005,4.15,4.2,4.25,4.3,4.3500000000000005,4.4,4.45,4.5,4.55,4.6000000000000005,4.65,4.7,4.75,4.800000000000001,4.8500000000000005,4.9,4.95,5.0,5.050000000000001],"bd":[2,4,2,4,4,8,8,16,16,20,20,20,20,20,20,20,20,20,20,20,20,20,20,20,20,20,18,20,18,20,18,20,18,20,18,20,18,20,18,20,18,20,18,20,18,20,18,20,18,20,18,20,18,20,18,20,18,20,18,20,18,20,18,20,18,20,18,20,18,20,18,20,18,20,18,20,18,20,18,20,18,20,18,20,18,20,18,20,18,20,18,20,18,20,18,20,18,20,18,20,18,20,18,20,18,20,18,20,18,20,18,20,18,20,18,20,18,20,18,20,18,20,18,20,18,20,18,20,18,20,18,20,18,20,18,20,18,20,18,20,18,20,18,20,18,20,18,20,18,20,18,20,18,20,18,20,18,20,18,20,18,20,18,20,20,20,20,20,20,20,20,20,20,20,20,20,20,20,20,20,20,20,20,20,20,20,20,20,18,20,18,20,18,20,18,20,20,20,18,20,20,20,10,20,10,20,20,10,9,18,20,20,18,19,20,19,17,19,20,20,18,19,20,19,19,20,20,19,19,20,20,19,19,20,20,19,18,19,20,19,19,20,20,19,18,19,20,19,19,20,20,19,18,19,20,19,19,20,20,19,18,19,20,19,19,20,20,19,18,19,20,19,19,20,20,19,18,19,20,19,19,20,20,19,18,19,20,19,19,20,20,19,18,19,20,19,19,20,20,19,18,19,20,19,19,20,20,19,18,19,20,19,19,20,20,19,18,19,20,19,19,20,20,19,18,19,20,19,19,20,20,19,18,19,20,19,19,20,20,19,18,19,20,19,19,20,20,19,18,19,20,19,19,20,20,19,18,19,20,19,19,20,20,19,18,19,20,19,18,20,20,18,18,20,20,19,19,20,20,18,18,20,20,19,18,20,20,20,18,20,20,19,18,20,20,19,18,19,20,16,8,8,8,4,2,4,2,1],"lt":[{"re":0.5034520412453013,"im":-0.40181324459180434},{"re":0.5664537269250953,"im":-0.1428903607660205},{"re":0.5467772592140211,"im":0.05061071490859912},{"re":0.48307394578193347,"im":0.2191254016954438},{"re":0.37493556464251415,"im":0.3404914831265677},{"re":0.24655742082984486,"im":0.4100577299146586},{"re":0.10104064573808458,"im":0.4297804250454265},{"re":-0.02325569854549493,"im":0.41726300111815456},{"re":-0.12283984906685821,"im":0.38631209277452955},{"re":-0.21539069348571208,"im":0.31186172567723836},{"re":-0.27507446890642184,"im":0.24547628290676438},{"re":-0.31570850339854634,"im":0.1489289033947707},{"re":-0.3326696937833267,"im":0.0709610686806843},{"re":-0.32386862783678694,"im":-0.022634538584460934},{"re":-0.3026425312112806,"im":-0.09263922509438147},{"re":-0.25500905325186896,"im":-0.16387579592515708},{"re":-0.2063514439907957,"im":-0.21128675382322734},{"re":-0.13649287532757168,"im":-0.24800769207036646},{"re":-0.07543005432860615,"im":-0.2650950899274964},{"re":-0.0023238420064908617,"im":-0.2641328751312502},{"re":0.05547299030839496,"im":-0.25097551750522545},{"re":0.11482445643856819,"im":-0.2178597430968715},{"re":0.15652759561729307,"im":-0.18137774569257445},{"re":0.1904890323319494,"im":-0.12806118338993336},{"re":0.20861949286150344,"im":-0.07957939826964627},{"re":0.21290234745889264,"im":-0.02088552735904627},{"re":0.20634153430362934,"im":0.02701466033647755},{"re":0.18392987085716053,"im":0.07701019522326845},{"re":0.15736316666386244,"im":0.11346806581363776},{"re":0.11695003205879184,"im":0.14453222897816828},{"re":0.07899610467512651,"im":0.16273731278098147},{"re":0.032184450804502336,"im":0.1703412391973393},{"re":-0.007142235124613067,"im":0.1684993399868228},{"re":-0.04880852718664891,"im":0.15412292483091355},{"re":-0.08039287019330454,"im":0.13519898887585038},{"re":-0.10813783393513281,"im":0.10518068150094524},{"re":-0.12580954136534606,"im":0.07557907932710788},{"re":-0.13532722138787093,"im":0.03902607174530266},{"re":-0.13680049134275596,"im":0.006722299478046816},{"re":-0.12880113992604034,"im":-0.026917633610505757},{"re":-0.11560792350956973,"im":-0.05429901224030842},{"re":-0.09496834940556224,"im":-0.0779951104671883},{"re":-0.06983128662204299,"im":-0.09549494028526612},{"re":-0.0438870971271521,"im":-0.10612277830528184},{"re":-0.015718104327748422,"im":-0.11044061916158535},{"re":0.011231401825063166,"im":-0.10790677757206395},{"re":0.03630317860356012,"im":-0.09971158105371598},{"re":0.05785432559644605,"im":-0.08557131131007341},{"re":0.07425347673596351,"im":-0.066642207945312},{"re":0.08497541209017584,"im":-0.04499039160798785},{"re":0.08947586759070969,"im":-0.022357630445824478}],"gtau":[{"re":-2.1630527377934542e-7,"im":-2.719648931131879e-7},{"re":-2.2477515372940217e-7,"im":-2.8197593002720526e-7},{"re":-2.3821169112626054e-7,"im":-2.98500654744286e-7},{"re":-2.556056335862181e-7,"im":-3.208031940544777e-7},{"re":-2.7710965589135394e-7,"im":-3.4825010190821854e-7},{"re":-3.0288531969177683e-7,"im":-3.810572859802491e-7},{"re":-3.332978919293018e-7,"im":-4.196980840779351e-7},{"re":-3.6880942661755495e-7,"im":-4.648426237981164e-7},{"re":-4.099291939835329e-7,"im":-5.17315460431268e-7},{"re":-4.57217472187872e-7,"im":-5.780777109691759e-7},{"re":-5.113078652407474e-7,"im":-6.482275765023046e-7},{"re":-5.729281960683487e-7,"im":-7.290144741490332e-7},{"re":-6.429173646126136e-7,"im":-8.218615731897732e-7},{"re":-7.22241256414783e-7,"im":-9.28392361036087e-7},{"re":-8.120095990689649e-7,"im":-1.0504605106226178e-6},{"re":-9.134948271723478e-7,"im":-1.1901835720436423e-6},{"re":-1.0281534062966563e-6,"im":-1.3499814313196472e-6},{"re":-1.1576498189521049e-6,"im":-1.5326198226830803e-6},{"re":-1.303883232217988e-6,"im":-1.741259745573029e-6},{"re":-1.469016852778142e-6,"im":-1.9795133532803695e-6},{"re":-1.6555103149463918e-6,"im":-2.2515073342203705e-6},{"re":-1.8661555552661795e-6,"im":-2.5619550127373194e-6},{"re":-2.104116800611532e-6,"im":-2.9162386518519303e-6},{"re":-2.3729756124721108e-6,"im":-3.3205035910144277e-6},{"re":-2.676781813200356e-6,"im":-3.781766049445753e-6},{"re":-3.020111038570053e-6,"im":-4.308036702733602e-6},{"re":-3.4081299019230126e-6,"im":-4.9084622394095544e-6},{"re":-3.8466696289934505e-6,"im":-5.593487555948172e-6},{"re":-4.342309272964085e-6,"im":-6.375041476052255e-6},{"re":-4.902469723111666e-6,"im":-7.266749578783628e-6},{"re":-5.535519927161873e-6,"im":-8.284178086007759e-6},{"re":-6.250896874272965e-6,"im":-9.44511388914856e-6},{"re":-7.05924127270621e-6,"im":-1.0769886553360082e-5},{"re":-7.972551008122216e-6,"im":-1.228173926338224e-5},{"re":-9.004355009183043e-6,"im":-1.4007256690607053e-5},{"re":-1.0169910150483051e-5,"im":-1.5976858735344363e-5},{"re":-1.1486424310094198e-5,