{"ns":[-1.0031339404375363,-1.002172397980123,-1.0025695978789464,-1.0029006208312463,-1.0040292931097625,-1.0040461681892503,-1.0041584046809513,-1.0041191808476282,-1.0040768713524957,-1.0040315557245794,-1.003977412392063,-1.0039015713158428,-1.0035610612264498,-1.0034006684512247,-1.0032645271776832,-1.0031224092729567,-1.003043044164581,-1.003027934192251,-1.0029392711395633,-1.0028010575005866,-1.0026045067307332,-1.0024227665835643,-1.0021966324733418,-1.0019311957216697,-1.0016666054298085,-1.0013722744517433,-1.0012361583694414,-1.0010982277600864,-1.00109904455224,-1.001070004829407,-1.0010415665093837,-1.001003319625127,-1.0009608094897617,-1.0009047968389477,-1.0008380275492073,-1.0008514340374126,-1.0008240254267526,-1.000734689474883,-1.0006373612849697,-1.0005894647587186,-1.0005192331334893,-1.000475176838317,-1.0004510859249411,-1.0003933607651734,-1.000353490987051,-1.0003276089555326,-1.000282337279274,-1.0002467402093815,-1.0001772222244736,-1.0000937613796597],"taus":[0.1,0.2,0.30000000000000004,0.4,0.5,0.6000000000000001,0.7000000000000001,0.8,0.9,1.0,1.1,1.2000000000000002,1.3,1.4000000000000001,1.5,1.6,1.7000000000000002,1.8,1.9000000000000001,2.0,2.1,2.2,2.3000000000000003,2.4000000000000004,2.5,2.6,2.7,2.8000000000000003,2.9000000000000004,3.0,3.1,3.2,3.3000000000000003,3.4000000000000004,3.5,3.6,3.7,3.8000000000000003,3.9000000000000004,4.0,4.1000000000000005,4.2,4.3,4.4,4.5,4.6000000000000005,4.7,4.800000000000001,4.9,5.0,5.1000000000000005],"bd":[2,4,2,4,4,8,8,16,16,32,32,64,64,100,96,100,96,100,94,100,92,100,92,100,92,100,94,100,94,100,94,100,94,100,94,100,94,100,94,100,94,100,94,100,94,100,94,100,94,100,94,100,94,100,94,100,94,100,94,100,94,100,94,100,94,100,94,100,94,100,94,100,94,100,94,100,96,100,96,100,96,100,96,100,96,100,96,100,94,100,94,100,94,100,96,100,98,100,98,100,100,100,50,100,50,98,100,50,48,95,100,98,93,100,100,99,93,100,100,98,92,100,100,98,93,100,100,97,93,100,100,97,93,100,100,97,92,100,100,96,92,100,100,96,93,100,100,96,93,100,100,96,93,100,100,96,92,100,100,97,93,100,100,97,92,100,100,97,92,100,100,97,93,100,100,98,92,100,100,98,93,100,100,98,92,100,100,97,91,100,100,96,92,100,100,98,92,100,100,98,92,100,100,98,92,100,100,98,92,100,100,97,91,100,100,97,90,100,100,97,90,100,100,97,91,100,100,97,91,100,100,97,91,100,100,97,92,100,100,97,92,100,100,97,92,100,100,97,92,100,100,97,91,100,100,99,91,100,100,99,92,100,100,99,91,100,100,99,91,100,100,98,91,100,100,99,91,100,100,97,91,100,100,97,90,100,100,97,89,100,100,96,85,100,100,64,32,32,32,16,8,8,8,4,2,4,2,1],"lt":[{"re":0.005322613396656139,"im":1.0031339404375363},{"re":-0.47512715087259494,"im":0.8179621217506152},{"re":-0.7002802635441173,"im":0.46477580230634497},{"re":-0.7281691020785747,"im":0.13950507007239404},{"re":-0.65479405834713,"im":-0.1134264373878188},{"re":-0.5288609879596949,"im":-0.29585512303178885},{"re":-0.37518790693344645,"im":-0.41484314433861},{"re":-0.21103682705518031,"im":-0.47573232352972894},{"re":-0.05091265326735649,"im":-0.48436152435054164},{"re":0.09322552782502708,"im":-0.44826768425552316},{"re":0.2120496095286011,"im":-0.37650645747853184},{"re":0.299062701276572,"im":-0.27930675293454243},{"re":0.3507634996217421,"im":-0.16748260385700023},{"re":0.3666056929609389,"im":-0.05176276728680018},{"re":0.3487247015088255,"im":0.05788465251887289},{"re":0.3017648933690923,"im":0.15285426242751354},{"re":0.23222805086013376,"im":0.22646329835213408},{"re":0.14784861253282408,"im":0.27418578477448285},{"re":0.05683728004718389,"im":0.29429078686272636},{"re":-0.032385639249181926,"im":0.28695691695281444},{"re":-0.11235492227167032,"im":0.25495542600739135},{"re":-0.1769595906873493,"im":0.20278302436139642},{"re":-0.22162244998556985,"im":0.13635251957980243},{"re":-0.24387957523721274,"im":0.06235024753824231},{"re":-0.24333649068268612,"im":-0.012367216476130769},{"re":-0.22150657432574306,"im":-0.0812526297026328},{"re":-0.18167687912883143,"im":-0.13870855257191106},{"re":-0.12840450911879722,"im":-0.1804635318157155},{"re":-0.06728047726331107,"im":-0.20391636731538065},{"re":-0.003954373924029216,"im":-0.20816438335278997},{"re":0.055904009519285154,"im":-0.19401000609960195},{"re":0.10730529461585028,"im":-0.16380254761688023},{"re":0.146300150581309,"im":-0.12113733518813015},{"re":0.17025146586189815,"im":-0.07047131705848089},{"re":0.17798334168336472,"im":-0.016685071133717692},{"re":0.16980077226844348,"im":0.035366518855543684},{"re":0.1473799433037483,"im":0.08125070874615271},{"re":0.11348267315576087,"im":0.11740140626971635},{"re":0.0717738166396808,"im":0.14123410452152568},{"re":0.026358533788447915,"im":0.15144008852144872},{"re":-0.01861194576639196,"im":0.14798512156332752},{"re":-0.059317072493980716,"im":0.1320142538877286},{"re":-0.09252064993358938,"im":0.10565071250883826},{"re":-0.11581717522900627,"im":0.07175520653120943},{"re":-0.12778661708093225,"im":0.033702077122207505},{"re":-0.1280801720607434,"im":-0.004979912973833557},{"re":-0.11737245719539414,"im":-0.04093198375925043},{"re":-0.09724092398984203,"im":-0.07122796821431435},{"re":-0.06998150917739251,"im":-0.09360116496430299},{"re":-0.03836903525206394,"im":-0.10659951023603033},{"re":-0.005405479109773105,"im":-0.10966080762231556}],"gtau":[{"re":3.0758905076177994e-7,"im":-7.046267357767989e-10},{"re":3.390664481190571e-7,"im":-6.433141332999137e-10},{"re":3.9689562056654424e-7,"im":-8.000404491687628e-10},{"re":4.800170675086001e-7,"im":-1.1382098559176938e-9},{"re":5.926306677116219e-7,"im":-1.6015268889721418e-9},{"re":7.424552281802828e-7,"im":-2.202279055159304e-9},{"re":9.403876865601157e-7,"im":-2.8331861048425893e-9},{"re":1.2012418633312057e-6,"im":-3.4254524437104784e-9},{"re":1.5450089480046355e-6,"im":-3.93485376072331e-9},{"re":1.998533608917507e-6,"im":-4.35566046765299e-9},{"re":2.5978146660840138e-6,"im":-4.703011602156406e-9},{"re":3.391131488290474e-6,"im":-4.997114963545027e-9},{"re":4.443285023990984e-6,"im":-5.247807386467e-9},{"re":5.841352914687398e-6,"im":-5.43662523585411e-9},{"re":7.70249814616711e-6,"im":-5.489051030520449e-9},{"re":1.0184577058736501e-5,"im":-5.235727698376552e-9},{"re":1.3500579484288233e-5,"im":-4.355976057486299e-9},{"re":1.7938299536823517e-5,"im":-2.2997902967942877e-9},{"re":2.3887180403423713e-5,"im":1.8256787253035896e-9},{"re":3.187499840239553e-5,"im":9.415044804081468e-9},{"re":4.2618073033599165e-5,"im":2.2573176800324738e-8},{"re":5.70901321692495e-5,"im":4.4405152965622995e-8},{"re":7.661692898164321e-5,"im":7.940747007901003e-8},{"re":0.00010300649266383721,"im":1.33971628007386e-7},{"re":0.00013872881317190963,"im":2.1700096788877172e-7},{"re":0.0001871643159890244,"im":3.4077183116012896e-7},{"re":0.00025294807295017,"im":5.220736921837588e-7},{"re":0.0003424481200635657,"im":7.835114447484833e-7},{"re":0.000464431648817167,"im":1.1551155860859285e-6},{"re":0.0006309956541254681,"im":1.6764064513454354e-6},{"re":0.0008588714353412603,"im":2.39852555325194e-6},{"re":0.001171259219724878,"im":3.3871246276144604e-6},{"re":0.001600417431714858,"im":4.7248887574200056e-6},{"re":0.0021913297174156396,"im":6.517330500675901e-6},{"re":0.003006937335877343,"im":8.90609288369642e-6},{"re":0.004135625543696275,"im":1.1986137172716172e-5},{"re":0.005701964347672973,"im":1.574188645612237e-5},{"re":0.007882385400654206,"im":2.007224309669504e-5},{"re":0.010928144342272067,"im":2.5075868965019857e-5},{"re":0.015199334722957385,"im":3.080723571557844e-5},{"re":0.021215316085208262,"im":3.7198424983983584e-5},{"re":0.029731840711970194,"im":4.3610124391970375e-5},{"re":0.04186016535524334,"im":4.7940476172169896e-5},{"re":0.05925603766353317,"im":4.471021888781591e-5},{"re":0.08442871423914328,"im":2.271037151317246e-5},{"re":0.12127457198633054,"im":-4.39065869712697e-5},{"re":0.17602719685230134,"im":-0.00019188496872890197},{"re":0.25917600100035293,"im":-0.0004994317099111111},{"re":0.38966674977040594,"im":-0.0011145102878996152},{"re":0.6058927255025325,