{"taus":[0.1,0.2,0.30000000000000004,0.4,0.5,0.6000000000000001,0.7000000000000001,0.8,0.9,1.0,1.1,1.2000000000000002,1.3,1.4000000000000001,1.5,1.6,1.7000000000000002,1.8,1.9000000000000001,2.0,2.1,2.2,2.3000000000000003,2.4000000000000004,2.5,2.6,2.7,2.8000000000000003,2.9000000000000004,3.0,3.1,3.2,3.3000000000000003,3.4000000000000004,3.5,3.6,3.7,3.8000000000000003,3.9000000000000004,4.0,4.1000000000000005,4.2,4.3,4.4,4.5,4.6000000000000005,4.7,4.800000000000001,4.9,5.0,5.1000000000000005,5.2,5.300000000000001,5.4,5.5,5.6000000000000005,5.7,5.800000000000001,5.9,6.0,6.1000000000000005,6.2,6.300000000000001,6.4,6.5,6.6000000000000005,6.7,6.800000000000001,6.9,7.0,7.1000000000000005,7.2,7.300000000000001,7.4,7.5,7.6000000000000005,7.7,7.800000000000001,7.9,8.0,8.1,8.200000000000001,8.3,8.4,8.5,8.6,8.700000000000001,8.8,8.9,9.0,9.1,9.200000000000001,9.3,9.4,9.5,9.600000000000001,9.700000000000001,9.8,9.9,10.0,10.100000000000001],"bd":[2,4,2,4,4,8,8,16,16,32,32,64,64,100,100,100,100,100,100,100,100,100,100,100,100,100,100,100,100,100,100,100,100,100,100,100,100,100,100,100,100,100,100,100,100,100,100,100,100,100,100,100,100,100,100,100,100,100,100,100,100,100,100,100,100,100,100,100,100,100,100,100,100,100,100,100,100,100,100,100,100,100,100,100,100,100,100,100,100,100,100,100,100,100,100,100,100,100,100,100,100,100,100,100,100,100,100,100,100,100,100,100,100,100,100,100,100,100,100,100,100,100,100,100,100,100,100,100,100,100,100,100,100,100,100,100,100,100,100,100,100,100,100,100,100,100,100,100,100,100,100,100,100,100,100,100,100,100,100,100,100,100,100,100,100,100,100,100,100,100,100,100,100,100,100,100,100,100,100,100,100,100,100,100,100,100,100,100,100,100,100,100,64,64,32,32,16,16,8,8,4,4,2,1],"gtau":[0.9999999999826105,0.6407997520889297,0.43564286973736455,0.30574114882609077,0.21890247307856997,0.15889828959395846,0.11650887031177848,0.08608739002882039,0.06399835130432155,0.047816319885469694,0.03587450660234055,0.027010376329908947,0.020398853906731726,0.015448359775302085,0.011726923962277022,0.008919522188012818,0.006796271095574457,0.005186972181716814,0.003964700196669888,0.003034633416654216,0.0023256710098636295,0.001784417167020438,0.0013706177292171458,0.0010538331710329115,0.0008110088282897666,0.0006246709568536882,0.00048157054597816655,0.0003715506490888725,0.00028686795046387834,0.00022184484557072527,0.00017140620559221245,0.0001325830419975768,0.0001026565572890503,7.954193761968972e-5,6.166973170913985e-5,4.7842077592680965e-5,3.713642212090688e-5,2.8842412091802166e-5,2.2412847851725695e-5,1.742573956024916e-5,1.3555275150035248e-5,1.0549758603959676e-5,8.214626934960787e-6,6.399402902450182e-6,4.987620765902487e-6,3.889079486484173e-6,3.0338721344986646e-6,2.3677887442784463e-6,1.8487675315214448e-6,1.4441560547641403e-6,1.1285943932514809e-6,8.823739542990194e-7,6.901738796398669e-7,5.400773077270296e-7,4.2281011414353836e-7,3.3115235087444997e-7,2.5948024634343246e-7,2.0341157900957063e-7,1.5953014723046073e-7,1.2517176736275944e-7,9.825791210219636e-8,7.716631274936598e-8,6.06302729907201e-8,4.7660292905347154e-8,3.748304102995207e-8,2.9493798991685824e-8,2.3219299478107923e-8,1.8288245132170323e-8,1.4408374605424284e-8,1.1357874575545609e-8,8.958702992826184e-9,7.070414626281857e-9,5.58344403932641e-9,4.411901203039432e-9,3.4884075007960687e-9,2.760047691260412e-9,2.18485107209674e-9,1.7314112065812807e-9,1.3731145503888903e-9,1.089810754481591e-9,8.65720166864202e-10,6.883954097324184e-10,5.480044519494465e-10,4.367846636039224e-10,3.486103884678463e-10,2.786502348073579e-10,2.2309436393346843e-10,1.7893814868702284e-10,1.4381617902877854e-10,1.1585408128861573e-10,9.357682921297609e-11,7.581796136001865e-11,6.165305193378774e-11,5.0353360624006856e-11,4.134580332441943e-11,3.418360509756859e-11,2.85217826479526e-11,2.4102522214036756e-11,2.0756255730223313e-11,1.843685774752668e-11,1.73894814993728e-11]}