{"taus":[0.05,0.1,0.15000000000000002,0.2,0.25,0.30000000000000004,0.35000000000000003,0.4,0.45,0.5,0.55,0.6000000000000001,0.65,0.7000000000000001,0.75,0.8,0.8500000000000001,0.9,0.9500000000000001,1.0,1.05,1.1,1.1500000000000001,1.2000000000000002,1.25,1.3,1.35,1.4000000000000001,1.4500000000000002,1.5,1.55,1.6,1.6500000000000001,1.7000000000000002,1.75,1.8,1.85,1.9000000000000001,1.9500000000000002,2.0,2.0500000000000003,2.1,2.15,2.2,2.25,2.3000000000000003,2.35,2.4000000000000004,2.45,2.5,2.5500000000000003,2.6,2.6500000000000004,2.7,2.75,2.8000000000000003,2.85,2.9000000000000004,2.95,3.0,3.0500000000000003,3.1,3.1500000000000004,3.2,3.25,3.3000000000000003,3.35,3.4000000000000004,3.45,3.5,3.5500000000000003,3.6,3.6500000000000004,3.7,3.75,3.8000000000000003,3.85,3.9000000000000004,3.95,4.0,4.05,4.1000000000000005,4.15,4.2,4.25,4.3,4.3500000000000005,4.4,4.45,4.5,4.55,4.6000000000000005,4.65,4.7,4.75,4.800000000000001,4.8500000000000005,4.9,4.95,5.0,5.050000000000001,5.1000000000000005,5.15,5.2,5.25,5.300000000000001,5.3500000000000005,5.4,5.45,5.5,5.550000000000001,5.6000000000000005,5.65,5.7,5.75,5.800000000000001,5.8500000000000005,5.9,5.95,6.0,6.050000000000001,6.1000000000000005,6.15,6.2,6.25,6.300000000000001,6.3500000000000005,6.4,6.45,6.5,6.550000000000001,6.6000000000000005,6.65,6.7,6.75,6.800000000000001,6.8500000000000005,6.9,6.95,7.0,7.050000000000001,7.1000000000000005,7.15,7.2,7.25,7.300000000000001,7.3500000000000005,7.4,7.45,7.5,7.550000000000001,7.6000000000000005,7.65,7.7,7.75,7.800000000000001,7.8500000000000005,7.9,7.95,8.0,8.05,8.1,8.15,8.200000000000001,8.25,8.3,8.35,8.4,8.450000000000001,8.5,8.55,8.6,8.65,8.700000000000001,8.75,8.8,8.85,8.9,8.950000000000001,9.0,9.05,9.1,9.15,9.200000000000001,9.25,9.3,9.35,9.4,9.450000000000001,9.5,9.55,9.600000000000001,9.65,9.700000000000001,9.75,9.8,9.850000000000001,9.9,9.950000000000001,10.0,10.05],"bd":[2,4,2,4,4,8,8,16,16,32,32,40,40,40,40,40,40,40,40,40,40,40,40,40,40,40,40,40,40,40,40,40,40,40,40,40,40,40,40,40,40,40,40,40,40,40,40,40,40,40,40,40,40,40,40,40,40,40,40,40,40,40,40,40,40,40,40,40,40,40,40,40,40,40,40,40,40,40,40,40,40,40,40,40,40,40,40,40,40,40,40,40,40,40,40,40,40,40,40,40,40,40,40,40,40,40,40,40,40,40,40,40,40,40,40,40,40,40,40,40,40,40,40,40,40,40,40,40,40,40,40,40,40,40,40,40,40,40,40,40,40,40,40,40,40,40,40,40,40,40,40,40,40,40,40,40,40,40,40,40,40,40,40,40,40,40,40,40,40,40,40,40,40,40,40,40,40,40,40,40,40,40,40,40,40,40,40,40,40,40,40,40,40,40,40,40,40,40,40,40,40,40,40,40,40,40,40,40,40,40,40,40,40,40,40,40,40,40,40,40,40,40,40,40,40,40,40,40,40,40,40,40,40,40,40,40,40,40,40,40,40,40,40,40,40,40,40,40,40,40,40,40,40,40,40,40,40,40,40,40,40,40,40,40,40,40,40,40,40,40,40,40,40,40,40,40,40,40,40,40,40,40,40,40,40,40,40,40,40,40,40,40,40,40,40,40,40,40,40,40,40,40,40,40,40,40,40,40,40,40,40,40,40,40,40,40,40,40,40,40,40,40,40,40,40,40,40,40,40,40,40,40,40,40,40,40,40,40,40,40,40,40,40,40,40,40,40,40,40,40,40,40,40,40,40,40,40,40,40,40,40,40,40,40,40,40,40,40,40,40,40,40,40,40,40,40,40,40,40,40,40,40,40,40,40,40,40,40,40,40,40,40,40,40,32,32,16,16,8,8,4,4,2,1],"gtau":[0.19383094461420267,0.16674458979616436,0.15470451753119868,0.14850967007035723,0.14510590733374776,0.1432219425358233,0.1422337484220298,0.14179977947195005,0.14173666444644908,0.14192528940914603,0.1422881680502392,0.14277324223271565,0.14334902215650808,0.1440091537508122,0.14472943628853574,0.14549870286636502,0.14628943214520773,0.1471446504267404,0.1480440313138903,0.14897676029697224,0.14993654931477582,0.15091934921651481,0.15192227417525975,0.1529431148334625,0.15398035190521725,0.15503273294659436,0.15609917953708505,0.15717882750663428,0.15827096629368123,0.15937501789732525,0.16049051388468444,0.16161707204617007,0.16275437692412884,0.1639021609174334,0.16506020043117045,0.16622831132214874,0.16740634222057932,0.16859416501353935,0.16979167914886562,0.1709988220985777,0.172215556985986,0.1734418408617047,0.17467762479561721,0.17592288703632447,0.17717762393154793,0.17844183605571623,0.17971552113210393,0.18099868731134303,0.1822913461504814,0.18359351756717815,0.18490522427774106,0.18622650022440962,0.18755737585981094,0.18889789482047822,0.19024809081455218,0.19160801539399064,0.19297770700018133,0.19435722516964532,0.19574661080353964,0.19714593291227336,0.19855523320229646,0.19997458782043118,0.20140403953451563,0.20284367238490109,0.20429352699814562,0.20575369860553305,0.20722422194764004,0.20870520073757265,0.21019667928171884,0.21169875118756334,0.21321146968650606,0.21473492697063631,0.21626918941991088,0.21781433491894914,0.21937044015598658,0.22093758324848362,0.22251584330019517,0.2241053003549064,0.22570603525826347,0.2273181295914598,0.22894166558765253,0.23057672611426305,0.23222339463684272,0.23388175523414317,0.235551892546914,0.2372338918221725,0.23892783886032365,0.24063382006724499,0.2423519223832275,0.24408223332373905,0.2458248409353406,0.2475798338343463,0.24934730114781306,0.25112733255158376,0.25292001824347665,0.2547254489509918,0.25654371593302244,0.2583749109701323,0.26021912637235006,0.26207645497583515,0.2639469901408115,0.2658308257494643,0.2677280562011824,0.26963877640512635,0.2715630817714876,0.27350106820025993,0.27545283206964455,0.2774184702247224,0.2793980799709018,0.2813917590783066,0.2833996058101508,0.2854217189877584,0.28745819782893506,0.28950914194238303,0.2915746508179625,0.29365482532445825,0.29574976431251093,0.2978595713185506,0.29998434771622984,0.3021241963660501,0.30427922006924135,0.30644952271025916,0.30863520854193127,0.3108363827331418,0.3130531510541473,0.31528562015534495,0.31753389744540467,0.31979809125215164,0.32207831080220994,0.3243746663422428,0.3266872691842368,0.3290162318285243,0.33136166806227346,0.33372369310654615,0.336102423764487,0.338497978605929,0.3409104781669924,0.3433400451829826,0.3457868048453504,0.3482508850933825,0.35073241693778834,0.3532315348235496,0.35574837703263557,0.3582830861335366,0.3608358094812014,0.3634066997752088,0.36599591568326983,0.3686036225399835,0.37122999313150473,0.37387520857885026,0.3765394593348479,0.37922294631154785,0.38192588215961654,0.38464849272377094,0.3873910187051958,0.39015371756758266,0.3929368657304991,0.3957407611097822,0.39856572606906515,0.4014121108579222,0.40428029765295204,0.40717070532942495,0.41008379512928483,0.41302007741592894,0.41598012011536145,0.418964557001446,0.4219741014996686,0.4250095577975911,0.42807185097942485,0.4311620481288051,0.4342814051035114,0.4374314263057881,0.440613918216968,0.443830942243899,0.4470852312470347,0.4503794103193663,0.45371674699754483,0.4571015244712976,0.46053854857356713,0.4640339760249287,0.46759543993853286,0.4712324841430061,0.4749573339990252,0.4787850447336562,0.48273598891461555,0.486836416424332,0.4911228774023634,0.4956457166067292,0.5004676225047818,0.5056136867386692,0.5111669902145476,0.5172670776511649,0.5241205155380088,0.5319984584202528,0.5413927723548193,0.5530792649633479,0.5685054089136764,0.5903268394482689,0.623980989281007,0.6826213422920798,0.8061690553858757]}