{"taus":[0.05,0.1,0.15000000000000002,0.2,0.25,0.30000000000000004,0.35000000000000003,0.4,0.45,0.5,0.55,0.6000000000000001,0.65,0.7000000000000001,0.75,0.8,0.8500000000000001,0.9,0.9500000000000001,1.0,1.05,1.1,1.1500000000000001,1.2000000000000002,1.25,1.3,1.35,1.4000000000000001,1.4500000000000002,1.5,1.55,1.6,1.6500000000000001,1.7000000000000002,1.75,1.8,1.85,1.9000000000000001,1.9500000000000002,2.0,2.0500000000000003,2.1,2.15,2.2,2.25,2.3000000000000003,2.35,2.4000000000000004,2.45,2.5,2.5500000000000003,2.6,2.6500000000000004,2.7,2.75,2.8000000000000003,2.85,2.9000000000000004,2.95,3.0,3.0500000000000003,3.1,3.1500000000000004,3.2,3.25,3.3000000000000003,3.35,3.4000000000000004,3.45,3.5,3.5500000000000003,3.6,3.6500000000000004,3.7,3.75,3.8000000000000003,3.85,3.9000000000000004,3.95,4.0,4.05,4.1000000000000005,4.15,4.2,4.25,4.3,4.3500000000000005,4.4,4.45,4.5,4.55,4.6000000000000005,4.65,4.7,4.75,4.800000000000001,4.8500000000000005,4.9,4.95,5.0,5.050000000000001],"bd":[2,4,2,4,4,8,8,16,16,32,32,64,60,80,70,80,72,80,72,80,72,80,72,80,72,80,72,80,72,80,72,80,72,80,72,80,72,80,72,80,72,80,72,80,72,80,72,80,72,80,72,80,72,80,72,80,72,80,72,80,72,80,72,80,72,80,72,80,72,80,72,80,72,80,72,80,72,80,72,80,72,80,72,80,72,80,72,80,74,80,74,80,74,80,74,80,74,80,74,80,74,80,74,80,74,80,74,80,74,80,74,80,72,80,72,80,72,80,72,80,72,80,72,80,72,80,72,80,72,80,72,80,72,80,72,80,72,80,72,80,72,80,72,80,72,80,72,80,72,80,72,80,70,80,72,80,72,80,72,80,72,80,72,80,72,80,72,80,72,80,70,80,72,80,72,80,74,80,74,80,72,80,72,80,72,80,72,80,72,80,70,80,60,64,32,32,16,16,8,8,4,4,2,1],"gtau":[4.3141942426119374e-7,4.483573646362716e-7,4.7564291575015544e-7,5.118266016370321e-7,5.56557337491567e-7,6.100771997529632e-7,6.730145735687393e-7,7.463011336766341e-7,8.311384868215058e-7,9.289955929325686e-7,1.0416227193775413e-6,1.1710783952931178e-6,1.3197672389431481e-6,1.4904851948252532e-6,1.6864765327014962e-6,1.9114994490874158e-6,2.169905916166419e-6,2.4667271971849745e-6,2.8078029305865253e-6,3.199873930210585e-6,3.6507490031947554e-6,4.169473495274966e-6,4.766520781517827e-6,5.454034175575619e-6,6.246023493482485e-6,7.158685799382466e-6,8.21122289046795e-6,9.42567521109992e-6,1.0827507841509457e-5,1.2446223744783662e-5,1.4316056074679952e-5,1.647675814193024e-5,1.8974515683145157e-5,2.1863006476358075e-5,2.5204633508104924e-5,2.907196306666436e-5,3.3549404611102916e-5,3.873516663429042e-5,4.474355581921201e-5,5.170765919539594e-5,5.9782479627574485e-5,6.914860243713429e-5,8.001648570685042e-5,9.26314817126184e-5,0.00010727971719564944,0.00012429497521361933,0.00014406675965571863,0.00016704974955278448,0.00019377491008277744,0.00022486249069870947,0.0002610373022276665,0.0003031466547775804,0.00035218143529657447,0.00040930088814732714,0.0004758617655229234,0.0005534526323903723,0.0006439342607070044,0.0007494872281478875,0.0008726678271994934,0.00101647483212931,0.0011844272993321082,0.0013806573853208475,0.001610019125640981,0.0018782185338287371,0.0021919668460201867,0.0025591624633098534,0.002989107000651685,0.0034927620288176353,0.004083054496749411,0.004775240502474642,0.005587339078455183,0.006540650207092373,0.007660374354373997,0.008976354600987056,0.0105239672770219,0.012345192982047042,0.014489907555834718,0.017017442101392565,0.019998472850252243,0.02351731798296895,0.02767473927862427,0.03259137433122719,0.03841193802314823,0.0453104346099471,0.053496611464183864,0.06322388343885237,0.07480006259059072,0.08860089813722016,0.10508346213382741,0.12480897426764176,0.14847241280637702,0.17693750314494544,0.21128901371085393,0.25290137403639706,0.30353620664324804,0.36547962734460526,0.4417489271762815,0.5364098479723727,0.6550691988278837,0.805703809173356,0.9999995685794729]}