{"taus":[0.1,0.2,0.30000000000000004,0.4,0.5,0.6000000000000001,0.7000000000000001,0.8,0.9,1.0,1.1,1.2000000000000002,1.3,1.4000000000000001,1.5,1.6,1.7000000000000002,1.8,1.9000000000000001,2.0,2.1,2.2,2.3000000000000003,2.4000000000000004,2.5,2.6,2.7,2.8000000000000003,2.9000000000000004,3.0,3.1,3.2,3.3000000000000003,3.4000000000000004,3.5,3.6,3.7,3.8000000000000003,3.9000000000000004,4.0,4.1000000000000005,4.2,4.3,4.4,4.5,4.6000000000000005,4.7,4.800000000000001,4.9,5.0,5.1000000000000005],"bd":[2,4,2,4,4,8,8,16,16,32,32,64,64,100,90,100,94,100,94,100,94,100,94,100,94,100,94,100,94,100,94,100,94,100,94,100,94,100,94,100,94,100,94,100,94,100,94,100,94,100,94,100,94,100,94,100,94,100,94,100,94,100,94,100,94,100,92,100,92,100,92,100,92,100,92,100,92,100,94,100,94,100,94,100,94,100,92,100,92,100,88,100,64,64,32,32,16,16,8,8,4,4,2,1],"gtau":[3.7556188857390886e-6,3.937926194622286e-6,4.382664003358598e-6,5.040915073995352e-6,5.921416115351658e-6,7.058913846277824e-6,8.507586495940335e-6,1.0341277356843292e-5,1.265671308206715e-5,1.5578796680261487e-5,1.9267967334654436e-5,2.392995274248287e-5,2.98285085397722e-5,3.730199410294755e-5,4.678486846006811e-5,5.8835697673291834e-5,7.417348200726481e-5,9.372503459316691e-5,0.00011868674012468503,0.00015060508607559462,0.00019148168676779828,0.00024391149649004992,0.00031126556088902747,0.00039792731836576904,0.0005096086453725657,0.000653771280468321,0.0008401759019610738,0.0010816158194833134,0.001394896910059266,0.0018021483772038536,0.0023325824062234374,0.003024866220386273,0.003930334520561909,0.005117362376557507,0.0066773519604944875,0.008732981559320133,0.01144963043585852,0.015051559121782661,0.019844517048662424,0.026248304479930148,0.034843700902317254,0.04644427719105154,0.062201477960689096,0.08377119835198442,0.11358139696452751,0.15528713244323972,0.21459043795687793,0.30084742968903305,0.4306037310134811,0.6368362222055642,0.9999962443802941]}