{"taus":[0.2,0.4,0.6000000000000001,0.8,1.0,1.2000000000000002,1.4000000000000001,1.6,1.8,2.0,2.2,2.4000000000000004,2.6,2.8000000000000003,3.0,3.2,3.4000000000000004,3.6,3.8000000000000003,4.0,4.2,4.4,4.6000000000000005,4.800000000000001,5.0,5.2,5.4,5.6000000000000005,5.800000000000001,6.0,6.2,6.4,6.6000000000000005,6.800000000000001,7.0,7.2,7.4,7.6000000000000005,7.800000000000001,8.0,8.200000000000001,8.4,8.6,8.8,9.0,9.200000000000001,9.4,9.600000000000001,9.8,10.0,10.200000000000001],"bd":[2,4,2,4,4,8,8,16,16,32,32,64,64,80,80,80,80,80,80,80,80,80,80,80,80,80,80,80,80,80,80,80,80,80,80,80,80,80,80,80,80,80,80,80,80,80,80,80,80,80,80,80,80,80,80,80,80,80,80,80,80,80,80,80,80,80,80,80,80,80,78,80,80,80,80,80,80,80,80,80,80,80,80,80,80,80,80,80,80,80,80,80,64,64,32,32,16,16,8,8,4,4,2,1],"gtau":[0.5059663535617256,0.3478348925749886,0.32451598451438557,0.3167267935841035,0.3131876879532198,0.3112871313230333,0.3101503848547435,0.30941755301540547,0.30891802233156596,0.30856268524027697,0.30829785569524093,0.30809467641945165,0.3079339496832312,0.3078032629088702,0.30769438805674526,0.3076016903700713,0.307518916247741,0.3074437361523451,0.3073740105517818,0.3073082651643782,0.3072454904812218,0.30718627861074405,0.307131048175036,0.3070792331717374,0.3070301772340847,0.30698344476063816,0.30693881511633336,0.30689624182239256,0.30685582443813986,0.3068178263961082,0.30678267916903834,0.30675087106095306,0.3067230152052997,0.30669999037081597,0.30668307005209117,0.3066739367027249,0.30667490580185963,0.3066893180479033,0.30672213982986885,0.3067805429761284,0.306875372674768,0.3070231807444617,0.3072505882478558,0.3076055745542061,0.30816934076869784,0.30909390137958437,0.310709982650517,0.31381800211639904,0.3208417098488575,0.34238377034253736,0.49403364643818193]}