{"taus":[0.025,0.05,0.07500000000000001,0.1,0.125,0.15000000000000002,0.17500000000000002,0.2,0.225,0.25,0.275,0.30000000000000004,0.325,0.35000000000000003,0.375,0.4,0.42500000000000004,0.45,0.47500000000000003,0.5,0.525,0.55,0.5750000000000001,0.6000000000000001,0.625,0.65,0.675,0.7000000000000001,0.7250000000000001,0.75,0.775,0.8,0.8250000000000001,0.8500000000000001,0.875,0.9,0.925,0.9500000000000001,0.9750000000000001,1.0,1.0250000000000001,1.05,1.075,1.1,1.125,1.1500000000000001,1.175,1.2000000000000002,1.225,1.25,1.2750000000000001,1.3,1.3250000000000002,1.35,1.375,1.4000000000000001,1.425,1.4500000000000002,1.475,1.5,1.5250000000000001,1.55,1.5750000000000002,1.6,1.625,1.6500000000000001,1.675,1.7000000000000002,1.725,1.75,1.7750000000000001,1.8,1.8250000000000002,1.85,1.875,1.9000000000000001,1.925,1.9500000000000002,1.975,2.0,2.025,2.0500000000000003,2.075,2.1,2.125,2.15,2.1750000000000003,2.2,2.225,2.25,2.275,2.3000000000000003,2.325,2.35,2.375,2.4000000000000004,2.4250000000000003,2.45,2.475,2.5,2.5250000000000004,2.5500000000000003,2.575,2.6,2.625,2.6500000000000004,2.6750000000000003,2.7,2.725,2.75,2.7750000000000004,2.8000000000000003,2.825,2.85,2.875,2.9000000000000004,2.9250000000000003,2.95,2.975,3.0,3.0250000000000004,3.0500000000000003,3.075,3.1,3.125,3.1500000000000004,3.1750000000000003,3.2,3.225,3.25,3.2750000000000004,3.3000000000000003,3.325,3.35,3.375,3.4000000000000004,3.4250000000000003,3.45,3.475,3.5,3.5250000000000004,3.5500000000000003,3.575,3.6,3.625,3.6500000000000004,3.6750000000000003,3.7,3.725,3.75,3.7750000000000004,3.8000000000000003,3.825,3.85,3.875,3.9000000000000004,3.9250000000000003,3.95,3.975,4.0,4.025,4.05,4.075,4.1000000000000005,4.125,4.15,4.175,4.2,4.2250000000000005,4.25,4.275,4.3,4.325,4.3500000000000005,4.375,4.4,4.425,4.45,4.4750000000000005,4.5,4.525,4.55,4.575,4.6000000000000005,4.625,4.65,4.675,4.7,4.7250000000000005,4.75,4.775,4.800000000000001,4.825,4.8500000000000005,4.875,4.9,4.925000000000001,4.95,4.9750000000000005,5.0,5.025],"bd":[2,4,2,4,4,8,8,16,16,32,32,64,46,84,56,100,64,100,66,100,66,100,70,100,72,100,72,100,74,100,74,100,76,100,76,100,78,100,78,100,78,100,78,100,78,100,78,100,78,100,78,100,78,100,78,100,78,100,82,100,80,100,80,100,82,100,82,100,82,100,82,100,82,100,82,100,82,100,82,100,82,100,82,100,80,100,80,100,82,100,82,100,82,100,82,100,82,100,82,100,82,100,82,100,82,100,82,100,82,100,82,100,82,100,82,100,82,100,82,100,82,100,82,100,82,100,82,100,82,100,82,100,82,100,82,100,82,100,82,100,82,100,82,100,82,100,82,100,82,100,82,100,82,100,82,100,82,100,82,100,82,100,82,100,82,100,82,100,82,100,82,100,82,100,82,100,82,100,82,100,82,100,82,100,82,100,82,100,82,100,82,100,82,100,82,100,82,100,82,100,82,100,82,100,82,100,82,100,82,100,82,100,82,100,82,100,82,100,82,100,82,100,82,100,82,100,82,100,82,100,82,100,82,100,82,100,82,100,82,100,82,100,82,100,82,100,82,100,82,100,82,100,82,100,82,100,82,100,82,100,82,100,80,100,80,100,80,100,80,100,80,100,80,100,80,100,80,100,80,100,80,100,82,100,82,100,82,100,82,100,82,100,80,100,80,100,80,100,80,100,80,100,80,100,80,100,80,100,80,100,80,100,80,100,80,100,80,100,80,100,80,100,80,100,82,100,82,100,82,100,80,100,80,100,80,100,80,100,80,100,80,100,80,100,80,100,80,100,78,100,78,100,78,100,78,100,78,100,78,100,78,100,78,100,80,100,76,100,78,100,78,100,76,100,76,100,74,100,72,100,72,100,68,100,66,100,62,100,62,100,56,88,46,64,32,32,16,16,8,8,4,4,2,1],"gtau":[7.52683587893494e-6,7.5541695582273855e-6,7.62914536416007e-6,7.74398989095899e-6,7.893559969417273e-6,8.074419115684447e-6,8.28429075609331e-6,8.52171621466613e-6,8.785834909319098e-6,9.07623786103353e-6,9.392869213108326e-6,9.735961420440473e-6,1.0105987238745097e-5,1.0503622277940264e-5,1.0929728085316756e-5,1.1385333938450162e-5,1.187162249917243e-5,1.2389926563932818e-5,1.2941723963098948e-5,1.3528636705322673e-5,1.41524322806357e-5,1.4815026435724982e-5,1.5518483175166848e-5,1.6265016043951965e-5,1.7057017340794487e-5,1.7897037726407595e-5,1.8787806528508094e-5,1.973223538644616e-5,2.0733428381343723e-5,2.1794691026266904e-5,2.2919547989117962e-5,2.4111747876078215e-5,2.5375278436708325e-5,2.671438941899064e-5,2.813359742232442e-5,2.963770983955897e-5,3.1231843597645176e-5,3.29214243105401e-5,3.471222906061591e-5,3.6610372181080026e-5,3.8622304480419214e-5,4.075499198196033e-5,4.301610875855609e-5,4.541375379326417e-5,4.795639059065933e-5,5.065290006651425e-5,5.351265859643187e-5,5.654561015759983e-5,5.976232652611364e-5,6.317406084550276e-5,6.679279891898454e-5,7.063130193143144e-5,7.47031526808004e-5,7.902280744839443e-5,8.360565565808304e-5,8.846807122433915e-5,9.362741264793431e-5,9.910240947791388e-5,0.0001049126885512169,0.00011107907751776854,0.00011762366986194502,0.00012456996153523215,0.00013194307572752896,0.00013976977841695558,0.00014807865316328848,0.00015690016921349333,0.00016626676782483917,0.00017621297152787193,0.00018677551539790846,0.00019799347736183424,0.00020990842649361134,0.00022256458523205218,0.00023600891979711134,0.00025029149837705965,0.0002654655887202972,0.00028158789343587154,0.0002987187786236004,0.0003169225256074336,0.00033626755432261126,0.00035682673064084305,0.0003786776294489851,0.0004019028545179446,0.000426590383817037,0.0004528339187375698,0.0004807332585289254,0.0005103947077283553,0.0005419315084297818,0.0005754643015903404,0.0006111216136596173,0.0006490403846891581,0.0006893665225759885,0.0007322555025901301,0.000777873003412116,0.0008263955872093503,0.000878011426499348,0.0009329210768652196,0.0009913383109551321,0.0010534909984897763,0.001119622053361135,0.0011899904444259409,0.0012648722731852307,0.0013445619279166049,0.001429373317642135,0.0015196411857657634,0.001615722524579412,0.0017179981016515946,0.001826873947926987,0.0019427832825043329,0.002066188203774606,0.00219758171454245,0.0023374898187233997,0.0024864737799091346,0.002645132521954236,0.0028141052343499573,0.0029940741221228142,0.003185767347286568,0.003389962238419094,0.003607488616458908,0.003839232498814039,0.004086139923355802,0.004349221155199861,0.004629555142104191,0.004928294420281586,0.005246669811887578,0.005585996529575565,0.005947679657838266,0.0063332205933113355,0.006744223816088658,0.00718240416079396,0.007649594665787924,0.008147754892636685,0.008678979977697463,0.009245510286107523,0.009849741799390518,0.010494237278803158,0.01118173829263781,0.011915178095319176,0.012697695517369004,0.013532649952008827,0.01442363703564317,0.015374506993268568,0.016389382199421352,0.017472677921352025,0.0186291237608343,0.019863787132118917,0.02118209868935782,0.022589879151708146,0.024093369264562726,0.0256992614437927,0.02741473417310062,0.02924748954407844,0.031205793479713917,0.033298519554535645,0.035535196361923975,0.03792605943667815,0.04048210720756611,0.04321516181152844,0.046137935530307865,0.04926410488366255,0.05260838404126712,0.056186616979908344,0.060015864754649595,0.0641145928488726,0.0685024959047559,0.07320088943990662,0.0782328311030294,0.08362328106938222,0.08939925724795054,0.09559001633573201,0.10222725202195909,0.10934531804419653,0.11698145791217296,0.12517611542326834,0.13397331160317325,0.14342128272685253,0.15357220887603196,0.16448275488190986,0.17621485245687135,0.18883643770215763,0.20242213679658502,0.21705403072598867,0.23282251468596749,0.24982730210594023,0.26817856354420827,0.28799832068662556,0.3094222028701554,0.3326016408859104,0.3577056236153079,0.3849239254193488,0.4144702623971981,0.4465874480334737,0.4815517962728398,0.5196809252815074,0.5613427910635256,0.6069651450680051,0.6570499148090808,0.7121920131122779,0.7731026434175163,0.8406391805989206,0.9158439179392891,0.9999924731365478]}