{"gf":[0.4687906266262437,0.4688149626902409,0.46888782784978805,0.46900902713566445,0.4691783913211825,0.4693957765016766,0.46966106371307237,0.469974158588214,0.47033499104960136,0.47074351503741274,0.4711997082717844,0.4717035720483705,0.47225513106641404,0.47285443328852333,0.47350154983158804,0.47419657488822864,0.47493962567837195,0.47573084243052305,0.47657038839248356,0.47745844987127756,0.47839523630214514,0.4793809803465632,0.4804159380193109,0.48150038884462565,0.4826346360416887,0.4838190067396138,0.48505385222231717,0.486339548203606,0.48767649513301803,0.4890651185329035,0.49050586936744656,0.49199922444427596,0.4935456868495472,0.49514578641730966,0.49680008023419453,0.4985091531805035,0.5002736185088652,0.5020941184617488,0.5039713249292633,0.505905940148715,0.5078986974476185,0.5099503620318815,0.5120617318211396,0.5142336383332181,0.5164669476200249,0.5187625612571893,0.5211214173900586,0.5235444918387919,0.526032799265481,0.528587394406549,0.5312093733737563],"ts":[0.0,0.01,0.02,0.03,0.04,0.05,0.06,0.07,0.08,0.09,0.1,0.11,0.12,0.13,0.14,0.15,0.16,0.17,0.18,0.19,0.2,0.21,0.22,0.23,0.24,0.25,0.26,0.27,0.28,0.29,0.3,0.31,0.32,0.33,0.34,0.35000000000000003,0.36,0.37,0.38,0.39,0.4,0.41000000000000003,0.42,0.43,0.44,0.45,0.46,0.47000000000000003,0.48,0.49,0.5]}