{"taus":[0.025,0.05,0.07500000000000001,0.1,0.125,0.15000000000000002,0.17500000000000002,0.2,0.225,0.25,0.275,0.30000000000000004,0.325,0.35000000000000003,0.375,0.4,0.42500000000000004,0.45,0.47500000000000003,0.5,0.525,0.55,0.5750000000000001,0.6000000000000001,0.625,0.65,0.675,0.7000000000000001,0.7250000000000001,0.75,0.775,0.8,0.8250000000000001,0.8500000000000001,0.875,0.9,0.925,0.9500000000000001,0.9750000000000001,1.0,1.0250000000000001],"bd":[2,4,2,4,4,8,8,16,16,32,32,64,64,100,100,100,100,100,100,100,100,100,100,100,100,100,100,100,100,100,100,100,100,100,100,100,100,100,100,100,100,100,100,100,100,100,100,100,100,100,100,100,100,100,100,100,100,100,100,100,100,100,100,100,100,100,100,100,100,100,100,100,64,64,32,32,16,16,8,8,4,4,2,1],"gtau":[0.4896258613976438,0.4409992248366577,0.4094368420185471,0.3877272797237208,0.3721468240780126,0.3606017299362207,0.35183539092877386,0.3450536537129793,0.33973299246668437,0.33551828869964534,0.3321617426884037,0.32948336463649386,0.3273528331466697,0.3256736849817761,0.32437383509419715,0.3233992252959312,0.3227094758176083,0.32227481326410357,0.3220739208346809,0.322092460879741,0.32232235205280635,0.3227615016088577,0.3234135065626109,0.3242877154295288,0.325399784005403,0.3267726726611348,0.32843818576097766,0.33043922113800234,0.3328328703883884,0.335694961812742,0.3391268236017472,0.3432652933328605,0.3482978162016602,0.3544872234975963,0.36220577434044204,0.3720015752723288,0.38470927586733594,0.40164873068117113,0.42501921531832143,0.4587336991570623,0.5103741386023163]}