{"taus":[0.0125,0.025,0.037500000000000006,0.05,0.0625,0.07500000000000001,0.08750000000000001,0.1,0.1125,0.125,0.1375,0.15000000000000002,0.1625,0.17500000000000002,0.1875,0.2,0.21250000000000002,0.225,0.23750000000000002,0.25,0.2625,0.275,0.28750000000000003,0.30000000000000004,0.3125,0.325,0.3375,0.35000000000000003,0.36250000000000004,0.375,0.3875,0.4,0.41250000000000003,0.42500000000000004,0.4375,0.45,0.4625,0.47500000000000003,0.48750000000000004,0.5,0.5125000000000001,0.525,0.5375,0.55,0.5625,0.5750000000000001,0.5875,0.6000000000000001,0.6125,0.625,0.6375000000000001,0.65,0.6625000000000001,0.675,0.6875,0.7000000000000001,0.7125,0.7250000000000001,0.7375,0.75,0.7625000000000001,0.775,0.7875000000000001,0.8,0.8125,0.8250000000000001,0.8375,0.8500000000000001,0.8625,0.875,0.8875000000000001,0.9,0.9125000000000001,0.925,0.9375,0.9500000000000001,0.9625,0.9750000000000001,0.9875,1.0,1.0125],"bd":[2,4,2,4,4,8,8,16,16,20,20,20,20,20,20,20,20,20,20,20,20,20,20,20,20,20,20,20,20,20,20,20,20,20,20,20,20,20,20,20,20,20,20,20,20,20,20,20,20,20,20,20,20,20,20,20,20,20,20,20,20,20,20,20,20,20,20,20,20,20,20,20,20,20,20,20,20,20,20,20,20,20,20,20,20,20,20,20,20,20,20,20,20,20,20,20,20,20,20,20,20,20,20,20,20,20,20,20,20,20,20,20,20,20,20,20,20,20,20,20,20,20,20,20,20,20,20,20,20,20,20,20,20,20,20,20,20,20,20,20,20,20,20,20,20,20,20,20,20,20,20,20,20,20,20,20,16,16,8,8,4,4,2,1],"gtau":[0.07566584361373987,0.07580393605773014,0.07608280322232146,0.076490232923894,0.07701662874398443,0.07765442168481346,0.07839766447859935,0.07924172698508038,0.08018306358905015,0.08121903440575422,0.08234776913020617,0.08356805422191654,0.08487924878331936,0.08628122122067881,0.08777429359688556,0.08935920078754912,0.0910370581119907,0.0928093366348862,0.09467784446984799,0.09664471312922501,0.09871238827355484,0.10088362421386356,0.10316148170531599,0.10554932870548342,0.10805084516977778,0.11067002411726497,0.11341118626717286,0.11627898666462508,0.11927842827284282,0.12241487689387939,0.1256940783184658,0.12912217777255797,0.13270574176929173,0.13645178254021756,0.14036778537863898,0.14446173957239958,0.14874217210676355,0.15321817810844718,0.15789946033205943,0.16279637997585855,0.16792000293601025,0.1732821502873662,0.1788954557693507,0.18477343106279992,0.19093053814803024,0.19738226601930864,0.20414521301998484,0.21123718088255844,0.21867728044963797,0.22648604750142615,0.23468557057792241,0.24329963315544068,0.25235387249669067,0.2618759564470583,0.2718957809204211,0.28244569330243086,0.2935607427935734,0.305278961644855,0.3176416836241337,0.3306939056949274,0.3444846994600303,0.359067680394167,0.3745015459707141,0.39085069644464754,0.40818595175007094,0.42658538234196197,0.4461352775220889,0.4669312810200556,0.4890797311844961,0.5126992523178251,0.5379226379848528,0.5648991306979021,0.5937972190579242,0.624807942138938,0.658149074649612,0.6940702704234842,0.7328595402728992,0.7748514672597843,0.8204377959107083,0.8700812205971806,0.9243341563841858]}