{"taus":[0.2,0.4,0.6000000000000001,0.8,1.0,1.2000000000000002,1.4000000000000001,1.6,1.8,2.0,2.2,2.4000000000000004,2.6,2.8000000000000003,3.0,3.2,3.4000000000000004,3.6,3.8000000000000003,4.0,4.2,4.4,4.6000000000000005,4.800000000000001,5.0,5.2],"bd":[2,4,2,4,4,8,8,16,16,32,32,64,64,80,80,80,80,80,80,80,80,80,80,80,80,80,80,80,80,80,80,80,80,80,80,80,80,80,80,80,80,80,64,64,32,32,16,16,8,8,4,4,2,1],"gtau":[3.7267016266906427e-6,4.350680646387275e-6,5.877897215869633e-6,8.44497213523248e-6,1.2563144723751061e-5,1.9124865826997235e-5,2.960731845452362e-5,4.643624693477947e-5,7.362111287290668e-5,0.00011780551541628919,0.00019006545688770443,0.00030897692365195644,0.0005058921269663201,0.0008340929401983739,0.0013848249313796516,0.0023156947410828783,0.003901648228784909,0.006628024733123483,0.011363994392770492,0.01969471691457705,0.03458190724056028,0.06174887868347223,0.11282523909637468,0.21345527470601697,0.42941389426949944,0.9999962732983197]}