{"taus":[0.025,0.05,0.07500000000000001,0.1,0.125,0.15000000000000002,0.17500000000000002,0.2,0.225,0.25,0.275,0.30000000000000004,0.325,0.35000000000000003,0.375,0.4,0.42500000000000004,0.45,0.47500000000000003,0.5,0.525,0.55,0.5750000000000001,0.6000000000000001,0.625,0.65,0.675,0.7000000000000001,0.7250000000000001,0.75,0.775,0.8,0.8250000000000001,0.8500000000000001,0.875,0.9,0.925,0.9500000000000001,0.9750000000000001,1.0,1.0250000000000001,1.05,1.075,1.1,1.125,1.1500000000000001,1.175,1.2000000000000002,1.225,1.25,1.2750000000000001,1.3,1.3250000000000002,1.35,1.375,1.4000000000000001,1.425,1.4500000000000002,1.475,1.5,1.5250000000000001,1.55,1.5750000000000002,1.6,1.625,1.6500000000000001,1.675,1.7000000000000002,1.725,1.75,1.7750000000000001,1.8,1.8250000000000002,1.85,1.875,1.9000000000000001,1.925,1.9500000000000002,1.975,2.0,2.025,2.0500000000000003,2.075,2.1,2.125,2.15,2.1750000000000003,2.2,2.225,2.25,2.275,2.3000000000000003,2.325,2.35,2.375,2.4000000000000004,2.4250000000000003,2.45,2.475,2.5,2.5250000000000004,2.5500000000000003,2.575,2.6,2.625,2.6500000000000004,2.6750000000000003,2.7,2.725,2.75,2.7750000000000004,2.8000000000000003,2.825,2.85,2.875,2.9000000000000004,2.9250000000000003,2.95,2.975,3.0,3.0250000000000004,3.0500000000000003,3.075,3.1,3.125,3.1500000000000004,3.1750000000000003,3.2,3.225,3.25,3.2750000000000004,3.3000000000000003,3.325,3.35,3.375,3.4000000000000004,3.4250000000000003,3.45,3.475,3.5,3.5250000000000004,3.5500000000000003,3.575,3.6,3.625,3.6500000000000004,3.6750000000000003,3.7,3.725,3.75,3.7750000000000004,3.8000000000000003,3.825,3.85,3.875,3.9000000000000004,3.9250000000000003,3.95,3.975,4.0,4.025,4.05,4.075,4.1000000000000005,4.125,4.15,4.175,4.2,4.2250000000000005,4.25,4.275,4.3,4.325,4.3500000000000005,4.375,4.4,4.425,4.45,4.4750000000000005,4.5,4.525,4.55,4.575,4.6000000000000005,4.625,4.65,4.675,4.7,4.7250000000000005,4.75,4.775,4.800000000000001,4.825,4.8500000000000005,4.875,4.9,4.925000000000001,4.95,4.9750000000000005,5.0,5.025],"bd":[2,4,2,4,4,8,8,16,16,32,32,60,44,60,48,60,50,60,50,60,50,60,50,60,52,60,52,60,54,60,54,60,54,60,54,60,52,60,52,60,54,60,54,60,54,60,54,60,54,60,54,60,54,60,52,60,52,60,52,60,52,60,52,60,52,60,52,60,52,60,52,60,52,60,52,60,52,60,52,60,52,60,52,60,52,60,52,60,52,60,52,60,52,60,52,60,52,60,52,60,52,60,52,60,52,60,52,60,52,60,52,60,52,60,52,60,52,60,52,60,52,60,52,60,52,60,52,60,52,60,52,60,52,60,52,60,52,60,52,60,52,60,52,60,52,60,52,60,52,60,52,60,52,60,52,60,52,60,52,60,52,60,52,60,52,60,52,60,52,60,52,60,52,60,52,60,52,60,52,60,52,60,52,60,52,60,52,60,52,60,52,60,52,60,52,60,52,60,52,60,52,60,52,60,52,60,52,60,52,60,52,60,52,60,52,60,52,60,52,60,52,60,52,60,52,60,52,60,52,60,52,60,52,60,52,60,52,60,52,60,52,60,52,60,52,60,52,60,52,60,52,60,52,60,52,60,52,60,52,60,52,60,52,60,52,60,52,60,52,60,52,60,52,60,52,60,52,60,52,60,52,60,52,60,52,60,52,60,52,60,52,60,52,60,52,60,52,60,52,60,52,60,52,60,52,60,52,60,52,60,52,60,52,60,52,60,52,60,52,60,54,60,54,60,54,60,54,60,54,60,54,60,54,60,54,60,54,60,54,60,54,60,54,60,54,60,54,60,54,60,52,60,54,60,54,60,54,60,54,60,54,60,54,60,54,60,52,60,52,60,52,60,52,60,52,60,52,60,52,60,52,60,52,60,52,60,50,60,50,60,48,60,44,60,32,32,16,16,8,8,4,4,2,1],"gtau":[2.631746677050649e-7,2.6745478598014833e-7,2.7350791018825705e-7,2.8111806385315655e-7,2.9015247307312527e-7,3.005336686265252e-7,3.122219392056139e-7,3.252059021666897e-7,3.394988675561778e-7,3.5513261590098925e-7,3.721419139320498e-7,3.905845190245247e-7,4.1052775723198843e-7,4.3204854066246304e-7,4.552260688157901e-7,4.801650305499405e-7,5.069693945623556e-7,5.357569367580522e-7,5.666545109413497e-7,5.998011557928881e-7,6.353470443935335e-7,6.734552158735354e-7,7.143010523617253e-7,7.58074695419546e-7,8.0498029491117e-7,8.552392922433349e-7,9.090875888967629e-7,9.667820908936818e-7,1.0285976179369378e-6,1.094829430570633e-6,1.165784624281838e-6,1.241799270617961e-6,1.3232432446637929e-6,1.410513046427069e-6,1.5040261087110704e-6,1.6042289780289172e-6,1.711603660574289e-6,1.8266655696267912e-6,1.949969688555856e-6,2.0821135121912798e-6,2.223741803475366e-6,2.3755416879431408e-6,2.538254835991143e-6,2.712677224947789e-6,2.899663361315367e-6,3.100130894270582e-6,3.3150715990888976e-6,3.5455547632194712e-6,3.7927317920526057e-6,4.057834510582209e-6,4.342186540495523e-6,4.647206008599298e-6,4.974414160824797e-6,5.325445947507423e-6,5.702056759660209e-6,6.1061339503816955e-6,6.539703783460973e-6,7.004944834237285e-6,7.50419821676457e-6,8.039977814197352e-6,8.61498227498547e-6,9.232109929758681e-6,9.89447255913497e-6,1.0605407903589862e-5,1.1368499975424033e-5,1.2187593483768933e-5,1.3066816471290266e-5,1.4010595483874734e-5,1.5023677062904162e-5,1.6111154090950085e-5,1.7278485381585263e-5,1.8531524473091736e-5,1.987654856850518e-5,2.132028611028283e-5,2.2869955381258555e-5,2.4533292698829157e-5,2.631859404892012e-5,2.8234753763519067e-5,3.029130882085512e-5,3.249848280275934e-5,3.486723464906292e-5,3.7409318155787584e-5,4.013732893500095e-5,4.306477185370837e-5,4.6206121222377694e-5,4.9576896454797446e-5,5.319372863062431e-5,5.707444643584891e-5,6.123815878086897e-5,6.570534590664355e-5,7.049795779199013e-5,7.563951785555808e-5,8.115523386602182e-5,8.70721181506933e-5,9.341912153640542e-5,0.00010022726022782457,0.00010752976947687273,0.00011536225138115794,0.0001237628655358518,0.00013277247228165914,0.0001424348632281338,0.00015279694668923738,0.00016390897147934723,0.0001758247652346589,0.00018860199066368123,0.00020230241483965337,0.00021699219091560632,0.0002327421973056152,0.00024962834668729975,0.00026773195555511973,0.0002871401269404209,0.00030794617183723224,0.0003302500411275241,0.00035415881575580994,0.000379787201077962,0.0004072581075164809,0.00043670321365654117,0.00046826362408888144,0.0005020905526807515,0.0005383460718662853,0.0005772039020997881,0.0006188502905027233,0.0006634849179675952,0.0007113219372159424,0.0007625910631892006,0.0008175387538549307,0.0008764294991291704,0.0009395472405789406,0.0010071968801324503,0.0010797059604460374,0.0011574264775776658,0.0012407368780414931,0.0013300442312389302,0.0014257866367959212,0.0015284358541079093,0.0016385002074991324,0.0017565277802864174,0.0018831099834641268,0.0020188854677923064,0.002164544506450469,0.0023208338374445755,0.0024885621136499126,0.002668605954873582,0.0028619167276345584,0.0030695282162191105,0.0032925651997233406,0.003532253157494748,0.003789929225888614,0.004067054660331576,0.004365228938599174,0.004686205868757331,0.0050319119567373985,0.005404467397313231,0.0058062101652995544,0.006239723785266481,0.0067078697025869495,0.007213826331452562,0.007761136405409125,0.008353756324472189,0.008996112508456567,0.009693166444374622,0.01045049175510776,0.011274365545536966,0.012171882106218623,0.013151089114097136,0.01422115281235209,0.01539255713640608,0.016677345922671196,0.01808941472524579,0.01964487497207786,0.021362515231608346,0.023264438978106487,0.02537697250381321,0.02773172629368429,0.030366631381184686,0.033326912746804195,0.03666577620968346,0.04044207618501428,0.044735689911977225,0.04963988451792703,0.055261584637787,0.06172031208631639,0.06915044397058231,0.07770724167363137,0.08757319029598248,0.09896602249148403,0.11214835506540051,0.1274380806485885,0.1452235069868943,0.16598355320479072,0.19031374731370013,0.21896190272659022,0.2528781192603685,0.2932862450556451,0.3417854722826255,0.40049750532713224,0.4722952051067539,0.5611287207788339,0.6725861088177875,0.8147994971790403,0.9999997368126832]}