{"ns":[-1.1339440149955722,-1.1288825133251101,-1.1406282683061082,-1.1462271337301237,-1.1470422128662487,-1.1459228145082787,-1.1440697688516164,-1.1418799782483706,-1.139499750118981,-1.1370017793365648,-1.1344238987715771,-1.1317859802628245,-1.129093511587817,-1.1263518575749962,-1.123561972559255,-1.1207297183884692,-1.1178595285507011,-1.1149510626934938,-1.1120050336832759,-1.1090235570428422,-1.1060076231977252,-1.102961631828652,-1.0998850661636228,-1.0967797607335867,-1.0936456663842027,-1.090480817898284,-1.0872878136149056,-1.084065356500983,-1.0808159459800057,-1.077538303284716,-1.0742369234937694,-1.070905277848823,-1.0675538173738115,-1.064160008451722,-1.0607522770605606,-1.0573049670605135,-1.0538456001030754,-1.0503736172146865,-1.0468755614094467,-1.0433394294331069,-1.0397189713076134,-1.0358391979513188,-1.0319597567481384,-1.0280440847782841,-1.0240629364869152,-1.0201009040548001,-1.016147380756602,-1.0121221586056421,-1.0081027132307692,-1.0040442562772458],"taus":[0.1,0.2,0.30000000000000004,0.4,0.5,0.6000000000000001,0.7000000000000001,0.8,0.9,1.0,1.1,1.2000000000000002,1.3,1.4000000000000001,1.5,1.6,1.7000000000000002,1.8,1.9000000000000001,2.0,2.1,2.2,2.3000000000000003,2.4000000000000004,2.5,2.6,2.7,2.8000000000000003,2.9000000000000004,3.0,3.1,3.2,3.3000000000000003,3.4000000000000004,3.5,3.6,3.7,3.8000000000000003,3.9000000000000004,4.0,4.1000000000000005,4.2,4.3,4.4,4.5,4.6000000000000005,4.7,4.800000000000001,4.9,5.0,5.1000000000000005],"bd":[2,4,2,4,4,8,8,16,16,30,30,30,30,30,30,30,30,30,30,30,30,30,30,30,30,30,30,30,30,30,30,30,30,30,30,30,30,30,30,30,30,30,30,30,30,30,30,30,30,30,30,30,30,30,30,30,30,30,30,30,30,30,30,30,30,30,30,30,30,30,30,30,30,30,30,30,30,30,30,30,30,30,30,30,30,30,30,30,30,30,30,30,30,30,30,30,30,30,30,30,30,30,30,60,60,60,60,60,60,60,60,60,60,60,60,60,60,60,60,60,60,60,60,60,60,60,60,60,60,60,60,60,60,60,60,60,60,60,60,60,60,60,60,60,60,60,60,60,60,60,60,60,60,60,60,60,60,60,60,60,60,60,60,60,60,60,60,60,60,60,60,60,60,60,60,60,60,60,60,60,60,60,60,60,60,60,60,60,60,60,60,60,60,60,60,60,60,60,60,60,60,60,60,60,60,60,60,60,60,60,60,60,60,60,60,60,60,60,60,60,60,60,60,60,60,60,60,60,60,60,60,60,60,60,60,60,60,60,60,60,60,60,60,60,60,60,60,60,60,60,60,60,60,60,60,60,60,60,60,60,60,60,60,60,60,60,60,60,60,60,60,60,60,60,60,60,60,60,60,60,60,60,60,60,60,60,60,60,60,60,60,60,60,60,60,60,32,32,32,16,8,8,8,4,2,4,2,1],"lt":[{"re":-0.36880739059222106,"im":1.1339440149955722},{"re":-0.7931123150718138,"im":0.783031112528714},{"re":-0.9244326378077251,"im":0.36651664663518463},{"re":-0.879791358285129,"im":0.03564837789393623},{"re":-0.7620268746277847,"im":-0.2005783063950943},{"re":-0.6157508165173087,"im":-0.3643546708882011},{"re":-0.4581158081046895,"im":-0.4718400185768675},{"re":-0.2983711692712304,"im":-0.532173929087579},{"re":-0.14382853770122697,"im":-0.5515039249102988},{"re":-0.0009056097397731182,"im":-0.5353513982907645},{"re":0.12498406239117205,"im":-0.48938952840043143},{"re":0.22956460585165606,"im":-0.4196055277545033},{"re":0.3097709880557778,"im":-0.3322759088640134},{"re":0.36382493895126355,"im":-0.23385429352652357},{"re":0.39129373877535534,"im":-0.1307720489058874},{"re":0.39307906805297854,"im":-0.02918417257340418},{"re":0.3713362779715631,"im":0.0653045130092431},{"re":0.32931431418805984,"im":0.14789316204350453},{"re":0.271131575784428,"im":0.21479951149381982},{"re":0.20150099771875635,"im":0.2634041161166653},{"re":0.1254317670219427,"im":0.29233157528477643},{"re":0.04792487915991471,"im":0.30144649465038453},{"re":-0.02631528693772133,"im":0.29177867191237544},{"re":-0.09313402891233682,"im":0.26537849980280576},{"re":-0.1491333784262762,"im":0.22512845244849805},{"re":-0.19181365628945812,"im":0.17451034920308534},{"re":-0.21965940673552492,"im":0.11735761615938878},{"re":-0.23215483508642984,"im":0.05759785876174005},{"re":-0.2297416541014139,"im":-0.000986002098205053},{"re":-0.2137174827645072,"im":-0.05497071603870893},{"re":-0.1860980583352227,"im":-0.10147265227401378},{"re":-0.14944016059268853,"im":-0.13827982649185264},{"re":-0.10664222743716631,"im":-0.16392526492140966},{"re":-0.06075685440557696,"im":-0.1777501821322355},{"re":-0.014779237465269794,"im":-0.17982352271906243},{"re":0.02852408632193962,"im":-0.17094018288951288},{"re":0.06676655143175379,"im":-0.15248101736202072},{"re":0.09803713896944828,"im":-0.12629178311485426},{"re":0.1209893023274777,"im":-0.0945532043137123},{"re":0.13490404983336166,"im":-0.0595867751339547},{"re":0.13963736215002873,"im":-0.02374216218837029},{"re":0.13557673728421882,"im":0.010773671012737936},{"re":0.12365799304861372,"im":0.04192349611015866},{"re":0.1052717052037658,"im":0.06811505738472837},{"re":0.08199595839429483,"im":0.08817143986290908},{"re":0.055614729386067575,"im":0.10137026609305191},{"re":0.027952254701049957,"im":0.10745525400661429},{"re":0.00075572838431109,"im":0.10660277927294172},{"re":-0.02436162704594094,"im":0.09939249059618781},{"re":-0.04603677301136031,"im":0.0867549049179061},{"re":-0.0632126994987688,"im":0.06984659600197261}],"gtau":[{"re":2.192512053885221e-6,"im":7.193306567343469e-7},{"re":2.5048205961486563e-6,"im":7.806216966991771e-7},{"re":2.9818137131750733e-6,"im":8.996437103380633e-7},{"re":3.625065172282862e-6,"im":1.0731618585939523e-6},{"re":4.464546201756508e-6,"im":1.3046553097556387e-6},{"re":5.547574095893135e-6,"im":1.6056821504121607e-6},{"re":6.937030336969249e-6,"im":1.9930204721843003e-6},{"re":8.714258201448322e-6,"im":2.4893496964518793e-6},{"re":1.0983467400186476e-5,"im":3.124580514092379e-6},{"re":1.3877560424623965e-5,"im":3.937838413502384e-6},{"re":1.7565566220530995e-5,"im":4.980267242922824e-6},{"re":2.2261978215335973e-5,"im":6.318808099153353e-6},{"re":2.8238392192114007e-5,"im":8.041246543185877e-6},{"re":3.583797724841461e-5,"im":1.0262881157199916e-5},{"re":4.5493528628445345e-5,"im":1.3135206857871256e-5},{"re":5.7750269742942725e-5,"im":1.6856970289172894e-5},{"re":7.329546634270498e-5,"im":2.1687684139492305e-5},{"re":9.299894181149795e-5,"im":2.7963020943198903e-5},{"re":0.00011797305341087075,"im":3.611015165253745e-5},{"re":0.0001496703479858786,"im":4.665911390740067e-5},{"re":0.00019005620059648452,"im":6.024553456737579e-5},{"re":0.00024192315777296853,"im":7.760989221852345e-5},{"re":0.00030941585752906745,"im":9.964304923999975e-5},{"re":0.0003985752922494327,"im":0.00012760266723110686},{"re":0.000516775360959303,"im":0.00016343002988565607},{"re":0.0006710429603046138,"im":0.00020974248398020459},{"re":0.0008703606536908489,"im":0.00027019343609841493},{"re":0.001128567359581467,"im":0.00034951942881617936},{"re":0.0014643408139582345,"im":0.00045361487732428513},{"re":0.0019021598184652056,"im":0.0005902153929160157},{"re":0.002474238506135554,"im":0.0007696045785677881},{"re":0.003223266278761937,"im":0.0010055107053416655},{"re":0.004205984652011089,"im":0.0013162628673746748},{"re":0.005498058509737828,"im":0.0017264096919823997},{"re":0.0072007133199942395,"im":0.002268933752066363},{"re":0.009449865734859727,"im":0.0029883260216657997},{"re":0.012428764562161266,"im":0.003944878248511153},{"re":0.016385655628896188,"im":0.005220747980550787},{"re":0.02165871902923081,"im":0.006928617654172047},{"re":0.028712042332323266,"im":0.009224208503428527},{"re":0.038188309000466984,"im":0.012324939977072711},{"re":0.050989024585049614,"im":0.016538603401430818},{"re":0.06838885599509362,"im":0.02229831252935744},{"re":0.09222677947617479,"im":0.030220869704790508},{"re":0.12507503254079122,"im":0.04124272909936474},{"re":0.17102028299708374,"im":0.05678267756427757},{"re":0.2365600656020764,"im":0.07904634408636607},{"re":0.33250802784317585,"im":0.11157882301605873},{"re":0.47854121891453233,"im":0.1604975173030555},{"re":0.7139881663157067,"im":0.23730730518391863},{"re":0.9999978074879461,"im":-7.193306567343469e-7}],