{"taus":[0.025,0.05,0.07500000000000001,0.1,0.125,0.15000000000000002,0.17500000000000002,0.2,0.225,0.25,0.275,0.30000000000000004,0.325,0.35000000000000003,0.375,0.4,0.42500000000000004,0.45,0.47500000000000003,0.5,0.525,0.55,0.5750000000000001,0.6000000000000001,0.625,0.65,0.675,0.7000000000000001,0.7250000000000001,0.75,0.775,0.8,0.8250000000000001,0.8500000000000001,0.875,0.9,0.925,0.9500000000000001,0.9750000000000001,1.0,1.0250000000000001,1.05,1.075,1.1,1.125,1.1500000000000001,1.175,1.2000000000000002,1.225,1.25,1.2750000000000001,1.3,1.3250000000000002,1.35,1.375,1.4000000000000001,1.425,1.4500000000000002,1.475,1.5,1.5250000000000001,1.55,1.5750000000000002,1.6,1.625,1.6500000000000001,1.675,1.7000000000000002,1.725,1.75,1.7750000000000001,1.8,1.8250000000000002,1.85,1.875,1.9000000000000001,1.925,1.9500000000000002,1.975,2.0,2.025,2.0500000000000003,2.075,2.1,2.125,2.15,2.1750000000000003,2.2,2.225,2.25,2.275,2.3000000000000003,2.325,2.35,2.375,2.4000000000000004,2.4250000000000003,2.45,2.475,2.5,2.5250000000000004,2.5500000000000003,2.575,2.6,2.625,2.6500000000000004,2.6750000000000003,2.7,2.725,2.75,2.7750000000000004,2.8000000000000003,2.825,2.85,2.875,2.9000000000000004,2.9250000000000003,2.95,2.975,3.0,3.0250000000000004,3.0500000000000003,3.075,3.1,3.125,3.1500000000000004,3.1750000000000003,3.2,3.225,3.25,3.2750000000000004,3.3000000000000003,3.325,3.35,3.375,3.4000000000000004,3.4250000000000003,3.45,3.475,3.5,3.5250000000000004,3.5500000000000003,3.575,3.6,3.625,3.6500000000000004,3.6750000000000003,3.7,3.725,3.75,3.7750000000000004,3.8000000000000003,3.825,3.85,3.875,3.9000000000000004,3.9250000000000003,3.95,3.975,4.0,4.025,4.05,4.075,4.1000000000000005,4.125,4.15,4.175,4.2,4.2250000000000005,4.25,4.275,4.3,4.325,4.3500000000000005,4.375,4.4,4.425,4.45,4.4750000000000005,4.5,4.525,4.55,4.575,4.6000000000000005,4.625,4.65,4.675,4.7,4.7250000000000005,4.75,4.775,4.800000000000001,4.825,4.8500000000000005,4.875,4.9,4.925000000000001,4.95,4.9750000000000005,5.0,5.025],"bd":[2,4,2,4,4,8,8,16,16,20,20,20,20,20,20,20,20,20,20,20,20,20,20,20,20,20,20,20,20,20,20,20,20,20,20,20,20,20,20,20,20,20,20,20,20,20,20,20,20,20,18,20,20,20,20,20,20,20,20,20,20,20,20,20,20,20,20,20,20,20,20,20,20,20,20,20,20,20,20,20,20,20,20,20,20,20,20,20,20,20,20,20,20,20,20,20,20,20,20,20,20,20,20,20,20,20,20,20,20,20,20,20,20,20,20,20,20,20,20,20,20,20,20,20,20,20,20,20,20,20,20,20,20,20,20,20,20,20,20,20,20,20,20,20,20,20,20,20,20,20,20,20,20,20,20,20,20,20,20,20,20,20,20,20,20,20,20,20,20,20,20,20,20,20,20,20,20,20,20,20,20,20,20,20,20,20,20,20,20,20,20,20,20,20,20,20,20,20,20,20,20,20,20,20,20,20,20,20,20,20,20,20,20,20,20,20,20,20,20,20,20,20,20,20,20,20,20,20,20,20,20,20,20,20,20,20,20,20,20,20,20,20,20,20,20,20,20,20,20,20,20,20,20,20,20,20,20,20,20,20,20,20,20,20,20,20,20,20,20,20,20,20,20,20,20,20,20,20,20,20,20,20,20,20,20,20,20,20,20,20,20,20,20,20,20,20,20,20,20,20,20,20,20,20,20,20,20,20,20,20,20,20,20,20,20,20,20,20,20,20,20,20,20,20,20,20,20,20,20,20,20,20,20,20,20,20,20,20,20,20,20,20,20,20,20,20,20,20,20,20,20,20,20,20,20,20,20,20,20,20,20,20,20,20,20,20,20,20,20,20,20,20,20,20,20,20,20,20,20,20,20,20,20,20,20,20,20,20,20,20,20,20,20,20,20,20,16,16,8,8,4,4,2,1],"gtau":[2.504725681994172e-8,2.5137533837548124e-8,2.5386595757510612e-8,2.576851947107864e-8,2.626615955151568e-8,2.686808657391711e-8,2.7566706944333286e-8,2.8357125231813704e-8,2.9236458908340724e-8,3.020325850886996e-8,3.1257274863581147e-8,3.2399213432384316e-8,3.363051699873583e-8,3.495330941095356e-8,3.637029471932202e-8,3.7884708680128835e-8,3.95003709976012e-8,4.1220648038462445e-8,4.305501795400155e-8,4.501231010478237e-8,4.709818714629391e-8,4.9319969055170566e-8,5.168643665712394e-8,5.42081315617341e-8,5.6897073525394496e-8,5.976621269020326e-8,6.282879485433826e-8,6.609829289549444e-8,6.958812115173383e-8,7.331213845466259e-8,7.728454142070787e-8,8.152017212440456e-8,8.603458436452873e-8,9.084416714694472e-8,9.596618511217111e-8,1.0141884130099555e-7,1.0722151990646169e-7,1.1339458124546254e-7,1.1995977204536223e-7,1.26940217534529e-7,1.3436057948105103e-7,1.422467498284825e-7,1.5062611385036166e-7,1.595277110014016e-7,1.6898219265534106e-7,1.790219665933002e-7,1.8968146103870477e-7,2.0099702329665215e-7,2.1300730643265352e-7,2.2575320599407244e-7,2.392780598736476e-7,2.5362792939179163e-7,2.688516063014409e-7,2.8500079335628375e-7,3.021304168927292e-7,3.2029872541394776e-7,3.395675184658978e-7,3.6000241263214996e-7,3.8167306957565536e-7,4.046535855854792e-7,4.290226342547099e-7,4.548639404386769e-7,4.822666431874305e-7,5.113257282334664e-7,5.421425298579406e-7,5.748251805895132e-7,6.0948932351314e-7,6.462588241776224e-7,6.852664237061041e-7,7.26654678295129e-7,7.705769286470378e-7,8.171984427084598e-7,8.666976373504856e-7,9.192675094673158e-7,9.751173740365204e-7,1.0344745756299344e-6,1.0975868535875884e-6,1.1647246790663685e-6,1.2361842623352525e-6,1.3122907687067385e-6,1.393402475580896e-6,1.479915129801272e-6,1.572267042011589e-6,1.6709449223142588e-6,1.7764903196776314e-6,1.889506438209375e-6,2.010666002060312e-6,2.140719217273621e-6,2.2805029546968777e-6,2.4309508582357796e-6,2.5931046793704295e-6,2.7681279985054906e-6,2.9573216705441527e-6,3.1621423613928073e-6,3.3842241866537404e-6,3.625403419448246e-6,3.887747375721858e-6,4.173586964572875e-6,4.485554298312891e-6,4.826625068247072e-6,5.200166147477729e-6,5.609989180011529e-6,6.060410695304843e-6,6.556318835211062e-6,7.1032475902824585e-6,7.70745959328015e-6,8.376037676101074e-6,9.116985836819756e-6,9.93934169074316e-6,1.0853299972397673e-5,1.1870349601225024e-5,1.3003426354778889e-5,1.4267083975178549e-5,1.567768513878891e-5,1.7253615387716482e-5,1.9015521598252762e-5,2.0986583755899097e-5,2.3192818731514094e-5,2.5663424129516997e-5,2.8431170035546115e-5,3.1532844727887136e-5,3.500976436751128e-5,3.890835656053155e-5,4.328083114869796e-5,4.8185951501032364e-5,5.368992282541959e-5,5.986741589046954e-5,6.680274712257473e-5,7.459123847698667e-5,8.334078399727857e-5,9.317365416262161e-5,0.00010422857256555151,0.00011666310600934589,0.0001306564143299508,0.00014641241480025941,0.00016416342324240713,0.00018417434580215511,0.00020674750367784833,0.0002322281877111288,0.0002610110527273888,0.00029354747812200755,0.0003303540413691601,0.00037202227310015226,0.00041922989277060817,0.0004727537488389931,0.000533484719114003,0.0006024448866847295,0.0006808073106677226,0.0007699190403593828,0.0008713276748843987,0.0009868117663730722,0.001118416070276351,0.001268492260684389,0.001439745959251586,0.001635291137394326,0.0018587130700220293,0.0021141412125717882,0.002406333603561307,0.0027407746643350415,0.003123788590986132,0.0035626709187141703,0.004065841282567692,0.004643020868247408,0.0053054385568996444,0.006066070417774536,0.006939918015595603,0.007944331951019823,0.009099388338770978,0.010428327576663243,0.01195806611020608,0.013719793355422838,0.015749668169393247,0.01808963172855327,0.02078835594056276,0.023902347681895697,0.027497225855704188,0.03164917361877462,0.036446556815167085,0.04199193385952753,0.048405498014511106,0.05582917689025595,0.064429189449684,0.07439924232118163,0.0859656861410219,0.09939408856538898,0.1149965881589009,0.13314195746972632,0.15425872263416862,0.17904410822996455,0.2049329005256341,0.2368826204010516,0.2743972298129391,0.3173300135361302,0.3659555530237525,0.42100356255860366,0.48367684802260547,0.5557035601582171,0.6394528918965691,0.7381478567642943,0.8562321231684812,0.9999999749498399]}