{"taus":[0.2,0.4,0.6000000000000001,0.8,1.0,1.2000000000000002,1.4000000000000001,1.6,1.8,2.0,2.2,2.4000000000000004,2.6,2.8000000000000003,3.0,3.2,3.4000000000000004,3.6,3.8000000000000003,4.0,4.2,4.4,4.6000000000000005,4.800000000000001,5.0,5.2,5.4,5.6000000000000005,5.800000000000001,6.0,6.2,6.4,6.6000000000000005,6.800000000000001,7.0,7.2,7.4,7.6000000000000005,7.800000000000001,8.0,8.200000000000001,8.4,8.6,8.8,9.0,9.200000000000001,9.4,9.600000000000001,9.8,10.0,10.200000000000001],"bd":[2,4,2,4,4,8,8,16,16,32,32,60,60,60,60,60,60,60,60,60,60,60,60,60,60,60,60,60,60,60,60,60,60,60,60,60,60,60,60,60,60,60,60,60,60,60,60,60,60,60,60,60,60,60,60,60,60,60,60,60,60,60,60,60,60,60,60,60,60,60,60,60,60,60,60,60,60,60,60,60,60,60,60,60,60,60,60,60,60,60,60,60,60,60,32,32,16,16,8,8,4,4,2,1],"gtau":[8.236275502279828e-12,1.0391431656368656e-11,1.484847615853714e-11,2.234079303513016e-11,3.458781905305968e-11,5.435159225336085e-11,8.622543055720652e-11,1.3770092206653738e-10,2.2080383725628275e-10,3.551181558984193e-10,5.723861591434654e-10,9.248347535181944e-10,1.4992941159312403e-9,2.434197388556872e-9,3.959050323045311e-9,6.4490699370897425e-9,1.0520973115155251e-8,1.7187711997315887e-8,2.8115354423355945e-8,4.604800412012169e-8,7.551080231086495e-8,1.2397473198393102e-7,2.037921575495518e-7,3.354170675005979e-7,5.527696751951134e-7,9.121871313064812e-7,1.5073895723852935e-6,2.4945695601665486e-6,4.1345355203082176e-6,6.863685830431907e-6,1.1413832619506016e-5,1.9015155672645337e-5,3.174085599239512e-5,5.3094878922073546e-5,8.901762472397816e-5,0.0001496147335270902,0.00025214312351286224,0.00042619958123612194,0.0007227959828094958,0.0012303574261155338,0.0021031918354197762,0.0036126891263581163,0.006241083853880312,0.010856480271861481,0.019047823465745316,0.03379067996901895,0.060838588271062796,0.11188000400043879,0.2126471877854636,0.42898178352425964,0.9999999999912126]}