{"taus":[0.2,0.4,0.6000000000000001,0.8,1.0,1.2000000000000002,1.4000000000000001,1.6,1.8,2.0,2.2,2.4000000000000004,2.6,2.8000000000000003,3.0,3.2,3.4000000000000004,3.6,3.8000000000000003,4.0,4.2,4.4,4.6000000000000005,4.800000000000001,5.0,5.2,5.4,5.6000000000000005,5.800000000000001,6.0,6.2,6.4,6.6000000000000005,6.800000000000001,7.0,7.2,7.4,7.6000000000000005,7.800000000000001,8.0,8.200000000000001,8.4,8.6,8.8,9.0,9.200000000000001,9.4,9.600000000000001,9.8,10.0,10.200000000000001],"bd":[2,4,2,4,4,8,8,16,16,32,32,64,64,120,120,120,120,120,120,120,120,120,120,120,120,120,120,120,120,120,120,120,120,120,120,120,120,120,120,120,120,120,120,120,120,120,120,120,120,120,120,120,120,120,120,120,120,120,120,120,120,120,120,120,120,120,120,120,120,120,120,120,120,120,120,120,120,120,120,120,120,120,120,120,120,120,120,120,120,120,120,120,64,64,32,32,16,16,8,8,4,4,2,1],"gtau":[0.49997927216976884,0.34365711219305156,0.3206103674627265,0.3129200952130679,0.3094262279977586,0.3075461635189975,0.30641875705134386,0.30568961900067654,0.3051914190059023,0.3048364134695298,0.3045751406624038,0.3043778359950536,0.3042250046509334,0.3041050666018745,0.3040095884458538,0.30393273243182717,0.3038705158125779,0.30381997105334324,0.303778924944298,0.303745815091561,0.30371948502921436,0.30369904821981525,0.3036838332296779,0.30367335593354833,0.3036672865087596,0.30366543442189825,0.3036677336931826,0.3036742373606153,0.3036851222328724,0.30370070131722465,0.30372146127958694,0.3037480609821041,0.30378139743701293,0.30382268131259055,0.3038735221728905,0.30393608050105675,0.3040132830008909,0.30410921814565084,0.3042298414694702,0.30438287399529346,0.30458076865916034,0.30484288084402394,0.30519832145612713,0.3056969083672677,0.306426445197424,0.3075544487766038,0.30943526014299644,0.31292987708661807,0.320620886498396,0.3436710143454848,0.5000207278302344]}