{"taus":[0.2,0.4,0.6000000000000001,0.8,1.0,1.2000000000000002,1.4000000000000001,1.6,1.8,2.0,2.2,2.4000000000000004,2.6,2.8000000000000003,3.0,3.2,3.4000000000000004,3.6,3.8000000000000003,4.0,4.2,4.4,4.6000000000000005,4.800000000000001,5.0,5.2],"bd":[2,4,2,4,4,8,8,16,16,32,32,40,40,40,40,40,40,40,40,40,40,40,40,40,40,40,40,40,40,40,40,40,40,40,40,40,40,40,40,40,40,40,40,40,32,32,16,16,8,8,4,4,2,1],"gtau":[1.0653780640574175e-8,1.8748810119038642e-8,3.529087981259838e-8,6.831257465295008e-8,1.3411636639367083e-7,2.656242889441201e-7,5.296591689581547e-7,1.0595530235006913e-6,2.127567509284254e-6,4.293422379641904e-6,8.694169067886417e-6,1.7662210446516277e-5,3.6000034679266234e-5,7.361908975886472e-5,0.00015105781418810652,0.0003110836175111047,0.0006432392494735937,0.0013366026768559993,0.002798900387165166,0.005928153350464337,0.012717338456207306,0.027740857092336556,0.06192065210194318,0.14310087560137055,0.3515659261383236,0.999999989346217]}