{"taus":[0.2,0.4,0.6000000000000001,0.8,1.0,1.2000000000000002,1.4000000000000001,1.6,1.8,2.0,2.2,2.4000000000000004,2.6,2.8000000000000003,3.0,3.2,3.4000000000000004,3.6,3.8000000000000003,4.0,4.2,4.4,4.6000000000000005,4.800000000000001,5.0,5.2,5.4,5.6000000000000005,5.800000000000001,6.0,6.2,6.4,6.6000000000000005,6.800000000000001,7.0,7.2,7.4,7.6000000000000005,7.800000000000001,8.0,8.200000000000001,8.4,8.6,8.8,9.0,9.200000000000001,9.4,9.600000000000001,9.8,10.0,10.200000000000001],"bd":[2,4,2,4,4,8,8,16,16,32,32,64,64,120,120,120,120,120,120,120,120,120,120,120,120,120,120,120,120,120,120,120,120,120,120,120,120,120,120,120,120,120,120,120,120,120,120,120,120,120,120,120,120,120,120,120,120,120,120,120,120,120,120,120,120,120,120,120,120,120,120,120,120,120,120,120,120,120,120,120,120,120,120,120,120,120,120,120,120,120,120,120,64,64,32,32,16,16,8,8,4,4,2,1],"gtau":[3.6951783106637584e-7,3.239910578734201e-7,4.060525806398741e-7,5.329193218371839e-7,7.086625621714473e-7,9.472162582820815e-7,1.2691372183583641e-6,1.7026524456736576e-6,2.285951878852434e-6,3.07049808716159e-6,4.125550396637337e-6,5.544266821758441e-6,7.451943715170986e-6,1.0017070035580077e-5,1.3466237098540726e-5,1.8104152423065148e-5,2.4340579027432444e-5,3.272657209934491e-5,4.4003229055785426e-5,5.916701091290918e-5,7.955783166591865e-5,0.00010697779773775247,0.00014385052217783447,0.00019343552764581988,0.000260116067513186,0.00034978724994965353,0.00047037750452622496,0.0006325502584320484,0.000850648226217864,0.0011439646727808457,0.0015384482736023328,0.00206900199987852,0.0027825860550546467,0.0037423783884313945,0.005033388298394391,0.006770019195406206,0.009106266456048338,0.012249475647876288,0.016478943192910555,0.02217117246031234,0.029834017332953284,0.040153737080615676,0.05405963209946953,0.07281541532967928,0.09815233966364988,0.13247689082505903,0.17923985826539196,0.24376230627169237,0.335896686213108,0.484728999076075,0.9999996304821643]}