{"taus":[0.025,0.05,0.07500000000000001,0.1,0.125,0.15000000000000002,0.17500000000000002,0.2,0.225,0.25,0.275,0.30000000000000004,0.325,0.35000000000000003,0.375,0.4,0.42500000000000004,0.45,0.47500000000000003,0.5,0.525,0.55,0.5750000000000001,0.6000000000000001,0.625,0.65,0.675,0.7000000000000001,0.7250000000000001,0.75,0.775,0.8,0.8250000000000001,0.8500000000000001,0.875,0.9,0.925,0.9500000000000001,0.9750000000000001,1.0,1.0250000000000001,1.05,1.075,1.1,1.125,1.1500000000000001,1.175,1.2000000000000002,1.225,1.25,1.2750000000000001,1.3,1.3250000000000002,1.35,1.375,1.4000000000000001,1.425,1.4500000000000002,1.475,1.5,1.5250000000000001,1.55,1.5750000000000002,1.6,1.625,1.6500000000000001,1.675,1.7000000000000002,1.725,1.75,1.7750000000000001,1.8,1.8250000000000002,1.85,1.875,1.9000000000000001,1.925,1.9500000000000002,1.975,2.0,2.025,2.0500000000000003,2.075,2.1,2.125,2.15,2.1750000000000003,2.2,2.225,2.25,2.275,2.3000000000000003,2.325,2.35,2.375,2.4000000000000004,2.4250000000000003,2.45,2.475,2.5,2.5250000000000004,2.5500000000000003,2.575,2.6,2.625,2.6500000000000004,2.6750000000000003,2.7,2.725,2.75,2.7750000000000004,2.8000000000000003,2.825,2.85,2.875,2.9000000000000004,2.9250000000000003,2.95,2.975,3.0,3.0250000000000004,3.0500000000000003,3.075,3.1,3.125,3.1500000000000004,3.1750000000000003,3.2,3.225,3.25,3.2750000000000004,3.3000000000000003,3.325,3.35,3.375,3.4000000000000004,3.4250000000000003,3.45,3.475,3.5,3.5250000000000004,3.5500000000000003,3.575,3.6,3.625,3.6500000000000004,3.6750000000000003,3.7,3.725,3.75,3.7750000000000004,3.8000000000000003,3.825,3.85,3.875,3.9000000000000004,3.9250000000000003,3.95,3.975,4.0,4.025,4.05,4.075,4.1000000000000005,4.125,4.15,4.175,4.2,4.2250000000000005,4.25,4.275,4.3,4.325,4.3500000000000005,4.375,4.4,4.425,4.45,4.4750000000000005,4.5,4.525,4.55,4.575,4.6000000000000005,4.625,4.65,4.675,4.7,4.7250000000000005,4.75,4.775,4.800000000000001,4.825,4.8500000000000005,4.875,4.9,4.925000000000001,4.95,4.9750000000000005,5.0,5.025],"bd":[2,4,2,4,4,8,8,16,16,32,32,64,46,80,52,80,54,80,56,80,58,80,60,80,58,80,60,80,60,80,62,80,64,80,64,80,64,80,64,80,64,80,64,80,66,80,66,80,66,80,68,80,68,80,68,80,68,80,66,80,66,80,66,80,66,80,66,80,66,80,66,80,66,80,66,80,66,80,66,80,66,80,66,80,66,80,66,80,66,80,66,80,66,80,66,80,66,80,68,80,68,80,68,80,68,80,68,80,68,80,68,80,68,80,68,80,68,80,68,80,68,80,68,80,68,80,68,80,70,80,70,80,70,80,70,80,70,80,70,80,70,80,70,80,70,80,70,80,70,80,70,80,70,80,70,80,70,80,70,80,70,80,70,80,70,80,70,80,70,80,70,80,70,80,70,80,70,80,70,80,70,80,70,80,70,80,70,80,70,80,70,80,70,80,70,80,70,80,70,80,70,80,70,80,70,80,70,80,70,80,70,80,70,80,70,80,70,80,70,80,70,80,70,80,70,80,70,80,70,80,70,80,70,80,68,80,68,80,68,80,68,80,68,80,68,80,68,80,68,80,68,80,68,80,68,80,68,80,68,80,68,80,68,80,68,80,68,80,68,80,68,80,68,80,68,80,68,80,68,80,68,80,68,80,68,80,68,80,68,80,68,80,68,80,68,80,68,80,68,80,68,80,68,80,68,80,68,80,68,80,68,80,68,80,68,80,68,80,68,80,68,80,68,80,68,80,68,80,68,80,68,80,68,80,68,80,68,80,68,80,68,80,68,80,68,80,68,80,68,80,68,80,68,80,66,80,66,80,66,80,66,80,66,80,66,80,66,80,66,80,66,80,66,80,64,80,62,80,62,80,60,80,60,80,58,80,58,80,54,80,52,80,46,64,32,32,16,16,8,8,4,4,2,1],"gtau":[0.00011491958731180167,0.00011390503618748163,0.00011360716555764698,0.00011388524898174806,0.00011464309868747033,0.00011581325552513418,0.0001173475625675223,0.00011921128756916155,0.0001213793313893859,0.0001238336951864333,0.00012656174418161818,0.00012955500493797673,0.0001328082913665989,0.00013631906738743196,0.00014008702831159022,0.00014411373506143007,0.00014840233814176544,0.00015295739875268992,0.000157784746893915,0.0001628913694960598,0.00016828533119178147,0.00017397573851048222,0.0001799726588801401,0.00018628731072713935,0.00019293155421124103,0.00019991814070840027,0.00020726085557291017,0.00021497427927595652,0.00022307400879513294,0.000231576619981748,0.00024049969660398855,0.00024986185072797476,0.0002596827779416769,0.0002699832068162465,0.00028078523655051526,0.00029211230708570265,0.00030398938482763586,0.0003164434343216123,0.00032950075849594144,0.0003431895056764636,0.0003575395236904046,0.0003725823816785797,0.00038835135397736917,0.00040488140601145417,0.0004222092569659167,0.0004403734570191205,0.00045941410574449953,0.0004793742810880393,0.0005002986475565343,0.000522233879387138,0.0005452290893205966,0.0005693357997629794,0.0005946081120658319,0.0006211028882154154,0.0006488799191532701,0.0006780020575812187,0.0007085353957863248,0.0007405494080629168,0.0007741171213955831,0.0008093153028290873,0.0008462245881007683,0.0008849296435474815,0.0009255194352534225,0.0009680876444515043,0.001012732650434777,0.0010595577618621678,0.0011086714102450275,0.001160187686348761,0.0012142265362119836,0.0012709140230966417,0.0013303826654966317,0.0013927717731445168,0.001458227824158031,0.0015269048333396084,0.0015989647704295555,0.001674577976517063,0.0017539235838687163,0.0018371902078906344,0.001924576307035541,0.0020162906806718826,0.0021125531595671053,0.0022135947747941287,0.0023196587857880814,0.002431001094208516,0.002547890684718919,0.0026706102920767095,0.0027994573291486406,0.0029347442035126186,0.0030767991822005887,0.0032259671895096494,0.003382610646328993,0.0035471103703307015,0.0037198665320087518,0.003901299670055915,0.004091851766408732,0.004291987385766619,0.0045021948764173685,0.004722987641655957,0.004954905477665005,0.005198515983773554,0.005454416050315208,0.005723233422900178,0.006005628347714948,0.006302295303439612,0.006613964821217727,0.0069414054020155635,0.007285425521977619,0.007646875753347995,0.008026651016357623,0.008425692901328337,0.008844992149343362,0.009285591275254058,0.009748587315028217,0.010235134711223141,0.010746448387079185,0.011283806970724052,0.011848556202051285,0.01244211253465943,0.013065966930870114,0.013721688878441538,0.014410930627362779,0.015135431664482427,0.0158970234491775,0.01669763439128211,0.017539295164441915,0.018424144260526187,0.019354433904110704,0.020332536300324364,0.021360950217211586,0.02244230796902192,0.023579382833315638,0.024775096795790392,0.02603252889585273,0.027354923899021184,0.028745701659536577,0.030208466866396607,0.03174701936366978,0.033365366178135444,0.03506773012752507,0.03685856718074929,0.03874257507347953,0.04072471000805671,0.042810199915198785,0.04500456019952911,0.047313610534381136,0.049743491497157406,0.052300683435087196,0.05499202599650908,0.05782473790659445,0.06080643915142033,0.06394517454365006,0.0672494404298868,0.07072821530103192,0.0743909962698122,0.07824783702683566,0.08230939970430332,0.08658699443994491,0.09109262951860861,0.09583905628059414,0.10083981734170892,0.10610929410570039,0.11166276418555666,0.11751646224846347,0.12368764947069,0.13019468728337524,0.13705710948094815,0.14429569740282933,0.15193257209235458,0.15999130180675775,0.16849702503698097,0.17747658047241413,0.18695866463813146,0.1969739597893092,0.20755536164388108,0.21873746145116688,0.230558571943012,0.24305964298805138,0.25628485333489065,0.2702821224123452,0.28510357093131394,0.30080609118341256,0.3174519491677264,0.33510954061799636,0.35385424204105725,0.37376947274209127,0.3949479955599654,0.4174935574463799,0.4415225494776138,0.4671668173610563,0.49457685109827115,0.5239262023297157,0.5554169764599799,0.5892871098823789,0.6258203061435563,0.6653599346908311,0.7083278577900913,0.7552525147622219,0.8068101336620911,0.8638876528602956,0.9276849719996675,0.9998850804081333]}