{"taus":[0.1,0.2,0.30000000000000004,0.4,0.5,0.6000000000000001,0.7000000000000001,0.8,0.9,1.0,1.1,1.2000000000000002,1.3,1.4000000000000001,1.5,1.6,1.7000000000000002,1.8,1.9000000000000001,2.0,2.1,2.2,2.3000000000000003,2.4000000000000004,2.5,2.6,2.7,2.8000000000000003,2.9000000000000004,3.0,3.1,3.2,3.3000000000000003,3.4000000000000004,3.5,3.6,3.7,3.8000000000000003,3.9000000000000004,4.0,4.1000000000000005,4.2,4.3,4.4,4.5,4.6000000000000005,4.7,4.800000000000001,4.9,5.0,5.1000000000000005],"bd":[2,4,2,4,4,8,8,16,16,32,32,40,38,40,38,40,38,40,38,40,38,40,38,40,38,40,38,40,38,40,38,40,38,40,38,40,38,40,38,40,38,40,38,40,38,40,38,40,38,40,38,40,38,40,40,40,40,40,40,40,38,40,40,40,38,40,38,40,38,40,38,40,38,40,38,40,40,40,38,40,38,40,38,40,38,40,38,40,38,40,38,40,38,40,32,32,16,16,8,8,4,4,2,1],"gtau":[3.199376631857237e-7,3.5420837628132916e-7,4.152967142732755e-7,5.028249571993295e-7,6.215080144469931e-7,7.793941259065787e-7,9.879485817520963e-7,1.2628221928144648e-6,1.6250752720788793e-6,2.102949223043032e-6,2.7343195303624693e-6,3.570083782679041e-6,4.677968810486564e-6,6.150146741427577e-6,8.105965807589561e-6,1.0712953806130521e-5,1.4194126821307154e-5,1.8850911629193505e-5,2.50911537934044e-5,3.346742456871133e-5,4.472958767416491e-5,5.9897230714182635e-5,8.035925553928561e-5,0.00010801057248545663,0.0001454401147143523,0.00019619044560724476,0.00026511697870776503,0.00035888585629759395,0.0004866669511934191,0.0006610995072150326,0.0008996416999897515,0.0012264646931617901,0.001675122594659574,0.0022923317660680067,0.003143320575131859,0.004319469358048197,0.005949307375146519,0.00821442065674044,0.011372691061654889,0.015792566975794876,0.02200440325081699,0.030778490187887118,0.0432454310271496,0.0610865536261668,0.08684911937537267,0.1244711618877699,0.1802253206656264,0.2645661316172395,0.3961290094720528,0.6118514834807762,0.9999996800618534]}