{"taus":[0.1,0.2,0.30000000000000004,0.4,0.5,0.6000000000000001,0.7000000000000001,0.8,0.9,1.0,1.1,1.2000000000000002,1.3,1.4000000000000001,1.5,1.6,1.7000000000000002,1.8,1.9000000000000001,2.0,2.1,2.2,2.3000000000000003,2.4000000000000004,2.5,2.6,2.7,2.8000000000000003,2.9000000000000004,3.0,3.1,3.2,3.3000000000000003,3.4000000000000004,3.5,3.6,3.7,3.8000000000000003,3.9000000000000004,4.0,4.1000000000000005,4.2,4.3,4.4,4.5,4.6000000000000005,4.7,4.800000000000001,4.9,5.0,5.1000000000000005],"bd":[2,4,2,4,4,8,8,16,16,32,32,60,58,60,58,60,60,60,58,60,56,60,56,60,58,60,58,60,58,60,58,60,58,60,58,60,58,60,58,60,58,60,58,60,58,60,58,60,58,60,58,60,58,60,58,60,58,60,58,60,58,60,58,60,58,60,58,60,58,60,58,60,58,60,58,60,58,60,56,60,56,60,58,60,58,60,58,60,58,60,58,60,58,60,32,32,16,16,8,8,4,4,2,1],"gtau":[3.10482052064959e-7,3.42348714523445e-7,4.006294675358661e-7,4.84492545660545e-7,5.983425731112025e-7,7.498782663059785e-7,9.501130908596968e-7,1.2140911063473933e-6,1.5620728324841324e-6,2.021243859405712e-6,2.627974279719251e-6,3.4310619448032927e-6,4.4959392663959315e-6,5.9105520390607754e-6,7.793150460526498e-6,1.0303017743278343e-5,1.3654810052120481e-5,1.813848408031618e-5,2.4146256191264304e-5,3.220947351854441e-5,4.304901018772146e-5,5.764440096505162e-5,7.732885546006879e-5,0.00010392001865355519,0.00013990032743759124,0.00018866637653194154,0.0002548744760372361,0.0003449207751188774,0.00046761002233433065,0.0006350899633130485,0.0008641610259331885,0.0011781183740798827,0.001609352697046554,0.002203038005522552,0.003022385564591699,0.004156169706390159,0.005729575113911878,0.007919943357399267,0.010979819911549829,0.0152710165912548,0.02131557946776662,0.029873253592341224,0.042062089054101845,0.05955027347395084,0.0848641370611056,0.12192667652352578,0.17700610248080886,0.2606051834410709,0.3915482490295051,0.6075250825546082,0.9999996895175525]}