{"taus":[0.2,0.4,0.6000000000000001,0.8,1.0,1.2000000000000002,1.4000000000000001,1.6,1.8,2.0,2.2,2.4000000000000004,2.6,2.8000000000000003,3.0,3.2,3.4000000000000004,3.6,3.8000000000000003,4.0,4.2,4.4,4.6000000000000005,4.800000000000001,5.0,5.2,5.4,5.6000000000000005,5.800000000000001,6.0,6.2,6.4,6.6000000000000005,6.800000000000001,7.0,7.2,7.4,7.6000000000000005,7.800000000000001,8.0,8.200000000000001,8.4,8.6,8.8,9.0,9.200000000000001,9.4,9.600000000000001,9.8,10.0,10.200000000000001],"bd":[2,4,2,4,4,8,8,16,16,32,32,64,64,128,128,140,140,140,140,140,140,140,140,140,140,140,140,140,140,140,140,140,140,140,140,140,140,140,140,140,140,140,140,140,140,140,140,140,140,140,140,140,140,140,140,140,140,140,140,140,140,140,140,140,140,140,140,140,140,140,140,140,140,140,140,140,140,140,140,140,140,140,140,140,140,140,140,140,140,140,128,128,64,64,32,32,16,16,8,8,4,4,2,1],"gtau":[3.158610927438939e-12,3.969844067192442e-12,5.649305091532134e-12,8.457382138256609e-12,1.3002009992756871e-11,2.0361083289619432e-11,3.228205040418119e-11,5.16442298428943e-11,8.32013860055059e-11,1.348359907397327e-10,2.1958108178767077e-10,3.5906511993916227e-10,5.893193144869142e-10,9.703572095861429e-10,1.602498351678361e-9,2.6534574796153523e-9,4.404958183736841e-9,7.329817636044724e-9,1.2223923648922575e-8,2.0429196734585542e-8,3.421213021766512e-8,5.740767370660132e-8,9.651615513917897e-8,1.625750280274737e-7,2.743595569120612e-7,4.638666827355585e-7,7.857289963350335e-7,1.3334098086554904e-6,2.267126838841768e-6,3.8621128108334e-6,6.592238305935281e-6,1.127530870282461e-5,1.932628040728881e-5,3.320001637047361e-5,5.7168272864479816e-5,9.868866186245697e-5,0.00017082639574846734,0.000296562822502742,0.0005164613573496683,0.000903006967862369,0.0015852895876741825,0.0027966291166651633,0.004961850069370742,0.008864429455789484,0.01597272811282645,0.029100147952586582,0.05380938844005798,0.10163945636230586,0.19851627818677586,0.4122507291602279,0.9999999999966075]}