{"taus":[0.1,0.2,0.30000000000000004,0.4,0.5,0.6000000000000001,0.7000000000000001,0.8,0.9,1.0,1.1,1.2000000000000002,1.3,1.4000000000000001,1.5,1.6,1.7000000000000002,1.8,1.9000000000000001,2.0,2.1,2.2,2.3000000000000003,2.4000000000000004,2.5,2.6,2.7,2.8000000000000003,2.9000000000000004,3.0,3.1,3.2,3.3000000000000003,3.4000000000000004,3.5,3.6,3.7,3.8000000000000003,3.9000000000000004,4.0,4.1000000000000005,4.2,4.3,4.4,4.5,4.6000000000000005,4.7,4.800000000000001,4.9,5.0,5.1000000000000005],"bd":[2,4,2,4,4,8,8,16,16,32,32,60,58,60,58,60,56,60,56,60,56,60,58,60,58,60,56,60,56,60,56,60,56,60,58,60,58,60,58,60,58,60,58,60,58,60,58,60,58,60,58,60,58,60,58,60,58,60,58,60,58,60,58,60,58,60,56,60,56,60,56,60,56,60,56,60,56,60,58,60,58,60,58,60,58,60,56,60,54,60,58,60,58,60,32,32,16,16,8,8,4,4,2,1],"gtau":[5.368802658044198e-5,5.3559357972120804e-5,5.6707755924776846e-5,6.204748998016266e-5,6.933188948316032e-5,7.861834723660252e-5,9.012831078372153e-5,0.00010420571771547422,0.00012130978501880827,0.000142024464184399,0.0001670774936844116,0.00019736750024712692,0.00023400153571734712,0.0002783399823179372,0.0003320497387767191,0.0003972011995272408,0.0004763339695890263,0.0005725736687167133,0.0006897748740386331,0.0008326985913656828,0.001007233830728409,0.0012206757324407231,0.0014820744689069086,0.0018026753829139786,0.0021964720735496218,0.0026809055948564383,0.0032777477827481993,0.004014222035161189,0.0049244354348118675,0.006051212966096981,0.007448448427165058,0.009184126469737533,0.011344224846516112,0.014037781671428532,0.01740351567896569,0.021618513423137833,0.02690973403613827,0.03356975396092715,0.04197806784525709,0.05262911395644678,0.06617178692091698,0.08346656999037821,0.10566863482002362,0.13435658038547266,0.17172130019966403,0.22092400833900785,0.28666552048967087,0.3763716139224354,0.5027449868803988,0.6906784622166132,0.9999463119729988]}