{"gf":[2.510999097538047e-8,3.579956668283394e-8,5.908287506836314e-8,1.0368464679998662e-7,1.8840412834719384e-7,3.5031815069307967e-7,6.623916293162055e-7,1.2689566357718215e-6,2.457255889468354e-6,4.802472186856649e-6,9.463475077160554e-6,1.8789718068265855e-5,3.757503329119258e-5,7.566682502343225e-5,0.00015344003035470027,0.00031338725427999207,0.0006449229319160101,0.0013381525333959715,0.002802297838398645,0.005931910924863301,0.012721979738331658,0.027745640163079163,0.06192001628660931,0.14308381286255625,0.3515757635448624,0.999999974890009],"ts":[0.0,0.2,0.4,0.6000000000000001,0.8,1.0,1.2000000000000002,1.4000000000000001,1.6,1.8,2.0,2.2,2.4000000000000004,2.6,2.8000000000000003,3.0,3.2,3.4000000000000004,3.6,3.8000000000000003,4.0,4.2,4.4,4.6000000000000005,4.800000000000001,5.0]}