{"taus":[0.2,0.4,0.6000000000000001,0.8,1.0,1.2000000000000002,1.4000000000000001,1.6,1.8,2.0,2.2,2.4000000000000004,2.6,2.8000000000000003,3.0,3.2,3.4000000000000004,3.6,3.8000000000000003,4.0,4.2,4.4,4.6000000000000005,4.800000000000001,5.0,5.2,5.4,5.6000000000000005,5.800000000000001,6.0,6.2,6.4,6.6000000000000005,6.800000000000001,7.0,7.2,7.4,7.6000000000000005,7.800000000000001,8.0,8.200000000000001,8.4,8.6,8.8,9.0,9.200000000000001,9.4,9.600000000000001,9.8,10.0,10.200000000000001],"bd":[2,4,2,4,4,8,8,16,16,32,32,64,64,128,128,140,140,140,140,140,140,140,140,140,140,140,140,140,140,140,140,140,140,140,138,140,138,140,140,140,138,140,140,140,138,140,140,140,140,140,140,140,140,140,140,140,140,140,140,140,140,140,140,140,140,140,140,140,140,140,140,140,140,140,138,140,140,140,140,140,140,140,140,140,140,140,138,140,140,140,128,128,64,64,32,32,16,16,8,8,4,4,2,1],"gtau":[0.5010875179804654,0.34439628606615114,0.3212927410720493,0.31357851584015917,0.31007120708143954,0.30818326139790214,0.3070516135808727,0.306320698682016,0.305821962452831,0.30546707158162456,0.30520606794472205,0.3050089747930917,0.30485683260996177,0.30473716364313325,0.3046416268209034,0.30456422956958934,0.3045011189465251,0.30444922987234796,0.30440626674463306,0.30437050545507555,0.3043407465818339,0.30431609186674946,0.30429591129863165,0.3042796855591628,0.30426705852052527,0.3042578589649559,0.3042520475610955,0.3042496871762843,0.30425095417027165,0.3042561557890378,0.304265743862982,0.3042803542629905,0.30430085356511216,0.3043284035682244,0.30436455881968616,0.3044114134892688,0.3044718554622681,0.3045498105626051,0.3046506924257987,0.30478238353883824,0.3049566982237061,0.3051916990127619,0.30551658145352706,0.30597934577407565,0.30666498432496453,0.3077387543051493,0.3095498934836803,0.31294902947016046,0.32049744951995635,0.34331126054923145,0.4989124820197947]}