{"taus":[0.1,0.2,0.30000000000000004,0.4,0.5,0.6000000000000001,0.7000000000000001,0.8,0.9,1.0,1.1,1.2000000000000002,1.3,1.4000000000000001,1.5,1.6,1.7000000000000002,1.8,1.9000000000000001,2.0,2.1,2.2,2.3000000000000003,2.4000000000000004,2.5,2.6,2.7,2.8000000000000003,2.9000000000000004,3.0,3.1,3.2,3.3000000000000003,3.4000000000000004,3.5,3.6,3.7,3.8000000000000003,3.9000000000000004,4.0,4.1000000000000005,4.2,4.3,4.4,4.5,4.6000000000000005,4.7,4.800000000000001,4.9,5.0,5.1000000000000005],"bd":[2,4,2,4,4,8,8,16,16,20,20,20,20,20,20,20,20,20,20,20,20,20,20,20,20,20,20,20,20,20,20,20,20,20,20,20,20,20,20,20,20,20,20,20,20,20,20,20,20,20,20,20,20,20,20,20,20,20,20,20,20,20,20,20,20,20,20,20,20,20,20,20,20,20,20,20,20,20,20,20,18,20,18,20,20,20,20,20,20,20,18,20,18,20,20,20,16,16,8,8,4,4,2,1],"gtau":[3.9379837685142257e-7,4.371161928840608e-7,5.133002204316038e-7,6.219535359533767e-7,7.688942869352414e-7,9.639092500744962e-7,1.2208173144244244e-6,1.5584679420935276e-6,2.002254906537554e-6,2.5862419479724172e-6,3.3561148140966483e-6,4.37325380647166e-6,5.720016829021315e-6,7.5072497696970746e-6,9.884309696102002e-6,1.3052588724226578e-5,1.72835455757181e-5,2.2945195806159306e-5,3.0535868012743495e-5,4.0731600761084285e-5,5.445153445013913e-5,7.29474229388027e-5,9.792656352478398e-5,0.0001317208534881879,0.00017751946659722945,0.00023968937177774175,0.0003242173369991956,0.00043932028674394477,0.0005962894748269662,0.0008106601117743821,0.0011038350308717455,0.0015053433753323363,0.0020559901712140314,0.0028122605958493985,0.003852499374443728,0.0052856143743504015,0.007263391350538775,0.009998014388687453,0.01378716849010939,0.01905032397780884,0.026381725145173607,0.036628568342175635,0.051008077266050916,0.07128866235442155,0.1000773346226458,0.1413029820316415,0.20105394428601164,0.2891502236618401,0.4225137834219439,0.6337723634324495,0.9999996062012846]}