{"taus":[0.05,0.1,0.15000000000000002,0.2,0.25,0.30000000000000004,0.35000000000000003,0.4,0.45,0.5,0.55,0.6000000000000001,0.65,0.7000000000000001,0.75,0.8,0.8500000000000001,0.9,0.9500000000000001,1.0,1.05],"bd":[2,4,2,4,4,8,8,16,16,32,32,40,40,40,40,40,40,40,40,40,40,40,40,40,40,40,40,40,40,40,40,40,40,40,32,32,16,16,8,8,4,4,2,1],"gtau":[0.07585219331328957,0.07700356243325164,0.08003663127823005,0.08463939184784036,0.09072928866981954,0.09835366370725371,0.10765268153056458,0.11884843429503648,0.13224805457492964,0.14825694258248637,0.16740182220593,0.19036585803415337,0.21804052741318908,0.251602582178952,0.2926307050424945,0.3432880813480572,0.406620295737426,0.48706738441545955,0.5914042407156648,0.7306213370985104,0.9241478066866963]}