{"taus":[0.2,0.4,0.6000000000000001,0.8,1.0,1.2000000000000002,1.4000000000000001,1.6,1.8,2.0,2.2,2.4000000000000004,2.6,2.8000000000000003,3.0,3.2,3.4000000000000004,3.6,3.8000000000000003,4.0,4.2,4.4,4.6000000000000005,4.800000000000001,5.0,5.2,5.4,5.6000000000000005,5.800000000000001,6.0,6.2,6.4,6.6000000000000005,6.800000000000001,7.0,7.2,7.4,7.6000000000000005,7.800000000000001,8.0,8.200000000000001,8.4,8.6,8.8,9.0,9.200000000000001,9.4,9.600000000000001,9.8,10.0,10.200000000000001],"bd":[1,1,1,2,2,4,4,8,8,16,16,32,32,64,64,100,100,100,100,100,100,100,100,100,100,100,100,100,100,100,100,100,100,100,100,100,100,100,100,100,100,100,100,100,100,100,100,100,100,100,100,100,100,100,100,100,100,100,100,100,100,100,100,100,100,100,100,100,100,100,100,100,100,100,100,100,100,100,100,100,100,100,100,100,100,100,100,100,100,100,64,64,32,32,16,16,8,8,4,4,2,2,1,1],"gtau":[1.3755824506523324e-11,1.6048074266813832e-11,2.166147136967729e-11,3.103079233738928e-11,4.5935852806373597e-11,6.942132768417758e-11,1.064370694496205e-10,1.6495153482366365e-10,2.5778813869232633e-10,4.0560462483692155e-10,6.417620249729743e-10,1.020248923183717e-9,1.628615213303596e-9,2.6091634951485394e-9,4.193665012917355e-9,6.7604151205565315e-9,1.0927914736033787e-8,1.7709113865589642e-8,2.8766016824104757e-8,4.6830145837241584e-8,7.639929928738745e-8,1.2489201950604392e-7,2.045634257651052e-7,3.356982080750337e-7,5.519321056678928e-7,9.091358057053652e-7,1.5002907746393606e-6,2.4804397838318143e-6,4.108631471678456e-6,6.818606705458575e-6,1.1338234057703293e-5,1.8891886971368114e-5,3.154441694376852e-5,5.278776965063027e-5,8.854530688444201e-5,0.0001488986511073506,0.000251071566349336,0.0004246149572530538,0.0007204778365299461,0.00122700215847765,0.002098400342142809,0.0036060651043840256,0.006232422856928045,0.010845999829208355,0.019036636800760218,0.03378106393706883,0.06083533146514352,0.11188783788239044,0.21266830939536477,0.4290189543214106,0.9999999999862366]}