{"taus":[0.01,0.02,0.03,0.04,0.05,0.06,0.07,0.08,0.09,0.1,0.11,0.12,0.13,0.14,0.15,0.16,0.17,0.18,0.19,0.2,0.21,0.22,0.23,0.24,0.25,0.26,0.27,0.28,0.29,0.3,0.31,0.32,0.33,0.34,0.35000000000000003,0.36,0.37,0.38,0.39,0.4,0.41000000000000003,0.42,0.43,0.44,0.45,0.46,0.47000000000000003,0.48,0.49,0.5,0.51],"bd":[1,1,1,2,2,4,4,8,7,13,9,15,9,15,10,16,11,17,11,17,11,18,11,18,11,18,11,19,11,19,11,19,11,19,11,19,11,19,11,19,11,19,11,19,11,19,11,19,11,19,11,19,11,19,11,19,11,19,11,19,11,19,11,19,11,19,11,19,11,19,11,19,11,19,11,19,11,19,11,18,11,18,11,18,11,17,11,15,9,14,9,13,7,13,7,13,7,8,4,4,2,2,1,1],"gtau":[0.43841496244789346,0.4384604796444163,0.43859675431168205,0.43882340786884555,0.4391401381126177,0.43954671800773243,0.440042994628121,0.4406288882452074,0.44130439155115125,0.4420695690222814,0.44292455640927964,0.44386956036526676,0.4449048581909266,0.44603079770781917,0.44724779725330294,0.44855634580048515,0.4499570031926105,0.45145040049840224,0.4530372404860649,0.4547182982156558,0.4564944217515975,0.4583665329916527,0.46033562861835137,0.46240278117887434,0.46456914027889706,0.4668359339072843,0.46920446988704656,0.47167613745703724,0.47425240899124077,0.47693484185205454,0.47972508038559025,0.4826248580635189,0.48563599978008304,0.4887604242967675,0.4920001468499401,0.49535728192761486,0.49883404622013205,0.5024327617513241,0.5061558592013724,0.510005881425101,0.5139854871793161,0.5180974550492337,0.5223446876618322,0.5267302161014634,0.5312572045002929,0.5359289549753834,0.5407489128555687,0.5457206712310458,0.5508479776645492,0.5561347409743943,0.5615850375521018]}