{"taus":[0.5,1.0,1.5],"bd":[2,4,2,4,4,4,2,1],"gtau":[0.07585818002124244,0.16740029578804808,0.9241418199787571]}