{"taus":[0.0125,0.025,0.037500000000000006,0.05,0.0625,0.07500000000000001,0.08750000000000001,0.1,0.1125,0.125,0.1375,0.15000000000000002,0.1625,0.17500000000000002,0.1875,0.2,0.21250000000000002,0.225,0.23750000000000002,0.25,0.2625,0.275,0.28750000000000003,0.30000000000000004,0.3125,0.325,0.3375,0.35000000000000003,0.36250000000000004,0.375,0.3875,0.4,0.41250000000000003,0.42500000000000004,0.4375,0.45,0.4625,0.47500000000000003,0.48750000000000004,0.5,0.5125000000000001,0.525,0.5375,0.55,0.5625,0.5750000000000001,0.5875,0.6000000000000001,0.6125,0.625,0.6375000000000001,0.65,0.6625000000000001,0.675,0.6875,0.7000000000000001,0.7125,0.7250000000000001,0.7375,0.75,0.7625000000000001,0.775,0.7875000000000001,0.8,0.8125,0.8250000000000001,0.8375,0.8500000000000001,0.8625,0.875,0.8875000000000001,0.9,0.9125000000000001,0.925,0.9375,0.9500000000000001,0.9625,0.9750000000000001,0.9875,1.0,1.0125],"bd":[2,4,2,4,4,8,8,16,16,32,32,64,64,100,96,100,100,100,100,100,100,100,100,100,100,100,100,100,100,100,100,100,100,100,100,100,100,100,100,100,100,100,100,100,100,100,100,100,100,100,100,100,100,100,100,100,100,100,100,100,100,100,100,100,100,100,100,100,100,100,100,100,100,100,100,100,100,100,100,100,100,100,100,100,100,100,100,100,100,100,100,100,100,100,100,100,100,100,100,100,100,100,100,100,100,100,100,100,100,100,100,100,100,100,100,100,100,100,100,100,100,100,100,100,100,100,100,100,100,100,100,100,100,100,100,100,100,100,100,100,100,100,100,100,100,100,100,100,100,100,100,100,64,64,32,32,16,16,8,8,4,4,2,1],"gtau":[0.4971585062496744,0.4696542923994451,0.44780595299020953,0.4301349082009615,0.41562264264724047,0.4035477824341988,0.3933869694630015,0.3847523959767267,0.3773513791164574,0.3709593013711463,0.3654011303559296,0.3605396624189443,0.35626638974129415,0.3524918877818097,0.34914435290111906,0.3461649195946894,0.34350496876001657,0.34112397165293346,0.3389879256564655,0.33706810189117414,0.33534023730858703,0.3337837297720466,0.33238097329122807,0.33111687802362383,0.32997848172556254,0.32895463297866573,0.3280357294421564,0.3272134976261278,0.3264807997442932,0.32583145233814564,0.32526003641527196,0.3247617000571137,0.3243319349090733,0.32396693873977056,0.32366249270332814,0.32341496100063666,0.32322234040774667,0.3230834483813008,0.322997465291624,0.3229638428921521,0.32298229997944644,0.32305283781189603,0.3231757582181453,0.3233516816862416,0.32358156626940576,0.3238667285623848,0.32420886823785044,0.3246100972099917,0.32507297427520443,0.325600547094288,0.3261964027693528,0.32686472822579415,0.32761038217206156,0.32843898081112705,0.32935699990242917,0.3303718961297954,0.3314922514285038,0.3327279448162059,0.334090358031797,0.33559262821182456,0.3372500363948104,0.33908077531095276,0.34110622696856246,0.34335103309453513,0.3458449447386403,0.34862255143918364,0.3517247334648349,0.3552005136745094,0.3591092693234845,0.363523461178085,0.36853228038621383,0.3742473616142581,0.3808069253942077,0.3883872662387709,0.3972159915840947,0.4075895804357889,0.41990100699353766,0.43468106330795875,0.45266219098964544,0.47488010278682796,0.5028414940090806]}