{"taus":[0.2,0.4,0.6000000000000001,0.8,1.0,1.2000000000000002,1.4000000000000001,1.6,1.8,2.0,2.2,2.4000000000000004,2.6,2.8000000000000003,3.0,3.2,3.4000000000000004,3.6,3.8000000000000003,4.0,4.2,4.4,4.6000000000000005,4.800000000000001,5.0,5.2,5.4,5.6000000000000005,5.800000000000001,6.0,6.2,6.4,6.6000000000000005,6.800000000000001,7.0,7.2,7.4,7.6000000000000005,7.800000000000001,8.0,8.200000000000001,8.4,8.6,8.8,9.0,9.200000000000001,9.4,9.600000000000001,9.8,10.0,10.200000000000001],"bd":[2,4,2,4,4,8,8,16,16,32,32,64,64,100,100,100,100,100,100,100,100,100,100,100,100,100,100,100,100,100,100,100,100,100,100,100,100,100,100,100,100,100,100,100,100,100,100,100,100,100,100,100,100,100,100,100,100,100,100,100,100,100,100,100,100,100,100,100,100,100,100,100,100,100,100,100,100,100,100,100,100,100,100,100,100,100,100,100,100,100,100,100,64,64,32,32,16,16,8,8,4,4,2,1],"gtau":[1.1187936493228367e-11,1.3661136273891987e-11,1.898827868024891e-11,2.779069630408295e-11,4.1823739369619883e-11,6.40668922648679e-11,9.929868742749897e-11,1.5529425557996807e-10,2.4456865756793824e-10,3.8743243304562953e-10,6.166873753564851e-10,9.856803383637976e-10,1.581229809259533e-9,2.5448767663474615e-9,4.1077060704832585e-9,6.6475520977950315e-9,1.0782887013722066e-8,1.7527143829855332e-8,2.8540693337894008e-8,4.656564568434011e-8,7.610329894858999e-8,1.245830798185122e-7,2.042807746973704e-7,3.3550729170713586e-7,5.519241787989477e-7,9.094150280756945e-7,1.5009239333419885e-6,2.4813388165297637e-6,4.1093507825228205e-6,6.81816238825042e-6,1.1335581671188999e-5,1.8889206058809476e-5,3.155196592050935e-5,5.279478115734546e-5,8.855646674630743e-5,0.00014892070542042347,0.00025111230985782164,0.0004246843173418881,0.000720567651989138,0.0012270218298235933,0.002098215417860084,0.003605613626010742,0.006231674153236015,0.010844946936803969,0.01903673343861765,0.0337834062647618,0.06084263168892056,0.11190415615257705,0.21269484865482408,0.42903695068478825,0.999999999988523]}