{"taus":[0.1,0.2,0.30000000000000004,0.4,0.5,0.6000000000000001,0.7000000000000001,0.8,0.9,1.0,1.1,1.2000000000000002,1.3,1.4000000000000001,1.5,1.6,1.7000000000000002,1.8,1.9000000000000001,2.0,2.1,2.2,2.3000000000000003,2.4000000000000004,2.5,2.6,2.7,2.8000000000000003,2.9000000000000004,3.0,3.1,3.2,3.3000000000000003,3.4000000000000004,3.5,3.6,3.7,3.8000000000000003,3.9000000000000004,4.0,4.1000000000000005,4.2,4.3,4.4,4.5,4.6000000000000005,4.7,4.800000000000001,4.9,5.0,5.1000000000000005],"bd":[2,4,2,4,4,8,8,16,16,32,32,64,64,80,76,80,76,80,76,80,76,80,76,80,76,80,76,80,76,80,76,80,76,80,76,80,76,80,76,80,76,80,76,80,76,80,76,80,76,80,76,80,76,80,76,80,76,80,76,80,76,80,78,80,78,80,78,80,78,80,78,80,76,80,76,80,76,80,76,80,76,80,76,80,76,80,76,80,76,80,76,80,64,64,32,32,16,16,8,8,4,4,2,1],"gtau":[3.7830291325613485e-6,3.966235286748683e-6,4.414060510030986e-6,5.077113727769693e-6,5.9641294298003616e-6,7.110060901959117e-6,8.569440382088388e-6,1.0416643246029331e-5,1.274908175278e-5,1.5692543090640024e-5,1.9408616457743503e-5,2.4104473196853187e-5,3.0045768911266056e-5,3.757331438305672e-5,4.7124775213809505e-5,5.926286466531187e-5,7.471200310663298e-5,9.440597253149006e-5,0.00011954987751012116,0.00015170027847406702,0.00019287526463041257,0.0002456918193870835,0.000313550454285818,0.000400847116526105,0.0005133411413251106,0.0006585556584513626,0.0008463339938294354,0.0010895822804339711,0.0014052591467331786,0.0018156996725532623,0.002350392659710931,0.003048375852749007,0.003961477947097376,0.0051587279334741575,0.006732383794074168,0.008806222098753834,0.01154703110005341,0.015180693662902232,0.020015248052517576,0.026472471586823188,0.035136268386556445,0.04682122874973219,0.06267924414340977,0.08436268012005323,0.11429078056587098,0.15610248775854885,0.21547025737892064,0.30170748746595927,0.43133052382547815,0.637293528766363,0.9999962169700864]}