{"taus":[0.1,0.2,0.30000000000000004,0.4,0.5,0.6000000000000001,0.7000000000000001,0.8,0.9,1.0,1.1,1.2000000000000002,1.3,1.4000000000000001,1.5,1.6,1.7000000000000002,1.8,1.9000000000000001,2.0,2.1,2.2,2.3000000000000003,2.4000000000000004,2.5,2.6,2.7,2.8000000000000003,2.9000000000000004,3.0,3.1,3.2,3.3000000000000003,3.4000000000000004,3.5,3.6,3.7,3.8000000000000003,3.9000000000000004,4.0,4.1000000000000005,4.2,4.3,4.4,4.5,4.6000000000000005,4.7,4.800000000000001,4.9,5.0,5.1000000000000005,5.2,5.300000000000001,5.4,5.5,5.6000000000000005,5.7,5.800000000000001,5.9,6.0,6.1000000000000005,6.2,6.300000000000001,6.4,6.5,6.6000000000000005,6.7,6.800000000000001,6.9,7.0,7.1000000000000005,7.2,7.300000000000001,7.4,7.5,7.6000000000000005,7.7,7.800000000000001,7.9,8.0,8.1,8.200000000000001,8.3,8.4,8.5,8.6,8.700000000000001,8.8,8.9,9.0,9.1,9.200000000000001,9.3,9.4,9.5,9.600000000000001,9.700000000000001,9.8,9.9,10.0,10.100000000000001],"bd":[2,4,2,4,4,8,8,16,16,32,32,60,60,60,60,60,60,60,60,60,60,60,60,60,60,60,60,60,60,60,60,60,60,60,60,60,60,60,60,60,60,60,60,60,60,60,60,60,60,60,60,60,60,60,60,60,60,60,60,60,60,60,60,60,60,60,60,60,60,60,60,60,60,60,60,60,60,60,60,60,60,60,60,60,60,60,60,60,60,60,60,60,60,60,60,60,60,60,60,60,60,60,60,60,60,60,60,60,60,60,60,60,60,60,60,60,60,60,60,60,60,60,60,60,60,60,60,60,60,60,60,60,60,60,60,60,60,60,60,60,60,60,60,60,60,60,60,60,60,60,60,60,60,60,60,60,60,60,60,60,60,60,60,60,60,60,60,60,60,60,60,60,60,60,60,60,60,60,60,60,60,60,60,60,60,60,60,60,60,60,60,60,60,60,32,32,16,16,8,8,4,4,2,1],"gtau":[0.010260679790817654,0.008031031498550443,0.007631192411762091,0.007645314977705788,0.007817623186160135,0.008070161639314894,0.008372581815406647,0.00871112932498754,0.009079096664754463,0.009473244713129294,0.00989220603383633,0.010335687230390493,0.010802970566369384,0.011295065078079229,0.011811209145660995,0.012353316858671498,0.012922137488040553,0.013518611571300599,0.014143817445630752,0.014798936326991509,0.01548524326118576,0.016204100688770658,0.016956953967757152,0.017745330397167615,0.018570839602131736,0.0194351763031323,0.020340121353114478,0.021287544183522186,0.022279402892835372,0.023317748213334644,0.02440473209893986,0.025542609845262163,0.026733741020167828,0.027980599337141494,0.029285779681782344,0.030651995864601995,0.032082086299544246,0.03357902374024972,0.03514592296402644,0.036786045934557414,0.03850280739766554,0.04029978294190174,0.04218071741250993,0.04414952930893842,0.0462103169586556,0.04836737057071698,0.05062518358489418,0.05298846024564127,0.05546212341993584,0.05805132988705425,0.060761479144318266,0.0635982246367659,0.06656748565155643,0.06967546003716288,0.07292863768696513,0.07633381486721956,0.07989810937468532,0.08362897544817699,0.08753422133719845,0.09162202607909056,0.09590095802631679,0.10037999465785229,0.10506854304007235,0.1099764619938221,0.11511408555196366,0.12049224791060108,0.12612231038392208,0.13201619034999565,0.13818639256243498,0.14464604306753326,0.15140892616102017,0.15848952451094078,0.16590306645479258,0.17366558004213228,0.18179393757277862,0.19030593898090428,0.19922037773776957,0.20855713854613991,0.21833730896398837,0.22858333475669085,0.2393192491217396,0.25057091880284915,0.26236656353445015,0.2747372389204608,0.28771745662344606,0.30134287954043376,0.31565515198811145,0.3307094138112514,0.3465822215926536,0.36327302815003765,0.38092501000064255,0.3996605436802174,0.4196625577157665,0.4411748071428989,0.4646152723511421,0.4907284981857619,0.5209519761396728,0.5583847732569208,0.6109868300044087,0.7051458081184248,0.9897393202091808]}