{"taus":[0.05,0.1,0.15000000000000002,0.2,0.25,0.30000000000000004,0.35000000000000003,0.4,0.45,0.5,0.55,0.6000000000000001,0.65,0.7000000000000001,0.75,0.8,0.8500000000000001,0.9,0.9500000000000001,1.0,1.05],"bd":[2,4,2,4,4,8,8,16,16,32,32,64,64,80,80,80,80,80,80,80,80,80,80,80,80,80,80,80,80,80,80,80,64,64,32,32,16,16,8,8,4,4,2,1],"gtau":[0.07585807760152072,0.07700562318839552,0.08003655850213005,0.08463814127004889,0.09072744029884129,0.0983516031619776,0.10765067221492598,0.11884663694969679,0.13224651823376846,0.1482555691623007,0.16740035904600273,0.19036391904609598,0.2180376482981247,0.2515983342672926,0.2926248684198825,0.3432808250820864,0.4066121704016984,0.4870588711080551,0.5913947057103859,0.7306094443540012,0.9241419223984586]}