{"taus":[0.05,0.1,0.15000000000000002,0.2,0.25,0.30000000000000004,0.35000000000000003,0.4,0.45,0.5,0.55,0.6000000000000001,0.65,0.7000000000000001,0.75,0.8,0.8500000000000001,0.9,0.9500000000000001,1.0,1.05,1.1,1.1500000000000001,1.2000000000000002,1.25,1.3,1.35,1.4000000000000001,1.4500000000000002,1.5,1.55,1.6,1.6500000000000001,1.7000000000000002,1.75,1.8,1.85,1.9000000000000001,1.9500000000000002,2.0,2.0500000000000003,2.1,2.15,2.2,2.25,2.3000000000000003,2.35,2.4000000000000004,2.45,2.5,2.5500000000000003,2.6,2.6500000000000004,2.7,2.75,2.8000000000000003,2.85,2.9000000000000004,2.95,3.0,3.0500000000000003,3.1,3.1500000000000004,3.2,3.25,3.3000000000000003,3.35,3.4000000000000004,3.45,3.5,3.5500000000000003,3.6,3.6500000000000004,3.7,3.75,3.8000000000000003,3.85,3.9000000000000004,3.95,4.0,4.05,4.1000000000000005,4.15,4.2,4.25,4.3,4.3500000000000005,4.4,4.45,4.5,4.55,4.6000000000000005,4.65,4.7,4.75,4.800000000000001,4.8500000000000005,4.9,4.95,5.0,5.050000000000001,5.1000000000000005,5.15,5.2,5.25,5.300000000000001,5.3500000000000005,5.4,5.45,5.5,5.550000000000001,5.6000000000000005,5.65,5.7,5.75,5.800000000000001,5.8500000000000005,5.9,5.95,6.0,6.050000000000001,6.1000000000000005,6.15,6.2,6.25,6.300000000000001,6.3500000000000005,6.4,6.45,6.5,6.550000000000001,6.6000000000000005,6.65,6.7,6.75,6.800000000000001,6.8500000000000005,6.9,6.95,7.0,7.050000000000001,7.1000000000000005,7.15,7.2,7.25,7.300000000000001,7.3500000000000005,7.4,7.45,7.5,7.550000000000001,7.6000000000000005,7.65,7.7,7.75,7.800000000000001,7.8500000000000005,7.9,7.95,8.0,8.05,8.1,8.15,8.200000000000001,8.25,8.3,8.35,8.4,8.450000000000001,8.5,8.55,8.6,8.65,8.700000000000001,8.75,8.8,8.85,8.9,8.950000000000001,9.0,9.05,9.1,9.15,9.200000000000001,9.25,9.3,9.35,9.4,9.450000000000001,9.5,9.55,9.600000000000001,9.65,9.700000000000001,9.75,9.8,9.850000000000001,9.9,9.950000000000001,10.0,10.05],"bd":[2,4,2,4,4,8,8,16,16,32,32,64,64,100,100,100,100,100,100,100,100,100,100,100,100,100,100,100,100,100,100,100,100,100,100,100,100,100,100,100,100,100,100,100,100,100,100,100,100,100,100,100,100,100,100,100,100,100,100,100,100,100,100,100,100,100,100,100,100,100,100,100,100,100,100,100,100,100,100,100,100,100,100,100,100,100,100,100,100,100,100,100,100,100,100,100,100,100,100,100,100,100,100,100,100,100,100,100,100,100,100,100,100,100,100,100,100,100,100,100,100,100,100,100,100,100,100,100,100,100,100,100,100,100,100,100,100,100,100,100,100,100,100,100,100,100,100,100,100,100,100,100,100,100,100,100,100,100,100,100,100,100,100,100,100,100,100,100,100,100,100,100,100,100,100,100,100,100,100,100,100,100,100,100,100,100,100,100,100,100,100,100,100,100,100,100,100,100,100,100,100,100,100,100,100,100,100,100,100,100,100,100,100,100,100,100,100,100,100,100,100,100,100,100,100,100,100,100,100,100,100,100,100,100,100,100,100,100,100,100,100,100,100,100,100,100,100,100,100,100,100,100,100,100,100,100,100,100,100,100,100,100,100,100,100,100,100,100,100,100,100,100,100,100,100,100,100,100,100,100,100,100,100,100,100,100,100,100,100,100,100,100,100,100,100,100,100,100,100,100,100,100,100,100,100,100,100,100,100,100,100,100,100,100,100,100,100,100,100,100,100,100,100,100,100,100,100,100,100,100,100,100,100,100,100,100,100,100,100,100,100,100,100,100,100,100,100,100,100,100,100,100,100,100,100,100,100,100,100,100,100,100,100,100,100,100,100,100,100,100,100,100,100,100,100,100,100,100,100,100,100,100,100,100,100,100,100,100,100,100,100,100,64,64,32,32,16,16,8,8,4,4,2,1],"gtau":[0.1948992136341641,0.16372601750643476,0.1496591778787611,0.1422066218300158,0.1379172080649927,0.13535337159454794,0.13381958143008263,0.13294248724405,0.13250651954831952,0.13237996795992282,0.13247710213311206,0.13274008918399233,0.13312974711028777,0.13361807165966266,0.13418381765375703,0.13481273238215497,0.13549393068093843,0.13621905193371503,0.13698152820088655,0.1377758344597273,0.1385968963920884,0.1394424727247491,0.14031277013151633,0.14120260694184958,0.14210870833515066,0.14303133025457404,0.1439699608004191,0.14492335431426479,0.14589039684587618,0.14687023585891829,0.1478622272315821,0.14886586771544777,0.1498807475821906,0.15090652577557595,0.15194291592295714,0.15298967333272603,0.15404658123059156,0.15511346259201286,0.15619016598558813,0.15727656158891548,0.1583725383038639,0.1594780108235929,0.16059290657482567,0.16171716573258688,0.16285074157017135,0.16399359778399605,0.16514570897510564,0.16630705953136155,0.1674776437605666,0.16865746554012867,0.16984653817176296,0.1710448843183496,0.17225253614702948,0.17346953509912105,0.17469593081138465,0.1759317779051448,0.1771771300137607,0.17843202855438084,0.17969648636967112,0.18097046948854595,0.1822538931612612,0.18354667148922782,0.18484886579612891,0.18616079603739094,0.18748250253626544,0.18881338334997116,0.19015360196109832,0.19150375224775004,0.19286397999575522,0.19423417014355673,0.19561434506316147,0.19700461679876827,0.19840507539630894,0.19981576235049742,0.20123669049114856,0.20266786748661017,0.20410930953300346,0.20556104670947753,0.20702312307054888,0.20849559442730664,0.209978525492668,0.21147198750454693,0.21297605608906534,0.2144908098893212,0.21601632922139719,0.21755269535322644,0.21909998976786307,0.22065829306292212,0.22222768473911567,0.22380824383114414,0.22540005049162662,0.22700318890270285,0.22861774379572436,0.2302438014143445,0.23188144433149727,0.23353075508403692,0.2351918171304081,0.23686471502708495,0.2385495338835149,0.24024635958355434,0.24195527871443204,0.24367637859112098,0.24540974718006048,0.24715547315521516,0.24891364599876165,0.2506843560187868,0.2524676937742811,0.254263751693118,0.2560726221619806,0.25789439884420834,0.2597291763266026,0.26157705016372007,0.26343811695569547,0.26531247440818556,0.26720022138151583,0.2691014579413721,0.27101628540585454,0.2729448064018,0.2748871249121166,0.276843346332206,0.27881357753133973,0.2807979269208343,0.28279650452842464,0.28480942207911153,0.2868367930816771,0.28887873291989313,0.2909353589464152,0.2930067905762496,0.2950931493769872,0.2971945591521462,0.29931114602272296,0.30144303853696974,0.30359036787318766,0.305753268418213,0.307931879058441,0.31012634623665475,0.31233683068555385,0.3145635174663471,0.31680657394937745,0.3190662112208912,0.32134250431603045,0.32363562570798554,0.32594579666397894,0.32827327377343424,0.3306182651511595,0.33298100191687363,0.3353616928564557,0.33776057232212875,0.34017789304102153,0.3426139297882125,0.3450689690790023,0.34754316096019083,0.3500367379836769,0.3525518748986686,0.35508711533761433,0.357641376417889,0.36021609594173987,0.36281226167951436,0.3654304915985333,0.3680713104888841,0.3707352202059737,0.373422770659277,0.3761345992467158,0.3788714406783005,0.3816341298439997,0.38442360421854954,0.38724091138392097,0.3900872301706993,0.39296387273324473,0.3958723352675127,0.3988143865469585,0.40179208440054176,0.4048078473940996,0.407864675538746,0.41096652292035907,0.4141201314837301,0.4173177952490794,0.42056991924919,0.42389119529891245,0.4272852442382343,0.4307560392807787,0.4343163601143783,0.43798083460595644,0.44176636708025785,0.44569392518179196,0.44979024021127484,0.454089961829593,0.4586383618147943,0.46349446214056167,0.46874425475960596,0.47450490739278317,0.48093966742397926,0.4882883661229836,0.4969074047250987,0.507348197282843,0.52051473888999,0.5379770109552893,0.5626682128857032,0.6006699284622907,0.6666217801111644,0.8051007863657786]}