{"taus":[0.1,0.2,0.30000000000000004,0.4,0.5,0.6000000000000001,0.7000000000000001,0.8,0.9,1.0,1.1,1.2000000000000002,1.3,1.4000000000000001,1.5,1.6,1.7000000000000002,1.8,1.9000000000000001,2.0,2.1,2.2,2.3000000000000003,2.4000000000000004,2.5,2.6,2.7,2.8000000000000003,2.9000000000000004,3.0,3.1,3.2,3.3000000000000003,3.4000000000000004,3.5,3.6,3.7,3.8000000000000003,3.9000000000000004,4.0,4.1000000000000005,4.2,4.3,4.4,4.5,4.6000000000000005,4.7,4.800000000000001,4.9,5.0,5.1000000000000005],"bd":[2,4,2,4,4,8,8,16,16,32,32,40,38,40,40,40,40,40,40,40,38,40,38,40,38,40,40,40,40,40,40,40,40,40,40,40,40,40,40,40,40,40,38,40,38,40,38,40,38,40,38,40,38,40,38,40,38,40,38,40,38,40,38,40,38,40,38,40,38,40,40,40,40,40,40,40,40,40,40,40,38,40,38,40,40,40,40,40,40,40,38,40,38,40,32,32,16,16,8,8,4,4,2,1],"gtau":[4.191762685443932e-6,4.394079029733802e-6,4.888735383489755e-6,5.621964957878275e-6,6.603495604851661e-6,7.872005792261566e-6,9.487854906983693e-6,1.1533353999663755e-5,1.4116328064329615e-5,1.7375970573468846e-5,2.1490924637824432e-5,2.668999402618197e-5,3.326622704597572e-5,4.159528305940752e-5,5.2160744944348194e-5,6.558034638507016e-5,8.262494238558214e-5,0.00010433048484708537,0.00013207112060006356,0.0001675784740666689,0.0002130977374854991,0.00027153844142296734,0.0003466784022460128,0.00044343084721961556,0.0005681965472679562,0.0007293281263889115,0.0009377430141956218,0.0012077349624823863,0.0015580512727477083,0.002013325438137967,0.002605987441520277,0.0033788215461737748,0.004388404892189273,0.005709749133808944,0.007442591310665181,0.009719979252312973,0.012720074436969427,0.01668250682533333,0.021931257699067844,0.028906925501011364,0.03821265773017137,0.050685714127011415,0.06750060865252924,0.09026081596534558,0.12133843288641546,0.164276841174588,0.22458451310247998,0.3112879815816127,0.4403786718173339,0.6438296509725641,0.9999958082367657]}