{"taus":[0.025,0.05,0.07500000000000001,0.1,0.125,0.15000000000000002,0.17500000000000002,0.2,0.225,0.25,0.275,0.30000000000000004,0.325,0.35000000000000003,0.375,0.4,0.42500000000000004,0.45,0.47500000000000003,0.5,0.525,0.55,0.5750000000000001,0.6000000000000001,0.625,0.65,0.675,0.7000000000000001,0.7250000000000001,0.75,0.775,0.8,0.8250000000000001,0.8500000000000001,0.875,0.9,0.925,0.9500000000000001,0.9750000000000001,1.0,1.0250000000000001,1.05,1.075,1.1,1.125,1.1500000000000001,1.175,1.2000000000000002,1.225,1.25,1.2750000000000001,1.3,1.3250000000000002,1.35,1.375,1.4000000000000001,1.425,1.4500000000000002,1.475,1.5,1.5250000000000001,1.55,1.5750000000000002,1.6,1.625,1.6500000000000001,1.675,1.7000000000000002,1.725,1.75,1.7750000000000001,1.8,1.8250000000000002,1.85,1.875,1.9000000000000001,1.925,1.9500000000000002,1.975,2.0,2.025,2.0500000000000003,2.075,2.1,2.125,2.15,2.1750000000000003,2.2,2.225,2.25,2.275,2.3000000000000003,2.325,2.35,2.375,2.4000000000000004,2.4250000000000003,2.45,2.475,2.5,2.5250000000000004,2.5500000000000003,2.575,2.6,2.625,2.6500000000000004,2.6750000000000003,2.7,2.725,2.75,2.7750000000000004,2.8000000000000003,2.825,2.85,2.875,2.9000000000000004,2.9250000000000003,2.95,2.975,3.0,3.0250000000000004,3.0500000000000003,3.075,3.1,3.125,3.1500000000000004,3.1750000000000003,3.2,3.225,3.25,3.2750000000000004,3.3000000000000003,3.325,3.35,3.375,3.4000000000000004,3.4250000000000003,3.45,3.475,3.5,3.5250000000000004,3.5500000000000003,3.575,3.6,3.625,3.6500000000000004,3.6750000000000003,3.7,3.725,3.75,3.7750000000000004,3.8000000000000003,3.825,3.85,3.875,3.9000000000000004,3.9250000000000003,3.95,3.975,4.0,4.025,4.05,4.075,4.1000000000000005,4.125,4.15,4.175,4.2,4.2250000000000005,4.25,4.275,4.3,4.325,4.3500000000000005,4.375,4.4,4.425,4.45,4.4750000000000005,4.5,4.525,4.55,4.575,4.6000000000000005,4.625,4.65,4.675,4.7,4.7250000000000005,4.75,4.775,4.800000000000001,4.825,4.8500000000000005,4.875,4.9,4.925000000000001,4.95,4.9750000000000005,5.0,5.025],"bd":[2,4,2,4,4,8,8,16,16,32,32,64,64,100,88,100,94,100,92,100,92,100,94,100,94,100,94,100,94,100,94,100,96,100,94,100,94,100,94,100,94,100,94,100,94,100,96,100,96,100,96,100,96,100,96,100,94,100,94,100,96,100,96,100,98,100,98,100,98,100,96,100,98,100,98,100,98,100,98,100,98,100,96,100,96,100,96,100,96,100,96,100,96,100,96,100,96,100,98,100,98,100,96,100,96,100,98,100,96,100,96,100,96,100,96,100,96,100,96,100,96,100,96,100,96,100,96,100,96,100,96,100,98,100,98,100,98,100,98,100,98,100,98,100,98,100,98,100,98,100,98,100,98,100,98,100,98,100,98,100,98,100,98,100,98,100,98,100,98,100,98,100,98,100,98,100,98,100,98,100,98,100,98,100,98,100,98,100,98,100,98,100,98,100,98,100,98,100,98,100,98,100,98,100,98,100,98,100,98,100,98,100,98,100,98,100,98,100,98,100,98,100,98,100,98,100,98,100,98,100,98,100,98,100,98,100,98,100,98,100,98,100,98,100,98,100,98,100,98,100,98,100,98,100,98,100,96,100,96,100,96,100,96,100,96,100,96,100,96,100,96,100,96,100,96,100,96,100,96,100,96,100,96,100,96,100,96,100,96,100,96,100,98,100,98,100,96,100,96,100,94,100,94,100,94,100,94,100,94,100,94,100,96,100,96,100,94,100,94,100,94,100,94,100,94,100,94,100,94,100,94,100,94,100,94,100,94,100,92,100,92,100,92,100,94,100,94,100,94,100,94,100,94,100,94,100,94,100,94,100,94,100,94,100,94,100,94,100,94,100,94,100,94,100,94,100,94,100,92,100,90,100,90,100,90,100,90,100,92,100,88,100,64,64,32,32,16,16,8,8,4,4,2,1],"gtau":[7.526421026867785e-6,7.5537796969036965e-6,7.628772277824181e-6,7.743626702826009e-6,7.89320055865511e-6,8.074058162915923e-6,8.283923650377704e-6,8.521340343344667e-6,8.78544739972097e-6,9.075832962776955e-6,9.392448595523578e-6,9.735520739562867e-6,1.0105524546299247e-5,1.0503136456170627e-5,1.0929217196926914e-5,1.1384797446944942e-5,1.1871057315732254e-5,1.2389330022629233e-5,1.2941092915402247e-5,1.3527971841681207e-5,1.4151733428594484e-5,1.4814292185557686e-5,1.551770535260825e-5,1.6264194608990004e-5,1.7056151683380104e-5,1.7896124122226392e-5,1.8786837600707552e-5,1.9731209918306212e-5,2.0732341408753103e-5,2.179354124289441e-5,2.291833115155933e-5,2.411045780602495e-5,2.5373913562580242e-5,2.6712944093039824e-5,2.8132069082866243e-5,2.963609127054766e-5,3.12301237962919e-5,3.2919603248687834e-5,3.47103001357231e-5,3.6608330168635344e-5,3.862015161905725e-5,4.07527213647643e-5,4.301370843022551e-5,4.541121708433508e-5,4.795371066418485e-5,5.0650065302632284e-5,5.3509659515113026e-5,5.65424366740886e-5,5.9758968949386966e-5,6.317051215910313e-5,6.678904940690594e-5,7.062734185134805e-5,7.469897196333719e-5,7.90183924135013e-5,8.360098690148222e-5,8.846312126667344e-5,9.362222986853628e-5,9.909689863102741e-5,0.00010490683726837165,0.00011107287107993366,0.0001176170966094553,0.00012456302320777387,0.00013193574199939074,0.0001397620413751027,0.00014807050144955694,0.00015689158012248324,0.00016625771330728377,0.00017620342220026953,0.00018676543958901697,0.0001979828450799541,0.0002098971995232455,0.00022255270245770555,0.00023599637013398976,0.00025027823732676945,0.0002654515643377495,0.00028157305021352433,0.00029870305874928673,0.0003169058561913852,0.00033624986593325457,0.0003568079409053098,0.00037865765528580925,0.00040188161634838713,0.00042656779731690535,0.00045280989318353856,0.0004807076994625577,0.0005103675170999961,0.0005419025835895556,0.0005754335324985311,0.0006110888851056346,0.0006490055736529334,0.000689329500118282,0.0007322161331040565,0.0007778311449879397,0.0008263510912401263,0.0008779641372882698,0.0009328708334388409,0.0009912849438848425,0.0010534343312149797,0.001119561900518704,0.0011899266114959912,0.0012648045563622117,0.0013444901135752846,0.001429297180585895,0.0015195604910521298,0.001615637022625516,0.001717907501826653,0.0018267780143734836,0.00194268172538667,0.0020660807221143072,0.0021974679829248906,0.0023373694862210805,0.0024863464651149604,0.002644997820653552,0.0028139627036064597,0.0029939232776272128,0.003185607677579533,0.003389793176481654,0.0036073095756457684,0.0038390428370731642,0.004085938971362715,0.004349008205720338,0.004629329446606891,0.004928055064711435,0.005246416022300359,0.005585727368201248,0.005947394133668455,0.006332917652885859,0.0067439023432509584,0.007182062982409858,0.007649232516427697,0.008147370443307975,0.008678571814317219,0.009245076904638144,0.009849281599790666,0.010493748562848133,0.011181219237623717,0.011914626757132186,0.012697109829676133,0.013532027683694003,0.014422976155012108,0.015373805017387958,0.0163886366482535,0.017471886149204013,0.018628283033677175,0.019862894626005524,0.02118115132071627,0.022588873863022857,0.02409230282092208,0.025698130447532823,0.027413535155371496,0.029246218820693004,0.031204447203077523,0.03329709375642201,0.035533687118033716,0.03792446268713329,0.040480418855209414,0.043213377766280196,0.04613605172010018,0.04926211549544533,0.05260628528541115,0.05618440478403997,0.060013535230775204,0.0641121324123849,0.06849990666743837,0.07319816687079615,0.07822996799239851,0.08362026881383944,0.08939608728598428,0.09558667931493664,0.10222373872583622,0.10934162075982067,0.11697758139774371,0.12517202990833579,0.13396901239047104,0.14341678928704776,0.153567522675481,0.16447787139052816,0.17620977662820436,0.18883117751678788,0.20241670646527193,0.2170484475504833,0.2328168040356848,0.24982149563049408,0.2681727058855282,0.2879924643887985,0.309416410782884,0.332595979797915,0.3577001939318583,0.38491882014784445,0.41446559735090566,0.44658332175535187,0.4815483147972067,0.519678199321576,0.5613409376775503,0.6069642757494931,0.6570500973496852,0.7121932333205242,0.7731047161138884,0.8406416646817051,0.9158459525673607,0.9999924735634181]}