{"ns":[0.34287442379541344,0.37942981055206143,0.3744614202267541,0.3673144957206063,0.3531143063191449,0.3424893707130059,0.3250116799737522,0.3117096294823778,0.29439614587540935,0.2792130796941465,0.2642781577964447,0.24780182520772512,0.23436116704826726,0.21700325874991358,0.20386571695446543,0.18582545398609981,0.1722887190587029,0.1536744078674153,0.13940182708966292,0.12023997976851597,0.10510906989522613,0.08543027466418995,0.06947156405266375,0.049342682119608926,0.03266569070791648,0.012176331327992796,-0.005085701421419856,-0.025843409007308096,-0.043554377346986306,-0.06450293177793952,-0.08254816492124747,-0.10363425705206672,-0.12194897676464078,-0.1430667109977625,-0.1615564710913005,-0.18258679352051038,-0.2011553518671362,-0.22199190953430906,-0.2405984465043664,-0.261195893184835,-0.27981621899479886,-0.30012728606880734,-0.31871520422666566,-0.33868129262993574,-0.3571906912246808,-0.37675490654004107,-0.39513496226171896,-0.4142402283049352,-0.43227196930117434,-0.45085277926255807,-0.46913825023386385,-0.48720421854179535,-0.5054349916650943,-0.5229473402111918,-0.5409199893076944,-0.557787672881794,-0.5754482119907867,-0.5916266504943779,-0.6089536677349718,-0.6244265182697846,-0.6414102237446023,-0.6561621846421034,-0.6727653378442059,-0.6867684090727385,-0.7029354165814898,-0.7161554988956748,-0.7318226917070441,-0.7442176891554826,-0.7593134533926821,-0.7708362946510277,-0.7852840661402828,-0.7958916423502875,-0.8096118092163302,-0.8192652019612248,-0.8321641250669967,-0.8408174684199037,-0.8527626197425807,-0.8603191698347462,-0.8711572366821199,-0.8776992374550194,-0.8875489102442254,-0.8932119113645427,-0.9022936233838179,-0.9069752236893156,-0.9146194288881957,-0.9186500057583082,-0.9254529829447059,-0.9290054466274675,-0.9351303693070658,-0.9409699762676222,-0.9506623497543906,-0.9572473382082777,-0.9670011973883507,-0.9743472236193937,-0.983678336011185,-0.9905888810273789,-0.9967931905574846,-0.999875598946187,-1.0005805105131955,-1.0003852288781514],"taus":[0.1,0.2,0.30000000000000004,0.4,0.5,0.6000000000000001,0.7000000000000001,0.8,0.9,1.0,1.1,1.2000000000000002,1.3,1.4000000000000001,1.5,1.6,1.7000000000000002,1.8,1.9000000000000001,2.0,2.1,2.2,2.3000000000000003,2.4000000000000004,2.5,2.6,2.7,2.8000000000000003,2.9000000000000004,3.0,3.1,3.2,3.3000000000000003,3.4000000000000004,3.5,3.6,3.7,3.8000000000000003,3.9000000000000004,4.0,4.1000000000000005,4.2,4.3,4.4,4.5,4.6000000000000005,4.7,4.800000000000001,4.9,5.0,5.1000000000000005],"bd":[2,4,2,4,4,8,8,16,16,20,20,20,20,20,20,20,20,20,20,20,20,20,20,20,20,20,20,20,20,20,20,20,20,20,20,20,20,20,20,20,20,20,20,20,20,20,20,20,20,20,20,20,20,20,20,20,20,20,20,20,20,20,20,20,20,20,20,20,20,20,20,20,20,20,20,20,20,20,20,20,20,20,20,20,20,20,20,20,20,20,20,20,20,20,20,20,20,20,20,20,20,20,10,20,10,18,20,10,10,18,20,20,17,20,20,20,18,20,20,19,17,20,20,20,18,20,20,18,17,20,20,20,19,20,20,19,17,20,20,20,18,20,20,19,17,20,20,20,18,20,20,19,17,20,20,20,18,20,20,19,17,20,20,20,18,20,20,19,17,20,20,20,18,20,20,19,17,20,20,20,18,20,20,19,17,20,20,20,18,20,20,19,18,20,20,20,18,20,20,19,18,20,20,20,18,20,20,19,18,20,20,20,18,20,20,19,18,20,20,20,18,20,20,19,18,20,20,20,18,20,20,19,18,20,20,20,18,20,20,19,18,20,20,20,18,20,20,19,18,20,20,20,18,20,20,19,18,20,20,20,18,20,20,19,18,20,20,20,18,20,20,19,18,20,20,20,18,20,20,19,18,20,20,20,18,20,20,19,18,20,20,20,18,20,20,19,18,20,20,20,19,20,20,19,18,20,20,20,18,20,20,19,18,20,20,20,18,20,20,19,18,20,20,20,18,20,20,19,18,20,20,20,18,20,20,19,18,20,20,20,18,20,20,19,18,20,20,20,18,20,20,19,18,20,20,20,18,20,20,19,18,20,20,20,18,20,20,19,18,20,20,20,18,20,20,19,18,20,20,20,18,20,20,19,18,20,20,20,18,20,20,19,18,20,20,20,18,20,20,19,18,20,20,20,18,20,20,19,18,20,20,20,18,20,20,19,18,20,20,20,18,20,20,19,18,20,20,20,18,20,20,19,18,20,20,20,18,20,20,19,18,20,20,20,18,20,20,19,18,20,20,20,18,20,20,19,18,20,20,20,18,20,20,19,17,20,20,20,18,20,20,19,18,20,20,20,19,20,20,19,18,20,20,20,19,20,20,19,18,20,20,20,18,20,20,20,18,20,20,16,8,8,8,4,2,4,2,1],"lt":[{"re":-0.7231773514270046,"im":-0.34287442379541344},{"re":-0.6235170064147918,"im":-0.4952587802999977},{"re":-0.5271186754636499,"im":-0.5734237268598983},{"re":-0.4056909028627167,"im":-0.6331940023708312},{"re":-0.2986675620222774,"im":-0.6958546436011397},{"re":-0.18011527625618412,"im":-0.7237547762893342},{"re":-0.070657596496854,"im":-0.7567997557533065},{"re":0.03513561488815649,"im":-0.7545976675414258},{"re":0.1376881944345235,"im":-0.7555139493098192},{"re":0.227339709454764,"im":-0.7257563777522282},{"re":0.31665346884733836,"im":-0.6984601110459461},{"re":0.3881486971932644,"im":-0.646690536794006},{"re":0.46061192225710246,"im":-0.5981723396441682},{"re":0.5124964364561801,"im":-0.531279936647024},{"re":0.5663613728953647,"im":-0.46851953578879385},{"re":0.598307677334197,"im":-0.39318985911618337},{"re":0.6332722345423057,"im":-0.3221832708693662},{"re":0.645975702154141,"im":-0.24400072765352904},{"re":0.6625815802355125,"im":-0.16967672635353953},{"re":0.6573832221545489,"im":-0.09318754523439143},{"re":0.6566980177265136,"im":-0.019738075577979502},{"re":0.6354341895071804,"im":0.051265050683220355},{"re":0.6190268544834763,"im":0.12019110077279675},{"re":0.5840186125925483,"im":0.18256294947749502},{"re":0.5539798990810869,"im":0.24386926252419672},{"re":0.5079882831396267,"im":0.29515532808271916},{"re":0.46686409951827296,"im":0.34638315935472175},{"re":0.41296477460556724,"im":0.38488462832535364},{"re":0.3636480631997921,"im":0.4242678634434722},{"re":0.30506273926860633,"im":0.4490636834323594},{"re":0.25056922124985365,"im":0.475589814596795},{"re":0.1904752247213615,"im":0.48652912844710317},{"re":0.13381100215023314,"im":0.49989481814333525},{"re":0.07524331241363978,"im":0.49750764401559894},{"re":0.019351726084885806,"im":0.49809267268200064},{"re":-0.03499054052482281,"im":0.48356195854705614},{"re":-0.08748923093852368,"im":0.4723562900282571},{"re":-0.13537127971294002,"im":0.4473327483006679},{"re":-0.18225203860522263,"im":0.425784270537259},{"re":-0.22191668652046362,"im":0.3922637128810188},{"re":-0.2613872309236567,"im":0.3621841195854894},{"re":-0.2915879111828515,"im":0.32239584984404307},{"re":-0.3223402527084291,"im":0.2858491372127988},{"re":-0.3423618884250815,"im":0.24214097679960545},{"re":-0.3635958057188311,"im":0.20133295173151414},{"re":-0.37324800659474644,"im":0.15605924223546594},{"re":-0.3846799746618743,"im":0.1132322951818091},{"re":-0.38426580541090494,"im":0.06864039682020032},{"re":-0.3860885547640332,"im":0.025958239418841626},{"re":-0.37636555837921215,"im":-0.015802494460672993},{"re":-0.36912460564418786,"im":-0.05630151318168707},{"re":-0.35124060058978046,"im":-0.09366689320274033},{"re":-0.3359617102865353,"im":-0.13029377682391075},{"re":-0.31134983522780557,"im":-0.16170281056297628},{"re":-0.2893133000031631,"im":-0.19297248818779936},{"re":-0.2596061982434004,"im":-0.2173841049427971},{"re":-0.232314986805118,"im":-0.24221186695525576},{"re":-0.19925631430703755,"im":-0.2589933936847002},{"re":-0.16834931057281613,"im":-0.27666359072019936},{"re":-0.1337144578280825,"im":-0.28556940372581946},{"re":-0.10089179754406695,"im":-0.29573935494905795},{"re":-0.06641082549576936,"im":-0.29689986382871997},{"re":-0.03335140821492457,"im":-0.29959712448237363},{"re":-0.0006317565680554601,"im":-0.29349421871496456},{"re":0.031083104179814445,"im":-0.28909334924918434},{"re":0.060623976214613656,"im":-0.2765169012730163},{"re":0.08957654824321679,"im":-0.26570171552794986},{"re":0.11476712514523996,"im":-0.2476938873466917},{"re":0.13975933156884757,"im":-0.2314076154457076},{"re":0.1597146095011776,"im":-0.20919727503007063},{"re":0.17981002598022702,"im":-0.18858318344568173},{"re":0.19395472762161137,"im":-0.16351490535485233},{"re":0.2085056090314257,"im":-0.13985218089313312},{"re":0.21658076928845776,"im":-0.11331461653507681},{"re":0.22524170998586596,"im":-0.08795348907055459},{"re":0.22729716225694904,