{"taus":[0.05,0.1,0.15000000000000002,0.2,0.25,0.30000000000000004,0.35000000000000003,0.4,0.45,0.5,0.55,0.6000000000000001,0.65,0.7000000000000001,0.75,0.8,0.8500000000000001,0.9,0.9500000000000001,1.0,1.05,1.1,1.1500000000000001,1.2000000000000002,1.25,1.3,1.35,1.4000000000000001,1.4500000000000002,1.5,1.55,1.6,1.6500000000000001,1.7000000000000002,1.75,1.8,1.85,1.9000000000000001,1.9500000000000002,2.0,2.0500000000000003,2.1,2.15,2.2,2.25,2.3000000000000003,2.35,2.4000000000000004,2.45,2.5,2.5500000000000003,2.6,2.6500000000000004,2.7,2.75,2.8000000000000003,2.85,2.9000000000000004,2.95,3.0,3.0500000000000003,3.1,3.1500000000000004,3.2,3.25,3.3000000000000003,3.35,3.4000000000000004,3.45,3.5,3.5500000000000003,3.6,3.6500000000000004,3.7,3.75,3.8000000000000003,3.85,3.9000000000000004,3.95,4.0,4.05,4.1000000000000005,4.15,4.2,4.25,4.3,4.3500000000000005,4.4,4.45,4.5,4.55,4.6000000000000005,4.65,4.7,4.75,4.800000000000001,4.8500000000000005,4.9,4.95,5.0,5.050000000000001],"bd":[2,4,2,4,4,8,8,16,16,32,32,40,36,40,36,40,36,40,38,40,38,40,38,40,36,40,38,40,38,40,38,40,38,40,38,40,38,40,38,40,38,40,38,40,36,40,36,40,36,40,36,40,38,40,36,40,36,40,36,40,36,40,36,40,36,40,36,40,36,40,36,40,36,40,36,40,36,40,36,40,36,40,36,40,38,40,38,40,38,40,38,40,38,40,36,40,36,40,36,40,36,40,36,40,36,40,36,40,36,40,36,40,36,40,36,40,36,40,36,40,36,40,36,40,36,40,36,40,36,40,36,40,36,40,36,40,36,40,36,40,38,40,38,40,38,40,38,40,38,40,38,40,38,40,38,40,38,40,38,40,38,40,38,40,38,40,38,40,38,40,38,40,38,40,36,40,36,40,36,40,36,40,36,40,36,40,38,40,38,40,36,40,36,40,32,32,16,16,8,8,4,4,2,1],"gtau":[9.582519114474975e-6,9.711873799120285e-6,1.0047696828871529e-5,1.0544427532103644e-5,1.118227722688029e-5,1.195441846470665e-5,1.2861583424616264e-5,1.3909582695640032e-5,1.510793932749943e-5,1.6469452070555033e-5,1.800985953198274e-5,1.974820771616654e-5,2.1706166175509224e-5,2.390871162561942e-5,2.6384411232664932e-5,2.916578604706809e-5,3.228976054997e-5,3.579819856084909e-5,3.973850523414361e-5,4.416434013997377e-5,4.9136422761107946e-5,5.472347412506762e-5,6.100321148616344e-5,6.806359151629187e-5,7.600414555540971e-5,8.49375032258826e-5,9.49911507707458e-5,0.00010630942924149516,0.00011905580412930324,0.0001334154360856886,0.00014959809236769593,0.00016784133366046556,0.00018844452921535908,0.00021166770053869082,0.00023788964517927467,0.00026753026086589815,0.00030103723687131454,0.00033891185118743684,0.0003817211951275386,0.0004301068469713973,0.00048479440007316284,0.0005466045156402907,0.0006164657595427398,0.0006954293788056247,0.0007846861432327678,0.0008855855184915344,0.0009996576210104112,0.001128638529040929,0.0012744996569254367,0.0014394823878419196,0.0016261396618449206,0.0018373848645813413,0.0020765428095280663,0.002347395135599963,0.0026542213991357618,0.0030018465922056503,0.003395703947545333,0.003841913942914569,0.004347378940319344,0.0049198910300433645,0.00556825360583766,0.0063024176141965975,0.007133637564069618,0.008074648630353138,0.009139869578547958,0.010345634245088279,0.01171045509179571,0.013255323191828532,0.015004050210707458,0.016983658893224084,0.019224829569811044,0.021762408588240186,0.024635981218998126,0.027890543380988873,0.03157746709744854,0.03575593117813204,0.04049411650982578,0.0458697073585507,0.05197061567402433,0.05889645486038747,0.06676010413263722,0.07569233979141676,0.08584059126139189,0.0973769529001762,0.11049781144341733,0.12543097403425096,0.14244269514814467,0.16184530545968548,0.1840061621029286,0.20935898475961712,0.23841882075234838,0.2718014578139644,0.3102540263506764,0.3546964974238994,0.40627967491304207,0.46647284206953454,0.5372015410886586,0.621084803246643,0.7218210953046251,0.8450369311756373,0.9999904174798097]}