{"gf":[0.07585818002124345,0.07700565313445644,0.08003655399516,0.08463811997077922,0.09072741642247929,0.09835158187397378,0.10765065085335075,0.11884660937246874,0.13224647901916534,0.1482555165256986,0.16740029578805035,0.19036385138316647,0.2180375829340961,0.2515982740158775,0.29262480803645247,0.343280751149056,0.40661207056063575,0.4870587516759402,0.5913945874353292,0.7306092948459763,0.9241418199787566],"ts":[0.0,0.05,0.1,0.15000000000000002,0.2,0.25,0.30000000000000004,0.35000000000000003,0.4,0.45,0.5,0.55,0.6000000000000001,0.65,0.7000000000000001,0.75,0.8,0.8500000000000001,0.9,0.9500000000000001,1.0]}