{"taus":[0.1,0.2,0.30000000000000004,0.4,0.5,0.6000000000000001,0.7000000000000001,0.8,0.9,1.0,1.1,1.2000000000000002,1.3,1.4000000000000001,1.5,1.6,1.7000000000000002,1.8,1.9000000000000001,2.0,2.1,2.2,2.3000000000000003,2.4000000000000004,2.5,2.6,2.7,2.8000000000000003,2.9000000000000004,3.0,3.1,3.2,3.3000000000000003,3.4000000000000004,3.5,3.6,3.7,3.8000000000000003,3.9000000000000004,4.0,4.1000000000000005,4.2,4.3,4.4,4.5,4.6000000000000005,4.7,4.800000000000001,4.9,5.0,5.1000000000000005],"bd":[2,4,2,4,4,8,8,16,16,32,32,60,58,60,56,60,58,60,56,60,56,60,56,60,56,60,56,60,56,60,56,60,56,60,56,60,56,60,56,60,56,60,56,60,56,60,56,60,56,60,56,60,56,60,56,60,56,60,56,60,56,60,58,60,58,60,58,60,58,60,58,60,58,60,58,60,58,60,56,60,56,60,58,60,58,60,58,60,58,60,56,60,58,60,32,32,16,16,8,8,4,4,2,1],"gtau":[3.9910351530725496e-6,4.1846608954165785e-6,4.657558208915488e-6,5.357442620921735e-6,6.2934991607238925e-6,7.502614206072239e-6,9.0423310423609e-6,1.099107616909688e-5,1.3451529828588338e-5,1.655631703657782e-5,2.0475720327212537e-5,2.542800541037578e-5,3.169325207409105e-5,3.963042891365289e-5,4.9701405099254764e-5,6.250043203758457e-5,7.879064830999664e-5,9.95547706909258e-5,0.00012606011664265316,0.00015994465541426623,0.0002033289623111707,0.0002589630625620438,0.0003304193805785182,0.0004223469107018646,0.0005408067351912002,0.0006937160046714378,0.0008914369889217607,0.0011475606434901968,0.0014799518568113102,0.0019121481559879058,0.0024752375987393913,0.0032103892032814955,0.004172276351432154,0.00543372908422617,0.007092088098802161,0.009277933145067778,0.01216715265344735,0.015997761705867083,0.021093547888866575,0.027897680700943565,0.03702116587253965,0.04931376243217093,0.0659703309674625,0.08869215092039916,0.11994622385492924,0.16339746282504994,0.2246603988614496,0.3128094488446821,0.4436481383408807,0.6481113193543923,0.9999960089644128]}