{"taus":[0.2,0.4,0.6000000000000001,0.8,1.0,1.2000000000000002,1.4000000000000001,1.6,1.8,2.0,2.2,2.4000000000000004,2.6,2.8000000000000003,3.0,3.2,3.4000000000000004,3.6,3.8000000000000003,4.0,4.2,4.4,4.6000000000000005,4.800000000000001,5.0,5.2,5.4,5.6000000000000005,5.800000000000001,6.0,6.2,6.4,6.6000000000000005,6.800000000000001,7.0,7.2,7.4,7.6000000000000005,7.800000000000001,8.0,8.200000000000001,8.4,8.6,8.8,9.0,9.200000000000001,9.4,9.600000000000001,9.8,10.0,10.200000000000001],"bd":[2,4,2,4,4,8,8,16,16,32,32,64,64,128,128,140,140,140,140,140,140,140,140,140,140,140,140,140,140,140,140,140,140,140,140,140,140,140,140,140,140,140,140,140,140,140,140,140,140,140,140,140,140,140,140,140,140,140,140,140,140,140,140,140,140,140,140,140,140,140,140,140,140,140,140,140,140,140,140,140,140,140,140,140,140,140,140,140,140,140,128,128,64,64,32,32,16,16,8,8,4,4,2,1],"gtau":[0.9999999999877602,0.429974644101329,0.21347051049770865,0.11243423725560311,0.06118282187716442,0.03399537195954252,0.019166715113876878,0.0109242391312766,0.00627922994070568,0.0036339671536845426,0.0021149984302492393,0.0012368314460244618,0.0007262803212633059,0.0004281328793852444,0.00025318099138012864,0.0001501578636271686,8.929491301102227e-5,5.3233535684995565e-5,3.180906922611514e-5,1.9049890716832482e-5,1.1433054145451581e-5,6.8758356311949206e-6,4.143168990762754e-6,2.5013487572927124e-6,1.5129974212103568e-6,9.168857253698425e-7,5.566746079668694e-7,3.3860707034604287e-7,2.0634934238624818e-7,1.2598897184952328e-7,7.70726790096343e-8,4.7242119720839e-8,2.9016743490072427e-8,1.786055166842735e-8,1.1018266671530934e-8,6.813378845434177e-9,4.223922081986172e-9,2.6258258447463118e-9,1.637295673658995e-9,1.0242834220378716e-9,6.431573347984223e-10,4.055795641564353e-10,2.5705141710071554e-10,1.6390414906886204e-10,1.0529940089583287e-10,6.830474818586804e-11,4.488044289407123e-11,3.003078558241222e-11,2.067134954725278e-11,1.496912822472827e-11,1.2239917213605128e-11]}