{"taus":[0.2,0.4,0.6000000000000001,0.8,1.0,1.2000000000000002,1.4000000000000001,1.6,1.8,2.0,2.2,2.4000000000000004,2.6,2.8000000000000003,3.0,3.2,3.4000000000000004,3.6,3.8000000000000003,4.0,4.2,4.4,4.6000000000000005,4.800000000000001,5.0,5.2,5.4,5.6000000000000005,5.800000000000001,6.0,6.2,6.4,6.6000000000000005,6.800000000000001,7.0,7.2,7.4,7.6000000000000005,7.800000000000001,8.0,8.200000000000001,8.4,8.6,8.8,9.0,9.200000000000001,9.4,9.600000000000001,9.8,10.0,10.200000000000001],"bd":[2,4,2,4,4,8,8,16,16,32,32,64,64,120,108,120,112,120,114,120,114,120,112,120,114,120,114,120,114,120,114,120,114,120,116,120,114,120,114,120,114,120,114,120,114,120,114,120,114,120,114,120,114,120,114,120,114,120,114,120,114,120,114,120,114,120,112,120,112,120,112,120,114,120,114,120,112,120,112,120,114,120,114,120,114,120,114,120,112,120,108,120,64,64,32,32,16,16,8,8,4,4,2,1],"gtau":[0.07591136676213611,0.07708749209330942,0.07942107266080525,0.08231387670632959,0.08559329683434937,0.08919099216877074,0.09307697382943045,0.0972388451006009,0.10167358165439931,0.10638376665189177,0.11137568568409882,0.11665829258420667,0.12224262237457734,0.12814145036983157,0.13436909130581648,0.14094129494931748,0.14787519169786328,0.15518928066551604,0.16290345656671262,0.17103904133877995,0.17961884457017738,0.1886672460625883,0.19821028601351118,0.20827577548599605,0.2188934227836228,0.2300949796547068,0.2419144101709146,0.2543880846444513,0.2675550031157534,0.2814570548757074,0.2961393224181253,0.3116504408403174,0.328043027440149,0.34537420165609595,0.3637062232961967,0.38310728843699654,0.4036525398824202,0.42542537949739545,0.44851917878197467,0.4730396808600014,0.4991082300922098,0.526866572273925,0.5564838988752728,0.5881679110481235,0.6221831355114248,0.6588829266406524,0.6987703035432995,0.7426261864591531,0.7918232975428283,0.8492936217788741,0.9240886332376569]}