{"taus":[0.05,0.1,0.15000000000000002,0.2,0.25,0.30000000000000004,0.35000000000000003,0.4,0.45,0.5,0.55,0.6000000000000001,0.65,0.7000000000000001,0.75,0.8,0.8500000000000001,0.9,0.9500000000000001,1.0,1.05,1.1,1.1500000000000001,1.2000000000000002,1.25,1.3,1.35,1.4000000000000001,1.4500000000000002,1.5,1.55,1.6,1.6500000000000001,1.7000000000000002,1.75,1.8,1.85,1.9000000000000001,1.9500000000000002,2.0,2.0500000000000003,2.1,2.15,2.2,2.25,2.3000000000000003,2.35,2.4000000000000004,2.45,2.5,2.5500000000000003,2.6,2.6500000000000004,2.7,2.75,2.8000000000000003,2.85,2.9000000000000004,2.95,3.0,3.0500000000000003,3.1,3.1500000000000004,3.2,3.25,3.3000000000000003,3.35,3.4000000000000004,3.45,3.5,3.5500000000000003,3.6,3.6500000000000004,3.7,3.75,3.8000000000000003,3.85,3.9000000000000004,3.95,4.0,4.05,4.1000000000000005,4.15,4.2,4.25,4.3,4.3500000000000005,4.4,4.45,4.5,4.55,4.6000000000000005,4.65,4.7,4.75,4.800000000000001,4.8500000000000005,4.9,4.95,5.0,5.050000000000001],"bd":[2,4,2,4,4,8,8,16,16,32,32,40,40,40,40,40,40,40,40,40,40,40,40,40,40,40,40,40,40,40,40,40,40,40,40,40,40,40,40,40,40,40,40,40,40,40,40,40,40,40,40,40,40,40,40,40,40,40,40,40,40,40,40,40,40,40,40,40,40,40,40,40,40,40,40,40,40,40,40,40,40,40,40,40,40,40,40,40,40,40,40,40,40,40,40,40,40,40,40,40,40,40,40,40,40,40,40,40,40,40,40,40,40,40,40,40,40,40,40,40,40,40,40,40,40,40,40,40,40,40,40,40,40,40,40,40,40,40,38,40,40,40,40,40,40,40,40,40,40,40,40,40,40,40,40,40,40,40,40,40,40,40,40,40,40,40,40,40,40,40,40,40,40,40,40,40,40,40,40,40,40,40,40,40,40,40,40,40,40,40,40,40,40,40,32,32,16,16,8,8,4,4,2,1],"gtau":[9.582518955736508e-6,9.711873283295367e-6,1.0047696396646187e-5,1.054442738032945e-5,1.1182277512567502e-5,1.1954418986750384e-5,1.2861584060865909e-5,1.3909583287709172e-5,1.510793982259207e-5,1.646945245374137e-5,1.8009859899795436e-5,1.9748208207122765e-5,2.1706167045155505e-5,2.3908712956620206e-5,2.6384412953361e-5,2.9165788117425707e-5,3.228976306605453e-5,3.579820155173166e-5,3.973850875261116e-5,4.4164344233404754e-5,4.9136427484895733e-5,5.472347959316484e-5,6.1003217764773355e-5,6.806359874468224e-5,7.600415386936218e-5,8.493751273805143e-5,9.49911615820314e-5,0.00010630944150530496,0.0001190558180217125,0.00013341545179533672,0.0001495981100159469,0.00016784135339342513,0.00018844455047246423,0.0002116677221572444,0.00023788966887239565,0.0002675302849913488,0.00030103726168749783,0.0003389118764943124,0.0003817212200519891,0.00043010687085574784,0.0004847944223774233,0.0005466045356629758,0.0006164657764400396,0.0006954293914076543,0.0007846861497742605,0.0008855855169969439,0.0009996576091638616,0.0011286385043945363,0.0012744996173749688,0.0014394823325758355,0.001626139592392155,0.0018373847822182653,0.0020765427282160524,0.0023473950347933726,0.0026542212445787214,0.0030018464354578454,0.0033957037434746546,0.0038419136980656497,0.0043473786724629515,0.004919890781612499,0.0055682532655803975,0.006302417270623256,0.007133637209340354,0.00807464823701964,0.00913986913513427,0.01034563375461136,0.01171045455228372,0.01325532260080914,0.015004049548150416,0.016983658140633413,0.01922482872313508,0.021762407620177174,0.02463598015772671,0.027890542253187316,0.03157746575919819,0.03575592983611488,0.040494115282204535,0.04586970586764092,0.051970614256488565,0.058896453103855086,0.06676010231526334,0.07569233773475932,0.08584058893034587,0.09737695030632054,0.11049780857073455,0.12543097084815877,0.1424426916090199,0.16184530153074833,0.18400615775557033,0.20935897997147135,0.23841881503355025,0.27180145138090034,0.31025401926235624,0.354696490582963,0.40627966679083527,0.4664728341378211,0.5372015335357794,0.6210847962805843,0.7218210889004711,0.8450369269315676,0.9999904174798345]}