{"taus":[0.0125,0.025,0.037500000000000006,0.05,0.0625,0.07500000000000001,0.08750000000000001,0.1,0.1125,0.125,0.1375,0.15000000000000002,0.1625,0.17500000000000002,0.1875,0.2,0.21250000000000002,0.225,0.23750000000000002,0.25,0.2625,0.275,0.28750000000000003,0.30000000000000004,0.3125,0.325,0.3375,0.35000000000000003,0.36250000000000004,0.375,0.3875,0.4,0.41250000000000003,0.42500000000000004,0.4375,0.45,0.4625,0.47500000000000003,0.48750000000000004,0.5,0.5125000000000001,0.525,0.5375,0.55,0.5625,0.5750000000000001,0.5875,0.6000000000000001,0.6125,0.625,0.6375000000000001,0.65,0.6625000000000001,0.675,0.6875,0.7000000000000001,0.7125,0.7250000000000001,0.7375,0.75,0.7625000000000001,0.775,0.7875000000000001,0.8,0.8125,0.8250000000000001,0.8375,0.8500000000000001,0.8625,0.875,0.8875000000000001,0.9,0.9125000000000001,0.925,0.9375,0.9500000000000001,0.9625,0.9750000000000001,0.9875,1.0,1.0125],"bd":[2,4,2,4,4,8,8,16,16,32,32,64,56,80,72,80,80,80,80,80,80,80,80,80,80,80,80,80,80,80,80,80,80,80,80,80,80,80,80,80,80,80,80,80,80,80,80,80,80,80,80,80,80,80,80,80,80,80,80,80,80,80,80,80,80,80,80,80,80,80,80,80,80,80,80,80,80,80,80,80,80,80,80,80,80,80,80,80,80,80,80,80,80,80,80,80,80,80,80,80,80,80,80,80,80,80,80,80,80,80,80,80,80,80,80,80,80,80,80,80,80,80,80,80,80,80,80,80,80,80,80,80,80,80,80,80,80,80,80,80,80,80,80,80,80,80,80,80,80,80,74,80,56,64,32,32,16,16,8,8,4,4,2,1],"gtau":[0.0757817556425647,0.07586549794622777,0.07609549687821526,0.0764588011773791,0.0769451803945797,0.07754654614756211,0.07825652024445791,0.07907010688248109,0.07998344347647202,0.0809936358198085,0.08209860802420181,0.08329693790012348,0.0845878044422644,0.08597092936788725,0.08744650311803756,0.08901514368482245,0.09067785937328153,0.09243602704735301,0.09429136986480098,0.09624594223813146,0.09830211932816998,0.10046259041182015,0.10273035564604795,0.10510872583909851,0.10760132496513046,0.1102120951896167,0.11294530426838045,0.11580555522537736,0.11879779824899432,0.12192734481596555,0.12519988400386922,0.12862150112100548,0.13219869868717266,0.13593841990575603,0.13984807476042185,0.14393556893197532,0.14820933573718048,0.1526783713531207,0.1573522735940502,0.162241284604566,0.16735633783332513,0.17270910974361836,0.17831207675455168,0.18417857799424267,0.1903228845340587,0.19676027584805134,0.2035071243524665,0.21058098907241704,0.2180007195394238,0.22578657126267387,0.23396033433620889,0.24254547690649736,0.25156730564540974,0.2610531456172904,0.2710325423940397,0.2815374897746399,0.29260268705540415,0.304265830539646,0.31656794489344436,0.3295537609837226,0.34327214826157904,0.3577766113787499,0.3731258627790739,0.38938448566460676,0.40662370493861755,0.42492228796906806,0.44436760216257787,0.4650568634076049,0.4870986180821519,0.5106145131265359,0.5357414238531646,0.5626340302667933,0.5914679576626479,0.6224436835716688,0.6557911960719158,0.6917761077572745,0.730707309603561,0.7729465763231889,0.8189211929979097,0.869140554118324,0.9242182443553254]}