{"ns":[-0.9803678774287942,-0.9825742973401459,-0.9838310196647634,-0.9846224827451343,-0.9853244787576925,-0.9857986387024443,-0.9851068553531523,-0.9856779545597446,-0.9850889999693465,-0.9851129675442309,-0.9855491031560437,-0.9849847292239858,-0.9856675992981118,-0.9864493966555337,-0.986847823965819,-0.9871543265162486,-0.9873676691247265,-0.987511939796268,-0.9876161880725569,-0.9877198965380553,-0.9878626408983368,-0.9880436447595405,-0.9882835922887045,-0.9885846150258645,-0.988933387118754,-0.9893088641060123,-0.9897059799948166,-0.9901315274820595,-0.990554196455912,-0.9909842872635426,-0.9914108807150877,-0.9918326528786808,-0.9922503287351387,-0.9926684987438391,-0.9930721852425891,-0.9934937467281276,-0.9939219463443789,-0.9943476593827166,-0.9947810277209546,-0.994947989083648,-0.9950917122351158,-0.995283624759665,-0.9954855878798697,-0.995755022520386,-0.9959216050839339,-0.9961030567471035,-0.9963115127901568,-0.9965497274223364,-0.9968167811042703,-0.9971063765186058,-0.9974281464902713,-0.9977730166407248,-0.9981361099149759,-0.9985118220775779,-0.9988949333151618,-0.9992805988512452,-0.9996555587377323,-1.0000113122786314,-1.0003460949976024,-1.000631058432784,-1.0009462397643298,-1.0012509377447747,-1.0014182624001362,-1.0016618190701676,-1.0017565201643424,-1.001790722106213,-1.001714044755094,-1.0016453056567525,-1.0014876195015223,-1.0011933901133332,-1.0009413854443758,-1.000840730357686,-1.0007120637955067,-1.000503382488979,-1.0005591726321759,-1.0003969195691733,-1.0005117054250086,-1.0003387304648483,-1.000441760451918,-1.0002575425363063,-1.0003829592085163,-1.0002414299159124,-1.0004982657261636,-1.0004055556957634,-1.0003491262216615,-1.0003268715312346,-1.00026970083446,-1.0001995308355747,-1.0001384334369965,-1.0000846696037027,-1.0000907449795045,-1.0000715372097688,-1.000035192474283,-1.0000023037195014,-0.9999938929105099,-0.9999748673431261,-0.9999775155953693,-0.9999829637977025,-0.9999850916615817,-0.9999895097354845],"taus":[0.1,0.2,0.30000000000000004,0.4,0.5,0.6000000000000001,0.7000000000000001,0.8,0.9,1.0,1.1,1.2000000000000002,1.3,1.4000000000000001,1.5,1.6,1.7000000000000002,1.8,1.9000000000000001,2.0,2.1,2.2,2.3000000000000003,2.4000000000000004,2.5,2.6,2.7,2.8000000000000003,2.9000000000000004,3.0,3.1,3.2,3.3000000000000003,3.4000000000000004,3.5,3.6,3.7,3.8000000000000003,3.9000000000000004,4.0,4.1000000000000005,4.2,4.3,4.4,4.5,4.6000000000000005,4.7,4.800000000000001,4.9,5.0,5.1000000000000005],"bd":[2,4,2,4,4,8,8,16,16,32,32,64,64,100,96,100,94,100,94,100,94,100,94,100,94,100,94,100,94,100,94,100,96,100,96,100,94,100,96,100,96,100,96,100,96,100,96,100,96,100,94,100,94,100,94,100,94,100,94,100,94,100,94,100,94,100,94,100,94,100,94,100,94,100,96,100,96,100,96,100,96,100,96,100,96,100,94,100,96,100,96,100,96,100,96,100,98,100,98,100,98,100,50,100,50,98,100,50,50,98,100,98,88,100,100,99,89,100,100,98,89,100,100,99,88,100,100,100,89,100,100,98,89,100,100,99,88,100,100,100,89,100,100,99,89,100,100,99,88,100,100,99,86,100,100,98,87,100,100,96,87,100,100,96,87,100,100,96,87,100,100,96,86,100,100,96,87,100,100,96,87,100,100,96,87,100,100,96,86,100,100,96,87,100,100,96,87,100,100,96,85,100,100,96,86,100,100,96,86,100,100,96,87,100,100,96,87,100,100,96,87,100,100,96,87,100,100,96,87,100,100,96,87,100,100,96,87,100,100,96,87,100,100,96,87,100,100,96,87,100,100,96,87,100,100,96,87,100,100,96,87,100,100,96,87,100,100,96,87,100,100,97,87,100,100,97,87,100,100,97,87,100,100,98,87,100,100,98,87,100,100,98,86,100,100,98,86,100,100,98,86,100,100,98,86,100,100,98,86,100,100,98,87,100,100,98,87,100,100,98,87,100,100,98,87,100,100,98,87,100,100,98,87,100,100,98,87,100,100,98,87,100,100,98,87,100,100,98,87,100,100,99,86,100,100,99,86,100,100,98,86,100,100,98,86,100,100,98,87,100,100,98,86,100,100,98,87,100,100,98,87,100,100,97,86,100,100,98,86,100,100,99,86,100,100,99,86,100,100,99,86,100,100,100,86,100,100,99,86,100,100,100,87,100,100,99,87,100,100,100,87,100,100,99,87,100,100,98,87,100,100,98,87,100,100,98,87,100,100,98,87,100,100,98,87,100,100,97,87,100,100,98,87,100,100,97,87,100,100,97,86,100,100,98,86,100,100,98,86,100,100,97,88,100,100,99,86,100,100,98,85,100,100,98,85,100,100,98,81,100,100,98,73,100,100,60,32,32,32,16,8,8,8,4,2,4,2,1],"lt":[{"re":0.029721835992917525,"im":0.9803678774287942},{"re":-0.23045815304356435,"im":0.9381862865028501},{"re":-0.4428949449072983,"im":0.8125061294013302},{"re":-0.5883284823618383,"im":0.6487321365963378},{"re":-0.6725696133966694,"im":0.4764379454916537},{"re":-0.7099749134926477,"im":0.31275622727767804},{"re":-0.7134695900971604,"im":0.16385762842186694},{"re":-0.6929295926030244,"im":0.03175416807663696},{"re":-0.6540165422108019,"im":-0.08381704371909442},{"re":-0.601418701503973,"im":-0.1835086562255974},{"re":-0.5384785325467281,"im":-0.2679438384142305},{"re":-0.46756687594532,"im":-0.3370060463313052},{"re":-0.3914330523596605,"im":-0.391284927823496},{"re":-0.3121236390675791,"im":-0.43128593082133815},{"re":-0.23168134326537804,"im":-0.4577358226207641},{"re":-0.15177075799496753,"im":-0.4714406764159276},{"re":-0.07391172417714159,"im":-0.47314148813481854},{"re":0.0004863873789881132,"im":-0.46364598859626843},{"re":0.0701230490561712,"im":-0.44389312189208685},{"re":0.13383914808929803,"im":-0.4149635067879287},{"re":0.19064962460673016,"im":-0.3780576562553863},{"re":0.23976340766771745,"im":-0.33446068319716776},{"re":0.2805815359674662,"im":-0.28550975640762577},{"re":0.312701481843532,"im":-0.2325668633449585},{"re":0.3359091366594958,"im":-0.17699098853616846},{"re":0.3501722715492253,"im":-0.12012373003302436},{"re":0.3556368493895769,"im":-0.06326304913497537},{"re":0.3526192699094564,"im":-0.007642257218528012},{"re":0.3415893287401769,"im":0.045581535288473335},{"re":0.3231613858975769,"im":0.09535510686163268},{"re":0.2980754922247286,"im":0.14074183204860954},{"re":0.26717752649761034,"im":0.18093583143759095},{"re":0.23139909640370096,"im":0.2152729574678713},{"re":0.19173680816152525,"im":0.2432400640947408},{"re":0.14923023276250572,"im":0.26448000879744626},{"re":0.1049382341261288,"im":0.2787931754830267},{"re":0.05991369632224425,"im":0.28613305257955063},{"re":0.015189281616019052,"im":0.28660889125248085},{"re":-0.028253788596504136,"im":0.28046833771169905},{"re":-0.06948074205140638,"im":0.26811129304698933},{"re":-0.10765156619598608,"im":0.2500374964063207},{"re":-0.14204911756939564,"im":0.22685989699069106},{"re":-0.17204207440689104,"im":0.19925817545840693},{"re":-0.19708622280042298,"im":0.16803947430319902},{"re":-0.21677574663142238,"im":0.13408751589623033},{"re":-0.2309034650481429,"im":0.09821278868133994},{"re":-0.23935326086121084,"im":0.06127041428752932},{"re":-0.2421247355124765,"im":0.0241195291081485},{"re":-0.23934436931046738,"im":-0.012396955051680422},{"re":-0.23126477298021358,"im":-0.047478995201993106},{"re":-0.21824941835998005,"im":-0.08038861476458628},{"re":-0.20076160736656315,"im":-0.11046801225329758},{"re":-0.17934568752010913,"im":-0.13714588483288534},{"re":-0.15461119406703264,"im":-0.15994774474046702},{"re":-0.12721665637425475,"im":-0.17850209534012},{"re":-0.09785662744136756,"im":-0.19254342109948405},{"re":-0.06724641384268253,"im":-0.201915255965757},{"re":-0.03610376542579524,"im":-0.2065696850488864},{"re":-0.0051263147650681025,"im":-0.20656573128200983},{"re":0.02502069624935634,"im":-0.20207557752847405},{"re":0.05370483941370384,"im":-0.19333127142545925},{"re":0.08035337288748139,"im":-0.1806650002149012},{"re":0.10441222467236809,"im":-0.16453083992295672},{"re":0.12552821675529233,"im":-0.14527875930316528},{"re":0.1432971260410323,"im":-0.12349025391350946},{"re":0.15744431428568537,"im":-0.09962135878811992},{"re":0.16778233776459384,"im":-0.07440691741789673},{"re":0.17424013497719218,"im":-0.048312284902132734},{"re":0.17676620002927138,"im":-0.02195641555373364},{"re":0.1754155620809115,"im":0.0040560007174535746},{"re":0.1703828186502006,