{"taus":[0.2,0.4,0.6000000000000001,0.8,1.0,1.2000000000000002,1.4000000000000001,1.6,1.8,2.0,2.2,2.4000000000000004,2.6,2.8000000000000003,3.0,3.2,3.4000000000000004,3.6,3.8000000000000003,4.0,4.2,4.4,4.6000000000000005,4.800000000000001,5.0,5.2,5.4,5.6000000000000005,5.800000000000001,6.0,6.2,6.4,6.6000000000000005,6.800000000000001,7.0,7.2,7.4,7.6000000000000005,7.800000000000001,8.0,8.200000000000001,8.4,8.6,8.8,9.0,9.200000000000001,9.4,9.600000000000001,9.8,10.0,10.200000000000001],"bd":[1,1,1,2,2,4,4,8,8,16,16,32,32,40,40,40,40,40,40,40,40,40,40,40,40,40,40,40,40,40,40,40,40,40,40,40,40,40,40,40,40,40,40,40,40,40,40,40,40,40,40,40,40,40,40,40,40,40,40,40,40,40,40,40,40,40,40,40,40,40,40,40,40,40,40,40,40,40,40,40,40,40,40,40,40,40,40,40,40,40,40,40,32,32,16,16,8,8,4,4,2,2,1,1],"gtau":[5.663057959870801e-19,7.079205998429797e-19,1.5965914842333053e-18,3.609141518795431e-18,8.268477855209313e-18,1.903368521651461e-17,4.3920750808561425e-17,1.0148231786682133e-16,2.346667865169528e-16,5.429094024608554e-16,1.2564499896112858e-15,2.9084610752157974e-15,6.733788631030339e-15,1.5592873441934877e-14,3.611216312274071e-14,8.363990452299608e-14,1.937300531233787e-13,4.487424931041209e-13,1.039465775582209e-12,2.4078746680044825e-12,5.57783227884356e-12,1.292123389778335e-11,2.993285787131384e-11,6.934208960990855e-11,1.6063822925575417e-10,3.72136655090634e-10,8.620953539200832e-10,1.9971216017943375e-9,4.626433249959754e-9,1.071707431136492e-8,2.4825028248863565e-8,5.750213543567149e-8,1.3318830037971763e-7,3.085043199669484e-7,7.146014659505236e-7,1.655266712612487e-6,3.834319569218214e-6,8.882454598342879e-6,2.057867448585927e-5,4.768237496933802e-5,0.00011050429917452136,0.0002561653524283108,0.0005940891690788094,0.001378721057164318,0.0032031349680640693,0.007455806249873648,0.017416679139497158,0.040996903424281764,0.09840886046303744,0.2527862808863977,0.999999999999992]}