{"taus":[0.2,0.4,0.6000000000000001,0.8,1.0,1.2000000000000002,1.4000000000000001,1.6,1.8,2.0,2.2,2.4000000000000004,2.6,2.8000000000000003,3.0,3.2,3.4000000000000004,3.6,3.8000000000000003,4.0,4.2,4.4,4.6000000000000005,4.800000000000001,5.0,5.2,5.4,5.6000000000000005,5.800000000000001,6.0,6.2,6.4,6.6000000000000005,6.800000000000001,7.0,7.2,7.4,7.6000000000000005,7.800000000000001,8.0,8.200000000000001,8.4,8.6,8.8,9.0,9.200000000000001,9.4,9.600000000000001,9.8,10.0,10.200000000000001],"bd":[2,4,2,4,4,8,8,16,16,20,20,20,20,20,20,20,20,20,20,20,20,20,20,20,20,20,20,20,20,20,20,20,20,20,20,20,20,20,20,20,20,20,20,20,20,20,20,20,20,20,20,20,20,20,20,20,20,20,20,20,20,20,20,20,20,20,20,20,20,20,20,20,20,20,20,20,20,20,20,20,20,20,20,20,20,20,20,20,20,20,20,20,20,20,20,20,16,16,8,8,4,4,2,1],"gtau":[0.999999999995443,0.4433477893914734,0.2264944006582086,0.12242229821889722,0.06818980842674592,0.03867016702285049,0.022212289754776238,0.012765569948389545,0.007532378593593426,0.004451331649572475,0.002641199788243134,0.0015698354954894723,0.0009345374297048851,0.0005571046341532221,0.0003325099298413271,0.00019864524975655775,0.00011875722840569194,7.104482555200917e-5,4.2527335825405815e-5,2.5470133435562172e-5,1.5261690947987534e-5,9.148881941089044e-6,5.486775244313078e-6,3.291859530887255e-6,1.975749303788593e-6,1.1862590396204738e-6,7.124843877855066e-7,4.280671910950939e-7,2.5726772234136134e-7,1.5466618543250447e-7,9.301295459825961e-8,5.5953938032955e-8,3.367122866281173e-8,2.0269007837992998e-8,1.22055922383791e-8,7.352754946446098e-9,4.43121404118518e-9,2.6717557407187314e-9,1.6117666961697996e-9,9.72953139846813e-10,5.877087638488391e-10,3.5528905790814483e-10,2.1533616283403078e-10,1.3053990220988835e-10,7.94831101547451e-11,4.83888722492774e-11,2.957936673111284e-11,1.8155031297733063e-11,1.1241419900835344e-11,7.066292674478812e-12,4.5570833668235924e-12]}