{"taus":[0.1,0.2,0.30000000000000004,0.4,0.5,0.6000000000000001,0.7000000000000001,0.8,0.9,1.0,1.1],"bd":[2,4,2,4,4,8,8,16,16,32,32,40,38,40,32,32,16,16,8,8,4,4,2,1],"gtau":[0.047425928308700994,0.05260362931888688,0.06268747789195178,0.07819405008759928,0.10098478064389489,0.13438257880724078,0.1840063929810596,0.25961329438184017,0.37923658088935863,0.5798599616651471,0.95257407169128]}