{"taus":[0.2,0.4,0.6000000000000001,0.8,1.0,1.2000000000000002,1.4000000000000001,1.6,1.8,2.0,2.2,2.4000000000000004,2.6,2.8000000000000003,3.0,3.2,3.4000000000000004,3.6,3.8000000000000003,4.0,4.2,4.4,4.6000000000000005,4.800000000000001,5.0,5.2,5.4,5.6000000000000005,5.800000000000001,6.0,6.2,6.4,6.6000000000000005,6.800000000000001,7.0,7.2,7.4,7.6000000000000005,7.800000000000001,8.0,8.200000000000001,8.4,8.6,8.8,9.0,9.200000000000001,9.4,9.600000000000001,9.8,10.0,10.200000000000001],"bd":[2,4,2,4,4,8,8,16,16,32,32,64,64,80,80,80,80,80,80,80,80,80,80,80,80,80,80,80,80,80,80,80,80,80,80,80,80,80,80,80,80,80,80,80,80,80,80,80,80,80,80,80,80,80,80,80,80,80,80,80,80,80,80,80,80,80,80,80,80,80,80,80,80,80,80,80,80,80,80,80,80,80,80,80,80,80,80,80,80,80,80,80,64,64,32,32,16,16,8,8,4,4,2,1],"gtau":[3.689975745456679e-7,3.2375325664335e-7,4.059489018689755e-7,5.328220197509041e-7,7.085084592977296e-7,9.469693723798418e-7,1.268769594735213e-6,1.702139499375955e-6,2.2852607411686978e-6,3.0695832992968646e-6,4.124335938127248e-6,5.542679372139498e-6,7.449933785855725e-6,1.001453801645823e-5,1.3463082645193945e-5,1.8100219575519492e-5,2.4335630244933133e-5,3.272048274828975e-5,4.399572408990742e-5,5.9157816426925275e-5,7.954681611325487e-5,0.00010696485549984067,0.00014383549143090853,0.0001934180383114941,0.00026009584336575246,0.00034976403488703664,0.00047035109574695386,0.0006325204788084855,0.0008506144874830223,0.0011439241812370585,0.0015383980776614663,0.0020689417000449763,0.002782512722917845,0.003742288197317393,0.005033277512341062,0.006769887655388659,0.009106112521818886,0.01224932060455259,0.01647886361564951,0.02217127810671926,0.0298343728384678,0.04015437855059737,0.05406067271818019,0.0728170428066322,0.09815479854502375,0.13248076980851034,0.17924626494222037,0.24377223811784277,0.33590828848914395,0.48473477728104336,0.9999996310024319]}