{"taus":[0.2,0.4,0.6000000000000001,0.8,1.0,1.2000000000000002,1.4000000000000001,1.6,1.8,2.0,2.2,2.4000000000000004,2.6,2.8000000000000003,3.0,3.2,3.4000000000000004,3.6,3.8000000000000003,4.0,4.2,4.4,4.6000000000000005,4.800000000000001,5.0,5.2,5.4,5.6000000000000005,5.800000000000001,6.0,6.2,6.4,6.6000000000000005,6.800000000000001,7.0,7.2,7.4,7.6000000000000005,7.800000000000001,8.0,8.200000000000001,8.4,8.6,8.8,9.0,9.200000000000001,9.4,9.600000000000001,9.8,10.0,10.200000000000001],"bd":[2,4,2,4,4,8,8,16,16,32,32,60,60,60,60,60,60,60,60,60,60,60,60,60,60,60,60,60,60,60,60,60,60,60,60,60,60,60,60,60,60,60,60,60,60,60,60,60,60,60,60,60,60,60,60,60,60,60,60,60,60,60,60,60,60,60,60,60,60,60,60,60,60,60,60,60,60,60,60,60,60,60,60,60,60,60,60,60,60,60,60,60,60,60,32,32,16,16,8,8,4,4,2,1],"gtau":[7.905031330111747e-12,1.0695870734719868e-11,1.5775978271618943e-11,2.406258355189427e-11,3.736353877882568e-11,5.863087356490747e-11,9.270110074656152e-11,1.47307374345945e-10,2.3507021174338375e-10,3.7639636789441105e-10,6.046950054452765e-10,9.736966305273756e-10,1.5712851840817638e-9,2.540535429376993e-9,4.114971479489619e-9,6.679011401153097e-9,1.0852784443077462e-8,1.766032749518488e-8,2.8779948397210853e-8,4.696800304431254e-8,7.675908360221253e-8,1.2562499641334088e-7,2.0589638557619287e-7,3.379556941597715e-7,5.555531318127111e-7,9.146743891241513e-7,1.50836685366231e-6,2.491584847666576e-6,4.1229321981896465e-6,6.834981454261163e-6,1.1353078009120566e-5,1.8896729419843347e-5,3.1522239268962506e-5,5.270800928284968e-5,8.835934880738121e-5,0.00014854332405776609,0.0002505053485582449,0.00042395797393325314,0.0007201676853404222,0.0012297202097909163,0.002098504143472658,0.0036060201132945406,0.006232706698977129,0.010848016982203756,0.019042728964285615,0.03379710329183725,0.060874951348693376,0.1119768569379459,0.2128589173728555,0.42937875069122683,0.9999999999917959]}