{"taus":[0.1,0.2,0.30000000000000004,0.4,0.5,0.6000000000000001,0.7000000000000001,0.8,0.9,1.0,1.1],"bd":[2,4,2,4,4,8,8,16,16,20,20,20,20,20,20,20,16,16,8,8,4,4,2,1],"gtau":[0.0758701603003763,0.0800275040585628,0.0907286800192184,0.1076563841829276,0.1322470595046156,0.16740295497177216,0.21806709252692313,0.292701927313438,0.40669041927694255,0.5912315204055033,0.9241298396995797]}