{"taus":[0.2,0.4,0.6000000000000001,0.8,1.0,1.2000000000000002,1.4000000000000001,1.6,1.8,2.0,2.2,2.4000000000000004,2.6,2.8000000000000003,3.0,3.2,3.4000000000000004,3.6,3.8000000000000003,4.0,4.2,4.4,4.6000000000000005,4.800000000000001,5.0,5.2],"bd":[2,4,2,4,4,8,8,16,16,32,32,64,64,100,100,100,100,100,100,100,100,100,100,100,100,100,100,100,100,100,100,100,100,100,100,100,100,100,100,100,100,100,64,64,32,32,16,16,8,8,4,4,2,1],"gtau":[4.541431691304483e-5,4.795792173414037e-5,5.8628840057345045e-5,7.621816595566809e-5,0.0001025976216109303,0.00014132392613786505,0.0001979598367432732,0.0002809449889263252,0.0004030316618812916,0.000583535900240617,0.0008518583997679139,0.0012529963244775001,0.0018562685629739868,0.002769226685964018,0.0041600916877449455,0.00629443867234654,0.009596123243060424,0.014750441821961056,0.02288367582738175,0.035885386009763764,0.05701480008243467,0.09211604282600534,0.15229213602579494,0.2607016400969852,0.47455335693380535,0.9999545856829721]}