{"taus":[0.05,0.1,0.15000000000000002,0.2,0.25,0.30000000000000004,0.35000000000000003,0.4,0.45,0.5,0.55,0.6000000000000001,0.65,0.7000000000000001,0.75,0.8,0.8500000000000001,0.9,0.9500000000000001,1.0,1.05,1.1,1.1500000000000001,1.2000000000000002,1.25,1.3,1.35,1.4000000000000001,1.4500000000000002,1.5,1.55,1.6,1.6500000000000001,1.7000000000000002,1.75,1.8,1.85,1.9000000000000001,1.9500000000000002,2.0,2.0500000000000003,2.1,2.15,2.2,2.25,2.3000000000000003,2.35,2.4000000000000004,2.45,2.5,2.5500000000000003,2.6,2.6500000000000004,2.7,2.75,2.8000000000000003,2.85,2.9000000000000004,2.95,3.0,3.0500000000000003,3.1,3.1500000000000004,3.2,3.25,3.3000000000000003,3.35,3.4000000000000004,3.45,3.5,3.5500000000000003,3.6,3.6500000000000004,3.7,3.75,3.8000000000000003,3.85,3.9000000000000004,3.95,4.0,4.05,4.1000000000000005,4.15,4.2,4.25,4.3,4.3500000000000005,4.4,4.45,4.5,4.55,4.6000000000000005,4.65,4.7,4.75,4.800000000000001,4.8500000000000005,4.9,4.95,5.0,5.050000000000001,5.1000000000000005,5.15,5.2,5.25,5.300000000000001,5.3500000000000005,5.4,5.45,5.5,5.550000000000001,5.6000000000000005,5.65,5.7,5.75,5.800000000000001,5.8500000000000005,5.9,5.95,6.0,6.050000000000001,6.1000000000000005,6.15,6.2,6.25,6.300000000000001,6.3500000000000005,6.4,6.45,6.5,6.550000000000001,6.6000000000000005,6.65,6.7,6.75,6.800000000000001,6.8500000000000005,6.9,6.95,7.0,7.050000000000001,7.1000000000000005,7.15,7.2,7.25,7.300000000000001,7.3500000000000005,7.4,7.45,7.5,7.550000000000001,7.6000000000000005,7.65,7.7,7.75,7.800000000000001,7.8500000000000005,7.9,7.95,8.0,8.05,8.1,8.15,8.200000000000001,8.25,8.3,8.35,8.4,8.450000000000001,8.5,8.55,8.6,8.65,8.700000000000001,8.75,8.8,8.85,8.9,8.950000000000001,9.0,9.05,9.1,9.15,9.200000000000001,9.25,9.3,9.35,9.4,9.450000000000001,9.5,9.55,9.600000000000001,9.65,9.700000000000001,9.75,9.8,9.850000000000001,9.9,9.950000000000001,10.0,10.05],"bd":[2,4,2,4,4,8,8,16,16,32,32,64,64,120,120,120,120,120,120,120,120,120,120,120,120,120,120,120,120,120,120,120,120,120,120,120,120,120,120,120,120,120,120,120,120,120,120,120,120,120,120,120,120,120,120,120,120,120,120,120,120,120,120,120,120,120,120,120,120,120,120,120,120,120,120,120,120,120,120,120,120,120,120,120,120,120,120,120,120,120,120,120,120,120,120,120,120,120,120,120,120,120,120,120,120,120,120,120,120,120,120,120,120,120,120,120,120,120,120,120,120,120,120,120,120,120,120,120,120,120,120,120,120,120,120,120,120,120,120,120,120,120,120,120,120,120,120,120,120,120,120,120,120,120,120,120,120,120,120,120,120,120,120,120,120,120,120,120,120,120,120,120,120,120,120,120,120,120,120,120,120,120,120,120,120,120,120,120,120,120,120,120,120,120,120,120,120,120,120,120,120,120,120,120,120,120,120,120,120,120,120,120,120,120,120,120,120,120,120,120,120,120,120,120,120,120,120,120,120,120,120,120,120,120,120,120,120,120,120,120,120,120,120,120,120,120,120,120,120,120,120,120,120,120,120,120,120,120,120,120,120,120,120,120,120,120,120,120,120,120,120,120,120,120,120,120,120,120,120,120,120,120,120,120,120,120,120,120,120,120,120,120,120,120,120,120,120,120,120,120,120,120,120,120,120,120,120,120,120,120,120,120,120,120,120,120,120,120,120,120,120,120,120,120,120,120,120,120,120,120,120,120,120,120,120,120,120,120,120,120,120,120,120,120,120,120,120,120,120,120,120,120,120,120,120,120,120,120,120,120,120,120,120,120,120,120,120,120,120,120,120,120,120,120,120,120,120,120,120,120,120,120,120,120,120,120,120,120,120,120,120,120,64,64,32,32,16,16,8,8,4,4,2,1],"gtau":[0.9999999999861471,0.7933568747099408,0.642313078445787,0.5272683089451816,0.4371934621151963,0.36527439920642935,0.3070118709993471,0.2592841048310681,0.21984192952229337,0.18701574201973045,0.15953672559838217,0.13642202187423966,0.11689516599032299,0.10035333164456736,0.08629155310499206,0.07430704193351877,0.06406964995571385,0.05530708453871965,0.04779341589200391,0.041340312862895544,0.035790080790892666,0.03101017568410303,0.026888863956722218,0.023331713659174882,0.020258498203335,0.01760041710434233,0.01529978496453562,0.013307047849061178,0.01157977701271533,0.010081610422297462,0.008781348372606327,0.007652218106035281,0.00667116005540006,0.005818333071674433,0.005076630992517438,0.004431288524980457,0.00386954601369565,0.003380378779470921,0.0029542451248705777,0.0025828594724990757,0.002259005663936935,0.0019771426209942823,0.0017300058845240098,0.0015137800149842356,0.0013247126877803136,0.0011594349635771972,0.0010149636254875188,0.0008886729159071536,0.0007782609052659831,0.0006817143872300315,0.0005972750764272569,0.0005234085767014278,0.00045877616950731686,0.00040220963840643405,0.00035269071617491707,0.0003093313126572919,0.00027135658562807646,0.00023809036150577423,0.00020894241766273054,0.00018339741753522413,0.00016100529828236857,0.00014137288601212254,0.00012415660813402805,0.00010905614107578316,9.580889989212437e-5,8.418523586252407e-5,7.398425829367596e-5,6.50301931731901e-5,5.716921140500997e-5,5.026664650921156e-5,4.420457736883172e-5,3.887972544081923e-5,3.4201627714706406e-5,3.009103549987232e-5,2.647850879077021e-5,2.330318622646404e-5,2.0511711705970058e-5,1.8057298275390278e-5,1.5898911120446386e-5,1.400055384426343e-5,1.2330644426641765e-5,1.0861469186324674e-5,9.568704790803493e-6,8.430999826412015e-6,7.4296084890168235e-6,6.548069951962395e-6,5.771927091639555e-6,5.088480716737105e-6,4.486574033570654e-6,3.956403774075702e-6,3.48935463658198e-6,3.0778541419359106e-6,2.715245372450916e-6,2.395675376940567e-6,2.1139973275651803e-6,1.8656846907932865e-6,1.6467556064445089e-6,1.4537071331824213e-6,1.2834570888325737e-6,1.1332931129435428e-6,1.000827958372232e-6,8.839602212732985e-7,7.808398519879657e-7,6.898378627426777e-7,6.095197150120947e-7,5.386219354465563e-7,4.7603156537611584e-7,4.207680976354281e-7,3.7196759727493523e-7,3.28868740150806e-7,2.9080053604073325e-7,2.5717153151388866e-7,2.274603129156268e-7,2.0120715171821856e-7,1.780066538922901e-7,1.5750129172132802e-7,1.3937571132337375e-7,1.2335172212976249e-7,1.0918388598795306e-7,9.665563357335222e-8,8.557584460876356e-8,7.577583609177457e-8,6.710670950134135e-8,5.943701386567915e-8,5.265068681333482e-8,4.664524030571055e-8,4.1330161767493247e-8,3.6625504834267566e-8,3.2460647232827776e-8,2.8773195645544285e-8,2.550802006228575e-8,2.2616402296901073e-8,2.0055285024620817e-8,1.7786609389321936e-8,1.5776730670086844e-8,1.3995902744461882e-8,1.2417823189896185e-8,1.1019231848456467e-8,9.779556469313186e-9,8.680599005110371e-9,7.706261337703692e-9,6.842300320920023e-9,6.076112615222553e-9,5.396544613197982e-9,4.793724481408437e-9,4.25891380375368e-9,3.78437658237845e-9,3.3632633806249916e-9,2.989508971814449e-9,2.6577417703091168e-9,2.363204149504198e-9,2.101681823641865e-9,1.8694412354769663e-9,1.663174287667547e-9,1.479949439053105e-9,1.3171685323855928e-9,1.1725285817561085e-9,1.0439879358958265e-9,9.29736331920162e-10,8.2816835594012e-10,7.378599050183179e-10,6.575473138580178e-10,5.861087482697459e-10,5.225475873627681e-10,4.659774762503846e-10,4.1560872839662743e-10,3.7075523412457314e-10,3.3091201871511993e-10,2.9539269229141716e-10,2.6378038242019443e-10,2.356517243071676e-10,2.1061544032416567e-10,1.883222602749468e-10,1.6846357077908397e-10,1.507671003681905e-10,1.3499259661787129e-10,1.2092758761052759e-10,1.0838392804665881e-10,9.719484839628916e-11,8.721238977573651e-11,7.830524999501923e-11,7.035677937697734e-11,6.326353554791906e-11,5.693286409584035e-11,5.128300061730807e-11,4.624111357160662e-11,4.174254582250276e-11,3.7729911620276965e-11,3.4152363897329865e-11,3.096490274019165e-11,2.8128407738456647e-11,2.5607420062477177e-11,2.3371577794772747e-11,2.1395491083984187e-11,1.965779045220099e-11,1.8141659458222254e-11,1.683565851933864e-11,1.5735356911340424e-11,1.4846797667738252e-11,1.4193981379176519e-11,1.3837143851638007e-11]}