{"taus":[0.2,0.4,0.6000000000000001,0.8,1.0,1.2000000000000002,1.4000000000000001,1.6,1.8,2.0,2.2,2.4000000000000004,2.6,2.8000000000000003,3.0,3.2,3.4000000000000004,3.6,3.8000000000000003,4.0,4.2,4.4,4.6000000000000005,4.800000000000001,5.0,5.2,5.4,5.6000000000000005,5.800000000000001,6.0,6.2,6.4,6.6000000000000005,6.800000000000001,7.0,7.2,7.4,7.6000000000000005,7.800000000000001,8.0,8.200000000000001,8.4,8.6,8.8,9.0,9.200000000000001,9.4,9.600000000000001,9.8,10.0,10.200000000000001],"bd":[1,1,1,2,2,4,4,8,8,16,16,32,32,64,64,128,120,140,139,140,140,140,139,140,140,140,139,140,139,140,140,140,139,140,140,140,139,140,139,140,140,140,140,140,140,140,140,140,140,140,140,140,140,140,139,140,140,140,140,140,140,140,139,140,140,140,140,140,140,140,140,140,140,140,140,140,139,140,140,140,140,140,139,140,139,140,139,140,127,128,64,64,32,32,16,16,8,8,4,4,2,2,1,1],"gtau":[5.868198217761233e-19,7.262187425043442e-19,1.630804746386875e-18,3.6779625723010316e-18,8.414011789446164e-18,1.9348068326130912e-17,4.46073719655342e-17,1.029911834091262e-16,2.3799407812791805e-16,5.502605012040408e-16,1.2727041327770673e-15,2.944387779121423e-15,6.813024580887089e-15,1.5766734176709405e-14,3.649105299381479e-14,8.446254198284475e-14,1.9550954316445923e-13,4.5257721834009175e-13,1.0476941916674694e-12,2.4254408234557187e-12,5.615119679216567e-12,1.299983872900353e-11,3.009721936126084e-11,6.968245305731334e-11,1.6133500406683283e-10,3.735438620264648e-10,8.648930018522158e-10,2.0025854880475425e-9,4.6369017749293275e-9,1.0736768893511592e-8,2.486160424844336e-8,5.7569955108090504e-8,1.333139779951175e-7,3.0872446016416193e-7,7.149657969122986e-7,1.6558569000694004e-6,3.835214510973881e-6,8.883704486485391e-6,2.058011871532375e-5,4.768347167883861e-5,0.00011050428597121921,0.0002561651266792167,0.0005940891918476641,0.001378720536813052,0.003203133290966429,0.007455802656678199,0.017416672671633247,0.0409968996127694,0.09840886586075775,0.2527862836417946,0.999999999999983]}