{"gf":[0.2689414213699951,0.27613912246989203,0.2843100115777415,0.29350027628647585,0.30376810870243026,0.3151841630979163,0.32783234617798546,0.3418109405163022,0.3572340794082522,0.37423360838553665,0.39296138648712264,0.413592100554206,0.4363266898980483,0.46139650858176773,0.4890683907140014,0.519650833887353,0.553501581825766,0.5910369760152239,0.6327435671464311,0.6791926447390966,0.7310585786300049],"ts":[0.0,0.05,0.1,0.15000000000000002,0.2,0.25,0.30000000000000004,0.35000000000000003,0.4,0.45,0.5,0.55,0.6000000000000001,0.65,0.7000000000000001,0.75,0.8,0.8500000000000001,0.9,0.9500000000000001,1.0]}