{"taus":[0.2,0.4,0.6000000000000001,0.8,1.0,1.2000000000000002,1.4000000000000001,1.6,1.8,2.0,2.2,2.4000000000000004,2.6,2.8000000000000003,3.0,3.2,3.4000000000000004,3.6,3.8000000000000003,4.0,4.2,4.4,4.6000000000000005,4.800000000000001,5.0,5.2,5.4,5.6000000000000005,5.800000000000001,6.0,6.2,6.4,6.6000000000000005,6.800000000000001,7.0,7.2,7.4,7.6000000000000005,7.800000000000001,8.0,8.200000000000001,8.4,8.6,8.8,9.0,9.200000000000001,9.4,9.600000000000001,9.8,10.0,10.200000000000001],"bd":[1,1,1,2,2,4,4,8,8,16,16,32,32,64,64,120,120,120,120,120,120,120,120,120,120,120,120,120,120,120,120,120,120,120,120,120,120,120,120,120,120,120,120,120,120,120,120,120,120,120,120,120,120,120,120,120,120,120,120,120,120,120,120,120,120,120,120,120,120,120,120,120,120,120,120,120,120,120,120,120,120,120,120,120,120,120,120,120,120,120,64,64,32,32,16,16,8,8,4,4,2,2,1,1],"gtau":[1.5117082427990746e-5,8.096972609737135e-6,7.544030565407543e-6,7.504560509198784e-6,7.902549815956494e-6,8.598581094932687e-6,9.573942393504121e-6,1.0845130499982221e-5,1.2451571370759404e-5,1.445198706987709e-5,1.692615057606829e-5,1.9976931004973794e-5,2.3732984843170363e-5,2.8359257496641848e-5,3.4063475816278944e-5,4.1110707740638364e-5,4.983749369520187e-5,6.066438580554701e-5,7.411880556676643e-5,9.08771647316421e-5,0.00011180926401157054,0.0001380107377304282,0.00017089492087618032,0.00021227253960671134,0.0002644752505062044,0.00033051511526432974,0.0004143073073222279,0.0005209339706120545,0.0006570376137849919,0.0008313338285020922,0.0010553086482574271,0.0013441744837509593,0.001718186320385909,0.002204480135901044,0.002839658049451774,0.0036734773459524235,0.004774153473365053,0.0062361532682505974,0.008191806934815365,0.010828975531465718,0.01441873925396647,0.01935981236349491,0.026252673452098398,0.036028672607618245,0.05018745040307794,0.07126485704892886,0.10384082573405978,0.15698814152626728,0.2513290835345642,0.4455406127583349,0.9999848829175699]}