{"gf":[0.3775406687981454,0.3775599301401999,0.37761768907600635,0.37771391750370775,0.37784860000358,0.3780217338074593,0.3782333287756065,0.37848340738097586,0.3787720047008552,0.3790991684158587,0.3794649588162532,0.37986944881561163,0.38031272397178856,0.3807948825152185,0.3813160353845521,0.38187630626964,0.3824758316618892,0.38311476091201996,0.383793256295256,0.3845114930839914,0.38526965962797993,0.3860679574420991,0.3869066013017526,0.3877858193459746,0.3887058531883099,0.38966695803555124,0.3906694028144177,0.39171347030627135,0.39279945728996757,0.3939276746929513,0.39509844775071035,0.3963121161747089,0.3975690343289298,0.3988695714151621,0.4002141116671792,0.4016030545539574,0.40303681499209687,0.4045158235676124,0.40604052676726937,0.40761138721965207,0.40922888394615453,0.41089351262210105,0.41260578584820257,0.4143662334325752,0.41617540268354636,0.4180338587134942,0.41994218475396616,0.42190098248234087,0.4239108723603036,0.42597249398441783,0.42808650644908863,0.43025358872222097,0.43247444003389274,0.43474978027837147,0.43708035042981846,0.43946691297203494,0.44191025234262127,0.4444111753919313,0.4469705118572214,0.44958911485240527,0.45226786137384434,0.4550076528226171,0.45780941554372745,0.46067410138273196,0.4636026882602768,0.4665961807650625,0.469655610765765,0.4727820380424667,0.47597655093816565,0.4792402670309607,0.4825743338275194,0.4859799294784713,0.48945826351638017,0.4930105776169833,0.4966381463843991,0.5003422781610434,0.5041243158630074,0.5079856378416919,0.5119276587725035,0.5159518305714694,0.5200596433406377,0.524252626343175,0.528532349009103,0.532900421972641,0.5373584981421778,0.5419082738039059,0.5465514897602101,0.5512899325039357,0.5561254354296984,0.5610598800834441,0.566095197451514,0.5712333692905089,0.5764764294993021,0.5818264655345942,0.5872856198714556,0.5928560915103593,0.598540137532257,0.6043400747033134,0.6102582811309687,0.6162971979730681,0.6224593312018546],"ts":[0.0,0.005,0.01,0.015,0.02,0.025,0.03,0.035,0.04,0.045,0.05,0.055,0.06,0.065,0.07,0.075,0.08,0.085,0.09,0.095,0.1,0.105,0.11,0.115,0.12,0.125,0.13,0.135,0.14,0.145,0.15,0.155,0.16,0.165,0.17,0.17500000000000002,0.18,0.185,0.19,0.195,0.2,0.20500000000000002,0.21,0.215,0.22,0.225,0.23,0.23500000000000001,0.24,0.245,0.25,0.255,0.26,0.265,0.27,0.275,0.28,0.28500000000000003,0.29,0.295,0.3,0.305,0.31,0.315,0.32,0.325,0.33,0.335,0.34,0.34500000000000003,0.35000000000000003,0.355,0.36,0.365,0.37,0.375,0.38,0.385,0.39,0.395,0.4,0.405,0.41000000000000003,0.41500000000000004,0.42,0.425,0.43,0.435,0.44,0.445,0.45,0.455,0.46,0.465,0.47000000000000003,0.47500000000000003,0.48,0.485,0.49,0.495,0.5]}