{"taus":[0.2,0.4,0.6000000000000001,0.8,1.0,1.2000000000000002,1.4000000000000001,1.6,1.8,2.0,2.2,2.4000000000000004,2.6,2.8000000000000003,3.0,3.2,3.4000000000000004,3.6,3.8000000000000003,4.0,4.2,4.4,4.6000000000000005,4.800000000000001,5.0,5.2,5.4,5.6000000000000005,5.800000000000001,6.0,6.2,6.4,6.6000000000000005,6.800000000000001,7.0,7.2,7.4,7.6000000000000005,7.800000000000001,8.0,8.200000000000001,8.4,8.6,8.8,9.0,9.200000000000001,9.4,9.600000000000001,9.8,10.0,10.200000000000001],"bd":[2,4,2,4,4,8,8,16,16,32,32,64,64,100,98,100,100,100,100,100,100,100,100,100,100,100,100,100,100,100,100,100,100,100,100,100,100,100,100,100,100,100,100,100,100,100,100,100,100,100,100,100,100,100,100,100,100,100,100,100,100,100,100,100,100,100,100,100,100,100,100,100,100,100,100,100,100,100,100,100,100,100,100,100,100,100,100,100,100,100,98,100,64,64,32,32,16,16,8,8,4,4,2,1],"gtau":[7.298439102585523e-15,5.96133651647867e-16,-2.4244324178933223e-15,-1.5666215407366595e-15,-6.26156569334138e-16,-5.27858873648281e-17,2.7112928726142805e-15,2.785292369184602e-15,-2.8369635744439966e-15,-1.278310943086772e-15,-4.325208463846108e-17,9.58676056552004e-16,3.373681117466214e-15,1.0954236148893754e-15,-5.944931922902759e-16,1.0214384521187898e-15,2.1212186938918232e-15,1.511223357938903e-15,4.452718851306718e-15,2.029683484299163e-14,5.799934623529301e-14,1.535236673176705e-13,4.1801020653074454e-13,1.1385080410245886e-12,3.0953184830869237e-12,8.415876704727059e-12,2.2878120319148995e-11,6.220458665460166e-11,1.6913424882457327e-10,4.598615210309581e-10,1.2503389057514833e-9,3.3996330504411072e-9,9.243543325037343e-9,2.513354530653857e-8,6.834045953768716e-8,1.8582933681862231e-7,5.053199825816783e-7,1.3741672109185907e-6,3.7371555094588965e-6,1.0164418076723392e-5,2.7649079528043695e-5,7.522514568231932e-5,0.0002047259103366419,0.0005574176847141893,0.0015188481907882126,0.004143904639786181,0.011333369159326697,0.031155868980131486,0.08677407027461251,0.25283938040311993,1.0000000000000748]}