{"gf":[0.000552778636923601,0.0005282806107180445,0.0005844276154883771,0.000687489023087611,0.0008373826104900777,0.0010437064557934064,0.0013228566140151042,0.0016987400494641541,0.0022050210337231186,0.00288874640169357,0.0038157280016080128,0.00507842727278693,0.006807545534082786,0.009189225297156324,0.01249091551993095,0.01710090648018952,0.02358999395054809,0.032810121429501765,0.046057325581182085,0.0653523565477951,0.09395146107035722,0.13734909291235306,0.20546805752357739,0.3182628628968461,0.5241994927598971,0.9994472213630764],"ts":[0.0,0.2,0.4,0.6000000000000001,0.8,1.0,1.2000000000000002,1.4000000000000001,1.6,1.8,2.0,2.2,2.4000000000000004,2.6,2.8000000000000003,3.0,3.2,3.4000000000000004,3.6,3.8000000000000003,4.0,4.2,4.4,4.6000000000000005,4.800000000000001,5.0]}