{"ns":[-1.1321670852947234,-1.128937499421319,-1.1414978471126511,-1.146996871103265,-1.1476110935564325,-1.1463431883461423,-1.144352143734112,-1.1420281967878538,-1.1395562795561451,-1.1370409565231316,-1.1344700258313496,-1.1318403667530574,-1.1291569141117435,-1.126425927960336,-1.1236509890365918,-1.1208316613155387,-1.1179686956163113,-1.1150614785610802,-1.1121103041213696,-1.109120993605839,-1.1061142036821612,-1.103059578903496,-1.0999713257136219,-1.0968412594802852,-1.0936801945823966,-1.0904812488864353,-1.0872459488469817,-1.0839804767603627,-1.080679644782287,-1.077343735492859,-1.073973062663725,-1.0705677020201638,-1.067128376109131,-1.0636544323417885,-1.0601492412524278,-1.0566141553374666,-1.0530434305431013,-1.049440804217128,-1.045807433637739,-1.0421451644823165,-1.0384501481057025,-1.034731404072212,-1.030986307752032,-1.0272135633767367,-1.0234067642190077,-1.0195740329314669,-1.0157091492988153,-1.0118202620533208,-1.007904247394296,-1.0039619791745837],"taus":[0.1,0.2,0.30000000000000004,0.4,0.5,0.6000000000000001,0.7000000000000001,0.8,0.9,1.0,1.1,1.2000000000000002,1.3,1.4000000000000001,1.5,1.6,1.7000000000000002,1.8,1.9000000000000001,2.0,2.1,2.2,2.3000000000000003,2.4000000000000004,2.5,2.6,2.7,2.8000000000000003,2.9000000000000004,3.0,3.1,3.2,3.3000000000000003,3.4000000000000004,3.5,3.6,3.7,3.8000000000000003,3.9000000000000004,4.0,4.1000000000000005,4.2,4.3,4.4,4.5,4.6000000000000005,4.7,4.800000000000001,4.9,5.0,5.1000000000000005],"bd":[2,4,2,4,4,8,8,16,16,32,32,60,60,60,60,60,60,60,60,60,60,60,60,60,60,60,60,60,60,60,60,60,60,60,60,60,60,60,60,60,60,60,60,60,60,60,60,60,60,60,60,60,60,60,60,60,60,60,60,60,60,60,60,60,60,60,60,60,60,60,60,60,60,60,60,60,60,60,60,60,60,60,60,60,60,60,60,60,60,60,60,60,60,60,60,60,60,60,60,60,60,60,60,120,120,120,120,120,120,120,120,120,120,120,120,120,120,120,120,120,120,120,120,120,120,120,120,120,120,120,120,120,120,120,120,120,120,120,120,120,120,120,120,120,120,120,120,120,120,120,120,120,120,120,120,120,120,120,120,120,120,120,120,120,120,120,120,120,120,120,120,120,120,120,120,120,120,120,120,120,120,120,120,120,120,120,120,120,120,120,120,120,120,120,120,120,120,120,120,120,120,120,120,120,120,120,120,120,120,120,120,120,120,120,120,120,120,120,120,120,120,120,120,120,120,120,120,120,120,120,120,120,120,120,120,120,120,120,120,120,120,120,120,120,120,120,120,120,120,120,120,120,120,120,120,120,120,120,120,120,120,120,120,120,120,120,120,120,120,120,120,120,120,120,120,120,120,120,120,120,120,120,120,120,120,120,120,120,120,120,120,120,120,120,120,64,32,32,32,16,8,8,8,4,2,4,2,1],"lt":[{"re":-0.36791262060815766,"im":1.1321670852947234},{"re":-0.7949838845337763,"im":0.7886931056741957},{"re":-0.9254510048658193,"im":0.3709072887770012},{"re":-0.8814987399175341,"im":0.03727496085979044},{"re":-0.7630380769642856,"im":-0.2041162156193727},{"re":-0.6126828195529449,"im":-0.37188311097144333},{"re":-0.44956610666845287,"im":-0.48021473276027327},{"re":-0.2850632537258511,"im":-0.5385407316190925},{"re":-0.12746533349076822,"im":-0.5541225163248926},{"re":0.01666180051863215,"im":-0.5334469629576287},{"re":0.14203611329931992,"im":-0.4828949284737595},{"re":0.24464544003823233,"im":-0.40893930369174564},{"re":0.3217434959731222,"im":-0.31825145510921365},{"re":0.3719451164873302,"im":-0.2175465161357866},{"re":0.39522773734014044,"im":-0.11335515294815911},{"re":0.3928654872192922,"im":-0.011788356433166619},{"re":0.3673123967160799,"im":0.0816932760566096},{"re":0.32202395476194334,"im":0.16249281406001834},{"re":0.26123630359390493,"im":0.2270490027334418},{"re":0.1897065847786544,"im":0.2729612128941731},{"re":0.11242476923361777,"im":0.29904967033326824},{"re":0.03433575230945002,"im":0.30532825215628645},{"re":-0.03993412759786491,"im":0.292924528130378},{"re":-0.10631142463906738,"im":0.263967913987532},{"re":-0.16147417765822927,"im":0.22140679278615735},{"re":-0.2029850800535976,"im":0.16872360892869046},{"re":-0.22939538811900526,"im":0.10978322046815443},{"re":-0.24021751029149707,"im":0.048515444652386434},{"re":-0.23594544727269048,"im":-0.011273602764250138},{"re":-0.21791712212652967,"im":-0.06614550793245305},{"re":-0.18813624145062802,"im":-0.11319528573726723},{"re":-0.1492225530617003,"im":-0.15016678068471498},{"re":-0.10414684812104742,"im":-0.1755778657666155},{"re":-0.05602471792048033,"im":-0.18872625982001034},{"re":-0.007934263470552337,"im":-0.18969415179424398},{"re":0.037263359617698014,"im":-0.1792777222216579},{"re":0.07707707571627523,"im":-0.15889445545393885},{"re":0.10951026957521987,"im":-0.13045678235858185},{"re":0.1331446516415813,"im":-0.0962235247079378},{"re":0.14718570624514743,"im":-0.05864320409981615},{"re":0.1514669708500633,"im":-0.020191455639219178},{"re":0.14641842868523264,"im":0.01677544370271166},{"re":0.13298637211115172,"im":0.05016153287940544},{"re":0.11255527581813876,"im":0.07821867478208201},{"re":0.08682726112116895,"im":0.09963573380184454},{"re":0.05772623619652821,"im":0.11360128349595872},{"re":0.02723683383924902,"im":0.11981628444519324},{"re":-0.002727773636810074,"im":0.11846718562980507},{"re":-0.030430529011120942,"im":0.11017236265488678},{"re":-0.05439416976590541,"im":0.09591123057644574},{"re":-0.07346091535001328,"im":0.07693984600197526}],"gtau":[{"re":2.972754414415555e-6,"im":9.897427148112473e-7},{"re":3.2641627265793673e-6,"im":1.086004896141107e-6},{"re":3.7558479977409366e-6,"im":1.2442697251601473e-6},{"re":4.430187010988199e-6,"im":1.4609114242308372e-6},{"re":5.3087460524514485e-6,"im":1.7436660693303602e-6},{"re":6.432340140572949e-6,"im":2.106126212320754e-6},{"re":7.858069721293344e-6,"im":2.5676753571203954e-6},{"re":9.661289111376091e-6,"im":3.1536201056063377e-6},{"re":1.1939688007799743e-5,"im":3.8963798648443575e-6},{"re":1.4819066882958175e-5,"im":4.83735932407456e-6},{"re":1.846103948026522e-5,"im":6.029482630690986e-6},{"re":2.307314429996533e-5,"im":7.54051964869347e-6},{"re":2.8922030918429277e-5,"im":9.457400300369923e-6},{"re":3.635063600499509e-5,"im":1.1891808203818804e-5},{"re":4.580057580115216e-5,"im":1.4987450915738226e-5},{"re":5.784137010104899e-5,"im":1.8929525782094195e-5},{"re":7.320863828191995e-5,"im":2.3957076887851982e-5},{"re":9.285410523644353e-5,"im":3.0379153521633226e-5},{"re":0.00011801120635494324,"im":3.859598880194407e-5},{"re":0.00015028132293339944,"im":4.912683698343425e-5},{"re":0.0001917474205064851,"im":6.264659633186148e-5},{"re":0.0002451241890830953,"im":8.003415949653234e-5},{"re":0.0003139570350967943,"im":0.00010243638493668416},{"re":0.00040288676090662116,"im":0.00013135305513158955},{"re":0.0005180027654585899,"im":0.00016875001815231224},{"re":0.0006673149882973979,"im":0.00021720999985455532},{"re":0.000861376374368408,"im":0.00028012898742482245},{"re":0.0011140869450820107,"im":0.0003619498336781449},{"re":0.0014437570523491295,"im":0.00046834751093023587},{"re":0.0018685030506372462,"im":0.0006062959572022851},{"re":0.0024263526304811197,"im":0.0007874349456568184},{"re":0.003156892808988452,"im":0.0010250547124617843},{"re":0.004116425237403701,"im":0.0013369855564970884},{"re":0.0053794051740261375,"im":0.0017478727946072493},{"re":0.00704572920205877,"im":0.0022907562207228056},{"re":0.009250253508419242,"im":0.00301011800549011},{"re":0.012175498409340894,"im":0.003966136044352155},{"re":0.01607015548582736,"im":0.005240591687304389},{"re":0.021274764830166628,"im":0.006945286563650659},{"re":0.02825936561562147,"im":0.009234009303254916},{"re":0.03767805770745942,"im":0.012319976703098793},{"re":0.05044906725714919,"im":0.01650192840071584},{"re":0.06787143430633319,"im":0.02220185499575916},{"re":0.0918248784229007,"im":0.029993193382680777},{"re":0.12511768303825552,"im":0.04080429803226064},{"re":0.17192936301160203,"im":0.05594040341092529},{"re":0.23879046017574523,"im":0.07746556687667411},{"re":0.33639962775816024,"im":0.10880758258494307},{"re":0.48363929343654827,"im":0.1561215953821657},{"re":0.7181487315518106,