{"taus":[0.05,0.1,0.15000000000000002,0.2,0.25,0.30000000000000004,0.35000000000000003,0.4,0.45,0.5,0.55,0.6000000000000001,0.65,0.7000000000000001,0.75,0.8,0.8500000000000001,0.9,0.9500000000000001,1.0,1.05,1.1,1.1500000000000001,1.2000000000000002,1.25,1.3,1.35,1.4000000000000001,1.4500000000000002,1.5,1.55,1.6,1.6500000000000001,1.7000000000000002,1.75,1.8,1.85,1.9000000000000001,1.9500000000000002,2.0,2.0500000000000003,2.1,2.15,2.2,2.25,2.3000000000000003,2.35,2.4000000000000004,2.45,2.5,2.5500000000000003,2.6,2.6500000000000004,2.7,2.75,2.8000000000000003,2.85,2.9000000000000004,2.95,3.0,3.0500000000000003,3.1,3.1500000000000004,3.2,3.25,3.3000000000000003,3.35,3.4000000000000004,3.45,3.5,3.5500000000000003,3.6,3.6500000000000004,3.7,3.75,3.8000000000000003,3.85,3.9000000000000004,3.95,4.0,4.05,4.1000000000000005,4.15,4.2,4.25,4.3,4.3500000000000005,4.4,4.45,4.5,4.55,4.6000000000000005,4.65,4.7,4.75,4.800000000000001,4.8500000000000005,4.9,4.95,5.0,5.050000000000001,5.1000000000000005,5.15,5.2,5.25,5.300000000000001,5.3500000000000005,5.4,5.45,5.5,5.550000000000001,5.6000000000000005,5.65,5.7,5.75,5.800000000000001,5.8500000000000005,5.9,5.95,6.0,6.050000000000001,6.1000000000000005,6.15,6.2,6.25,6.300000000000001,6.3500000000000005,6.4,6.45,6.5,6.550000000000001,6.6000000000000005,6.65,6.7,6.75,6.800000000000001,6.8500000000000005,6.9,6.95,7.0,7.050000000000001,7.1000000000000005,7.15,7.2,7.25,7.300000000000001,7.3500000000000005,7.4,7.45,7.5,7.550000000000001,7.6000000000000005,7.65,7.7,7.75,7.800000000000001,7.8500000000000005,7.9,7.95,8.0,8.05,8.1,8.15,8.200000000000001,8.25,8.3,8.35,8.4,8.450000000000001,8.5,8.55,8.6,8.65,8.700000000000001,8.75,8.8,8.85,8.9,8.950000000000001,9.0,9.05,9.1,9.15,9.200000000000001,9.25,9.3,9.35,9.4,9.450000000000001,9.5,9.55,9.600000000000001,9.65,9.700000000000001,9.75,9.8,9.850000000000001,9.9,9.950000000000001,10.0,10.05],"bd":[2,4,2,4,4,8,8,16,16,20,20,20,20,20,20,20,20,20,20,20,20,20,20,20,20,20,20,20,20,20,20,20,20,20,20,20,20,20,20,20,20,20,20,20,20,20,20,20,20,20,20,20,20,20,20,20,20,20,20,20,20,20,20,20,20,20,20,20,20,20,20,20,20,20,20,20,20,20,20,20,20,20,20,20,20,20,20,20,20,20,20,20,20,20,20,20,20,20,20,20,20,20,20,20,20,20,20,20,20,20,20,20,20,20,20,20,20,20,20,20,20,20,20,20,20,20,20,20,20,20,20,20,20,20,20,20,20,20,20,20,20,20,20,20,20,20,20,20,20,20,20,20,20,20,20,20,20,20,20,20,20,20,20,20,20,20,20,20,20,20,20,20,20,20,20,20,20,20,20,20,20,20,20,20,20,20,20,20,20,20,20,20,20,20,20,20,20,20,20,20,20,20,20,20,20,20,20,20,20,20,20,20,20,20,20,20,20,20,20,20,20,20,20,20,20,20,20,20,20,20,20,20,20,20,20,20,20,20,20,20,20,20,20,20,20,20,20,20,20,20,20,20,20,20,20,20,20,20,20,20,20,20,20,20,20,20,20,20,20,20,20,20,20,20,20,20,20,20,20,20,20,20,20,20,20,20,20,20,20,20,20,20,20,20,20,20,20,20,20,20,20,20,20,20,20,20,20,20,20,20,20,20,20,20,20,20,20,20,20,20,20,20,20,20,20,20,20,20,20,20,20,20,20,20,20,20,20,20,20,20,20,20,20,20,20,20,20,20,20,20,20,20,20,20,20,20,20,20,20,20,20,20,20,20,20,20,20,20,20,20,20,20,20,20,20,20,20,20,20,20,20,20,20,20,20,20,20,20,20,20,20,20,20,20,20,20,16,16,8,8,4,4,2,1],"gtau":[5.78757317413968e-12,6.280869076179409e-12,6.88608177708695e-12,7.603097787575241e-12,8.438905045926247e-12,9.402898194791863e-12,1.0508405680254625e-11,1.1769843183000138e-11,1.3204609219297001e-11,1.4831021777116236e-11,1.666611394556489e-11,1.872633353097547e-11,2.109097536499165e-11,2.3737989429223444e-11,2.680317009763753e-11,3.0279071211412157e-11,3.4222836226698096e-11,3.869630855635574e-11,4.3770108176051666e-11,4.9527889534362054e-11,5.606638240091495e-11,6.347206590064225e-11,7.188656287117489e-11,8.143191413050076e-11,9.227166965018e-11,1.0457516959895941e-10,1.1854173620368718e-10,1.343969706293502e-10,1.5240079322107565e-10,1.7284343222072732e-10,1.96057424843904e-10,2.224196938451356e-10,2.523588830787703e-10,2.8636273116303594e-10,3.249858112911802e-10,3.688575945007598e-10,4.1869445086787397e-10,4.75310237945733e-10,5.396303842438028e-10,6.12705266368458e-10,6.95730946733874e-10,7.900681219159186e-10,8.972609998690231e-10,1.019067439473823e-9,1.1574858942579525e-9,1.3147865775339184e-9,1.4935513731784053e-9,1.6967171997200255e-9,1.9276230842420387e-9,2.19006548556224e-9,2.4883611332391207e-9,2.827419764612267e-9,3.212825549475259e-9,3.650890444533848e-9,4.148888788893645e-9,4.7149996907659325e-9,5.35855286270064e-9,6.090162386282669e-9,6.921899228633606e-9,7.867490262860877e-9,8.942542607324822e-9,1.0164810214086882e-8,1.1554479745710716e-8,1.313451170993028e-8,1.4931020179599873e-8,1.697370377842383e-8,1.9296341794930113e-8,2.1937351292228857e-8,2.494042758886981e-8,2.835526726430047e-8,3.223839557325163e-8,3.665410535745847e-8,4.167552170768721e-8,4.73858218335321e-8,5.387961500833815e-8,6.12645084938043e-8,6.966290807981417e-8,7.92140453381005e-8,9.007631191735077e-8,1.0242982602638771e-7,1.1647952806255472e-7,1.3245852041203848e-7,1.5063196944940335e-7,1.713015110316846e-7,1.948102487175456e-7,2.2154855908971255e-7,2.519604856004155e-7,2.865511128118002e-7,3.258951259419205e-7,3.7064617579458853e-7,4.2154801993037567e-7,4.794466926227603e-7,5.45304708420591e-7,6.202171196803573e-7,7.054296623078845e-7,8.023596765572596e-7,9.126196571454909e-7,1.038044169355124e-6,1.1807204577450398e-6,1.3430233063564098e-6,1.5276545826894435e-6,1.7376884799994664e-6,1.9766227705266996e-6,2.2484372485771407e-6,2.5576602007331093e-6,2.909444169497456e-6,3.3096519800676577e-6,3.764954769881196e-6,4.282943657393703e-6,4.872256661649471e-6,5.542723372991244e-6,6.305529311447258e-6,7.173403446217194e-6,8.160831337750742e-6,9.284297936306199e-6,1.0562563854900094e-5,1.2016980148017648e-5,1.3671846459854805e-5,1.555481893928672e-5,1.7697374672910712e-5,2.0135340549554732e-5,2.2909495499423868e-5,2.6066256344183792e-5,2.965845889198578e-5,3.3746247562564075e-5,3.8398088700030496e-5,4.3691924818635456e-5,4.9716489491907066e-5,5.657280534395089e-5,6.437589077963698e-5,7.325670471404719e-5,8.336436253179383e-5,9.48686617164076e-5,0.00010796296020418216,0.00012286745741866808,0.00013983293458597165,0.00015914501915111623,0.00018112904729840454,0.00020615560920660223,0.00023464687376611838,0.00026708380338490736,0.0003040143854182135,0.0003460630250723051,0.0003939412655382423,0.0004484600252362441,0.0005105435697133519,0.0005812454674643833,0.0006617668157397359,0.0007534770644097572,0.0008579378144236619,0.0009769300237557465,0.0011124851181411007,0.0012669205787962752,0.0014428806657544237,0.0016433830355491962,0.0018718721278547228,0.0021322803299561226,0.002429098083248209,0.002767454275928473,0.003153208475682373,0.003593056807752675,0.004094653621051238,0.004666751731121923,0.005319364688810387,0.0060639479268420685,0.006913616205404363,0.007883391692144052,0.00899048507342189,0.01025462709073062,0.011698450104596305,0.013347930805504586,0.015232904602090248,0.01738766429174986,0.019851658204968908,0.022670306150901633,0.025895955417558226,0.029589004045065384,0.03381922487793117,0.03866733163605432,0.04422683752384246,0.050606270148814844,0.05793182296023742,0.06635054464575199,0.07603419689481201,0.0871839688763527,0.10003625316962617,0.11486979119355219,0.1320144678963647,0.15186256183742827,0.17488300217064634,0.20163919213422418,0.23281291583083047,0.2703809124614385,0.3139328496388968,0.3651830676961502,0.42592618454442066,0.49854177000171535,0.5862604596149625,0.6936803041162733,0.8277583084646335,0.9999999999944283]}