{"taus":[0.2,0.4,0.6000000000000001,0.8,1.0,1.2000000000000002,1.4000000000000001,1.6,1.8,2.0,2.2,2.4000000000000004,2.6,2.8000000000000003,3.0,3.2,3.4000000000000004,3.6,3.8000000000000003,4.0,4.2,4.4,4.6000000000000005,4.800000000000001,5.0,5.2],"bd":[2,4,2,4,4,8,8,16,16,32,32,60,60,60,60,60,60,60,60,60,60,60,60,60,60,60,60,60,60,60,60,60,60,60,60,60,60,60,60,60,60,60,60,60,32,32,16,16,8,8,4,4,2,1],"gtau":[3.677475275999567e-6,4.321241015102495e-6,5.863725859207369e-6,8.445967773823778e-6,1.2578969448615076e-5,1.9156120030207417e-5,2.9650137458309094e-5,4.648934111735129e-5,7.36868956489331e-5,0.00011789551899594668,0.0001902011839663901,0.0003091806212811723,0.000506202964481254,0.0008345698041014375,0.00138554666021575,0.002316766773106847,0.0039032224555687017,0.006630310609608224,0.011366986076479877,0.01969868495818532,0.03458638379249868,0.06175227087280726,0.11282455320561664,0.21344730990120891,0.42938864759468287,0.9999963225246963]}