{"gf":[0.07585818002124345,0.16740029578805035,0.9241418199787566],"ts":[0.0,0.5,1.0]}