{"taus":[0.2,0.4,0.6000000000000001,0.8,1.0,1.2000000000000002,1.4000000000000001,1.6,1.8,2.0,2.2,2.4000000000000004,2.6,2.8000000000000003,3.0,3.2,3.4000000000000004,3.6,3.8000000000000003,4.0,4.2,4.4,4.6000000000000005,4.800000000000001,5.0,5.2,5.4,5.6000000000000005,5.800000000000001,6.0,6.2,6.4,6.6000000000000005,6.800000000000001,7.0,7.2,7.4,7.6000000000000005,7.800000000000001,8.0,8.200000000000001,8.4,8.6,8.8,9.0,9.200000000000001,9.4,9.600000000000001,9.8,10.0,10.200000000000001],"bd":[2,4,2,4,4,8,8,16,16,32,32,64,64,80,80,80,80,80,80,80,80,80,80,80,80,80,80,80,80,80,80,80,80,80,80,80,80,80,80,80,80,80,80,80,80,80,80,80,80,80,80,80,80,80,80,80,80,80,80,80,80,80,80,80,80,80,80,80,80,80,80,80,80,80,80,80,80,80,80,80,80,80,80,80,80,80,80,80,80,80,80,80,64,64,32,32,16,16,8,8,4,4,2,1],"gtau":[1.0256640370285609e-11,1.304924529203341e-11,1.8319832353680016e-11,2.7185027995936224e-11,4.156117982501917e-11,6.446389936901804e-11,1.0094751581327787e-10,1.590747857051725e-10,2.5209374415374893e-10,4.010329107701801e-10,6.400069050908157e-10,1.0241364415365759e-9,1.6424498072295573e-9,2.6394917671886288e-9,4.250370418902462e-9,6.8587374712522505e-9,1.1093030104468977e-8,1.7972943458607086e-8,2.9177034846116135e-8,4.7457850975874565e-8,7.733643038208793e-8,1.262572003523281e-7,2.0650750685573702e-7,3.384077126463231e-7,5.556318602281721e-7,9.140971998459427e-7,1.5068519979495048e-6,2.4890507518439178e-6,4.119938673856682e-6,6.833591910059927e-6,1.135840513680389e-5,1.891947706772888e-5,3.1582464197780167e-5,5.284003131527526e-5,8.861693547772608e-5,0.00014900525512853287,0.00025125573064150485,0.0004249102996278596,0.0007208818399397038,0.0012274347688883435,0.0020988762658749782,0.003606809412097134,0.006233572657414628,0.010847749756725327,0.019039251583021003,0.03378501523943072,0.06084125280757799,0.11189579956323115,0.21267647066125855,0.42903095689984433,0.9999999999890337]}