{"ns":[-0.04735807849574364,-0.018993490102957512,-0.04250780906562274,-0.04426989703529428,-0.05260663672928864,-0.05940878723494008,-0.06755190328453624,-0.07516054162451445,-0.08526320011968347,-0.09502320253892155,-0.1057073897411728,-0.11841827842316643,-0.13192967513908568,-0.14629361070825,-0.16152858950571966,-0.17756603914399866,-0.19547012519869375,-0.21385362118718665,-0.23278752669166747,-0.2522554521793525,-0.2721186643094211,-0.2923248242811912,-0.3128358353860214,-0.3336281630427382,-0.35470313444822943,-0.37604994129101804,-0.39772518733424866,-0.419659701232719,-0.44184535618826787,-0.4642967646188103,-0.4870196888304689,-0.5099995012746708,-0.53348093775636,-0.5576238249820483,-0.5821362910778741,-0.6069251916863747,-0.6321021499466013,-0.6577431084785286,-0.6838555030041247,-0.7105045629488913,-0.7378617707419735,-0.7660872286406232,-0.7955381690718999,-0.8299658746630061,-0.8647687749737243,-0.9038437147421305,-0.9390223062930398,-0.966302423004707,-0.9938953338246103,-1.0004692467702303],"taus":[0.1,0.2,0.30000000000000004,0.4,0.5,0.6000000000000001,0.7000000000000001,0.8,0.9,1.0,1.1,1.2000000000000002,1.3,1.4000000000000001,1.5,1.6,1.7000000000000002,1.8,1.9000000000000001,2.0,2.1,2.2,2.3000000000000003,2.4000000000000004,2.5,2.6,2.7,2.8000000000000003,2.9000000000000004,3.0,3.1,3.2,3.3000000000000003,3.4000000000000004,3.5,3.6,3.7,3.8000000000000003,3.9000000000000004,4.0,4.1000000000000005,4.2,4.3,4.4,4.5,4.6000000000000005,4.7,4.800000000000001,4.9,5.0,5.1000000000000005],"bd":[2,4,2,4,4,8,8,16,16,20,20,20,20,20,20,20,20,20,20,20,20,20,20,20,20,20,20,20,20,20,20,20,20,20,20,20,20,20,20,20,20,20,20,20,20,20,20,20,20,20,20,20,20,20,20,20,20,20,20,20,20,20,20,20,20,20,20,20,20,20,20,20,20,20,20,20,20,20,20,20,20,20,20,20,20,20,20,20,20,20,20,20,20,20,20,20,20,20,20,20,20,20,10,20,10,18,20,10,10,19,20,19,17,20,20,20,18,20,20,19,17,19,20,20,17,20,20,20,18,20,20,20,18,20,20,20,19,20,20,19,18,20,20,19,18,20,20,19,18,20,20,19,18,20,20,19,18,20,20,19,18,20,20,19,18,20,20,19,18,20,20,19,18,20,20,19,18,20,20,19,18,20,20,19,18,20,20,19,18,20,20,19,18,20,20,19,18,20,20,19,18,20,20,19,18,20,20,19,18,20,20,19,18,20,20,19,18,20,20,19,18,20,20,19,18,20,20,19,18,20,20,19,18,20,20,19,18,20,20,19,18,20,20,19,18,20,20,19,18,20,20,19,18,20,20,19,18,20,20,19,18,20,20,19,18,20,20,19,18,20,20,19,18,20,20,19,18,20,20,19,18,20,20,20,19,20,20,19,19,20,20,19,18,20,20,19,17,19,20,16,8,8,8,4,2,4,2,1],"lt":[{"re":-0.3421733606253157,"im":0.04735807849574364},{"re":-0.30399139953351295,"im":-0.10905914420570582},{"re":-0.23436874314593734,"im":-0.18416030520093907},{"re":-0.15189055153690226,"im":-0.23122331688463152},{"re":-0.08093980147846205,"im":-0.2601153840111731},{"re":-0.013000660839535102,"im":-0.26337953020701843},{"re":0.047279395726940815,"im":-0.24973228291806518},{"re":0.09829355257976972,"im":-0.22285603784180824},{"re":0.13842970977399854,"im":-0.18550671107716074},{"re":0.16795460210989946,"im":-0.14440938201683748},{"re":0.18694202648019262,"im":-0.1001784655177991},{"re":0.19586506594434658,"im":-0.05488073477702128},{"re":0.19405673210379643,"im":-0.009470467209435481},{"re":0.18210518131978873,"im":0.03339553552418396},{"re":0.16241075491267412,"im":0.07085686219895423},{"re":0.13702282221208995,"im":0.10156644780832555},{"re":0.10774179321599459,"im":0.12494440781850492},{"re":0.07607432278486803,"im":0.1407425527814526},{"re":0.04348201940306455,"im":0.14910087965033791},{"re":0.011355451369686433,"im":0.1503575036916478},{"re":-0.019062955864706084,"im":0.1450786698858278},{"re":-0.04666647152323823,"im":0.1340102771752003},{"re":-0.07053093613133671,"im":0.11804945087153874},{"re":-0.08993992548636917,"im":0.09821152846691848},{"re":-0.10439939361508903,"im":0.0755895905615939},{"re":-0.1136456693220843,"im":0.05130975189982662},{"re":-0.11764410734169066,"im":0.026482868613633487},{"re":-0.11657689488937119,"im":0.002160708177442192},{"re":-0.110813396413678,"im":-0.020674984110642777},{"re":-0.10089044621407717,"im":-0.04118671416118312},{"re":-0.08747992654400813,"im":-0.058683896186768225},{"re":-0.07135887543794982,"im":-0.07263668900653691},{"re":-0.05336599165589185,"im":-0.0827013158239589},{"re":-0.03435755949520631,"im":-0.08871821335736602},{"re":-0.015188107023199894,"im":-0.09069218308190466},{"re":0.0033369099239105573,"im":-0.0888150418469064},{"re":0.020498233281738464,"im":-0.08342629559584293},{"re":0.03568600682621305,"im":-0.07498315868393544},{"re":0.04841003363423307,"im":-0.06403505935621358},{"re":0.058315183355532214,"im":-0.05119704104408455},{"re":0.06518486103779411,"im":-0.03712201665241616},{"re":0.06894476458279224,"im":-0.022472198574924364},{"re":0.06965554516856534,"im":-0.007899321290731641},{"re":0.06762451653307092,"im":0.005795500937590249},{"re":0.06348856409334283,"im":0.01806341805151725},{"re":0.05691119249699707,"im":0.029338947752939017},{"re":0.04805540371341347,"im":0.03897064382717743},{"re":0.037587533842519325,"im":0.046477352965729204},{"re":0.026435580590279995,"im":0.051475310473075346},{"re":0.015069939036636854,"im":0.054154914807919216},{"re":0.0040760315293400665,"im":0.053996262451926375}],"gtau":[{"re":1.446161980354062e-7,"im":2.1549884580861724e-6},{"re":2.1915612506726096e-7,"im":2.2396408291942512e-6},{"re":2.828194408020709e-7,"im":2.4576256680060185e-6},{"re":3.441114007879354e-7,"im":2.7867996140713064e-6},{"re":4.149334826419345e-7,"im":3.2320274170153393e-6},{"re":4.987821993168986e-7,"im":3.815686599477508e-6},{"re":5.97249407968804e-7,"im":4.568023321784361e-6},{"re":7.12560562802939e-7,"im":5.528263827565987e-6},{"re":8.476549992716099e-7,"im":6.7467963632671745e-6},{"re":1.0062995204421463e-6,"im":8.287875283682575e-6},{"re":1.1936355405130928e-6,"im":1.0234686276066607e-5},{"re":1.415557493385334e-6,"im":1.2691723494769448e-5},{"re":1.6788314313052422e-6,"im":1.5792104178323287e-5},{"re":1.9914352977143657e-6,"im":1.9704962205564913e-5},{"re":2.3624456158627463e-6,"im":2.464540340178067e-5},{"re":2.802234698113135e-6,"im":3.088712267674946e-5},{"re":3.3224092489550955e-6,"im":3.877844383384557e-5},{"re":3.935812947696181e-6,"im":4.876293670735225e-5},{"re":4.65619870744016e-6,"im":6.140568675632459e-5},{"re":5.497350158019965e-6,"im":7.742589789416272e-5},{"re":6.4724959241331946e-6,"im":9.774074840771516e-5},{"re":7.593418146571881e-6,"im":0.00012352137374279325},{"re":8.867740232245708e-6,"im":0.00015626561070934003},{"re":1.0295025297760272e-5,"im":0.00019789013575669667},{"re":1.1862419608446863e-5,"im":0.0002508508964480656},{"re":1.3536695015584564e-5,"im":0.0003182996343737976},{"re":1.5253672478247573e-5,"im":0.0004042878916679999},{"re":1.6902408759228263e-5,"im":0.0005140337979603686},{"re":1.830333056690764e-5,"im":0.0006542710250317181},{"re":1.917540088730144e-5,"im":0.0008337091811329119},{"re":1.9090089050585484e-5,"im":0.0010636414819112667},{"re":1.740245666090393e-5,"im":0.0013587475710460212},{"re":1.3167409610119035e-5,"im":0.0017382353807896365},{"re":5.0233677662687875e-6,"im":0.0022272562858646665},{"re":-8.921732626644814e-6,"im":0.0028589275383994555},{"re":-3.1461024587720365e-5,"im":0.0036770083969540346},{"re":-6.636771580304543e-5,"im":0.0047398241708792406},{"re":-0.0001188627622412238,"im":0.0061242851157360485},{"re":-0.00020178009202550582,"im":0.007977780245815627},{"re":-0.0003278014846809152,"im":0.01043224455867622},{"re":-0.0004807231138798315,"im":0.01362456128438396},{"re":-0.0007109709951813909,"im":0.017884756469590157},{"re":-0.001019080172180149,"im":0.023495205492744475},{"re":-0.001432055712159182,"im":0.031006516035709794},{"re":-0.0019588178611256606,"im":0.04116079102785584},{"re":-0.0025722864782086936,"im":0.055137313892903335},{"re":-0.0031254295485361504,"im":0.07480838125954231},{"re":-0.0031055613223272952,"im":0.10338915289983423},{"re":-0.0008785791457890069,"im":0.14680465306438772},{"re":0.008994403852523142,"im":0.2171282875971624},{"re":0.999999855383802,"im":-2.1549884580861724e-6}],