{"taus":[0.2,0.4,0.6000000000000001,0.8,1.0,1.2000000000000002,1.4000000000000001,1.6,1.8,2.0,2.2,2.4000000000000004,2.6,2.8000000000000003,3.0,3.2,3.4000000000000004,3.6,3.8000000000000003,4.0,4.2,4.4,4.6000000000000005,4.800000000000001,5.0,5.2,5.4,5.6000000000000005,5.800000000000001,6.0,6.2,6.4,6.6000000000000005,6.800000000000001,7.0,7.2,7.4,7.6000000000000005,7.800000000000001,8.0,8.200000000000001,8.4,8.6,8.8,9.0,9.200000000000001,9.4,9.600000000000001,9.8,10.0,10.200000000000001],"bd":[2,4,2,4,4,8,8,16,16,32,32,64,64,80,80,80,80,80,80,80,80,80,80,80,80,80,80,80,80,80,80,80,80,80,80,80,80,80,80,80,80,80,80,80,80,80,80,80,80,80,80,80,80,80,80,80,80,80,80,80,80,80,80,80,80,80,80,80,80,80,80,80,80,80,80,80,80,80,80,80,80,80,80,80,80,80,80,80,80,80,80,80,64,64,32,32,16,16,8,8,4,4,2,1],"gtau":[0.9999999999882212,0.42887845270529035,0.21259460966052082,0.111843539634164,0.06080390530829173,0.03375657498165871,0.01901724797214361,0.010829238050107843,0.006217787629446234,0.0035927866110215746,0.0020869092207983627,0.001217650438541319,0.0007133054511137162,0.000419374047714507,0.0002473442786721025,0.00014628548680521914,8.672691623935241e-5,5.146936961624556e-5,3.05441776083756e-5,1.8120317661751222e-5,1.0752101551594622e-5,6.386200961698705e-6,3.7986607516677828e-6,2.2630996773034076e-6,1.3505831095254606e-6,8.075720311575876e-7,4.835847891606478e-7,2.8975567252262917e-7,1.7369047014763763e-7,1.0420892668120379e-7,6.26109826415084e-8,3.767630594686285e-8,2.2697830922000397e-8,1.3695146834647102e-8,8.285803091057995e-9,5.029912632014486e-9,3.0631152437310337e-9,1.8695506132389614e-9,1.142574998147078e-9,6.992358841227897e-10,4.2874050325264184e-10,2.636393576886162e-10,1.6316904741921546e-10,1.0255294974113293e-10,6.563992998036837e-11,4.3436334363388784e-11,2.9856756338475523e-11,2.115116206574009e-11,1.54123954178761e-11,1.1724259695029828e-11,1.1776489794158649e-11]}