{"taus":[0.2,0.4,0.6000000000000001,0.8,1.0,1.2000000000000002,1.4000000000000001,1.6,1.8,2.0,2.2,2.4000000000000004,2.6,2.8000000000000003,3.0,3.2,3.4000000000000004,3.6,3.8000000000000003,4.0,4.2,4.4,4.6000000000000005,4.800000000000001,5.0,5.2],"bd":[2,4,2,4,4,8,8,16,16,32,32,64,64,80,80,80,80,80,80,80,80,80,80,80,80,80,80,80,80,80,80,80,80,80,80,80,80,80,80,80,80,80,64,64,32,32,16,16,8,8,4,4,2,1],"gtau":[2.926113977854353e-7,3.860790249455913e-7,5.838633090828619e-7,9.338339361661797e-7,1.5405778899160114e-6,2.5956846428770407e-6,4.439653947239118e-6,7.688339263870784e-6,1.346275763793449e-5,2.3794731783134163e-5,4.241231930723551e-5,7.61857615869532e-5,0.00013785783732136374,0.00025122049911122845,0.00046100814476585696,0.0008519046312862726,0.0015862688838072095,0.002978172049108051,0.005643242725049173,0.010808744696401635,0.02097505936894903,0.041391741256379795,0.08358356738702467,0.17476321098092837,0.38855091238284595,0.9999997073885478]}