{"taus":[0.025,0.05,0.07500000000000001,0.1,0.125,0.15000000000000002,0.17500000000000002,0.2,0.225,0.25,0.275,0.30000000000000004,0.325,0.35000000000000003,0.375,0.4,0.42500000000000004,0.45,0.47500000000000003,0.5,0.525,0.55,0.5750000000000001,0.6000000000000001,0.625,0.65,0.675,0.7000000000000001,0.7250000000000001,0.75,0.775,0.8,0.8250000000000001,0.8500000000000001,0.875,0.9,0.925,0.9500000000000001,0.9750000000000001,1.0,1.0250000000000001],"bd":[2,4,2,4,4,8,8,16,16,32,32,64,64,128,106,140,132,140,138,140,140,140,140,140,140,140,140,140,140,140,140,140,140,140,140,140,140,140,140,140,140,140,140,140,140,140,140,140,140,140,140,140,140,140,140,140,140,140,140,140,140,140,140,140,140,140,140,140,140,140,108,128,64,64,32,32,16,16,8,8,4,4,2,1],"gtau":[0.07559883772583377,0.07590307781480811,0.07674574395710966,0.07805176481659544,0.079774483595548,0.08188609114323378,0.0843720133702017,0.0872275089502126,0.09045555458259506,0.09406553766987238,0.09807247184596415,0.10249656258364115,0.10736303706881271,0.11270217180794313,0.11854948570039957,0.12494608166790448,0.13193913248490696,0.13958251463954016,0.14793760309015103,0.15707424789866284,0.16707196270442426,0.1780213655538724,0.19002592569038246,0.20320408666432596,0.21769185816299663,0.23364599849788023,0.2512479499990725,0.2707087454031781,0.2922751819090006,0.31623767195383734,0.3429403433393768,0.37279420383129563,0.4062945522855234,0.4440443824394628,0.48678645906270224,0.5354481298882261,0.5912055494543264,0.6555782675931301,0.730572985101848,0.8189105795702339,0.9244011622737683]}