{"taus":[0.05,0.1,0.15000000000000002,0.2,0.25,0.30000000000000004,0.35000000000000003,0.4,0.45,0.5,0.55,0.6000000000000001,0.65,0.7000000000000001,0.75,0.8,0.8500000000000001,0.9,0.9500000000000001,1.0,1.05],"bd":[1,1,1,2,2,4,4,8,8,16,16,32,32,64,64,100,100,100,100,100,100,100,100,100,100,100,100,100,100,100,64,64,32,32,16,16,8,8,4,4,2,2,1,1],"gtau":[0.0758581802109238,0.07700565332699241,0.08003655419521481,0.08463812018229394,0.09072741664912942,0.09835158211950545,0.1076506511221159,0.11884660966923102,0.13224647934945014,0.14825551689567582,0.1674002962053113,0.1903638518592744,0.21803758348769645,0.2515982746642944,0.2926248087646594,0.3432807519717868,0.4066120715677355,0.48705875297800055,0.59139458856168,0.7306092976335644,0.9241418197890736]}