{"taus":[0.05,0.1,0.15000000000000002,0.2,0.25,0.30000000000000004,0.35000000000000003,0.4,0.45,0.5,0.55,0.6000000000000001,0.65,0.7000000000000001,0.75,0.8,0.8500000000000001,0.9,0.9500000000000001,1.0,1.05],"bd":[2,4,2,4,4,8,8,16,16,32,32,64,64,128,118,140,132,140,134,140,134,140,134,140,134,140,132,140,132,140,118,128,64,64,32,32,16,16,8,8,4,4,2,1],"gtau":[0.07585818669717695,0.07700565992211915,0.0800365610527384,0.0846381274315853,0.09072742442066978,0.09835159054442388,0.10765066034083519,0.1188466198411424,0.13224649066717353,0.14825552957390142,0.16740031047962056,0.19036386805518046,0.2180376021610575,0.2515982967397398,0.29262483538144257,0.3432807836317599,0.406612107487257,0.4870587905268418,0.5913946218267179,0.7306092992740604,0.9241418133026401]}