{"taus":[0.1,0.2,0.30000000000000004,0.4,0.5,0.6000000000000001,0.7000000000000001,0.8,0.9,1.0,1.1,1.2000000000000002,1.3,1.4000000000000001,1.5,1.6,1.7000000000000002,1.8,1.9000000000000001,2.0,2.1,2.2,2.3000000000000003,2.4000000000000004,2.5,2.6,2.7,2.8000000000000003,2.9000000000000004,3.0,3.1,3.2,3.3000000000000003,3.4000000000000004,3.5,3.6,3.7,3.8000000000000003,3.9000000000000004,4.0,4.1000000000000005,4.2,4.3,4.4,4.5,4.6000000000000005,4.7,4.800000000000001,4.9,5.0,5.1000000000000005,5.2,5.300000000000001,5.4,5.5,5.6000000000000005,5.7,5.800000000000001,5.9,6.0,6.1000000000000005,6.2,6.300000000000001,6.4,6.5,6.6000000000000005,6.7,6.800000000000001,6.9,7.0,7.1000000000000005,7.2,7.300000000000001,7.4,7.5,7.6000000000000005,7.7,7.800000000000001,7.9,8.0,8.1,8.200000000000001,8.3,8.4,8.5,8.6,8.700000000000001,8.8,8.9,9.0,9.1,9.200000000000001,9.3,9.4,9.5,9.600000000000001,9.700000000000001,9.8,9.9,10.0,10.100000000000001],"bd":[2,4,2,4,4,8,8,16,16,20,20,20,20,20,20,20,20,20,20,20,20,20,20,20,20,20,20,20,20,20,20,20,20,20,20,20,20,20,20,20,20,20,20,20,20,20,20,20,20,20,20,20,20,20,20,20,20,20,20,20,20,20,20,20,20,20,20,20,20,20,20,20,20,20,20,20,20,20,20,20,20,20,20,20,20,20,20,20,20,20,20,20,20,20,20,20,20,20,20,20,20,20,20,20,20,20,20,20,20,20,20,20,20,20,20,20,20,20,20,20,20,20,20,20,20,20,20,20,20,20,20,20,20,20,20,20,20,20,20,20,20,20,20,20,20,20,20,20,20,20,20,20,20,20,20,20,20,20,20,20,20,20,20,20,20,20,20,20,20,20,20,20,20,20,20,20,20,20,20,20,20,20,20,20,20,20,20,20,20,20,20,20,20,20,20,20,16,16,8,8,4,4,2,1],"gtau":[0.9999999999923133,0.672028294799325,0.47404546116751706,0.34319633032030333,0.25248327666562254,0.18773790604906332,0.1406123888522643,0.10582396401088127,0.07994453608068694,0.060143214903888964,0.0459274566287978,0.03518276084247133,0.02699722486000792,0.020744379253279186,0.015957641094883103,0.012287313011898546,0.009469109661123696,0.007302662194384826,0.005635608419761548,0.004351720182093456,0.0033621462410094254,0.0025988632255361166,0.002009731985096664,0.0015547544536907553,0.0012032007387632743,0.0009314388327072845,0.0007212749139439536,0.0005586873899562925,0.00043286132810371297,0.000335451069663386,0.0002600151708565949,0.00020158086208854297,0.0001563060169247777,0.00012121893481714897,9.402132818907894e-5,7.293537285836577e-5,5.6585090568117535e-5,4.390504747994561e-5,3.4070019528839e-5,2.644069576385573e-5,2.052170454318076e-5,1.5929134267845956e-5,1.2365391308858195e-5,9.5997428760179e-6,7.4532651290111845e-6,5.78719210373384e-6,4.493890349699496e-6,3.4898670661137896e-6,2.7103511178278713e-6,2.1050909043760238e-6,1.6350956193407352e-6,1.270108737231631e-6,9.86649243992142e-7,7.664924534223941e-7,5.954916327009815e-7,4.6266421454635735e-7,3.5948322187057535e-7,2.7932768477537456e-7,2.170562470101453e-7,1.6867627135276603e-7,1.3108701519452158e-7,1.018802660078889e-7,7.918557452100063e-8,6.15500992603289e-8,4.7845314051160476e-8,3.719456958270887e-8,2.8916844646940588e-8,2.2483066397846033e-8,1.7482189175813598e-8,1.3594850245265808e-8,1.0572908883498953e-8,8.223554043346891e-9,6.3969598740181384e-9,4.976696027626228e-9,3.8722802152346914e-9,3.013401696902732e-9,2.345407281123574e-9,1.8258208611618262e-9,1.4216268559246452e-9,1.107161129566713e-9,8.624729665995659e-10,6.720522141774326e-10,5.238402694509348e-10,4.0846149931306147e-10,3.186258502739599e-10,2.4866446945669703e-10,1.941687530891474e-10,1.5170972413204181e-10,1.1861988608055834e-10,9.282449613798215e-11,7.270796996219468e-11,5.701347924518621e-11,4.4896076072793365e-11,3.5356266223445754e-11,2.795117120011527e-11,2.210731245935034e-11,1.754166712827477e-11,1.3998196073303138e-11,1.1268594038662186e-11,9.196047380757112e-12,7.686834379694979e-12]}