{"ns":[-0.48844128287697003,-0.48902463400055096,-0.48961012034728835,-0.490197692514856,-0.4907874046459273,-0.49137923413547563,-0.4919732063211029,-0.4925693408611655,-0.4931676450890327,-0.49376813253909835,-0.49437080776056047,-0.4949756862405258,-0.49558278021728,-0.4961921014133543,-0.49680364723562953,-0.4974174298261481,-0.4980334545227673,-0.4986517315210332,-0.4992722693980283,-0.4998950704709917,-0.500520133273585,-0.5011474607873253,-0.5017770549024,-0.5024089212270889,-0.5030430601544935,-0.5036794732786846,-0.5043181607739536,-0.5049591192283084,-0.5056023517960726,-0.5062478899868691,-0.5068957429423331,-0.5075459137703714,-0.5081983975843362,-0.5088531982819537,-0.5095103142115937,-0.5101697461263679,-0.5108314873274774,-0.5114955389311089,-0.5121618980206318,-0.5128305687555297,-0.5135015548259628,-0.5141748564844882,-0.5148504667244324,-0.5155283889075774,-0.5162086226661818,-0.5168911633272427,-0.5175760068200443,-0.5182631494955969,-0.5189525859449448,-0.5196443142741803,-0.5203383272910846,-0.5210346237158429,-0.5217331971252054,-0.5224340402920725,-0.5231371480253396,-0.5238425180256046,-0.5245501404038094,-0.5252600025440572,-0.5259720940909604,-0.526686416794702,-0.5274029827660739,-0.5281217819330964,-0.528842829231196,-0.5295661038519479,-0.530291609109012,-0.5310193336395644,-0.5317492711822516,-0.5324814082857411,-0.5332157364887896,-0.533952267351018,-0.5346909929139971,-0.5354319007239168,-0.5361749824871012,-0.5369201869879247,-0.5376675652065066,-0.5384170482680424,-0.5391686912618732,-0.5399224043237659,-0.540678277434699,-0.5414362776251852,-0.5421963791650577,-0.5429585805606055,-0.543722884408601,-0.544489277047416,-0.5452577164262901,-0.5460282378986063,-0.5468008299548595,-0.547575494255554,-0.548352233802654,-0.5491310244568796,-0.5499118682114599,-0.5506947548466344,-0.5514796901646243,-0.5522666648253087,-0.5530556709295577,-0.553846725784966,-0.5546398180101528,-0.5554349372516637,-0.5562320592155848,-0.5570313440032693],"taus":[0.005,0.01,0.015,0.02,0.025,0.03,0.035,0.04,0.045,0.05,0.055,0.06,0.065,0.07,0.075,0.08,0.085,0.09,0.095,0.1,0.105],"bd":[1,1,1,2,2,4,4,8,8,16,15,25,19,30,22,35,25,39,26,40,28,44,29,46,30,48,32,50,33,51,35,54,36,56,37,57,39,60,39,61,41,64,44,44,44,59,80,80,60,79,80,80,67,80,80,80,64,80,80,80,66,80,80,80,66,80,80,80,66,80,80,80,67,80,80,80,67,80,80,80,68,80,80,80,68,80,80,80,67,80,80,80,68,80,80,80,68,80,80,80,69,80,80,80,69,80,80,80,69,80,80,80,69,80,80,80,70,80,80,80,71,80,80,80,71,80,80,80,72,80,80,80,72,80,80,80,72,80,80,80,72,80,80,80,71,80,80,80,71,80,80,80,72,80,80,80,71,80,80,80,70,80,80,80,70,80,80,80,72,80,80,80,71,80,80,80,71,80,80,80,70,80,80,80,71,80,80,80,71,80,80,80,72,80,80,80,73,80,80,80,73,80,80,80,73,80,80,80,71,80,80,80,71,80,80,80,71,80,80,80,71,80,80,80,71,80,80,80,72,80,80,80,72,80,80,80,72,80,80,80,72,80,80,80,72,80,80,80,72,80,80,80,73,80,80,80,72,80,80,80,73,80,80,80,73,80,80,80,73,80,80,80,72,80,80,80,73,80,80,80,72,80,80,80,71,80,80,80,72,80,80,80,74,80,80,80,72,80,80,80,73,80,80,80,72,80,80,80,72,80,80,80,72,80,80,80,72,80,80,80,71,80,80,80,72,80,80,80,72,80,80,80,74,80,80,80,74,80,80,80,74,80,80,80,72,80,80,80,73,80,80,80,72,80,80,80,71,80,80,80,72,80,80,80,72,80,80,80,72,80,80,80,71,80,80,80,72,80,80,80,71,80,80,80,69,80,80,80,69,80,80,80,68,80,80,80,69,80,80,80,69,80,80,80,68,80,80,80,65,80,80,80,64,80,80,80,63,79,80,80,63,80,80,80,62,80,80,78,60,80,80,71,46,69,80,47,26,32,32,16,8,8,8,4,2,2,2,1],"lt":[{"re":0.0004816524352958916,"im":0.48844128287697003},{"re":-0.0068095021789283255,"im":0.48819773479495115},{"re":-0.014093282570419195,"im":0.48735871991470003},{"re":-0.021345789593096128,"im":0.4859252857127718},{"re":-0.028543204173672617,"im":0.4839008030559571},{"re":-0.035661908619131044,"im":0.4812907898134218},{"re":-0.04267862295376422,"im":0.47810308942310387},{"re":-0.049570562087987456,"im":0.47434769568410057},{"re":-0.056315556084079,"im":0.47003671280835774},{"re":-0.06289216788967951,"im":0.4651843071641355},{"re":-0.06927982371011014,"im":0.45980662574733633},{"re":-0.07545893879155398,"im":0.4539216962256385},{"re":-0.08141100040327474,"im":0.447549329025701},{"re":-0.08711871258334962,"im":0.44071097410257587},{"re":-0.09256603375871195,"im":0.43342961386656204},{"re":-0.09773827907400807,"im":0.4257296329872478},{"re":-0.10262219093908184,"im":0.41763666727460297},{"re":-0.10720600129033558,"im":0.4091774541832644},{"re":-0.11147947765152812,"im":0.40037967821565795},{"re":-0.11543395510073493,"im":0.39127180853905236},{"re":-0.11906236165929568,"im":0.3818829363050484},{"re":-0.12235921855567677,"im":0.37224261648050755},{"re":-0.12532066877422693,"im":0.3623807112707494},{"re":-0.12794445190343853,"im":0.35232722500168867},{"re":-0.1302298737218754,"im":0.3421121370528428},{"re":-0.1321777748322544,"im":0.33176524979163763},{"re":-0.1337904815676534,"im":0.3213160413169666},{"re":-0.13507175151693337,"im":0.31079351740239103},{"re":-0.1360267052457823,"im":0.3002260667767565},{"re":-0.13666175544019027,"im":0.2896413391334551},{"re":-0.13698448100673874,"im":0.27906619561088275},{"re":-0.13700361745100717,"im":0.2685264309790385},{"re":-0.13672888149822474,"im":0.2580469402780065},{"re":-0.13617097236702985,"im":0.24765140023026752},{"re":-0.13534141577770323,"im":0.23736225448194062},{"re":-0.13425242462961065,"im":0.22720070580513801},{"re":-0.1329168875592046,"im":0.2171866300903528},{"re":-0.1313482521461257,"im":0.2073385920142239},{"re":-0.12956041720967024,"im":0.19767369933982978},{"re":-0.12756764483917418,"im":0.1882076622827128},{"re":-0.12538443637566576,"im":0.1789547999150642},{"re":-0.12302548715166853,"im":0.16992794219596805},{"re":-0.12050560655640535,"im":0.16113818319468573},{"re":-0.1178394780381289,"im":0.15259555497112695},{"re":-0.11504173895178979,"im":0.14430872277812445},{"re":-0.11212690162829782,"im":0.13628511214957725},{"re":-0.10910934283038631,"im":0.12853091650708554},{"re":-0.10600296604974704,"im":0.12105104123459443},{"re":-0.10282141066398377,"im":0.11384918952552397},{"re":-0.09957798449030643,"im":0.10692803632183052},{"re":-0.09628557231258937,"im":0.10028897853380456},{"re":-0.09295665432837649,"im":0.09393204033387553},{"re":-0.0896031339268842,"im":0.08785640222712601},{"re":-0.08623651610582489,"im":0.08206086313224743},{"re":-0.08286760384104742,"im":0.07654275045298768},{"re":-0.07950725732563274,"im":0.07129887283591159},{"re":-0.07616490407349574,"im":0.06632679603199572},{"re":-0.07285059888419862,"im":0.0616221391226624},{"re":-0.06957336814650471,"im":0.05717990889843288},{"re":-0.0663417281409951,"im":0.05299529268833767},{"re":-0.06316397685647844,"im":0.04906201551736669},{"re":-0.0600478528242055,"im":0.04537373057631752},{"re":-0.05700085415663529,"im":0.04192379578619059},{"re":-0.05402988339859164,"im":0.03870536579249987},{"re":-0.05114181597945823,"im":0.03571141045857332},{"re":-0.048343125260940645,"im":0.03293446102484214},{"re":-0.04563986838921998,"im":0.03036687596017973},{"re":-0.043037908730498335,"im":0.02799992285851638},{"re":-0.040543275093259265,"im":0.025825813077672947},{"re":-0.03816120844973877,"im":0.023835702686936064},{"re":-0.03589702068325811,"im":0.02202062576430569},{"re":-0.03375587546372842,"im":0.02037129903284428},{"re":-0.031742920076963235,"im":0.018878022999821265},{"re":-0.029862987908477957,"im":0.017530538802206164},{"re":-0.02812011286280791,"im":0.016318703501249653},{"re":-0.02652004802361164,"im":0.015233004421097034},{"re":-0.025066434784588584,"im":0.01426153335872779},{"re":-0.02376551066033722,"im":0.013394774578326966},{"re":-0.022619363478042345,"im":0.012618778021281305},{"re":-0.021633366657494275,"im":0.011921917818907739},{"re":-0.020811989506506683,"im":0.0112914202247859},{"re":-0.020158468499830832,"im":0.010714216412245937},{"re":-0.019676269286587302,"im":0.010177172941380484},{"re":-0.01936860458471254,"im":0.009666747309277681},{"re":-0.0192382829529256,"im":0.00916809874130282},{"re":-0.019287971721395198,