{"taus":[0.025,0.05,0.07500000000000001,0.1,0.125,0.15000000000000002,0.17500000000000002,0.2,0.225,0.25,0.275,0.30000000000000004,0.325,0.35000000000000003,0.375,0.4,0.42500000000000004,0.45,0.47500000000000003,0.5,0.525,0.55,0.5750000000000001,0.6000000000000001,0.625,0.65,0.675,0.7000000000000001,0.7250000000000001,0.75,0.775,0.8,0.8250000000000001,0.8500000000000001,0.875,0.9,0.925,0.9500000000000001,0.9750000000000001,1.0,1.0250000000000001,1.05,1.075,1.1,1.125,1.1500000000000001,1.175,1.2000000000000002,1.225,1.25,1.2750000000000001,1.3,1.3250000000000002,1.35,1.375,1.4000000000000001,1.425,1.4500000000000002,1.475,1.5,1.5250000000000001,1.55,1.5750000000000002,1.6,1.625,1.6500000000000001,1.675,1.7000000000000002,1.725,1.75,1.7750000000000001,1.8,1.8250000000000002,1.85,1.875,1.9000000000000001,1.925,1.9500000000000002,1.975,2.0,2.025,2.0500000000000003,2.075,2.1,2.125,2.15,2.1750000000000003,2.2,2.225,2.25,2.275,2.3000000000000003,2.325,2.35,2.375,2.4000000000000004,2.4250000000000003,2.45,2.475,2.5,2.5250000000000004,2.5500000000000003,2.575,2.6,2.625,2.6500000000000004,2.6750000000000003,2.7,2.725,2.75,2.7750000000000004,2.8000000000000003,2.825,2.85,2.875,2.9000000000000004,2.9250000000000003,2.95,2.975,3.0,3.0250000000000004,3.0500000000000003,3.075,3.1,3.125,3.1500000000000004,3.1750000000000003,3.2,3.225,3.25,3.2750000000000004,3.3000000000000003,3.325,3.35,3.375,3.4000000000000004,3.4250000000000003,3.45,3.475,3.5,3.5250000000000004,3.5500000000000003,3.575,3.6,3.625,3.6500000000000004,3.6750000000000003,3.7,3.725,3.75,3.7750000000000004,3.8000000000000003,3.825,3.85,3.875,3.9000000000000004,3.9250000000000003,3.95,3.975,4.0,4.025,4.05,4.075,4.1000000000000005,4.125,4.15,4.175,4.2,4.2250000000000005,4.25,4.275,4.3,4.325,4.3500000000000005,4.375,4.4,4.425,4.45,4.4750000000000005,4.5,4.525,4.55,4.575,4.6000000000000005,4.625,4.65,4.675,4.7,4.7250000000000005,4.75,4.775,4.800000000000001,4.825,4.8500000000000005,4.875,4.9,4.925000000000001,4.95,4.9750000000000005,5.0,5.025],"bd":[2,4,2,4,4,8,8,16,16,32,32,60,44,60,46,60,48,60,48,60,48,60,50,60,50,60,52,60,52,60,52,60,52,60,52,60,52,60,54,60,54,60,52,60,52,60,52,60,50,60,50,60,50,60,50,60,50,60,50,60,50,60,50,60,50,60,50,60,50,60,50,60,50,60,52,60,52,60,52,60,52,60,52,60,52,60,52,60,52,60,52,60,52,60,52,60,52,60,52,60,52,60,52,60,52,60,52,60,52,60,52,60,52,60,52,60,52,60,52,60,52,60,52,60,52,60,52,60,52,60,52,60,52,60,52,60,52,60,52,60,52,60,52,60,52,60,52,60,52,60,52,60,52,60,52,60,52,60,52,60,52,60,52,60,52,60,52,60,52,60,52,60,52,60,52,60,52,60,52,60,52,60,52,60,52,60,52,60,52,60,52,60,52,60,52,60,52,60,52,60,52,60,52,60,52,60,52,60,52,60,52,60,52,60,52,60,52,60,52,60,52,60,52,60,52,60,52,60,52,60,52,60,52,60,52,60,52,60,52,60,52,60,52,60,52,60,52,60,52,60,52,60,52,60,52,60,52,60,52,60,52,60,52,60,52,60,52,60,52,60,52,60,52,60,52,60,52,60,52,60,52,60,52,60,52,60,52,60,52,60,52,60,52,60,50,60,50,60,50,60,50,60,50,60,50,60,50,60,50,60,50,60,50,60,50,60,50,60,50,60,50,60,50,60,50,60,50,60,50,60,50,60,50,60,50,60,50,60,52,60,52,60,52,60,52,60,52,60,52,60,52,60,52,60,52,60,52,60,52,60,54,60,54,60,54,60,54,60,54,60,54,60,52,60,52,60,52,60,52,60,52,60,50,60,50,60,50,60,48,60,48,60,44,60,32,32,16,16,8,8,4,4,2,1],"gtau":[0.00013417349726221544,0.00013298997011847798,0.00013264262206262063,0.0001329673744151224,0.00013385205191562797,0.00013521796541284936,0.0001370089338666184,0.0001391844325852836,0.000141715174140267,0.00014458015926753232,0.00014776465444285016,0.0001512587771259257,0.0001550565532866414,0.00015915506644453628,0.00016355387136127115,0.00016825471009870673,0.00017326124896196418,0.0001785787226981254,0.00018421393154726654,0.00019017498930148558,0.00019647127160192095,0.00020311332008602988,0.0002101127772502909,0.00021748244819169235,0.00022523642921502645,0.0002333881150003592,0.00024195291082167004,0.0002509475370356396,0.0002603899875418873,0.00027029947348135227,0.0002806964286968372,0.00029160268087236225,0.00030304136636121013,0.0003150350929886063,0.00032760846005032483,0.0003407888045825347,0.00035460467987006916,0.0003690857939968133,0.00038426312292229943,0.00040016908738686567,0.0004168377062795452,0.00043430471847638195,0.0004526076897466434,0.0004717861095079521,0.0004918814832603604,0.0005129374261745136,0.0005349997503816379,0.0005581165548788662,0.0005823383256927902,0.0006077180402828884,0.0006343112772527942,0.0006621763313341496,0.0006913743374648806,0.000721969410144339,0.0007540288385978089,0.0007876234462028016,0.0008228290318474564,0.0008597281906639915,0.0008983899617721946,0.0009388620365982739,0.0009812222852330266,0.0010255746522404756,0.0010720345902161207,0.0011207209941578704,0.0011717550826098326,0.00122526109989469,0.0012813672171011318,0.0013402064577463057,0.0014019175102904023,0.001466645411085205,0.0015345421192127788,0.0016057670276954626,0.0016804874386812767,0.0017588790271668385,0.0018411263002228655,0.0019274230630002358,0.0020179728953926847,0.002112989646635776,0.0022126979488523565,0.0023173337544048866,0.0024271449025217236,0.0025423917143785517,0.002663347623180589,0.0027902998408471987,0.0029235500598962065,0.0030634152055043383,0.003210228258499344,0.003364339004362182,0.00352611477540918,0.0036959416116706494,0.003874225314425675,0.004061392268121194,0.0042578905115018195,0.004464190875002552,0.004680788179916581,0.0049082024999262345,0.005146980486371623,0.00539769675636524,0.0056609553501434755,0.00593739126898748,0.006227672085233119,0.006532499640983424,0.006852611831573677,0.0071887844841572275,0.007541833332671104,0.007912616096996394,0.008302034668721784,0.008711037412329424,0.00914062158411218,0.009591835881082525,0.010065783118443705,0.01056362304938136,0.01108657533230527,0.011635922652940844,0.012213014011815848,0.012819268186361043,0.013456177374877563,0.014125311039723854,0.014828319952704144,0.015566940457114384,0.016342998958591964,0.017158416697853743,0.018015214725328906,0.018915519174389658,0.01986156682483219,0.02085571096779743,0.021900427591902277,0.02299832191128349,0.02415213525667151,0.025364752350783056,0.026639208989702658,0.02797870014594754,0.029386588473226963,0.03086641372696104,0.03242190243023181,0.03405697571990374,0.03577576178858255,0.03758260826462017,0.03948209337377874,0.041479038236225285,0.04357851991873725,0.0457858852912482,0.04810676571717501,0.05054709258700263,0.05311311369440803,0.055811410457532226,0.05864891595164466,0.061632933676216986,0.06477115688131245,0.06807168800778206,0.0715430572964867,0.07519423816128577,0.07903465465542636,0.0830741774776216,0.08732313028588479,0.09179237005637599,0.09649343425050379,0.1014386675464341,0.10664128343819912,0.1121152956815392,0.11787550573831579,0.1239375710184805,0.13031807334004344,0.137034561788987,0.14410558502619716,0.15155074808932856,0.15939075445930212,0.1676475460667575,0.1763443815593948,0.1855059678220516,0.1951586020826371,0.2053303245736351,0.21605106167686222,0.22735279611155218,0.23926974553980793,0.2518385282501552,0.2650983335746337,0.2790911372395481,0.29386189606807717,0.30945894566331494,0.32593509739820337,0.3433461178344762,0.3617551287924814,0.38122865031340925,0.4018378704311216,0.4236603029838457,0.4467809900773469,0.47129424332172487,0.49730553422237517,0.524933788565909,0.5543142548579639,0.5856021526831243,0.6189774744023792,0.6546514819698359,0.6928755890277721,0.7339538000253129,0.7782614418715416,0.826272973075401,0.8786040471923674,0.9360827296280481,0.9998658264984622]}