{"gf":[0.07585818002124345,0.09072741642247929,0.13224647901916534,0.2180375829340961,0.40661207056063575,0.9241418199787566],"ts":[0.0,0.2,0.4,0.6000000000000001,0.8,1.0]}