{"taus":[0.2,0.4,0.6000000000000001,0.8,1.0,1.2000000000000002,1.4000000000000001,1.6,1.8,2.0,2.2,2.4000000000000004,2.6,2.8000000000000003,3.0,3.2,3.4000000000000004,3.6,3.8000000000000003,4.0,4.2,4.4,4.6000000000000005,4.800000000000001,5.0,5.2],"bd":[2,4,2,4,4,8,8,16,16,32,32,40,40,40,40,40,40,40,40,40,40,40,40,40,40,40,40,40,40,40,40,40,40,40,40,40,40,40,40,40,40,40,40,40,32,32,16,16,8,8,4,4,2,1],"gtau":[3.7090301269223488e-6,4.327102051753984e-6,5.86009816184063e-6,8.438145637899118e-6,1.2571884502126513e-5,1.9155120728524476e-5,2.9667552478305515e-5,4.6540720949779936e-5,7.378306592027509e-5,0.00011803689785100224,0.00019037551069243198,0.00030939211229882467,0.0005065031325368298,0.0008350900487779313,0.0013865284070541202,0.0023185914372677936,0.003906365408391715,0.0066351711385590675,0.011373789374470337,0.019706419528822232,0.03459313724289475,0.061755390002521025,0.11282166474482475,0.21343564526047348,0.4293568108590728,0.9999962909698231]}