{"bd2":[2,4,4,8,16,32,40,40,40,40,40,40,40,40,40,40,40,40,40,40,40,40,40,40,40,40,40,40,40,40,40,40,40,40,40,40,40,40,40,40,40,40,40,40,40,40,40,40,40,40,40,40,40,40,40,40,40,40,40,40,40,40,40,40,40,40,40,40,40,40,40,40,40,40,40,40,40,40,40,40,40,40,40,40,40,40,40,40,40,40,40,40,40,40,40,40,40,40,40,40,40,40,40,40,40,40,40,40,40,40,40,40,40,40,40,40,40,40,40,40,40,40,40,40,40,40,40,40,40,40,40,40,40,40,40,40,40,40,40,40,40,40,40,40,40,40,40,40,40,40,40,40,40,40,40,40,40,40,40,40,40,40,40,40,40,40,40,40,40,40,40,40,40,40,40,40,40,40,40,40,40,40,40,40,40,40,40,40,40,40,40,40,40,40,40,40,40,32,16,8,4,4,2,1],"taus":[0.1,0.2,0.30000000000000004,0.4,0.5,0.6000000000000001,0.7000000000000001,0.8,0.9,1.0,1.1,1.2000000000000002,1.3,1.4000000000000001,1.5,1.6,1.7000000000000002,1.8,1.9000000000000001,2.0,2.1,2.2,2.3000000000000003,2.4000000000000004,2.5,2.6,2.7,2.8000000000000003,2.9000000000000004,3.0,3.1,3.2,3.3000000000000003,3.4000000000000004,3.5,3.6,3.7,3.8000000000000003,3.9000000000000004,4.0,4.1000000000000005,4.2,4.3,4.4,4.5,4.6000000000000005,4.7,4.800000000000001,4.9,5.0,5.1000000000000005,5.2,5.300000000000001,5.4,5.5,5.6000000000000005,5.7,5.800000000000001,5.9,6.0,6.1000000000000005,6.2,6.300000000000001,6.4,6.5,6.6000000000000005,6.7,6.800000000000001,6.9,7.0,7.1000000000000005,7.2,7.300000000000001,7.4,7.5,7.6000000000000005,7.7,7.800000000000001,7.9,8.0,8.1,8.200000000000001,8.3,8.4,8.5,8.6,8.700000000000001,8.8,8.9,9.0,9.1,9.200000000000001,9.3,9.4,9.5,9.600000000000001,9.700000000000001,9.8,9.9,10.0,10.100000000000001],"gtau":[0.2692895428607247,0.25218727052846185,0.23735686815550888,0.22410697256712941,0.2121018199109466,0.2011377359123098,0.19107286541872076,0.18179916732597112,0.1732294925880886,0.16529077614811408,0.15792006777425238,0.15106202124891127,0.14466712989155292,0.13869060989868234,0.13309154062546455,0.12795936951130446,0.1231754022076651,0.1187123734957659,0.11454558306234391,0.11065265671066675,0.10701263463872299,0.10360762486648789,0.10042053445329112,0.09743600487460835,0.09463998782043327,0.09201960174521845,0.0895631732488432,0.08726000052815693,0.08510038851550047,0.08307539930300314,0.0811768769680778,0.07939731502737372,0.07773005895745069,0.07616882755418601,0.07470792656763453,0.07334220998898307,0.07206700029196071,0.07087810894340651,0.06977171073904595,0.06874433979212317,0.06779289310120176,0.06691460123282923,0.0661070284591644,0.06536803890701812,0.06469580062040434,0.06408877167940596,0.0635456919251127,0.06306558965524707,0.06264777863682504,0.062291861128114946,0.06199769483316109,0.06176550306867769,0.06159582350671633,0.06148951189501556,0.0614477748814619,0.06147221290721228,0.06156486239695895,0.06172824889964866,0.06196541516431021,0.062279983845122025,0.06267623297721328,0.0631591629157512,0.06373460950559773,0.06440933071611134,0.06519117635938089,0.06608919903397895,0.06711386539770496,0.06827725131264181,0.06959326675373594,0.0710779970354494,0.07274984897416897,0.07463019327005874,0.0767436361547058,0.07911857164605704,0.08178765089752851,0.08478869840187474,0.0881654263330376,0.09196840423159275,0.09625608047602935,0.10109979041469862,0.10657462523695352,0.11277138414860396,0.11979589912134506,0.12777090986876552,0.13683924554160576,0.14716705252389972,0.1589476916281457,0.17240602991916806,0.18768511884047123,0.2052165009821171,0.22536272347114192,0.24855466967898696,0.27530505762840546,0.30622029584331756,0.342027932680619,0.3836061104097899,0.43203409277490235,0.48867284507981934,0.5553176141152746,0.6345420212996892,0.7307104571392753],"nn2":[0.6678692192016076,0.5850051558268845,0.5599775366413606,0.5402159255697321,0.524248645343072,0.5112054546414457,0.5004756191811193,0.49159998360657853,0.4842227549908649,0.478063637845155,0.4728997428789082,0.46855360877768965,0.46488250840597206,0.461773507129475,0.45913469305771987,0.4568909582655561,0.45497081378329485,0.45332272147473657,0.4519038238278686,0.4506823110849206,0.4496227299836367,0.44870457407080255,0.44790674180911993,0.44721206731866475,0.44660593438576646,0.4460764375098313,0.44561322719065277,0.445207484732009,0.444851654192181,0.4445392811212467,0.4442648988130496,0.444023809834586,0.4438118828907595,0.44362545500663075,0.44346127909051924,0.4433166725237923,0.44318940677636504,0.4430775372242992,0.4429793659608141,0.44289339842770686,0.44281832339906657,0.4427530088911644,0.44269642135285775,0.4426477384344598,0.4426062266151805,0.44257129833322423,0.4425424406016324,0.44251927965296384,0.4425014939467914,0.44248886488290823,0.4424812654008272,0.44247865956501675,0.4424810874401433,0.4424886576671731,0.442501577419252,0.4425201369258233,0.44254472458088484,0.44257581333388324,0.4426139874806309,0.442659953822811,0.442714533468544,0.44277869137022013,0.4428535419788508,0.4429403705051481,0.4430407011980083,0.44315624526980824,0.44328896866927403,0.4434411750185751,0.443615502733766,0.44381496088305,0.444043084466408,0.44430391617705145,0.4446021732827058,0.4449433291078819,0.4453337261506478,0.44578066862386795,0.4462928679968452,0.44688137732661065,0.4475546887101879,0.4483325990802552,0.4492298461981065,0.4502637118026122,0.4514641426695457,0.4528576101073182,0.45447975563651405,0.45637438302770417,0.45859303793737805,0.46119900992679014,0.46428063781251566,0.4679283960399575,0.47225575607241943,0.47740258666693886,0.483548244173948,0.49092035985981597,0.4998033392411304,0.5105570773583218,0.5236447357376136,0.539681038359874,0.5595349405627649,0.5846471898928697],"bd1":[1,1,1,2,2,4,4,8,8,16,16,32,32,40,40,40,40,40,40,40,40,40,40,40,40,40,40,40,40,40,40,40,40,40,40,40,40,40,40,40,40,40,40,40,40,40,40,40,40,40,40,40,40,40,40,40,40,40,40,40,40,40,40,40,40,40,40,40,40,40,40,40,40,40,40,40,40,40,40,40,40,40,40,40,40,40,40,40,40,40,40,40,40,40,40,40,40,40,40,40,40,40,40,40,40,40,40,40,40,40,40,40,40,40,40,40,40,40,40,40,40,40,40,40,40,40,40,40,40,40,40,40,40,40,40,40,40,40,40,40,40,40,40,40,40,40,40,40,40,40,40,40,40,40,40,40,40,40,40,40,40,40,40,40,40,40,40,40,40,40,40,40,40,40,40,40,40,40,40,40,40,40,40,40,40,40,40,40,40,40,40,40,32,32,16,16,8,8,4,4,2,2,1,1],"nn":[0.7314909748128197,0.6977291537062076,0.6700137653738808,0.6473103985583765,0.628688314067281,0.6133347547177476,0.6005968068453896,0.5899955464924737,0.581149077693785,0.573741588817758,0.5675152896577728,0.562262323360223,0.5578153467257413,0.5540403301803853,0.5508298470949419,0.5480932388378923,0.5457467697416274,0.5437284801981409,0.5419884354560115,0.5404843155772361,0.5391808622454826,0.5380294902928074,0.5370414760375716,0.536206696948425,0.5354571719671335,0.5348015827783956,0.5342267937134838,0.5337227775771014,0.5332802942166008,0.5328909928406275,0.5325477046054516,0.5322447492541905,0.5319773539500436,0.531741679868622,0.5315355946887435,0.5313548136453514,0.5311960266447053,0.5310557828800786,0.5309309100846753,0.5308219893074744,0.5307282330503237,0.530648014740325,0.5305793473916665,0.5305207200094525,0.5304706814412304,0.5304275376778466,0.5303909234066875,0.5303620018970611,0.5303395581701562,0.5303235081644008,0.5303128942674198,0.5303093382471032,0.5303124673896668,0.5303228905355619,0.5303402512935463,0.5303646546357349,0.5303967858549489,0.5304377129876248,0.5304869956011529,0.5305437676493338,0.530610464414409,0.5306889794806968,0.5307809345861939,0.5308881358603946,0.531012906711236,0.5311582293901925,0.5313263377234468,0.5315179605045757,0.5317363895393127,0.5319862526910373,0.5322723608063247,0.5325996812351508,0.5329732638471188,0.5333991530672699,0.5338850793242089,0.5344404030227192,0.5350761700347701,0.5358051333683709,0.5366382177849744,0.5375990990160423,0.5387049889306825,0.5399811139117195,0.5414569264920391,0.543167406146517,0.5451550107859059,0.5474712320161987,0.5501774831810176,0.5533492356104933,0.557090481805135,0.561509018869358,0.566738883388788,0.5729438265399973,0.5803344922559927,0.5891748584699755,0.599786607623869,0.6125567695618478,0.6279705484212424,0.6466788973903954,0.6695312703376147,0.6974316542902314]}