{"bd2":[2,4,4,8,16,20,20,20,20,20,20,20,20,20,20,20,20,20,20,20,20,20,20,20,20,20,20,20,20,20,20,20,20,20,20,20,20,20,20,20,20,20,20,20,20,20,20,20,20,20,20,20,20,20,20,20,20,20,20,20,20,20,20,20,20,20,20,20,20,20,20,20,20,20,20,20,20,20,20,20,20,20,20,20,20,20,20,20,20,20,20,20,20,20,20,20,20,20,20,20,20,20,20,20,20,20,20,20,20,20,20,20,20,20,20,20,20,20,20,20,20,20,20,20,20,20,20,20,20,20,20,20,20,20,20,20,20,20,20,20,20,20,20,20,20,20,20,20,20,20,20,20,20,20,20,20,20,20,20,20,20,20,20,20,20,20,20,20,20,20,20,20,20,20,20,20,20,20,20,20,20,20,20,20,20,20,20,20,20,20,20,20,20,20,20,20,20,20,20,20,20,20,20,20,20,20,20,20,20,20,20,20,20,20,20,20,20,20,20,20,20,20,20,20,20,20,20,20,20,20,20,20,20,20,20,20,20,20,20,20,20,20,20,20,20,20,20,20,20,20,20,20,20,20,20,20,20,20,20,20,20,20,20,20,20,20,20,20,20,20,20,20,20,20,20,20,20,20,20,20,20,20,20,20,20,20,20,20,20,20,20,20,20,20,20,20,20,20,20,20,20,20,20,20,20,20,20,20,20,20,20,20,20,20,20,20,20,20,20,20,20,20,20,20,20,20,20,20,20,20,20,20,20,20,20,20,20,20,20,20,20,20,20,20,20,20,20,20,20,20,20,20,20,20,20,20,20,20,20,20,20,20,20,20,20,20,20,20,20,20,20,20,20,20,20,20,20,20,20,20,20,20,20,20,20,20,20,20,20,20,20,20,20,20,20,20,20,20,16,8,4,4,2,1],"taus":[0.05,0.1,0.15000000000000002,0.2,0.25,0.30000000000000004,0.35000000000000003,0.4,0.45,0.5,0.55,0.6000000000000001,0.65,0.7000000000000001,0.75,0.8,0.8500000000000001,0.9,0.9500000000000001,1.0,1.05,1.1,1.1500000000000001,1.2000000000000002,1.25,1.3,1.35,1.4000000000000001,1.4500000000000002,1.5,1.55,1.6,1.6500000000000001,1.7000000000000002,1.75,1.8,1.85,1.9000000000000001,1.9500000000000002,2.0,2.0500000000000003,2.1,2.15,2.2,2.25,2.3000000000000003,2.35,2.4000000000000004,2.45,2.5,2.5500000000000003,2.6,2.6500000000000004,2.7,2.75,2.8000000000000003,2.85,2.9000000000000004,2.95,3.0,3.0500000000000003,3.1,3.1500000000000004,3.2,3.25,3.3000000000000003,3.35,3.4000000000000004,3.45,3.5,3.5500000000000003,3.6,3.6500000000000004,3.7,3.75,3.8000000000000003,3.85,3.9000000000000004,3.95,4.0,4.05,4.1000000000000005,4.15,4.2,4.25,4.3,4.3500000000000005,4.4,4.45,4.5,4.55,4.6000000000000005,4.65,4.7,4.75,4.800000000000001,4.8500000000000005,4.9,4.95,5.0,5.050000000000001,5.1000000000000005,5.15,5.2,5.25,5.300000000000001,5.3500000000000005,5.4,5.45,5.5,5.550000000000001,5.6000000000000005,5.65,5.7,5.75,5.800000000000001,5.8500000000000005,5.9,5.95,6.0,6.050000000000001,6.1000000000000005,6.15,6.2,6.25,6.300000000000001,6.3500000000000005,6.4,6.45,6.5,6.550000000000001,6.6000000000000005,6.65,6.7,6.75,6.800000000000001,6.8500000000000005,6.9,6.95,7.0,7.050000000000001,7.1000000000000005,7.15,7.2,7.25,7.300000000000001,7.3500000000000005,7.4,7.45,7.5,7.550000000000001,7.6000000000000005,7.65,7.7,7.75,7.800000000000001,7.8500000000000005,7.9,7.95,8.0,8.05,8.1,8.15,8.200000000000001,8.25,8.3,8.35,8.4,8.450000000000001,8.5,8.55,8.6,8.65,8.700000000000001,8.75,8.8,8.85,8.9,8.950000000000001,9.0,9.05,9.1,9.15,9.200000000000001,9.25,9.3,9.35,9.4,9.450000000000001,9.5,9.55,9.600000000000001,9.65,9.700000000000001,9.75,9.8,9.850000000000001,9.9,9.950000000000001,10.0,10.05],"gtau":[0.31923051184822593,0.3092786983862379,0.3005205638677299,0.2926947569383439,0.28564720094573626,0.2792786843447537,0.27352084152951894,0.26832405475370724,0.26365066605917103,0.2594713727073676,0.2557627543016559,0.252505844185292,0.24968529696549804,0.24728906254146382,0.245306946175539,0.24373103181133032,0.2425550827771029,0.24177436729571314,0.2413855720122207,0.24138306376716392,0.24165812773880554,0.2418152505025355,0.2412941135336382,0.2403551628669198,0.23926932963257525,0.23814413419596167,0.2370267319526069,0.23594026915125846,0.23489676034810597,0.23390244020362919,0.23296033796003884,0.23207157530931116,0.23123610735224037,0.2304531592422948,0.22972149011615325,0.22903957807195505,0.22840574672074038,0.22781822216912775,0.22727530668541218,0.22677505045438087,0.2263157027512096,0.22589549713525287,0.2255127444220961,0.22517136201511745,0.22486410652542083,0.22458946194115478,0.224346016661756,0.2241324097113583,0.22394735806513483,0.2237896418971691,0.22365810918138646,0.22355167001182102,0.22346929481162786,0.22341000843084005,0.2233728857023219,0.22335706512894235,0.22336172903944498,0.2233860917907893,0.223429344464035,0.2234874436986549,0.22356149382553353,0.223651988822633,0.22375888424374965,0.22388181606899396,0.22402031088947952,0.22417385971828255,0.22434196750672153,0.22452408950454902,0.22471974614183698,0.22492849158063907,0.22514990552098518,0.2253835819622421,0.22562921164321992,0.225886472774153,0.22615507132213875,0.226434736867209,0.22672522232240963,0.2270263010935061,0.22733776668248712,0.22765943038855918,0.22799112075665176,0.22833268333057144,0.22868398059728412,0.2290448920837225,0.2294153079411342,0.22979512599951293,0.23018425578054816,0.2305826222222722,0.23099016564481506,0.2314068407562218,0.2318326154290015,0.23226747177539725,0.23271140125368675,0.23316445564361818,0.23362663217077145,0.23409798360203118,0.23457820170957072,0.23506754097310034,0.23556610139071,0.2360739472949226,0.23659117054475426,0.23711787506040902,0.2376541767933343,0.23820020382899168,0.23875609967719846,0.2393220204718574,0.239898135723485,0.2404846317315825,0.24108178682697198,0.24168956539075556,0.24230820605788664,0.2429380299983289,0.24357933011069308,0.24423239828164348,0.24489754504525488,0.245575102710925,0.24626542386367967,0.24696888450943294,0.24768588594302443,0.2484169356004985,0.2491621773339785,0.24992205791523547,0.2506971407183904,0.2514879836338169,0.25229515462355445,0.25311925904287247,0.2539609415460014,0.2548208886210144,0.255699891190678,0.2565984045404788,0.2575173242023658,0.2584575287167623,0.25941994611281627,0.26040556390127984,0.2614154338992552,0.2624507576199481,0.263512423488458,0.2646017745985279,0.26572016144471894,0.2668690199798304,0.2680498816629677,0.26926444953118606,0.27051213653347855,0.27179710330632334,0.2731213426028049,0.2744870106602549,0.27589624302726506,0.2773514440335091,0.2788552361674629,0.2804102725000966,0.28201950093894745,0.283686123611203,0.2854134270965364,0.28720503290567323,0.28906483834584246,0.290997030199796,0.29300597160605046,0.2950964744072367,0.29727371564153987,0.2995431781709139,0.30191081619220583,0.30438344826472674,0.3069679299485103,0.3096714079045575,0.31250156931299533,0.3154665980587329,0.31857546072528437,0.3218379892827011,0.32526484499163116,0.32886765113483996,0.3326589806186854,0.3366524136208781,0.3408626131355741,0.3453054982027264,0.3499981319176593,0.3549590460681809,0.3602082708081498,0.3657675145872359,0.3716602554667555,0.3779120711594259,0.38455063276839,0.39160594417539313,0.39911089021047896,0.407101143794858,0.4156156454107022,0.42469698942976475,0.4343913367090173,0.44474802039934247,0.4558229775620173,0.46767967477857336,0.4803855677808452,0.49402022650846805,0.5086733042384856,0.5244477546124096,0.5414632669150485,0.5598614079797563,0.5798135629565445,0.601534172943189,0.62528810926772,0.6514996795919842,0.6807694881517741],