{"bd2":[2,4,4,8,16,32,64,120,120,120,120,120,120,120,120,120,120,120,120,120,120,120,120,120,120,120,120,120,120,120,120,120,120,120,120,120,120,120,120,120,120,120,120,120,120,120,120,120,120,120,120,120,120,120,120,120,120,120,120,120,120,120,120,120,120,120,120,120,120,120,120,120,120,120,120,120,120,120,120,120,120,120,120,120,120,120,120,120,120,120,120,120,120,120,120,120,64,32,16,8,4,4,2,1],"taus":[0.2,0.4,0.6000000000000001,0.8,1.0,1.2000000000000002,1.4000000000000001,1.6,1.8,2.0,2.2,2.4000000000000004,2.6,2.8000000000000003,3.0,3.2,3.4000000000000004,3.6,3.8000000000000003,4.0,4.2,4.4,4.6000000000000005,4.800000000000001,5.0,5.2,5.4,5.6000000000000005,5.800000000000001,6.0,6.2,6.4,6.6000000000000005,6.800000000000001,7.0,7.2,7.4,7.6000000000000005,7.800000000000001,8.0,8.200000000000001,8.4,8.6,8.8,9.0,9.200000000000001,9.4,9.600000000000001,9.8,10.0,10.200000000000001],"gtau":[0.011333763757196075,0.009613530125817355,0.00883335796112014,0.00820858089136475,0.007668130653956821,0.0071922341243663415,0.006770728394404671,0.0063965048829122545,0.00606392069821869,0.005768266148003371,0.005505532138736969,0.005272272053934276,0.00506551224240123,0.0048826839451686435,0.004721569088909382,0.004580255700126238,0.004457101016392662,0.004350700423771777,0.004259861525165775,0.0041835822580319,0.004121033036109204,0.004071541965087078,0.00403458290172809,0.004009766343135218,0.003996832557554905,0.003995647010999937,0.0040061982260478635,0.004028596962296771,0.004063079010698255,0.004110008575219386,0.004169885162795275,0.004243352385423339,0.004331210250273915,0.0044344315424659,0.004554184735762711,0.004691869871904786,0.004849183371193318,0.005028255654830592,0.005231981437742195,0.00546487408775046,0.005735362156233585,0.006062087832113784,0.006491359971546678,0.007145825562066761,0.008360896434250082,0.01106951508953411,0.017898222734248233,0.03635605955463255,0.08865198470446399,0.24853411410000908,0.9886662362428039],"nn2":[0.25173492090884764,0.08586322246467762,0.06623955747195905,0.0641827805599882,0.06368931093155777,0.06352142323470156,0.06345129082828242,0.06341770555534372,0.06339996835168046,0.06338988164688923,0.06338380164407627,0.06337995934237158,0.0633774353553317,0.06337572186157568,0.06337452758103101,0.0633736753732511,0.06337305558441045,0.06337259819119614,0.06337225706910075,0.06337200155937076,0.06337181045015348,0.06337166927797917,0.06337156788414502,0.06337149995499623,0.06337146082766548,0.06337144794548766,0.0633714610642318,0.0633715005832433,0.06337156891578138,0.06337167044476846,0.06337181168151196,0.06337200277578406,0.06337225813430031,0.0633725988188884,0.06337305610577616,0.0633736761128161,0.06337452865569808,0.06337572350634489,0.06337743665370374,0.06337996069479494,0.06338380291149634,0.06338988342602109,0.06339997067920786,0.06341770814789081,0.06345129345696025,0.06352142626152606,0.06368931399850565,0.06418278640947592,0.06623956373568918,0.08586320036632114],"bd1":[1,1,1,2,2,4,4,8,8,16,16,32,32,64,64,120,115,120,120,120,120,120,120,120,119,120,120,120,120,120,120,120,120,120,119,120,120,120,119,120,119,120,120,120,120,120,120,120,120,120,120,120,120,120,120,120,120,120,120,120,120,120,120,120,120,120,120,120,120,120,120,120,120,120,120,120,120,120,120,120,120,120,119,120,120,120,120,120,119,120,64,64,32,32,16,16,8,8,4,4,2,2,1,1],"nn":[0.9886662906799148,0.981116644046659,0.9787341170847856,0.9779437454637666,0.9776725304290375,0.9775749819236905,0.9775368573185911,0.9775197278351004,0.9775104455735106,0.9775044045814152,0.9774999257146929,0.9774963525379555,0.9774933972065736,0.9774909120094336,0.9774888073889584,0.9774870215876433,0.9774855082341443,0.9774842310615406,0.9774831609518924,0.9774822745436244,0.9774815529463778,0.9774809815259718,0.9774805482269273,0.9774802443514615,0.9774800641044369,0.9774800043277654,0.9774800625148663,0.9774802408803666,0.9774805426902523,0.9774809741357862,0.9774815432508946,0.9774822623112509,0.977483145982114,0.9774842133312558,0.977485487625003,0.9774869982163017,0.9774887815185536,0.9774908841340951,0.9774933680376895,0.9774963230599933,0.9774998972022728,0.977504378376429,0.9775104228459934,0.9775197093553818,0.9775368433506835,0.9775749715989156,0.977672520244953,0.9779437291965033,0.9787340907486287,0.9811166116428927]}