{"bd2":[2,4,4,8,16,32,40,40,38,40,40,40,40,40,40,40,40,40,40,40,40,40,40,40,40,40,40,40,40,40,40,40,40,40,40,40,40,40,40,40,40,40,40,40,40,40,40,40,40,40,40,40,40,40,40,40,40,40,40,40,40,40,40,40,40,40,40,40,40,40,40,40,40,40,40,40,40,40,40,40,40,40,40,40,40,40,40,40,40,40,40,40,40,40,40,40,40,32,16,8,4,4,2,1],"taus":[0.1,0.2,0.30000000000000004,0.4,0.5,0.6000000000000001,0.7000000000000001,0.8,0.9,1.0,1.1,1.2000000000000002,1.3,1.4000000000000001,1.5,1.6,1.7000000000000002,1.8,1.9000000000000001,2.0,2.1,2.2,2.3000000000000003,2.4000000000000004,2.5,2.6,2.7,2.8000000000000003,2.9000000000000004,3.0,3.1,3.2,3.3000000000000003,3.4000000000000004,3.5,3.6,3.7,3.8000000000000003,3.9000000000000004,4.0,4.1000000000000005,4.2,4.3,4.4,4.5,4.6000000000000005,4.7,4.800000000000001,4.9,5.0,5.1000000000000005],"gtau":[0.03996421335365765,0.03667850417840813,0.03447943943887409,0.032777451209244815,0.031356584554063996,0.030121668428462534,0.029024080190048453,0.02803493128920604,0.027136718642174575,0.026317773483399448,0.025570067571620347,0.024887425470784378,0.0242645216485558,0.02369568471459804,0.023178672775699915,0.022710625313065374,0.02228910887050005,0.021912613306636897,0.021580203362754295,0.021291203160710023,0.021045407527868168,0.020843255945737608,0.02068585343804697,0.020575213651406424,0.02051451539985106,0.02050844828311308,0.02056355797549557,0.020688631465262706,0.020895564612046183,0.02120043125976967,0.021624938463339398,0.022198476430937777,0.022960909402035642,0.023966445253168624,0.02528886037616051,0.02702885451085487,0.029325600641842763,0.0323722785990718,0.036432564703272115,0.041879344234083835,0.049235967367205806,0.059246973756850264,0.07298289692376261,0.09200633848204252,0.11863745719748468,0.15640682370676554,0.2108722979544552,0.2912080199202906,0.4136938682003592,0.6106469724610754,0.9600357866463424],"nn2":[0.6208696879108208,0.4197284225269038,0.4048234610550383,0.3976537157799986,0.39360747124216616,0.39110395199637665,0.38946147852768376,0.38833220686604364,0.3875300941019867,0.3869378666428224,0.3864962607075566,0.3861735610401268,0.38594518585146137,0.3857794579127715,0.38566672701942056,0.38559893322991584,0.38552128026995325,0.38545521646907926,0.3854034935299681,0.38536529221166727,0.38533913314199886,0.3853228568927331,0.38531334499492115,0.3853077625011914,0.38530605274666546,0.38530645736832025,0.38530543547888735,0.3853039128412473,0.38530409759870293,0.3853076971961765,0.3853157206506924,0.3853292027777014,0.38534987584024033,0.3853807498990216,0.3854252740402894,0.3854878454118002,0.38557195955030754,0.38568129366605264,0.3858272409154401,0.3860270477989334,0.38628814766725333,0.3866590292497515,0.3871880729292631,0.3879310417497972,0.3889824251725674,0.39052168175040836,0.3928657951413996,0.3966308265932376,0.4032424433729923,0.41673125153391066],"bd1":[1,1,1,2,2,4,4,8,8,16,16,32,32,40,40,40,40,40,40,40,40,40,40,40,40,40,40,40,40,40,40,40,40,40,40,40,40,40,40,40,40,40,40,40,40,40,40,40,40,40,40,40,40,40,40,40,40,40,40,40,40,40,40,40,40,40,40,40,40,40,40,40,40,40,40,40,40,40,40,40,40,40,40,40,40,40,40,40,40,40,40,40,32,32,16,16,8,8,4,4,2,2,1,1],"nn":[0.961385666265959,0.9497150306477998,0.9418842052155587,0.9364235182977212,0.9326685761776065,0.9300502729478324,0.9282046186877102,0.9268927021240261,0.9259522144815465,0.9252741582880868,0.9247835684800498,0.9244240563589894,0.92415837011768,0.9239614227728621,0.9238115514218556,0.9237035223477168,0.923625939479644,0.9235702328323848,0.9235318861902488,0.9235080177576702,0.9234952246410228,0.92344505609351,0.9234331605579359,0.9234264593287168,0.9234250310288554,0.9234225409058473,0.9234290990014153,0.9234379477795039,0.9234493017542013,0.9234638477326107,0.9234834457162984,0.9235125415011873,0.923550300404029,0.9236042036327717,0.923673782739659,0.9237662913593004,0.9238878450240978,0.9240456993100186,0.9242539211800473,0.9245310264800034,0.9249038856750078,0.9254080583929518,0.9260960957866947,0.927039606255524,0.9283468332413967,0.9301739225834749,0.9327570551904009,0.9364600971019387,0.9418683896478276,0.9496435111664574]}