{"bd2":[2,4,4,8,16,32,38,64,50,76,54,76,58,80,62,84,66,84,66,84,66,84,66,84,66,84,66,84,66,84,66,84,66,84,66,84,66,84,66,84,66,84,66,84,70,92,70,92,70,92,70,92,70,92,72,96,74,100,74,100,74,100,74,100,74,100,74,100,74,100,74,100,74,100,74,100,74,100,74,100,74,100,74,100,74,100,74,100,74,100,74,100,74,100,74,100,74,100,74,100,74,100,74,96,74,96,70,92,70,92,70,92,70,92,70,92,70,84,70,84,66,84,66,84,66,84,66,84,66,84,66,84,66,84,66,84,66,84,66,84,66,84,66,84,66,84,64,84,62,80,58,76,54,76,50,64,38,32,16,8,4,4,2,1],"taus":[0.0125,0.025,0.037500000000000006,0.05,0.0625,0.07500000000000001,0.08750000000000001,0.1,0.1125,0.125,0.1375,0.15000000000000002,0.1625,0.17500000000000002,0.1875,0.2,0.21250000000000002,0.225,0.23750000000000002,0.25,0.2625,0.275,0.28750000000000003,0.30000000000000004,0.3125,0.325,0.3375,0.35000000000000003,0.36250000000000004,0.375,0.3875,0.4,0.41250000000000003,0.42500000000000004,0.4375,0.45,0.4625,0.47500000000000003,0.48750000000000004,0.5,0.5125000000000001,0.525,0.5375,0.55,0.5625,0.5750000000000001,0.5875,0.6000000000000001,0.6125,0.625,0.6375000000000001,0.65,0.6625000000000001,0.675,0.6875,0.7000000000000001,0.7125,0.7250000000000001,0.7375,0.75,0.7625000000000001,0.775,0.7875000000000001,0.8,0.8125,0.8250000000000001,0.8375,0.8500000000000001,0.8625,0.875,0.8875000000000001,0.9,0.9125000000000001,0.925,0.9375,0.9500000000000001,0.9625,0.9750000000000001,0.9875,1.0,1.0125],"gtau":[0.44640342381992115,0.44389593643830544,0.44153504745704114,0.43931167954241807,0.4372181854079073,0.43524806716062986,0.4333957619340262,0.43165647591332684,0.4300260542508155,0.42850087796808,0.42707778142436614,0.4257539856348278,0.4245270439383991,0.42339479739714636,0.42235533790845614,0.4214069775101598,0.42054822268640135,0.41977775273582807,0.41909440147462607,0.4184971416981914,0.41798507191988915,0.4175574050248609,0.41721345852698877,0.41695264618162986,0.4167744707552747,0.4166785177802559,0.41666445016316195,0.4167320035228715,0.41688098217487296,0.41711125566632185,0.41742275581819227,0.41781547418937764,0.41828945995253336,0.41884481810621577,0.41948170802103785,0.4202003422742962,0.42100098576373657,0.4218839550721713,0.4228496180895501,0.42389839385474565,0.42503075263474244,0.42624721622788736,0.4275483584952218,0.4289348061124694,0.43040723956771937,0.431966394391334,0.4336130626490897,0.43534809470521035,0.4371724012771526,0.4390869558034935,0.441092797162334,0.44319103276322436,0.44538284206604134,0.44766948056585165,0.45005228431305105,0.45253267502323535,0.45511216586839776,0.45779236804292833,0.46057499821888404,0.4634618870287192,0.4664549887360129,0.46955639228525137,0.47276833398879775,0.47609321210848543,0.4795336037035235,0.48309228416095895,0.48677224993978213,0.4905767451821145,0.49450929300758323,0.498573732512068,0.5027742627711543,0.5071154955060277,0.5116025185411934,0.5162409728393411,0.5210371467613797,0.5259980923918072,0.5311317704540233,0.5364472326952381,0.5419548540350511,0.5476666317249489,0.5535965761800788],"nn2":[0.5503697787328564,0.5445804511239107,0.541974614683701,0.5394600631120492,0.5370345060747087,0.5346958181525732,0.5324420130077753,0.5302712245074167,0.5281816926137407,0.5261717525825977,0.5242398265602257,0.5223844169331022,0.5206041007144022,0.5188975253766764,0.5172634049442859,0.5157005168564408,0.5142076993106791,0.5127838488787674,0.5114279184238947,0.5101389153933186,0.5089158999827997,0.5077579839532281,0.5066643291371408,0.5056341463443008,0.5046666942627596,0.5037612784379866,0.5029172506516361,0.5021340077689763,0.5014109911995511,0.5007476862318402,0.5001436213577345,0.499598367849458,0.49911153916553375,0.4986827906089107,0.49831181887472487,0.4979983617731211,0.4977421979301526,0.4975431465267742,0.4974010671409061,0.4973158595497051,0.4972874636895651,0.49731585955450475,0.49740106714567467,0.49754314654802406,0.4977421979403613,0.49799836178534,0.4983118188757964,0.49868279060524806,0.4991115391667077,0.499598367851,0.5001436213567976,0.5007476862285419,0.5014109911971698,0.502134007759464,0.5029172506394264,0.5037612784188006,0.5046666941957836,0.5056341463018794,0.5066643291315773,0.5077579839593936,0.5089159000118337,0.5101389154300316,0.5114279185010734,0.5127838489476495,0.514207699386899,0.5157005169906324,0.5172634050694859,0.5188975255058252,0.5206041008691664,0.5223844170646534,0.5242398267120061,0.526171752685478,0.5281816926613699,0.530271224490606,0.5324420129213794,0.5346958179829145,0.5370345057939173,0.5394600626776314,0.5419746140139832,0.5445804500696864],"bd1":[1,1,1,2,2,4,4,8,8,16,16,32,26,46,34,58,39,66,44,73,48,78,50,82,53,87,55,89,58,93,59,95,62,100,63,100,66,100,68,100,69,100,70,100,71,100,74,100,75,100,77,100,77,100,77,100,77,100,79,100,81,100,81,100,81,100,82,100,82,100,83,100,83,100,83,100,83,100,83,100,83,100,83,100,83,100,83,100,83,100,83,100,82,100,82,100,82,100,81,100,81,100,80,100,78,100,78,100,77,100,76,100,74,100,73,100,72,100,71,100,69,100,66,100,65,100,62,100,62,98,59,97,58,92,56,88,53,84,50,80,47,75,44,72,43,68,39,61,35,55,31,43,23,31,16,16,8,8,4,4,2,2,1,1],"nn":[0.5535965772496836,0.5508926231384241,0.5482803388844936,0.5457577539729997,0.5433229766070461,0.5409741911437159,0.538709654494458,0.53652769429037,0.5344267061618084,0.532405151547788,0.5304615556966502,0.528594505765902,0.5268026490741358,0.5250846915182638,0.5234393959969914,0.5218655810357599,0.5203621194263437,0.5189279370120552,0.5175620114903363,0.5162633713562008,0.5150310948415715,0.5138643089763776,0.5127621886780908,0.5117239559488305,0.5107488790364095,0.5098362717343495,0.508985492684991,0.5081959447624186,0.5074670744673276,0.5067983714238287,0.5061893678015297,0.5056396380162664,0.5051487981745518,0.504716505751836,0.5043424593372362,0.5040263982177763,0.5037681022600545,0.5035673916075405,0.5034241265315973,0.5033382073436785,0.5033095742462038,0.5033382073364604,0.5034241265356948,0.5035673916141988,0.5037681022737772,0.5040263982326979,0.5043424593283772,0.5047165057341613,0.5051487981319676,0.5056396379722838,0.5061893677635627,0.5067983713761911,0.5074670744446941,0.5081959447408022,0.5089854927795394,0.5098362718027273,0.5107488790805089,0.5117239559762902,0.5127621886876724,0.5138643089723578,0.515031094834975,0.5162633713474611,0.5175620114860457,0.518927936991326,0.5203621194079552,0.5218655810119566,0.5234393959707633,0.5250846914985017,0.5268026490639087,0.5285945057542556,0.5304615556915839,0.532405151545369,0.5344267061636375,0.5365276943094777,0.538709654517056,0.540974191180462,0.5433229766438087,0.5457577540165707,0.5482803389536994,0.5508926231958913]}