{"bd2":[2,4,4,8,16,32,40,40,38,40,38,40,38,40,38,40,38,40,38,40,38,40,38,40,38,40,38,40,38,40,38,40,38,40,38,40,40,32,16,8,4,4,2,1],"taus":[0.05,0.1,0.15000000000000002,0.2,0.25,0.30000000000000004,0.35000000000000003,0.4,0.45,0.5,0.55,0.6000000000000001,0.65,0.7000000000000001,0.75,0.8,0.8500000000000001,0.9,0.9500000000000001,1.0,1.05],"gtau":[0.4466829295431297,0.4374961583955872,0.4302946413378039,0.42477949983805063,0.4207786945362423,0.4181885133756177,0.4169466037826127,0.4170182801794443,0.4183891423990435,0.42106102022768443,0.4250498627097349,0.4303849179866386,0.43710892840041504,0.44527930959880996,0.45497050567373415,0.46627800572138145,0.47932501125877386,0.49427374175009925,0.5113456056706592,0.5308599858037236,0.5533170704568703],"nn2":[0.5411165768218943,0.5203907897522047,0.5113892102923306,0.5037814801684841,0.49740649579840585,0.49215640070599875,0.4879531922074366,0.4847390847337746,0.4824719444402278,0.48112290530810287,0.4806750783020374,0.4811228996009664,0.48247193328764887,0.4847390684034265,0.48795317118946363,0.4921563783483761,0.49740647481937894,0.5037814615547768,0.5113891943986802,0.5203907570376669],"bd1":[1,1,1,2,2,4,4,8,8,16,16,32,32,40,40,40,40,40,40,40,40,40,40,40,40,40,40,40,40,40,40,40,32,32,16,16,8,8,4,4,2,2,1,1],"nn":[0.5533170919297479,0.5430442042834501,0.5341479287233516,0.526523427302115,0.5200822125906895,0.5147504113649718,0.510467437865783,0.5071849729676076,0.5048661893110777,0.5034851753590287,0.5030265376212528,0.5034851708384089,0.5048661802859953,0.5071849591672057,0.5104674187052392,0.5147503885434068,0.5200821868058154,0.5265234008869765,0.534147905298314,0.5430441890342194]}