{"bd2":[2,4,4,8,16,32,64,116,120,120,120,120,120,120,120,120,120,120,120,120,120,120,120,120,120,120,120,120,120,120,120,120,120,120,120,120,120,120,120,120,120,120,120,120,120,120,120,120,120,120,120,120,120,120,120,120,120,120,120,120,120,120,120,120,120,120,120,120,120,120,120,120,120,120,120,120,120,120,120,120,120,120,120,120,120,120,120,120,120,120,120,120,120,120,120,116,64,32,16,8,4,4,2,1],"taus":[0.1,0.2,0.30000000000000004,0.4,0.5,0.6000000000000001,0.7000000000000001,0.8,0.9,1.0,1.1,1.2000000000000002,1.3,1.4000000000000001,1.5,1.6,1.7000000000000002,1.8,1.9000000000000001,2.0,2.1,2.2,2.3000000000000003,2.4000000000000004,2.5,2.6,2.7,2.8000000000000003,2.9000000000000004,3.0,3.1,3.2,3.3000000000000003,3.4000000000000004,3.5,3.6,3.7,3.8000000000000003,3.9000000000000004,4.0,4.1000000000000005,4.2,4.3,4.4,4.5,4.6000000000000005,4.7,4.800000000000001,4.9,5.0,5.1000000000000005],"gtau":[0.4268549428250177,0.39073668264886646,0.3597537179902328,0.3324984831969213,0.3082498633725164,0.28654865823971465,0.26706320492183055,0.24953524107579073,0.23375422912761679,0.2195435931925615,0.20675258819544629,0.19525110095498913,0.18492610583332306,0.1756791208064083,0.16742430753819906,0.16008701106015916,0.15360261488723687,0.14791563361926732,0.14297899371171796,0.13875346877069433,0.13520724540233522,0.13231560631438116,0.13006071959009677,0.12843152833910276,0.12742373366837306,0.1270398906809811,0.12728957711987518,0.12818968383124066,0.12976480795938905,0.13204776552225012,0.135080225756217,0.13891349728111388,0.14360947039371427,0.14924174270133608,0.1558969559020932,0.16367637960562806,0.1726977870095311,0.18309768242598568,0.19503396067397988,0.2086891095378636,0.22427411565182295,0.24203331163977596,0.2622505435844183,0.2852572851398049,0.31144380830300417,0.34127552031953956,0.37531881686088475,0.41428637926689393,0.4591276499688733,0.5112438548591753,0.5731450571749823],"nn2":[0.55212036513622,0.49684664298325637,0.46467989995369846,0.43903388162060925,0.41823783240263485,0.4012399479441075,0.38727644208460327,0.3757618704468135,0.36623655669445443,0.35833504676552624,0.35176465071078766,0.3462898169547063,0.34172032956804255,0.33790220952745764,0.33471059140057263,0.33204411359272057,0.32982047441944684,0.32797292139041184,0.3264474209767291,0.3252004699295859,0.3241973112775452,0.32341055532883994,0.32281909399749864,0.3224073392909777,0.32216444777210773,0.3220841751324722,0.32216444674721,0.3224073381530494,0.3228191053762715,0.32341056401980184,0.3241973287546999,0.3252004923701818,0.3264474472493526,0.3279729516465971,0.3298205149670987,0.3320441587538381,0.33471064097972053,0.3379022624796835,0.3417203896994585,0.34628988651358367,0.35176473408794795,0.35833514358829327,0.3662366626243477,0.3757619823316135,0.38727655433381764,0.4012400523000668,0.41823791813717565,0.4390339338269604,0.46467988638231955,0.4968464355475252],"bd1":[1,1,1,2,2,4,4,8,8,16,16,32,32,64,64,120,102,120,119,120,120,120,120,120,119,120,120,120,119,120,120,120,119,120,119,120,119,120,120,120,120,120,120,120,119,120,120,120,119,120,120,120,120,120,119,120,120,120,119,120,120,120,120,120,119,120,118,120,119,120,119,120,119,120,120,120,120,120,120,120,119,120,120,120,120,120,119,120,105,120,64,64,32,32,16,16,8,8,4,4,2,2,1,1],"nn":[0.5731453762586257,0.533209210050755,0.5005725111437691,0.4738235647785955,0.4518409038761833,0.4337283669431092,0.4187670238065924,0.4063784267610092,0.39609602973797625,0.3875427569318333,0.38041327496456256,0.3744599321939785,0.3694815727085353,0.36531461021312034,0.36182589759089145,0.3589070128946542,0.3564697019523766,0.35444221750911276,0.35276638020861056,0.3513952617385227,0.3502913171657713,0.34942492178671963,0.34877323232922997,0.34831931891685247,0.34805151721482214,0.3479629975238621,0.3480515127118787,0.3483193108657724,0.34877322046235903,0.3494249024863714,0.35029129256992103,0.3513952346787091,0.35276635296363196,0.35444219288176043,0.3564696835306287,0.3589070029263664,0.36182590269660314,0.3653146295587342,0.36948160701903227,0.3744599821660287,0.38041333768097024,0.3875428333446074,0.3960961172769541,0.40637851812155423,0.41876711231078423,0.4337284415943925,0.4518409538469722,0.4738235827795222,0.5005724973137519,0.5332091847028575]}