{"bd2":[2,4,4,8,16,32,58,80,80,80,78,80,78,80,80,80,58,32,16,8,4,4,2,1],"taus":[0.1,0.2,0.30000000000000004,0.4,0.5,0.6000000000000001,0.7000000000000001,0.8,0.9,1.0,1.1],"gtau":[0.10147707125103259,0.10058591800123452,0.10680459761142551,0.11933716487597013,0.13939853037176717,0.1697506162267093,0.21525730765789844,0.2843880315484814,0.3926789397213623,0.5716854186650555,0.8985229287489674],"nn2":[0.5794462627535439,0.39576805967766987,0.38184307392066213,0.37546852335484704,0.3724752801425099,0.3715826048012549,0.3724752801442034,0.3754685233603981,0.38184307392532896,0.39576805967143874],"bd1":[1,1,1,2,2,4,4,8,8,16,16,32,32,32,16,16,8,8,4,4,2,2,1,1],"nn":[0.8985229287489644,0.8884940549688436,0.8819652996218638,0.8778666435401417,0.8756069145711245,0.8748846129311134,0.8756069145735809,0.8778666435477094,0.8819652996277281,0.8884940549599285]}