{"bd2":[2,4,4,8,16,32,58,104,114,140,140,140,140,140,140,140,140,140,140,140,140,140,140,140,140,140,140,140,140,140,140,140,140,140,140,140,140,140,140,140,140,140,140,140,140,140,140,140,140,140,140,140,140,140,140,140,140,140,140,140,140,140,140,140,140,140,140,140,140,140,140,140,140,140,140,140,140,140,140,140,140,140,140,140,140,140,140,140,140,140,140,140,140,140,140,140,140,140,140,140,140,140,140,140,140,140,140,140,140,140,140,140,140,140,140,140,140,140,140,140,140,140,140,140,140,140,140,140,140,140,140,140,140,140,140,140,140,140,140,140,140,140,140,140,140,140,140,140,140,140,140,140,140,140,140,140,140,140,140,140,140,140,140,140,140,140,140,140,140,140,140,140,140,140,140,140,140,140,140,140,140,140,140,140,140,140,140,140,140,140,140,140,140,140,140,140,140,140,140,140,140,140,140,140,140,140,140,140,140,140,140,140,140,140,140,140,140,140,140,140,140,140,140,140,140,140,140,140,140,140,140,140,140,140,140,140,140,140,140,140,140,140,140,140,140,140,140,140,140,140,140,140,140,140,140,140,140,140,140,140,140,140,140,140,140,140,140,140,140,140,140,140,140,140,140,140,140,140,140,140,140,140,140,140,140,140,140,140,140,140,140,140,140,140,140,140,140,140,140,140,140,140,140,140,140,140,140,140,140,140,140,140,140,140,140,140,140,140,140,140,140,140,140,140,140,140,140,140,140,140,140,140,140,140,140,140,140,140,140,140,140,140,140,140,140,140,140,140,140,140,140,140,140,140,140,140,140,140,140,140,140,140,140,140,140,140,140,140,140,140,140,140,140,140,140,140,140,140,140,140,140,140,140,140,140,140,140,140,140,140,138,140,138,140,114,104,58,32,16,8,4,4,2,1],"taus":[0.05,0.1,0.15000000000000002,0.2,0.25,0.30000000000000004,0.35000000000000003,0.4,0.45,0.5,0.55,0.6000000000000001,0.65,0.7000000000000001,0.75,0.8,0.8500000000000001,0.9,0.9500000000000001,1.0,1.05,1.1,1.1500000000000001,1.2000000000000002,1.25,1.3,1.35,1.4000000000000001,1.4500000000000002,1.5,1.55,1.6,1.6500000000000001,1.7000000000000002,1.75,1.8,1.85,1.9000000000000001,1.9500000000000002,2.0,2.0500000000000003,2.1,2.15,2.2,2.25,2.3000000000000003,2.35,2.4000000000000004,2.45,2.5,2.5500000000000003,2.6,2.6500000000000004,2.7,2.75,2.8000000000000003,2.85,2.9000000000000004,2.95,3.0,3.0500000000000003,3.1,3.1500000000000004,3.2,3.25,3.3000000000000003,3.35,3.4000000000000004,3.45,3.5,3.5500000000000003,3.6,3.6500000000000004,3.7,3.75,3.8000000000000003,3.85,3.9000000000000004,3.95,4.0,4.05,4.1000000000000005,4.15,4.2,4.25,4.3,4.3500000000000005,4.4,4.45,4.5,4.55,4.6000000000000005,4.65,4.7,4.75,4.800000000000001,4.8500000000000005,4.9,4.95,5.0,5.050000000000001,5.1000000000000005,5.15,5.2,5.25,5.300000000000001,5.3500000000000005,5.4,5.45,5.5,5.550000000000001,5.6000000000000005,5.65,5.7,5.75,5.800000000000001,5.8500000000000005,5.9,5.95,6.0,6.050000000000001,6.1000000000000005,6.15,6.2,6.25,6.300000000000001,6.3500000000000005,6.4,6.45,6.5,6.550000000000001,6.6000000000000005,6.65,6.7,6.75,6.800000000000001,6.8500000000000005,6.9,6.95,7.0,7.050000000000001,7.1000000000000005,7.15,7.2,7.25,7.300000000000001,7.3500000000000005,7.4,7.45,7.5,7.550000000000001,7.6000000000000005,7.65,7.7,7.75,7.800000000000001,7.8500000000000005,7.9,7.95,8.0,8.05,8.1,8.15,8.200000000000001,8.25,8.3,8.35,8.4,8.450000000000001,8.5,8.55,8.6,8.65,8.700000000000001,8.75,8.8,8.85,8.9,8.950000000000001,9.0,9.05,9.1,9.15,9.200000000000001,9.25,9.3,9.35,9.4,9.450000000000001,9.5,9.55,9.600000000000001,9.65,9.700000000000001,9.75,9.8,9.850000000000001,9.9,9.950000000000001,10.0,10.05],"gtau":[0.2816973750104181,0.2711246151009551,0.2613740363136545,0.2522664330591094,0.2436934330833799,0.2355829938101841,0.2278836244544362,0.22055636699877226,0.213570381214198,0.20690035535297996,0.20052490724777408,0.19442555337484024,0.18858601907172415,0.18299176194893363,0.17762963280039734,0.17248762865718464,0.16755470773958725,0.1628206483594008,0.15827593951294355,0.153911693445223,0.1497195753749754,0.1456917464412912,0.14182081472055988,0.13809979632972977,0.13452207479962044,0.13108147941898343,0.12777248570809108,0.12458929158411905,0.12152655344254103,0.11857920725966932,0.11574243977408137,0.11301167021132133,0.11038253626295128,0.10785088171599909,0.1054127448196825,0.10306434518541875,0.10080207563573368,0.0986224989695148,0.0965223337725534,0.09449844681912711,0.09254784587637616,0.0906676740795208,0.08885520203196949,0.08710782126382374,0.08542303903285137,0.08379847359681605,0.08223184870644847,0.08072098872966332,0.07926381384335698,0.07785833568766175,0.07650265322763113,0.07519494872199656,0.0739334845761136,0.07271659930615389,0.07154267842430667,0.07041022622281481,0.06931778649471909,0.068263964673938,0.06724743467344062,0.06626692457126249,0.06532121834999294,0.06440915356747637,0.06352961885760794,0.06268155167048345,0.06186393619380397,0.061075801588478036,0.06031622035796002,0.059584306379159485,0.058879213221280015,0.05820013259880745,0.05754629295913231,0.05691695810426042,0.056311425724713884,0.05572902621107132,0.055169121369310146,0.054631103424406656,0.054114394001622004,0.05361844287341838,0.0531427274080018,0.052686751482211046,0.052250044593659804,0.05183216120849613,0.0514326800292799,0.05105120329986022,0.050687356203562545,0.050340786327372176,0.0500111631763449,0.049698177721191936,0.049401541936056094,0.049120988580356066,0.04885627075343543,0.0486071618485017,0.04837345513767189,0.048154963629965776,0.047951520289905694,0.04776297765298212,0.04758920800792569,0.0474301034992777,0.047285576156200944,0.047155558241712296,0.04704000241394836,0.04693888209407863,0.046852191888345815,0.04677994795765599,0.046722188782925896,0.046678975574779534,0.0466503931152476,0.04663655049575805,0.04663758215311067,0.04665364861814804,0.04668493789953827,0.04673166652677188,0.04679408096215053,0.04687245912312145,0.04696711192311443,0.04707838506810793,0.04720666104844788,0.0473523610270805,0.04751594730490537,0.047697925728787456,0.04789884829737807,0.048119316236034694,0.04835998305201348,0.04862155781811153,0.04890480927516542,0.04921056945395439,0.049539738069000167,0.049893287179761645,0.05027226632064942,0.050677807865211436,0.05111113304115644,0.051573558092333494,0.05206650135475674,0.052591490463337644,0.053150170595780886,0.053744313023226124,0.054375824346584764,0.05504675664869333,0.05575931833405657,0.05651588593107187,0.05731902282116005,0.05817147366525319,0.05907619994490775,0.060036387845588776,0.061055465911173175,0.06213712351631914,0.0632853317666178,0.06450436394662934,0.06579881987436083,0.06717365633751626,0.068634197739891,0.07018618317070778,0.07183579158866751,0.07358967663245305,0.07545500390540975,0.07743949103348821,0.07955145218493906,0.08179984497061689,0.08419432127926449,0.0867452825057914,0.08946393938416651,0.09236237675491066,0.09545362376872041,0.0987517298143091,0.10227184732115531,0.10603032117947062,0.11004478586401271,0.11433427097819777,0.11891931605096315,0.12382209535659758,0.12906655403353126,0.13467855538427398,0.14068604408472982,0.14711922198418076,0.15401074203699033,0.16139592041845396,0.1693129696873871,0.1778032558012973,0.18691158189988563,0.19668650287002595,0.20718067538832846,0.2184512492252676,0.2305603066259938,0.24357535917373202,0.25756991395946666,0.27262412400593966,0.28882554370594665,0.30627001704600704,0.3250627373349711,0.34531953360467244,0.367168464210253,0.3907518381342882,0.4162288502316896,0.44377912895221827,0.47360769184152773,0.5059521654523496,0.5410938424692795,0.5793756171153586,0.6212331645416538,0.6672539970824756,0.7183026249895819],