{"bd2":[2,4,4,4,4,8,8,8,16,32,32,32,64,100,100,100,100,100,100,100,100,100,100,100,100,100,100,100,100,100,100,100,100,100,100,100,100,100,100,100,100,100,100,100,100,100,100,100,100,100,100,100,100,100,100,100,100,100,100,100,100,100,100,100,100,100,100,100,100,100,100,100,100,100,100,100,100,100,100,100,100,100,100,100,100,100,100,100,100,100,100,100,100,100,100,100,100,100,100,100,100,100,100,100,100,100,100,100,100,100,100,100,100,100,100,100,100,100,100,100,100,100,100,100,100,100,100,100,100,100,100,100,100,100,100,100,100,100,100,100,100,100,100,100,100,100,100,100,100,100,100,100,100,100,100,100,100,100,100,100,100,100,100,100,100,100,100,100,100,100,100,100,100,100,100,100,100,100,100,100,100,100,100,100,100,100,100,100,100,100,100,100,100,100,100,100,100,100,100,100,100,100,100,100,100,100,100,100,100,100,100,100,100,100,100,100,100,100,100,100,100,100,100,100,100,100,100,100,100,100,100,100,100,100,100,100,100,100,100,100,100,100,100,100,100,100,100,100,100,100,100,100,100,100,100,100,100,100,100,100,100,100,100,100,100,100,100,100,100,100,100,100,100,100,100,100,100,100,100,100,100,100,100,100,100,100,100,100,100,100,100,100,100,100,100,100,100,100,100,100,100,100,100,100,100,100,100,100,100,100,100,100,100,100,100,100,100,100,100,100,100,100,100,100,100,100,100,100,100,100,100,100,100,100,100,100,100,100,100,100,100,100,100,100,100,100,100,100,100,100,100,100,100,100,100,100,100,100,100,100,100,100,100,100,100,100,100,100,100,100,100,100,100,100,100,100,100,100,100,100,100,100,100,100,100,100,100,100,100,100,100,100,64,32,32,32,16,8,8,8,4,4,4,4,2,1,1,1],"taus":[0.1,0.2,0.30000000000000004,0.4,0.5,0.6000000000000001,0.7000000000000001,0.8,0.9,1.0,1.1,1.2000000000000002,1.3,1.4000000000000001,1.5,1.6,1.7000000000000002,1.8,1.9000000000000001,2.0,2.1,2.2,2.3000000000000003,2.4000000000000004,2.5,2.6,2.7,2.8000000000000003,2.9000000000000004,3.0,3.1,3.2,3.3000000000000003,3.4000000000000004,3.5,3.6,3.7,3.8000000000000003,3.9000000000000004,4.0,4.1000000000000005,4.2,4.3,4.4,4.5,4.6000000000000005,4.7,4.800000000000001,4.9,5.0,5.1000000000000005,5.2,5.300000000000001,5.4,5.5,5.6000000000000005,5.7,5.800000000000001,5.9,6.0,6.1000000000000005,6.2,6.300000000000001,6.4,6.5,6.6000000000000005,6.7,6.800000000000001,6.9,7.0,7.1000000000000005,7.2,7.300000000000001,7.4,7.5,7.6000000000000005,7.7,7.800000000000001,7.9,8.0,8.1,8.200000000000001,8.3,8.4,8.5,8.6,8.700000000000001,8.8,8.9,9.0,9.1,9.200000000000001,9.3,9.4,9.5,9.600000000000001,9.700000000000001,9.8,9.9,10.0,10.100000000000001],"gtau":[0.0014072242303161911,0.0013160793344568484,0.001258379829003337,0.0012093010803854592,0.0011645423346239817,0.001122934161629415,0.0010839777689284574,0.0010473811724229243,0.0010129429492640397,0.0009805148139270523,0.0009499617704076225,0.0009211688796333086,0.0008940275500976149,0.00086843404590226,0.0008442948864954172,0.0008215318015790897,0.0008000648309073744,0.0007798246348924651,0.0007607422245102649,0.0007427525913580742,0.000725793294848512,0.0007098115610213408,0.0006947575495107019,0.0006805845481647996,0.0006672470976005679,0.0006547053091266623,0.0006429206572631101,0.0006318580374682642,0.0006214780970854678,0.0006117532342851799,0.0006026613411875208,0.0005941682734824966,0.0005862526680940605,0.0005788925598552337,0.0005720660213044237,0.0005657541817045022,0.0005599396015357438,0.0005546063229697975,0.0005497398095341826,0.0005453271104035399,0.0005413561578084491,0.0005378153535850226,0.0005346976700944983,0.0005319923863202719,0.0005296920898747105,0.0005277909437077204,0.0005262842236415007,0.0005251680570305517,0.0005244394658834582,0.0005240969982927339,0.0005241398518989769,0.0005245679617587121,0.0005253818531365532,0.0005265847758651214,0.0005281787627944911,0.0005301689864660948,0.0005325599929289296,0.0005353585554567874,0.000538571909050664,0.0005422085781430788,0.0005462781773984625,0.0005507916755235368,0.0005557612940434932,0.0005612006925858965,0.0005671251370920155,0.000573550961846984,0.0005804957328519821,0.000587978952523337,0.000596021013277554,0.0006046448989313844,0.0006138754517922833,0.0006237393000467795,0.0006342655537297545,0.0006454882266948148,0.0006574373885094349,0.0006701484724217741,0.000683660454448722,0.000698014476480268,0.0007132569373907492,0.0007294353591593295,0.0007466045341600816,0.000764819946213981,0.0007841433562593841,0.0008046385176507344,0.0008263741816389796,0.0008494260158705907,0.0008738690154688421,0.0008997958913489582,0.0009273093071701132,0.0009565504650202054,0.000987782297793101,0.0010217313324010786,0.0010610662368288305,0.0011166738480798976,0.0012347095664891055,0.0016138397861319,0.003119313995688206,0.009583190627251078,0.03854795471089702,0.1772880429362677,0.9985927757696839],"nn2":[0.1775284966165376,0.03777529204750644,0.03323640139656611,0.03220799242418545,0.031861881018914524,0.031718074861448085,0.0316499295692949,0.03161369126517486,0.031592852452087046,0.03158017804393084,0.03157212584121891,0.03156687908441847,0.0315632492548519,0.0315608537765216,0.03155876986260248,0.03155712583125502,0.03155590437414193,0.031555051509937815,0.03155462500465082,0.031554174901919384,0.031553713017623344,0.03155322249363849,0.031552828400955864,0.03155255822417773,0.03155230997162985,0.03155214012877318,0.031551974712396756,0.03155202550230587,0.03155202623484698,0.03155170072710705,0.03155204080918289,0.031551972506697175,0.0315519610666105,0.03155204135171696,0.031552092450281115,0.0315521156718472,0.03155213292880494,0.03155217264735731,0.03155222641590181,0.031552321383313105,0.03155248306658674,0.03155256064974252,0.031552742115557426,0.03155292311973769,0.03155300738046895,0.0315530856260486,0.031553112606372564,0.03155316080238858,0.03155320729690341,0.031553236006448826,0.031553242966241936,0.031553274806809355,0.03155327783291908,0.03155333516623806,0.03155335130620919,0.03155339053798351,0.03155341659034146,0.03155344875776972,0.031553486938604984,0.03155352805962425,0.03155356558689704,0.03155360025473632,0.03155362890823518,0.031553660350453185,0.03155371192323345,0.03155379185026007,0.03155390608222849,0.031554083651490906,0.03155430093546662,0.03155453811301611,0.03155479884639792,0.0315550918002891,0.03155537960545427,0.03155587617032645,0.03155633595727873,0.03155675909701208,0.03155707106052947,0.03155736919392015,0.03155765641844669,0.03155799713602171,0.031558385692564646,0.03155886556269213,0.03155977846420637,0.031560702807440555,0.03156174024743503,0.031563136003452306,0.03156471757798535,0.031566624450882326,0.031569056139186896,0.031572358297269794,0.03157726989222173,0.03158465669967849,0.03159650020235802,0.031615974647950705,0.03165025069770448,0.031715817007305025,0.031854624646464505,0.03219200678478982,0.03320158517794202,0.03765210382346562],