{"bd2":[2,4,4,8,16,20,20,20,20,20,20,20,20,20,20,20,20,20,16,8,4,4,2,1],"taus":[0.1,0.2,0.30000000000000004,0.4,0.5,0.6000000000000001,0.7000000000000001,0.8,0.9,1.0,1.1],"gtau":[0.10147522492374364,0.10058581348152236,0.10680546090071076,0.11933805537996436,0.13939924310204443,0.16975115313085146,0.21525766013919334,0.2843881684607458,0.3926788948104031,0.5716833732242025,0.8985247750762564],"nn2":[0.579446866011736,0.3957685345686228,0.38184384164732194,0.3754694066665859,0.37247770840417604,0.3715874325973506,0.37247548069197595,0.3754671366606936,0.381855143683422,0.3957607223141449],"bd1":[1,1,1,2,2,4,4,8,8,16,16,20,20,20,16,16,8,8,4,4,2,2,1,1],"nn":[0.8985250411864629,0.8884927452396387,0.8819654792797642,0.8778703138778825,0.8756142177420151,0.8748934618107689,0.875614318316842,0.8778704281544826,0.8819654641746121,0.8884926524683364]}