{"bd2":[2,4,4,8,16,32,46,60,60,60,60,60,60,60,60,60,60,60,60,60,60,60,60,60,60,60,60,60,60,60,60,60,60,60,60,60,60,60,60,60,60,60,60,60,60,60,60,60,60,60,60,60,60,60,60,60,60,60,60,60,60,60,60,60,60,60,60,60,60,60,60,60,60,60,60,60,46,32,16,8,4,4,2,1],"taus":[0.025,0.05,0.07500000000000001,0.1,0.125,0.15000000000000002,0.17500000000000002,0.2,0.225,0.25,0.275,0.30000000000000004,0.325,0.35000000000000003,0.375,0.4,0.42500000000000004,0.45,0.47500000000000003,0.5,0.525,0.55,0.5750000000000001,0.6000000000000001,0.625,0.65,0.675,0.7000000000000001,0.7250000000000001,0.75,0.775,0.8,0.8250000000000001,0.8500000000000001,0.875,0.9,0.925,0.9500000000000001,0.9750000000000001,1.0,1.0250000000000001],"gtau":[0.3442645277799739,0.34379483950766987,0.3437501982104029,0.3440976764441232,0.3448149799442901,0.34588707936632274,0.347304123946088,0.34906009783928277,0.3511519271331438,0.35357887135235344,0.356342100862625,0.35944439955877455,0.3628899544547062,0.3666842072341772,0.3708337512610564,0.37534626290203427,0.3802304596675499,0.38549608005253266,0.3911538817576361,0.39721565626011,0.40369425862056096,0.4106036523053386,0.4179589695723545,0.42577658874605656,0.43407423056779837,0.44287107682600674,0.4521879157532926,0.4620473203567915,0.47247386811766745,0.4834944136451589,0.49513843040279,0.5074384445908128,0.5204305916153451,0.5341553438353231,0.5486584785912686,0.5639923923318015,0.5802179260060554,0.5974069679843327,0.615646279359602,0.6350433168331358,0.6557354722200261],"nn2":[0.6401134857434149,0.6203550223849852,0.6156798409525677,0.6113538749080227,0.6073557805585454,0.6036679885388095,0.6002755558373655,0.5971655102544613,0.5943264518767417,0.5917482972556429,0.5894221067316632,0.5873399629997982,0.5854948825764552,0.5838807462016365,0.5824922539435865,0.581324878394603,0.5803748346076449,0.5796390570005714,0.5791151798213261,0.5788015229678471,0.5786970821821273,0.5788015233481281,0.579115180584264,0.5796390581499398,0.5803748361956345,0.5813248805367333,0.5824922573986695,0.5838807518858412,0.5854948865118798,0.587339967380071,0.5894221107871592,0.5917483007541141,0.5943264548683437,0.5971655128058757,0.6002755580168698,0.6036679900386263,0.6073557808332881,0.6113538728000976,0.6156798340206558,0.6203550057546946],"bd1":[1,1,1,2,2,4,4,8,8,16,16,32,31,58,46,60,56,60,59,60,59,60,59,60,59,60,59,60,59,60,59,60,59,60,59,60,59,60,59,60,59,60,59,60,59,60,59,60,59,60,59,60,59,60,60,60,59,60,58,60,58,60,58,60,59,60,59,60,55,60,45,59,31,32,16,16,8,8,4,4,2,2,1,1],"nn":[0.655735448443699,0.650598458659639,0.6458168225037721,0.6413744890731432,0.6372569056805498,0.6334506441570358,0.6299433942347302,0.6267238931595436,0.6237818573539109,0.621107934004703,0.6186936726651211,0.6165314792574496,0.6146145680600738,0.6129369467640161,0.6114933866708014,0.6102794003681012,0.6092912207796697,0.6085257859125004,0.6079807298364576,0.6076543673027024,0.6075456908329686,0.6076543652742636,0.6079807297414507,0.6085257849744944,0.6092912183834244,0.6102793971488562,0.6114933825396609,0.6129369419879459,0.6146145644774662,0.6165314757933644,0.6186936691678542,0.6211079305584022,0.6237818534502565,0.6267238946856374,0.6299433966833348,0.6334506450978086,0.6372569053240449,0.6413744889156974,0.6458168171836403,0.6505984599276521]}