{"bd2":[2,4,4,8,16,32,46,64,62,80,70,92,70,92,70,96,76,108,82,116,82,116,82,116,84,116,84,116,88,116,88,116,88,116,88,116,88,116,88,116,88,116,88,116,88,116,88,116,88,116,88,116,88,116,88,116,84,116,84,116,82,116,82,116,80,104,74,96,70,92,70,92,70,80,62,64,46,32,16,8,4,4,2,1],"taus":[0.025,0.05,0.07500000000000001,0.1,0.125,0.15000000000000002,0.17500000000000002,0.2,0.225,0.25,0.275,0.30000000000000004,0.325,0.35000000000000003,0.375,0.4,0.42500000000000004,0.45,0.47500000000000003,0.5,0.525,0.55,0.5750000000000001,0.6000000000000001,0.625,0.65,0.675,0.7000000000000001,0.7250000000000001,0.75,0.775,0.8,0.8250000000000001,0.8500000000000001,0.875,0.9,0.925,0.9500000000000001,0.9750000000000001,1.0,1.0250000000000001],"gtau":[0.10180071489982405,0.10068813723245287,0.10021188800877155,0.10026935440081218,0.10079454862548147,0.10174557606969929,0.10309726133822379,0.10483664773006858,0.10696018447449494,0.10947195376982624,0.11238256843611787,0.11570852300592577,0.1194718675567519,0.12370012552890289,0.12842640848244852,0.13368970199565539,0.1395353122220245,0.146015472763261,0.15319012220866093,0.16112787108947627,0.1699071866752956,0.17961783490757804,0.19036263195537284,0.20225957462418867,0.21544444070139365,0.23007397949085368,0.2463298524410506,0.264423538582958,0.28460249646760055,0.30715798419109147,0.3324350988193736,0.360845832934776,0.3928863036640841,0.42915986180623517,0.4704086661427391,0.5175577364381905,0.5717779068371398,0.6345783047402394,0.7079466252396276,0.7945700684428683,0.898199285100176],"nn2":[0.7973398338912868,0.7102679642684754,0.7071421130512948,0.7044823392609803,0.702189254978671,0.7001948584103934,0.6984503731117021,0.6969194710816159,0.6955742780025331,0.6943929038429439,0.6933578543816076,0.6924549707049099,0.6916727012776896,0.6910015813270882,0.69043386373192,0.6899632414221183,0.6895846537882361,0.6892941304154103,0.6890886854557787,0.6889662378303414,0.6889255587480106,0.6889662419876817,0.6890886942654827,0.6892941446641243,0.6895846747120572,0.6899632708134952,0.6904339020437273,0.6910016303825842,0.6916727577808927,0.692455033532054,0.6933579179130147,0.6943929676409385,0.6955743352808628,0.6969195170595942,0.698450400451802,0.7001948580025443,0.7021892129509002,0.7044822268271095,0.7071418736169776,0.7102674910959833],"bd1":[1,1,1,2,2,4,4,8,8,16,16,32,32,64,64,126,115,140,138,140,140,140,140,140,140,140,140,140,139,140,140,140,140,140,140,140,140,140,140,140,140,140,140,140,140,140,140,140,139,140,140,140,139,140,139,140,138,140,138,140,139,140,137,140,138,140,138,140,105,125,63,64,32,32,16,16,8,8,4,4,2,2,1,1],"nn":[0.8982026826796868,0.8952298439568973,0.8925615288680805,0.8901661914212015,0.8880146950002709,0.8860828222020205,0.8843496986104064,0.8827974201212642,0.8814105457030552,0.8801757332690827,0.8790814745557262,0.8781178353443344,0.8772762818720856,0.8765495247665942,0.8759313841668849,0.8754165716468109,0.875000992757639,0.8746811969569542,0.8744546058769648,0.8743193433012595,0.8742743792933706,0.8743193378879343,0.8744545866259207,0.8746812080452269,0.8750010266937946,0.8754166256267784,0.8759313970482145,0.8765494898005904,0.8772762723455703,0.8781178380295765,0.8790814867192805,0.8801757455291203,0.8814105625659339,0.8827974381898667,0.8843497125175159,0.8860828626856827,0.8880147575652253,0.8901662782449161,0.8925616235111092,0.8952299435668724]}