{"bd2":[2,4,4,8,16,20,20,20,20,20,20,20,20,20,20,20,20,20,16,8,4,4,2,1],"taus":[0.1,0.2,0.30000000000000004,0.4,0.5,0.6000000000000001,0.7000000000000001,0.8,0.9,1.0,1.1],"gtau":[0.018648651046973195,0.018691473441598664,0.021976771147008852,0.02836014550277798,0.03946702539002879,0.05844093885156152,0.09093228955493321,0.14740853655789884,0.24913311788720274,0.4498482088019311,0.9813513489530268],"nn2":[0.4529838284444536,0.2488522149702498,0.21830168716833037,0.21137406353752658,0.20922739488343553,0.20870382989904815,0.20922649516495714,0.21137460560022356,0.21830018828932954,0.24885001979374977],"bd1":[1,1,1,2,2,4,4,8,8,16,16,20,20,20,16,16,8,8,4,4,2,2,1,1],"nn":[0.9813558606350915,0.9760959959127968,0.9732129932104103,0.971632568602351,0.9708433778118901,0.9706041660790955,0.9708434188600904,0.9716326239157885,0.9732129879576947,0.9760959599167081]}