{"bd2":[2,4,4,8,16,32,40,40,38,40,38,40,38,40,38,40,38,40,38,40,38,40,38,40,38,40,38,40,38,40,38,40,38,40,38,40,40,32,16,8,4,4,2,1],"taus":[0.05,0.1,0.15000000000000002,0.2,0.25,0.30000000000000004,0.35000000000000003,0.4,0.45,0.5,0.55,0.6000000000000001,0.65,0.7000000000000001,0.75,0.8,0.8500000000000001,0.9,0.9500000000000001,1.0,1.05],"gtau":[0.10174956662660306,0.10017889058835486,0.10077440038731693,0.10308657286095602,0.10695642225639462,0.11238365555677933,0.11947599026572897,0.1284319087095921,0.1395406409157577,0.1531938196791061,0.16990790795348923,0.19035920356996203,0.2154359469790289,0.246315777973791,0.284582946490516,0.33241111434927123,0.3928602089430919,0.4703847180576619,0.5717636722138576,0.7079529046080599,0.8982504333733969],"nn2":[0.7128507232650071,0.5751258510914727,0.5681514296054794,0.5633686816061471,0.5599241080344923,0.5573888692689315,0.5555242440250712,0.5541848793618679,0.5532815935236478,0.5527593489284002,0.5525882830390063,0.5527594880540209,0.5532822437096385,0.5541862869416476,0.5555261261708925,0.5573912592286348,0.5599258916338647,0.5633686722809776,0.56814924754595,0.5751181003685083],"bd1":[1,1,1,2,2,4,4,8,8,16,16,32,32,40,40,40,40,40,40,40,40,40,40,40,40,40,40,40,40,40,40,40,32,32,16,16,8,8,4,4,2,2,1,1],"nn":[0.8982589770163785,0.8926420908533671,0.888110846967802,0.8844562800776127,0.8815241413150988,0.879199708736911,0.8773975190560491,0.8760545144456706,0.8751254187650844,0.8745796837452502,0.874399686622043,0.8745796935619549,0.8751254293177418,0.8760545148416465,0.8773975000007987,0.8791996753903936,0.8815241105180168,0.884456240072468,0.8881107951945746,0.8926420557685736]}