{"bd2":[2,4,4,8,16,32,54,80,84,112,96,116,96,120,102,120,102,120,102,120,102,120,102,120,102,120,102,120,102,120,96,116,96,112,84,84,54,32,16,8,4,4,2,1],"taus":[0.05,0.1,0.15000000000000002,0.2,0.25,0.30000000000000004,0.35000000000000003,0.4,0.45,0.5,0.55,0.6000000000000001,0.65,0.7000000000000001,0.75,0.8,0.8500000000000001,0.9,0.9500000000000001,1.0,1.05],"gtau":[0.018971263577317224,0.018301320715459306,0.018826548167128473,0.020103160712845913,0.02206542004860521,0.024788818434673197,0.028434926242395492,0.03324361889924104,0.03954399507255142,0.04777751819043088,0.058533767361265,0.07260303050029372,0.0910544505434236,0.11535632939358997,0.14757165783766898,0.19069993386051798,0.24933290874571054,0.3310662880815318,0.45000518820155994,0.6372193885575522,0.9810287364226827],"nn2":[0.6396026866805266,0.45106497984997146,0.4307472781382642,0.42225841553433546,0.41811760906687434,0.41588175985571435,0.4145927994719282,0.4138252124757232,0.4133735328145841,0.41313473283596386,0.41305995782822524,0.4131347323122393,0.4133735325570535,0.41382521259796345,0.414592799689032,0.4158817593763437,0.41811760471437986,0.42225841091803695,0.43074728714602945,0.4510649768419304],"bd1":[1,1,1,2,2,4,4,8,8,16,16,32,32,64,64,120,120,120,120,120,120,120,120,120,120,120,120,120,120,120,64,64,32,32,16,16,8,8,4,4,2,2,1,1],"nn":[0.9810287377823849,0.9778892207868286,0.975602223591169,0.9739107286260771,0.9726535175556319,0.9717221409607866,0.9710412510147872,0.9705580863472222,0.9702362937335991,0.9700521368538964,0.9699921982974649,0.9700521368548639,0.9702362937278147,0.9705580863426801,0.9710412510102343,0.9717221409500962,0.9726535175511672,0.9739107286136375,0.9756022235812521,0.9778892207770075]}