{"bd2":[2,4,4,8,16,32,58,104,114,120,120,120,118,120,118,120,118,120,118,120,118,120,118,120,118,120,118,120,118,120,118,120,118,120,118,120,118,120,118,120,118,120,118,120,120,120,120,120,120,120,120,120,120,120,120,120,120,120,120,120,120,120,120,120,120,120,120,120,120,120,120,120,120,120,120,120,120,120,120,120,120,120,120,120,120,120,120,120,120,120,120,120,120,120,120,120,120,120,120,120,120,120,120,120,120,120,120,120,120,120,120,120,120,120,120,120,120,120,120,120,120,120,120,120,120,120,120,120,120,120,120,120,120,120,120,120,120,120,120,120,120,120,120,120,120,120,120,120,120,120,120,120,120,120,120,120,120,120,120,120,120,120,120,120,120,120,120,120,120,120,120,120,120,120,120,120,120,120,120,120,120,120,120,120,120,120,120,120,120,120,120,120,120,120,120,120,120,120,120,120,120,120,120,120,120,120,120,120,120,120,120,120,120,120,120,120,120,120,120,120,120,120,120,120,120,120,120,120,120,120,120,120,120,120,120,120,120,120,120,120,120,120,120,120,120,120,120,120,120,120,120,120,120,120,120,120,120,120,120,120,120,120,120,120,120,120,120,120,120,120,120,120,120,120,120,120,120,120,120,120,120,120,120,120,120,120,120,120,120,120,120,120,118,120,118,120,118,120,118,120,118,120,118,120,118,120,118,120,118,120,118,120,118,120,118,120,118,120,118,120,118,120,118,120,118,120,118,120,118,120,118,120,118,120,118,120,118,120,118,120,118,120,118,120,118,120,118,120,118,120,118,120,118,120,118,120,118,120,118,120,118,120,118,120,118,120,118,120,118,120,118,120,120,120,120,120,120,120,120,120,120,120,120,120,120,120,120,120,120,120,120,120,120,120,114,104,58,32,16,8,4,4,2,1],"taus":[0.05,0.1,0.15000000000000002,0.2,0.25,0.30000000000000004,0.35000000000000003,0.4,0.45,0.5,0.55,0.6000000000000001,0.65,0.7000000000000001,0.75,0.8,0.8500000000000001,0.9,0.9500000000000001,1.0,1.05,1.1,1.1500000000000001,1.2000000000000002,1.25,1.3,1.35,1.4000000000000001,1.4500000000000002,1.5,1.55,1.6,1.6500000000000001,1.7000000000000002,1.75,1.8,1.85,1.9000000000000001,1.9500000000000002,2.0,2.0500000000000003,2.1,2.15,2.2,2.25,2.3000000000000003,2.35,2.4000000000000004,2.45,2.5,2.5500000000000003,2.6,2.6500000000000004,2.7,2.75,2.8000000000000003,2.85,2.9000000000000004,2.95,3.0,3.0500000000000003,3.1,3.1500000000000004,3.2,3.25,3.3000000000000003,3.35,3.4000000000000004,3.45,3.5,3.5500000000000003,3.6,3.6500000000000004,3.7,3.75,3.8000000000000003,3.85,3.9000000000000004,3.95,4.0,4.05,4.1000000000000005,4.15,4.2,4.25,4.3,4.3500000000000005,4.4,4.45,4.5,4.55,4.6000000000000005,4.65,4.7,4.75,4.800000000000001,4.8500000000000005,4.9,4.95,5.0,5.050000000000001,5.1000000000000005,5.15,5.2,5.25,5.300000000000001,5.3500000000000005,5.4,5.45,5.5,5.550000000000001,5.6000000000000005,5.65,5.7,5.75,5.800000000000001,5.8500000000000005,5.9,5.95,6.0,6.050000000000001,6.1000000000000005,6.15,6.2,6.25,6.300000000000001,6.3500000000000005,6.4,6.45,6.5,6.550000000000001,6.6000000000000005,6.65,6.7,6.75,6.800000000000001,6.8500000000000005,6.9,6.95,7.0,7.050000000000001,7.1000000000000005,7.15,7.2,7.25,7.300000000000001,7.3500000000000005,7.4,7.45,7.5,7.550000000000001,7.6000000000000005,7.65,7.7,7.75,7.800000000000001,7.8500000000000005,7.9,7.95,8.0,8.05,8.1,8.15,8.200000000000001,8.25,8.3,8.35,8.4,8.450000000000001,8.5,8.55,8.6,8.65,8.700000000000001,8.75,8.8,8.85,8.9,8.950000000000001,9.0,9.05,9.1,9.15,9.200000000000001,9.25,9.3,9.35,9.4,9.450000000000001,9.5,9.55,9.600000000000001,9.65,9.700000000000001,9.75,9.8,9.850000000000001,9.9,9.950000000000001,10.0,10.05],"gtau":[0.28141431346812695,0.2708509896645714,0.26111043386566885,0.2520127515832819,0.2434493369532789,0.23534806315082454,0.22765741165344416,0.22033842070981402,0.21336025734712166,0.20669762256661522,0.20032914978710872,0.19423637280145062,0.18840303551553844,0.18281461543434974,0.17745798467179041,0.1723211629640901,0.16739313280510854,0.16266369897229468,0.15812337925970835,0.1537633177219968,0.14957521482594358,0.14555127043055827,0.14168413546178776,0.13796686858489984,0.13439291292113312,0.13095605651348832,0.12765040215599333,0.12447036731426527,0.12141063971586065,0.11846617115343168,0.11563215618701354,0.11290402333679855,0.11027741761954057,0.10774818890047988,0.1053123812338547,0.10296622207085533,0.10070611237248407,0.09852861795227698,0.09643046103013189,0.09440845874809074,0.09245968387387062,0.09058124132829685,0.08877040507174937,0.08702457023364923,0.08534124552874228,0.08371805336510182,0.08215271985510604,0.08064307101947063,0.07918702830957658,0.07778260437991232,0.07642789885773665,0.07512109389341763,0.07386046934432539,0.07264435876521909,0.0714711687685169,0.07033937837180738,0.06924753339425344,0.06819424328885731,0.06717817832110416,0.06619806684229348,0.0652527028432506,0.06434090305405214,0.06346157685530941,0.06261366016762092,0.061796134824956814,0.06100802851861109,0.06024841361560624,0.05951640492952867,0.05881115767670415,0.05813186566783624,0.05747775944620575,0.05684810452792705,0.05624219995789065,0.0556593771092978,0.05509899857340022,0.054560457074631634,0.054043174453010226,0.05354660079810151,0.05307021366742967,0.052613517186756595,0.05217604118549482,0.05175734060102368,0.0513569945232342,0.0509746055836687,0.05060979933369394,0.0502622237120614,0.049931548525883024,0.049617465017136785,0.04931968546301142,0.04903794284649104,0.048771990624258944,0.04852160239427077,0.04828657173580804,0.048066712012067865,0.04786185636053271,0.04767185765083011,0.04749658851637494,0.04733594150710291,0.047189829154491984,0.04705818425767049,0.04694096003148124,0.046838130532274966,0.04674969095574258,0.046675658120629474,0.04661607113640496,0.04657099182891649,0.04654050559999508,0.04652472226759015,0.04652377680854255,0.046537830525888745,0.046567072118382805,0.046611718848777,0.04667201800898336,0.04674824825382648,0.0468407213384991,0.0469497838086401,0.04707581896260392,0.04721924893076105,0.047380536976367314,0.04756018997164941,0.04775876104783683,0.0479768525429576,0.0482151191465694,0.04847427130631485,0.048755078999114757,0.049058375570569523,0.04938506222903285,0.049736112628049695,0.05011257796469938,0.05051559244022729,0.05094637912498514,0.05140625636316644,0.0518966446353178,0.05241907402297225,0.05297519218535707,0.0535667666254655,0.05419572064747656,0.054864091548574134,0.0555740905681092,0.05632809719968044,0.05712867187422927,0.05797856988698317,0.05888075616208011,0.05983841157166008,0.06085497205896649,0.06193413556621326,0.063079878648945,0.06429648072269367,0.06558854751586585,0.06696103668651258,0.06841928531242866,0.06996903953500808,0.07161648652751706,0.07336828906402386,0.07523162333849,0.07721421896752574,0.07932440112354834,0.08157114056490214,0.08396410302664818,0.08651370366124478,0.08923117240837623,0.09212861092851206,0.0952190674405471,0.09851661241798712,0.10203642056766105,0.10579486112988971,0.10980959472253594,0.11409967943232166,0.11868568534478155,0.12358981969952708,0.12883606340219828,0.1344503191018865,0.14046057337870355,0.14689725340084492,0.15379278970208804,0.1611827150609608,0.16910528293013594,0.1776019054297587,0.186717436012068,0.1965004845505127,0.20700376733857767,0.2182844983610503,0.23040482903278395,0.2434323449734028,0.2574406327372358,0.2725099278196282,0.28872787167515085,0.3061903980640287,0.32500279113702363,0.3452809691579565,0.36715307567130523,0.39076149178612746,0.4162654600501187,0.4438446152655882,0.4737039105430376,0.5060807904646976,0.5412561659740772,0.579572207299216,0.6214632677764595,0.6675144584845345,0.718585686531873],