{"bd2":[2,4,4,8,16,20,20,20,16,8,4,4,2,1],"taus":[0.2,0.4,0.6000000000000001,0.8,1.0,1.2000000000000002],"gtau":[0.017602655448150067,0.021440541321901967,0.03888679742174214,0.09011762324413693,0.2479950962509126,0.9823973445518499],"nn2":[0.2508060708142227,0.086358776821295,0.06708494401723052,0.06708492156327968,0.08635877601074197],"bd1":[1,1,1,2,2,4,4,8,4,4,2,2,1,1],"nn":[0.9823973445518477,0.9749545710802228,0.9727314358120154,0.9727312277038423,0.974954542786463]}