{"bd2":[2,4,4,4,4,8,8,8,16,32,32,32,46,64,64,64,62,80,80,80,70,92,92,92,70,92,92,92,70,96,96,96,76,108,108,108,82,116,116,116,82,116,116,116,82,116,116,116,84,116,116,116,84,116,116,116,88,116,116,116,88,116,116,116,88,116,116,116,88,116,116,116,88,116,116,116,88,116,116,116,88,116,116,116,88,116,116,116,88,116,116,116,88,116,116,116,88,116,116,116,88,116,116,116,88,116,116,116,88,116,116,116,84,116,116,116,84,116,116,116,82,116,116,116,82,116,116,116,81,105,105,105,74,96,96,96,70,92,92,92,70,92,92,92,70,80,80,80,62,64,64,64,46,32,32,32,16,8,8,8,4,4,4,4,2,1,1,1],"taus":[0.025,0.05,0.07500000000000001,0.1,0.125,0.15000000000000002,0.17500000000000002,0.2,0.225,0.25,0.275,0.30000000000000004,0.325,0.35000000000000003,0.375,0.4,0.42500000000000004,0.45,0.47500000000000003,0.5,0.525,0.55,0.5750000000000001,0.6000000000000001,0.625,0.65,0.675,0.7000000000000001,0.7250000000000001,0.75,0.775,0.8,0.8250000000000001,0.8500000000000001,0.875,0.9,0.925,0.9500000000000001,0.9750000000000001,1.0,1.0250000000000001],"gtau":[0.0018091059176053466,0.001765846274431268,0.0017371261501145634,0.0017168101756211052,0.0017017352732084587,0.001690198847412023,0.0016812589217898059,0.0016744203857251734,0.0016694720986680544,0.0016663926826599674,0.001665329496147965,0.0016666967308273295,0.0016710828295629415,0.001679425661218435,0.001693161839573513,0.001714328852505789,0.0017459518064552604,0.0017924460149142624,0.0018599909213929877,0.0019578369864038507,0.0020991480802960982,0.002302969494794002,0.002596851146984879,0.0030206500832001357,0.0036320624017365283,0.004514752287652316,0.0057902385985082365,0.007635510883168806,0.010308782457501725,0.014188248510783324,0.019829884248527812,0.028055846531268625,0.040089061572314004,0.0577652570872045,0.08387258120915154,0.12271382002552272,0.1810723876077023,0.26997001264854387,0.4080806421156618,0.6289700516234404,0.9981908940823947],"nn2":[0.6302449343216547,0.4090201850835334,0.40450937411879695,0.4017749121143437,0.40002474796457654,0.3988587991201856,0.3980474068893223,0.3974690984842311,0.39704714700927785,0.3967563530722718,0.396527552695939,0.39637709517496555,0.396280474899649,0.3962132351085214,0.39618717670229553,0.39617929288995385,0.39618214777389743,0.3961902384139712,0.3961904118134039,0.3961901810199665,0.3961780869257512,0.3961566558555816,0.3961302370351608,0.39610396488344274,0.3960772737283444,0.3960715027990759,0.39607321233274806,0.3961099047765657,0.3961642821344966,0.39626660574954586,0.3964082162935289,0.39661098133622996,0.39689688434725706,0.3972790824524708,0.3978047874169652,0.3985443166752256,0.3996063478143687,0.40119148797519677,0.403660057379852,0.40772511425778335],"bd1":[1,1,1,1,1,2,2,4,4,8,8,16,16,32,32,64,64,128,128,150,150,150,150,150,150,150,150,150,150,150,150,150,150,150,150,150,150,150,150,150,150,150,150,150,150,150,150,150,150,150,150,150,150,150,150,150,150,150,150,150,150,150,150,150,150,150,150,150,150,150,150,150,150,150,150,150,150,150,150,150,150,150,150,150,150,150,150,150,150,150,150,150,150,150,150,150,150,150,150,150,150,150,150,150,150,150,150,150,150,150,150,150,150,150,150,150,150,150,150,150,150,150,150,150,150,150,150,150,150,150,150,150,150,150,150,150,150,150,150,150,150,150,150,150,150,150,150,150,150,150,150,150,128,128,64,64,32,32,16,16,8,8,4,4,2,2,1,1],"nn":[1.0038368667721274,1.005686320366599,1.0047757048795356,1.0043210431813492,1.0040648420642022,1.0039257621997701,1.0037816231985721,1.0036946044980584,1.003649088944706,1.0036869568207123,1.003712408228932,1.0037841326950656,1.0038302699937767,1.0039490690547537,1.0040361749064823,1.0041404679181956,1.0042003642498019,1.004292529714185,1.004318386184935,1.0043429750200392,1.0043716137816894,1.0044228301027245,1.0044054766657344,1.0043372340416024,1.0042705854518077,1.004207515128616,1.004106209333458,1.0039943156300584,1.0038900846227166,1.003840856392135,1.0037614906340437,1.0037609157957934,1.0038001365626736,1.0038918700861763,1.0039767260596069,1.004100032868925,1.0043108703096861,1.0047247914014368,1.0053174950060593,1.0067403603735405]}