{"bd2":[2,4,4,8,16,32,64,116,120,120,120,120,120,120,120,120,120,120,120,120,120,120,120,120,120,120,120,120,120,120,120,120,120,120,120,120,120,120,120,120,120,120,120,120,120,120,120,120,120,120,120,120,120,120,120,120,120,120,120,120,120,120,120,120,120,120,120,120,120,120,120,120,120,120,120,120,120,120,120,120,120,120,120,120,120,120,120,120,120,120,120,120,120,120,120,120,120,120,120,120,120,120,120,120,120,120,120,120,120,120,120,120,120,120,120,120,120,120,120,120,120,120,120,120,120,120,120,120,120,120,120,120,120,120,120,120,120,120,120,120,120,120,120,120,120,120,120,120,120,120,120,120,120,120,120,120,120,120,120,120,120,120,120,120,120,120,120,120,120,120,120,120,120,120,120,120,120,120,120,120,120,120,120,120,120,120,120,120,120,120,120,120,120,120,120,116,64,32,16,8,4,4,2,1],"taus":[0.1,0.2,0.30000000000000004,0.4,0.5,0.6000000000000001,0.7000000000000001,0.8,0.9,1.0,1.1,1.2000000000000002,1.3,1.4000000000000001,1.5,1.6,1.7000000000000002,1.8,1.9000000000000001,2.0,2.1,2.2,2.3000000000000003,2.4000000000000004,2.5,2.6,2.7,2.8000000000000003,2.9000000000000004,3.0,3.1,3.2,3.3000000000000003,3.4000000000000004,3.5,3.6,3.7,3.8000000000000003,3.9000000000000004,4.0,4.1000000000000005,4.2,4.3,4.4,4.5,4.6000000000000005,4.7,4.800000000000001,4.9,5.0,5.1000000000000005,5.2,5.300000000000001,5.4,5.5,5.6000000000000005,5.7,5.800000000000001,5.9,6.0,6.1000000000000005,6.2,6.300000000000001,6.4,6.5,6.6000000000000005,6.7,6.800000000000001,6.9,7.0,7.1000000000000005,7.2,7.300000000000001,7.4,7.5,7.6000000000000005,7.7,7.800000000000001,7.9,8.0,8.1,8.200000000000001,8.3,8.4,8.5,8.6,8.700000000000001,8.8,8.9,9.0,9.1,9.200000000000001,9.3,9.4,9.5,9.600000000000001,9.700000000000001,9.8,9.9,10.0,10.100000000000001],"gtau":[0.04012193784814081,0.03666986675475148,0.03427708272205868,0.03237809514528783,0.030767104118009442,0.029349618694777313,0.028075253982888022,0.026914030043077904,0.025846544311352082,0.02485936351012983,0.023942653193469547,0.02308880717210274,0.022291727446496056,0.021546359869314146,0.02084840433927957,0.02019416036837,0.01958038401690212,0.019004240740053177,0.018463141626792128,0.01795476787152526,0.017477002602798254,0.017027975522392585,0.016605968540615367,0.01620933930138366,0.01583658100038647,0.015486350870058514,0.015157380141397643,0.01484846058261224,0.014558484805681051,0.014286453594603237,0.014031507753380423,0.013792883765220679,0.013569843161661755,0.01336166260868628,0.013167669786244252,0.012987270762306125,0.012819911697189245,0.012665069576496595,0.012522243951417726,0.012390960331943689,0.01227063908282006,0.01216095399200837,0.012061535504918619,0.011972286840511829,0.011892845031679658,0.011822995481321003,0.011762546435082342,0.011711344862229703,0.011669267179815233,0.011636215918944311,0.011612117926645725,0.011596923993328173,0.011590609776389304,0.011593176537239272,0.011604652960265537,0.011625096722336989,0.011654596668077015,0.011693274797889697,0.011741289379806815,0.011798839553451825,0.011866169606814627,0.011943575096260293,0.012031410383572562,0.012130099186265692,0.012240148731022657,0.012362167459514559,0.012496887318375022,0.012645198140998756,0.012808190988062261,0.012987208272777773,0.013183918333714916,0.013400414008768118,0.013639348312575092,0.013904129823231151,0.014199218435233378,0.014529958715437951,0.01490362016043572,0.015329857340038819,0.015821388903689948,0.01639503766072575,0.017073266722031955,0.017886353642357647,0.01887482943928118,0.020093463367353414,0.021616808052563646,0.023546701424083837,0.0260228391644565,0.029237999104111363,0.03345976466683279,0.03906206892081226,0.046571752003147435,0.05673788170113065,0.07063757806139312,0.08984228417161902,0.11668690084473334,0.15472475034232305,0.209544317621266,0.29035558564128716,0.4134339997082649,0.6109147471527102,0.9598780621518592],"nn2":[0.6205278788215199,0.4190106722284098,0.4040911721123681,0.39688057988176617,0.39281736949802404,0.39032671867951735,0.38871463851117394,0.38762860330916504,0.3868719983624998,0.38632915447952443,0.3859291276166765,0.38562662821214966,0.3853929463995801,0.38520860515765637,0.38505990667907847,0.3849375024129448,0.3848348181202167,0.3847480671264949,0.38467379249142847,0.384609985931018,0.3845543773338891,0.38450590750097813,0.3844648080938086,0.384430694113571,0.384403089755508,0.38438012390118886,0.38436097325691454,0.38434521151587775,0.38433252737219425,0.38432155690191916,0.3843114524913993,0.38430274867108716,0.3842965676224177,0.3842935774382894,0.3842941214152334,0.3842987455698612,0.3843075853628202,0.38432032224084395,0.3843357302381104,0.3843530281565684,0.38436485446303775,0.3843802939744079,0.38438876194988975,0.3843977463094554,0.38440519498811226,0.38441161369582194,0.38441702466911193,0.38442157306757346,0.38442538185237907,0.3844285255223255,0.3844310524150283,0.3844329718367508,0.38443428736816343,0.384434977192482,0.3844350294131817,0.38443443539289135,0.38443322085861104,0.3844314045917752,0.38442900646837724,0.38442605302807864,0.38442261586421506,0.3844187747014061,0.3844146195535324,0.3844102308426106,0.38440570707504157,0.3844011707771172,0.38439663102906596,0.3843921840099291,0.3843881913965224,0.38438501606817654,0.38438305632267816,0.3843826957709035,0.3843841724797693,0.38438975668618663,0.38439825614574386,0.3844098842662609,0.3844229992756899,0.38443831654601684,0.3844549632864664,0.38446866782647365,0.38447974159620935,0.38450386637479983,0.3845434492534554,0.3845967594580438,0.3846641042915101,0.3847471473807391,0.3848512375184459,0.38498373760665233,0.38514909446773027,0.3853617161547404,0.3856411421472706,0.38601662404494325,0.3865320903840743,0.387256828060924,0.3883050431766181,0.38986807803755924,0.3922853125312534,0.39621421884219193,0.4031115393326954,0.41706800813849804],"bd1":[1,1,1,2,2,4,4,8,8,16,16,32,32,64,64,120,120,120,120,120,120,120,120,120,120,120,120,120,120,120,120,120,120,120,120,120,120,120,120,120,120,120,120,120,120,120,120,120,120,120,120,120,120,120,120,120,120,120,120,120,120,120,120,120,120,120,120,120,120,120,120,120,120,120,120,120,120,120,120,120,120,120,120,120,120,120,120,120,120,120,120,120,120,120,120,120,120,120,120,120,120,120,120,120,120,120,120,120,120,120,120,120,120,120,120,120,120,120,120,120,120,120,120,120,120,120,120,120,120,120,120,120,120,120,120,120,120,120,120,120,120,120,120,120,120,120,120,120,120,120,120,120,120,120,120,120,120,120,120,120,120,120,120,120,120,120,120,120,120,120,120,120,120,120,120,120,120,120,120,120,120,120,120,120,120,120,120,120,120,120,64,64,32,32,16,16,8,8,4,4,2,2,1,1],