{"bd2":[2,4,4,4,4,8,8,8,16,32,32,32,58,88,88,88,98,128,128,128,112,140,140,140,112,132,132,132,98,88,88,88,58,32,32,32,16,8,8,8,4,4,4,4,2,1,1,1],"taus":[0.1,0.2,0.30000000000000004,0.4,0.5,0.6000000000000001,0.7000000000000001,0.8,0.9,1.0,1.1],"gtau":[0.001442911616393719,0.0013885747493427635,0.001373962049710951,0.0013840675408463294,0.0014614288099512708,0.0018063646184033931,0.0032914643439594738,0.009766904363534395,0.03880758457581289,0.17768640050405057,0.9985570883836062],"nn2":[0.17793866628756227,0.03799379275951941,0.033420446475236745,0.03239583708597231,0.03208089775804949,0.03200446146061117,0.03208089822906544,0.03239583546154057,0.0334204472412044,0.037993791981749216],"bd1":[1,1,1,1,1,2,2,4,4,8,8,16,16,32,32,64,64,128,128,150,150,150,150,150,150,150,150,150,150,150,150,150,128,128,64,64,32,32,16,16,8,8,4,4,2,2,1,1],"nn":[0.9985570905453088,0.9974295014028877,0.9971891339318715,0.9971351990761392,0.9971229180693297,0.99712068949548,0.9971229180453725,0.9971351992540789,0.9971891343837943,0.9974295014778732]}