{"bd2":[2,4,4,8,16,32,64,100,100,100,100,100,100,100,100,100,100,100,100,100,100,100,100,100,100,100,100,100,100,100,100,100,100,100,100,100,100,100,100,100,100,100,100,100,100,100,100,100,100,100,100,100,100,100,100,100,100,100,100,100,100,100,100,100,100,100,100,100,100,100,100,100,100,100,100,100,100,100,100,100,100,100,100,100,100,100,100,100,100,100,100,100,100,100,100,100,64,32,16,8,4,4,2,1],"taus":[0.2,0.4,0.6000000000000001,0.8,1.0,1.2000000000000002,1.4000000000000001,1.6,1.8,2.0,2.2,2.4000000000000004,2.6,2.8000000000000003,3.0,3.2,3.4000000000000004,3.6,3.8000000000000003,4.0,4.2,4.4,4.6000000000000005,4.800000000000001,5.0,5.2,5.4,5.6000000000000005,5.800000000000001,6.0,6.2,6.4,6.6000000000000005,6.800000000000001,7.0,7.2,7.4,7.6000000000000005,7.800000000000001,8.0,8.200000000000001,8.4,8.6,8.8,9.0,9.200000000000001,9.4,9.600000000000001,9.8,10.0,10.200000000000001],"gtau":[0.4386223371328717,0.3700835245601268,0.31677278015746085,0.2734750535140984,0.23777925997196592,0.2081214739108334,0.18335442998510132,0.16259084753393915,0.14512660306989786,0.13039510725422815,0.11793668287367154,0.10737638932561244,0.0984072958499085,0.09077753921341795,0.08428008823063633,0.0787445974899333,0.07403083716196028,0.07002342267835161,0.06662755421544012,0.06376558743777032,0.06137427266107927,0.05940257696162948,0.05780996466432095,0.05656507545856893,0.05564479237262331,0.05503360438559877,0.05472328745709594,0.0547129301771716,0.05500923546105995,0.05562721239242634,0.05659130917979689,0.05793699002235612,0.059712970620617124,0.06198423113913912,0.0648359405528811,0.06837866234953657,0.07275516294368299,0.07814925052291848,0.08479733890677338,0.09300347082884171,0.10315900424572234,0.11576836470722611,0.1314829671958745,0.1511465624463197,0.1758571454871577,0.2070501561481696,0.2466199967615337,0.29710890572172605,0.3620444933447628,0.4467311699006031,0.5613776628671283],"nn2":[0.5245947009202505,0.4289247123998955,0.3807413083378753,0.3498751764918438,0.3291185602716961,0.31485768208677634,0.30490550051990006,0.29786389761203974,0.2928163730006371,0.2891524221956195,0.28646022554982975,0.28445883391449744,0.282954465305998,0.2818121041106233,0.28093661251065094,0.2802603338212067,0.2797346511217501,0.27932429698447525,0.2790035223135873,0.27875336431901054,0.27855984680045254,0.27841269366483956,0.2783044297132351,0.27822977228583995,0.27818520955304915,0.2781687341764797,0.2781797022439666,0.2782187735072913,0.27828796971963526,0.2783908214869419,0.27853263806349027,0.27872090912004693,0.2789659464380103,0.2792817519282335,0.2796873086935608,0.28020843231296194,0.2808804312137074,0.28175194861589575,0.2828907633991918,0.28439204798611617,0.2863910141991416,0.28908172943406774,0.292745110368185,0.29779316045512444,0.30483695151707835,0.31479337203489555,0.32906104774219935,0.3498275782991495,0.3807069220673083,0.4289060457625034],"bd1":[1,1,1,2,2,4,4,8,8,16,16,32,32,64,64,100,100,100,100,100,100,100,100,100,100,100,100,100,100,100,100,100,100,100,100,100,100,100,100,100,100,100,100,100,100,100,100,100,100,100,100,100,100,100,100,100,100,100,100,100,100,100,100,100,100,100,100,100,100,100,100,100,100,100,100,100,100,100,100,100,100,100,100,100,100,100,100,100,100,100,64,64,32,32,16,16,8,8,4,4,2,2,1,1],"nn":[0.5613808507483873,0.48700998559249636,0.4368556672936845,0.40265128142807377,0.3790649626641183,0.3626166163723552,0.3510133517794633,0.3427314331087111,0.3367497001608066,0.3323778523774462,0.3291451475131921,0.3267276533120864,0.32490032479187864,0.32350530080981255,0.3224307838460006,0.3215968081544227,0.3209456385369257,0.32043522013463815,0.32003467378681943,0.31972123517115214,0.3194780128104854,0.3192926362725229,0.3191560103125541,0.3190617078690066,0.31900545902630645,0.31898483462234284,0.3189990404993197,0.3190488799118512,0.31913681550148904,0.319267145046887,0.3194463199056598,0.31968342290803353,0.31999091718504413,0.3203857018689262,0.3208905845456851,0.32153647939767055,0.3223654960968243,0.3234354264332814,0.3248263183338436,0.32665008236133297,0.32906475027536464,0.3322957091737581,0.33666686751026836,0.34264918147116374,0.3509335979848498,0.36254174852169324,0.37899795992159685,0.4025958191791489,0.43681577055297766,0.4869892888423667]}