{"bd2":[2,4,4,8,16,32,40,32,16,8,4,4,2,1],"taus":[0.2,0.4,0.6000000000000001,0.8,1.0,1.2000000000000002],"gtau":[0.10032942092622148,0.10594006357007175,0.1385065005754649,0.21425150484935518,0.3917997739082758,0.8996705790737786],"nn2":[0.4019551615060243,0.21258416908722547,0.19502380317765367,0.19502380317760273,0.21258416907884256],"bd1":[1,1,1,2,2,4,4,8,4,4,2,2,1,1],"nn":[0.8996705790737771,0.8836739957366032,0.8774615785486994,0.8774615785484757,0.8836739957220779]}