{"bd2":[2,4,4,8,16,32,58,80,80,80,80,80,80,80,80,80,80,80,80,80,80,80,80,80,80,80,80,80,80,80,80,80,80,80,80,80,80,80,80,80,80,80,80,80,80,80,80,80,80,80,80,80,80,80,80,80,80,80,80,80,80,80,80,80,80,80,80,80,80,80,80,80,80,80,80,80,80,80,80,80,80,80,80,80,80,80,80,80,80,80,80,80,80,80,80,80,80,80,80,80,80,80,80,80,80,80,80,80,80,80,80,80,80,80,80,80,80,80,80,80,80,80,80,80,80,80,80,80,80,80,80,80,80,80,80,80,80,80,80,80,80,80,80,80,80,80,80,80,80,80,80,80,80,80,80,80,80,80,80,80,80,80,80,80,80,80,80,80,80,80,80,80,80,80,80,80,80,80,80,80,80,80,80,80,80,80,80,80,80,80,80,80,80,80,80,80,80,80,80,80,80,80,80,80,80,80,80,80,80,80,80,80,80,80,80,80,80,80,80,80,80,80,80,80,80,80,80,80,80,80,80,80,80,80,80,80,80,80,80,80,80,80,80,80,80,80,80,80,80,80,80,80,80,80,80,80,80,80,80,80,80,80,80,80,80,80,80,80,80,80,80,80,78,80,78,80,78,80,78,80,78,80,78,80,78,80,78,80,78,80,78,80,78,80,78,80,78,80,78,80,78,80,78,80,78,80,78,80,78,80,78,80,78,80,78,80,78,80,78,80,78,80,78,80,78,80,78,80,78,80,78,80,78,80,78,80,78,80,78,80,78,80,80,80,80,80,80,80,80,80,80,80,80,80,80,80,80,80,80,80,80,80,80,80,80,80,80,80,80,80,80,80,80,80,80,80,80,80,78,80,78,80,78,80,78,80,78,80,78,80,78,80,78,80,78,80,58,32,16,8,4,4,2,1],"taus":[0.05,0.1,0.15000000000000002,0.2,0.25,0.30000000000000004,0.35000000000000003,0.4,0.45,0.5,0.55,0.6000000000000001,0.65,0.7000000000000001,0.75,0.8,0.8500000000000001,0.9,0.9500000000000001,1.0,1.05,1.1,1.1500000000000001,1.2000000000000002,1.25,1.3,1.35,1.4000000000000001,1.4500000000000002,1.5,1.55,1.6,1.6500000000000001,1.7000000000000002,1.75,1.8,1.85,1.9000000000000001,1.9500000000000002,2.0,2.0500000000000003,2.1,2.15,2.2,2.25,2.3000000000000003,2.35,2.4000000000000004,2.45,2.5,2.5500000000000003,2.6,2.6500000000000004,2.7,2.75,2.8000000000000003,2.85,2.9000000000000004,2.95,3.0,3.0500000000000003,3.1,3.1500000000000004,3.2,3.25,3.3000000000000003,3.35,3.4000000000000004,3.45,3.5,3.5500000000000003,3.6,3.6500000000000004,3.7,3.75,3.8000000000000003,3.85,3.9000000000000004,3.95,4.0,4.05,4.1000000000000005,4.15,4.2,4.25,4.3,4.3500000000000005,4.4,4.45,4.5,4.55,4.6000000000000005,4.65,4.7,4.75,4.800000000000001,4.8500000000000005,4.9,4.95,5.0,5.050000000000001,5.1000000000000005,5.15,5.2,5.25,5.300000000000001,5.3500000000000005,5.4,5.45,5.5,5.550000000000001,5.6000000000000005,5.65,5.7,5.75,5.800000000000001,5.8500000000000005,5.9,5.95,6.0,6.050000000000001,6.1000000000000005,6.15,6.2,6.25,6.300000000000001,6.3500000000000005,6.4,6.45,6.5,6.550000000000001,6.6000000000000005,6.65,6.7,6.75,6.800000000000001,6.8500000000000005,6.9,6.95,7.0,7.050000000000001,7.1000000000000005,7.15,7.2,7.25,7.300000000000001,7.3500000000000005,7.4,7.45,7.5,7.550000000000001,7.6000000000000005,7.65,7.7,7.75,7.800000000000001,7.8500000000000005,7.9,7.95,8.0,8.05,8.1,8.15,8.200000000000001,8.25,8.3,8.35,8.4,8.450000000000001,8.5,8.55,8.6,8.65,8.700000000000001,8.75,8.8,8.85,8.9,8.950000000000001,9.0,9.05,9.1,9.15,9.200000000000001,9.25,9.3,9.35,9.4,9.450000000000001,9.5,9.55,9.600000000000001,9.65,9.700000000000001,9.75,9.8,9.850000000000001,9.9,9.950000000000001,10.0,10.05],"gtau":[0.28478786567675773,0.2741230663538622,0.26428631431782695,0.25509711463194346,0.24644630155412112,0.23826127224663582,0.23049011709736367,0.22309355623723046,0.21604049702004327,0.20930542601667387,0.2028667967380537,0.1967059903010858,0.1908066185021421,0.1851540423473615,0.1797350311392335,0.17453751093532835,0.16955038156028124,0.16476336244393325,0.16016690969528272,0.1557521009998327,0.15151057576735177,0.14743447907137414,0.14351641307410923,0.13974937932491918,0.13612677690562208,0.13264235335116387,0.12929018040954102,0.12606463171856505,0.12296038700410704,0.11997236412550147,0.1170957255023464,0.11432587800584795,0.11165843262551281,0.10908921349408612,0.10661423956491477,0.10422967805772933,0.10193204642126595,0.09971786353271513,0.09758384184776112,0.09552684364682361,0.09354387186827116,0.09163206780719291,0.08978869958402398,0.08801115929858734,0.08629695118712795,0.08464369801304103,0.08304912341526492,0.08151105146705515,0.08002740220387528,0.07859615167371936,0.07721544110799437,0.07588341811722357,0.07459834714231867,0.07335856759453824,0.07216248158630008,0.07100856880707762,0.06989538880757254,0.06882155538311228,0.06778574326608539,0.0667866839557921,0.06582316022504686,0.06489401258502701,0.0639981239839914,0.0631344300591296,0.06230190848190313,0.06149958408970159,0.06072652486951171,0.059981840805432826,0.059264681419542053,0.05857423554993448,0.05790972775857146,0.05727041851056881,0.0566556020000974,0.05606460382312815,0.05549678035924259,0.05495151819423847,0.05442823231068893,0.05392636552266071,0.05344538793957466,0.05298479571631601,0.052544109552334885,0.05212287553183136,0.05172066355633896,0.051337064793228984,0.0509716940950201,0.050624188362731776,0.05029420567474428,0.049981424472006576,0.049685545107945935,0.04940628715161458,0.04914339029714308,0.04889661390398633,0.04866573706516108,0.04845055624580076,0.04825089031591947,0.04806657346525893,0.04789746281393804,0.0477434332384765,0.047604381321678824,0.04748022239787437,0.04737089505255811,0.047276358217245615,0.04719659546080246,0.04713161439311496,0.04708145286958668,0.04704617632040195,0.04702588346260479,0.04702070937546318,0.0470308263966224,0.04705645272829089,0.04709785628499341,0.04715535243207321,0.04722932044786883,0.047320193251997184,0.04742848213204124,0.047554754473401004,0.047699657527798665,0.04786389116302638,0.04804823015312068,0.04825349661541611,0.04848057341458985,0.04873037466368101,0.04900386258568218,0.04930201669036815,0.049625851982627395,0.04997639443430658,0.05035470160588932,0.050761845831087164,0.05119893766912403,0.051667114859104295,0.05216756780558762,0.052701534262801664,0.0532703243687719,0.05387532027699115,0.05451799698859109,0.05519992820103623,0.05592280465106005,0.05668844221914309,0.0574988006226466,0.05835598971125612,0.059262291388961025,0.06022017002089368,0.06123229284002892,0.06230154215670667,0.06343103459852731,0.06462413988969726,0.06588450128635401,0.067216055864093,0.0686230582037636,0.07011010727724468,0.07168216974418867,0.07334461231024787,0.07510323050116867,0.07696418267010709,0.07893433934954933,0.08102100052962687,0.08323205304336447,0.08557601609971865,0.08806209474217018,0.09070023502231679,0.09350118468580268,0.09647659230427864,0.09963894463416727,0.10300181949926757,0.10657989733405271,0.11038905569060779,0.11444646656443035,0.11877070279478319,0.12338185360291275,0.12830164854647796,0.13355359127334185,0.1391631046548452,0.14515768619724675,0.15156708573666658,0.15842349300096148,0.16576174236470861,0.173619539935825,0.1820377193156872,0.1910605301338208,0.20073591760923604,0.2111159022007585,0.22225694940533852,0.2342204082766108,0.24707300200314183,0.2608873896611853,0.27574281273705137,0.2917258454478865,0.3089312776946191,0.3274631675744762,0.34743612007171465,0.36897687030987886,0.39222629056704345,0.417342003695528,0.4445018957062529,0.4739090126586942,0.5057986776216997,0.54044934382202,0.5782001178828833,0.6194810500495432,0.6648700520139176,0.7152121343232423],