{"bd2":[2,4,4,8,16,32,60,60,60,60,60,60,60,60,60,60,60,60,60,60,60,60,60,60,60,60,60,60,60,60,60,60,60,60,60,60,60,60,60,60,60,60,60,60,60,60,60,60,60,60,60,60,60,60,60,60,60,60,60,60,60,60,60,60,60,60,60,60,60,60,60,60,60,60,60,60,60,60,60,60,60,60,60,60,60,60,60,60,60,60,60,60,60,60,60,60,60,60,60,60,60,60,60,60,60,60,60,60,60,60,60,60,60,60,60,60,60,60,60,60,60,60,60,60,60,60,60,60,60,60,60,60,60,60,60,60,60,60,60,60,60,60,60,60,60,60,60,60,60,60,60,60,60,60,60,60,60,60,60,60,60,60,60,60,60,60,60,60,60,60,60,60,60,60,60,60,60,60,60,60,60,60,60,60,60,60,60,60,60,60,60,60,60,60,60,60,60,32,16,8,4,4,2,1],"taus":[0.1,0.2,0.30000000000000004,0.4,0.5,0.6000000000000001,0.7000000000000001,0.8,0.9,1.0,1.1,1.2000000000000002,1.3,1.4000000000000001,1.5,1.6,1.7000000000000002,1.8,1.9000000000000001,2.0,2.1,2.2,2.3000000000000003,2.4000000000000004,2.5,2.6,2.7,2.8000000000000003,2.9000000000000004,3.0,3.1,3.2,3.3000000000000003,3.4000000000000004,3.5,3.6,3.7,3.8000000000000003,3.9000000000000004,4.0,4.1000000000000005,4.2,4.3,4.4,4.5,4.6000000000000005,4.7,4.800000000000001,4.9,5.0,5.1000000000000005,5.2,5.300000000000001,5.4,5.5,5.6000000000000005,5.7,5.800000000000001,5.9,6.0,6.1000000000000005,6.2,6.300000000000001,6.4,6.5,6.6000000000000005,6.7,6.800000000000001,6.9,7.0,7.1000000000000005,7.2,7.300000000000001,7.4,7.5,7.6000000000000005,7.7,7.800000000000001,7.9,8.0,8.1,8.200000000000001,8.3,8.4,8.5,8.6,8.700000000000001,8.8,8.9,9.0,9.1,9.200000000000001,9.3,9.4,9.5,9.600000000000001,9.700000000000001,9.8,9.9,10.0,10.100000000000001],"gtau":[0.28340801228516355,0.2634595202977673,0.2460852376236993,0.2305247740306747,0.21641168630670118,0.20352345685477416,0.1917043521788547,0.1808351332942553,0.1708191163910594,0.1615749494737045,0.15303249800978178,0.14513033408466194,0.1378139931420336,0.13103483664040083,0.12474904345370286,0.11891758223970354,0.11349736675761471,0.10845823785158425,0.1037731170933104,0.09941497520148897,0.09535920474436432,0.09158333362312014,0.08806683162195553,0.08479091622409211,0.08173841394646925,0.07889358688543127,0.07624203120335736,0.07377055661653308,0.07146706572952409,0.069320481674767,0.0673206163455594,0.06545819877591291,0.06372467022002314,0.06211223406078173,0.06061395707888412,0.05922302751884821,0.057933387368552726,0.05673953186492112,0.05563646132150893,0.054619618355481375,0.053684874745179946,0.05282846939251205,0.0520470513512307,0.05133756450467774,0.0506974157558137,0.05012420211683374,0.04961588927532332,0.04917072602170916,0.04878734432263428,0.048464612180539365,0.048201694605071135,0.04799814174945124,0.047853793211337564,0.04776880003314857,0.04774381088040343,0.04777973428802894,0.047877953104538504,0.04804030880813832,0.04826922737711974,0.04856765262791578,0.04893917632725552,0.049388172860648574,0.04991980862316637,0.05054021748657736,0.051256588879072446,0.052077344212962395,0.05301233876883294,0.054073022854415995,0.055272736394318414,0.0566269238818676,0.05815367770269238,0.059873916435144364,0.061811867635553096,0.06399563625525839,0.06645786303349316,0.06923639703623914,0.07237516955578317,0.075925194601687,0.07994572409057082,0.08450560522832254,0.08968483442285224,0.09557644578825783,0.10228870505909012,0.10994765580700151,0.11870018811875979,0.12871758371286032,0.14019952749703676,0.1533795833844524,0.1685310589503967,0.18597549054332488,0.20609175008462752,0.229317646592057,0.2561751900924778,0.2872855437741496,0.32338995599470105,0.365382566697012,0.41435858566965733,0.47169303896261794,0.5391877170151425,0.6193994508357801,0.7165919877148365],"nn2":[0.6552675401571867,0.5713535614440988,0.544810455551579,0.5240579257022785,0.5074904354513542,0.4941367444799257,0.4833089239430365,0.4744890614876672,0.467276343944047,0.4613561091170884,0.456479383474014,0.45244838545996546,0.4491049018597898,0.4463220696903649,0.4439978461174217,0.4420497911983777,0.4404112398359689,0.43902821731873787,0.4378569462304749,0.436861309141303,0.43601216358423067,0.4352854895255016,0.43466169720537834,0.43412452184374545,0.43366048547499997,0.43325857583572686,0.4329094811053771,0.43260548724772446,0.43234004184219316,0.4321076245512185,0.4319043498897972,0.4317262918298761,0.4315701769802398,0.4314323497038277,0.4313113901188225,0.4312050003866058,0.4311114251855821,0.4310291937415693,0.43095712203357545,0.43089394458789926,0.43083912940659314,0.4307915189879513,0.43075051619633675,0.4307155628524761,0.4306861864448766,0.4306620458371163,0.43064282686224625,0.4306282733911445,0.4306181636329007,0.43061237048775,0.43061081528368683,0.430613464546305,0.43062034149436745,0.4306315746104932,0.4306472476514704,0.43066756744079293,0.43069280107810703,0.4307232866645262,0.4307593631044929,0.4308015503048281,0.4308504690871764,0.43090671312993484,0.43097104931409663,0.43104443926151353,0.4311279159089216,0.4312227473850981,0.4313303895758362,0.4314525546242123,0.43159118413166275,0.43174868905747354,0.43192786211736495,0.4321319702891639,0.43236499446605303,0.4326317503997787,0.4329366468762039,0.4332863154683608,0.43368870422881994,0.4341531078927304,0.43469065517340566,0.4353147303977216,0.43604160482963417,0.43689098725217845,0.4378867746258633,0.4390584259602375,0.4404416298812788,0.4420803024292908,0.4440284968349159,0.4463529948820928,0.4491362219961282,0.45248019494042335,0.45651126759116695,0.46138780313582345,0.4673075188475985,0.47451995347671544,0.48333936938656474,0.49416619842343334,0.5075179199442141,0.5240817547213175,0.5448273452996051,0.5713553455336372],"bd1":[1,1,1,2,2,4,4,8,8,16,16,32,32,60,59,60,60,60,60,60,60,60,60,60,60,60,60,60,60,60,60,60,60,60,60,60,60,60,60,60,60,60,60,60,60,60,60,60,60,60,60,60,60,60,60,60,60,60,60,60,60,60,60,60,60,60,60,60,60,60,60,60,60,60,60,60,60,60,60,60,60,60,60,60,60,60,60,60,60,60,60,60,60,60,60,60,60,60,60,60,60,60,60,60,60,60,60,60,60,60,60,60,60,60,60,60,60,60,60,60,60,60,60,60,60,60,60,60,60,60,60,60,60,60,60,60,60,60,60,60,60,60,60,60,60,60,60,60,60,60,60,60,60,60,60,60,60,60,60,60,60,60,60,60,60,60,60,60,60,60,60,60,60,60,60,60,60,60,60,60,60,60,60,60,60,60,60,60,60,60,60,60,32,32,16,16,8,8,4,4,2,2,1,1],