{"bd2":[2,4,4,8,16,32,40,40,40,40,40,40,40,40,40,40,40,40,40,40,40,40,40,40,40,40,40,40,40,40,40,40,40,40,40,40,40,40,40,40,40,40,40,40,40,40,40,40,40,40,40,40,40,40,40,40,40,40,40,40,40,40,40,40,40,40,40,40,40,40,40,40,40,40,40,40,40,40,40,40,40,40,40,40,40,40,40,40,40,40,40,40,40,40,40,40,40,32,16,8,4,4,2,1],"taus":[0.2,0.4,0.6000000000000001,0.8,1.0,1.2000000000000002,1.4000000000000001,1.6,1.8,2.0,2.2,2.4000000000000004,2.6,2.8000000000000003,3.0,3.2,3.4000000000000004,3.6,3.8000000000000003,4.0,4.2,4.4,4.6000000000000005,4.800000000000001,5.0,5.2,5.4,5.6000000000000005,5.800000000000001,6.0,6.2,6.4,6.6000000000000005,6.800000000000001,7.0,7.2,7.4,7.6000000000000005,7.800000000000001,8.0,8.200000000000001,8.4,8.6,8.8,9.0,9.200000000000001,9.4,9.600000000000001,9.8,10.0,10.200000000000001],"gtau":[0.035271077094691995,0.030745320550974762,0.02802446681623577,0.0259571610757095,0.024237283625445454,0.022749797745849173,0.02143944802216734,0.020273900764933853,0.01923170152239431,0.018297414209202882,0.017458253708001695,0.016703105860580533,0.016022553981203305,0.01540882766880139,0.014856679271617698,0.014361312935069058,0.013918396348480112,0.013524435111323093,0.013176501431098851,0.012872189356964839,0.012609571106849128,0.012387130079341285,0.012203800770823364,0.012058852740870646,0.011952098924925861,0.011883335957725956,0.01185279421849381,0.011861132589230862,0.011909369923247906,0.011998954054814045,0.01213181601272961,0.012310538889162958,0.012538536298043038,0.012820485844897906,0.013162964479279405,0.013575466003126434,0.014072678394336197,0.014677758807871632,0.015428738327378228,0.016390545928906063,0.01767656130358917,0.019489767349541533,0.022217884031371295,0.026556896263385445,0.03381849143946206,0.04658452854237141,0.07004579605527307,0.11516306649489257,0.20689752363493588,0.4106515342692961,0.964728922905308],"nn2":[0.4219653929287547,0.20788299059432916,0.1892059017845609,0.18367904846036456,0.1813628660858785,0.18019987246900088,0.17954154993692728,0.1791337137454694,0.17886593103217963,0.17867876235396968,0.17854340787294096,0.17844270738000553,0.17836220307824985,0.17829730993248236,0.17824699217052717,0.17820836286443367,0.17817731811940948,0.17815294000367535,0.17813377574024722,0.17811897350645267,0.1781077547161523,0.17809979759929812,0.1780938872533651,0.17809007238049887,0.17808822142006508,0.17808814928993016,0.17808978635086709,0.17809325831572964,0.17809898516396616,0.1781072315726656,0.17811790205464256,0.17813096369045456,0.17814668730468436,0.17816580386458328,0.1781893226451325,0.17821858693399825,0.17825541696438668,0.1783022886183262,0.17836225091456762,0.1784398470254504,0.17854243143204213,0.17868027593386387,0.17886924198971071,0.17913396335414347,0.17953676760016601,0.18019173938516525,0.1813555035463334,0.18368182056826307,0.18922742788682867,0.2079307847993646],"bd1":[1,1,1,2,2,4,4,8,8,16,16,32,32,40,40,40,40,40,40,40,40,40,40,40,40,40,40,40,40,40,40,40,40,40,40,40,40,40,40,40,40,40,40,40,40,40,40,40,40,40,40,40,40,40,40,40,40,40,40,40,40,40,40,40,40,40,40,40,40,40,40,40,40,40,40,40,40,40,40,40,40,40,40,40,40,40,40,40,40,40,40,40,32,32,16,16,8,8,4,4,2,2,1,1],"nn":[0.9647987616556635,0.9468643350712717,0.9385671462635027,0.9344998328375405,0.9323995946457024,0.9312651478140999,0.930624178151758,0.9302443252708344,0.9300070104123747,0.9298497876891362,0.9297405765106548,0.9296627799665304,0.9296077220546136,0.9295700781368034,0.9295448924726715,0.9295282873782762,0.9295176959420437,0.9295113975035431,0.9295080834214288,0.9295066222814518,0.9295061685353553,0.9295060707409508,0.9295060403256995,0.9295056847250025,0.9295052751820092,0.9295041772167519,0.929502592521638,0.9295003198637688,0.9294974739475045,0.92949414957726,0.9294906186836699,0.929487577822925,0.929485449390651,0.9294849861779662,0.9294869954148629,0.9294929247041505,0.929504004246794,0.9295233711394204,0.9295545421566778,0.9296027608401612,0.929676722875638,0.9297849485365485,0.9299417049435735,0.9301565689398128,0.930502667407081,0.9311092987214059,0.932213239375213,0.9342942783709222,0.9383713226124237,0.9467200944219374]}