{"bd2":[2,4,4,8,16,32,64,116,120,120,120,120,120,120,120,120,120,120,120,120,120,120,120,120,120,120,120,120,120,120,120,120,120,120,120,120,120,120,120,120,120,120,120,120,120,120,120,120,120,120,120,120,120,120,120,120,120,120,120,120,120,120,120,120,120,120,120,120,120,120,120,120,120,120,120,120,120,120,120,120,120,120,120,120,120,120,120,120,120,120,120,120,120,120,120,116,64,32,16,8,4,4,2,1],"taus":[0.1,0.2,0.30000000000000004,0.4,0.5,0.6000000000000001,0.7000000000000001,0.8,0.9,1.0,1.1,1.2000000000000002,1.3,1.4000000000000001,1.5,1.6,1.7000000000000002,1.8,1.9000000000000001,2.0,2.1,2.2,2.3000000000000003,2.4000000000000004,2.5,2.6,2.7,2.8000000000000003,2.9000000000000004,3.0,3.1,3.2,3.3000000000000003,3.4000000000000004,3.5,3.6,3.7,3.8000000000000003,3.9000000000000004,4.0,4.1000000000000005,4.2,4.3,4.4,4.5,4.6000000000000005,4.7,4.800000000000001,4.9,5.0,5.1000000000000005],"gtau":[0.012799962043758837,0.011182278569346654,0.010518150048241517,0.010071885963698953,0.009710041711865776,0.00939433643053569,0.009110405551101099,0.00885165832197674,0.008614515107464986,0.008396731579629209,0.008196728791880614,0.008013298476449611,0.00784546041392201,0.007692389836871608,0.007553376379757929,0.0074278009841999984,0.007315121131069025,0.007214861493490971,0.007126607653515533,0.007050002094682817,0.0069847420648981645,0.006930578969428049,0.006887320217519231,0.0068548338231213335,0.006833057482085726,0.006822014796367106,0.006821843374920547,0.0068328419691938425,0.006855549298008292,0.006890875433201902,0.006940320667313333,0.00700634010137419,0.007092951599704906,0.007206749473451643,0.007358597112552955,0.007566455554196959,0.007860115641185354,0.008289124349166703,0.008936083836823228,0.009939010130423637,0.011529031293763488,0.01409421003423091,0.018288269435928137,0.025217649744713647,0.036768688518003446,0.05619675443346949,0.0892454436693168,0.14650100997921464,0.24940266570922884,0.4520016380841071,0.9872000379562411],"nn2":[0.455484082080704,0.24970093252629477,0.21899185279343522,0.2119344665746149,0.20955397978402346,0.2085674191221709,0.20810040224710877,0.20785730594653498,0.20772125201902172,0.20764054158856537,0.20759029831398995,0.20755771167514553,0.20753582091933773,0.20752066714961984,0.20750990003613323,0.20750208574463214,0.20749631544878142,0.20749199824922937,0.2074887343368089,0.2074862585228154,0.20748438880305214,0.20748299463335737,0.20748198531209897,0.20748130198232803,0.2074809075557945,0.20748077940788578,0.2074809093674779,0.20748130413655683,0.20748198650462873,0.2074829947300917,0.2074843896723907,0.20748626057969727,0.20748873562582662,0.20749200068369594,0.20749632173851207,0.20750208939267487,0.20750989984381848,0.20752065941657258,0.20753580976146102,0.20755769754716277,0.20759028446879565,0.2076405275265521,0.207721231885671,0.20785728230773967,0.2081003733365023,0.20856739661724494,0.2095539807510476,0.2119344924700986,0.21899185337968613,0.24970093751596723],"bd1":[1,1,1,2,2,4,4,8,8,16,16,32,32,64,64,120,120,120,120,120,120,120,120,120,120,120,120,120,120,120,120,120,120,120,120,120,120,120,120,120,120,120,120,120,120,120,120,120,120,120,120,120,120,120,120,120,120,120,120,120,120,120,120,120,120,120,120,120,120,120,120,120,120,120,120,120,120,120,120,120,120,120,120,120,120,120,120,120,120,120,64,64,32,32,16,16,8,8,4,4,2,2,1,1],"nn":[0.9872001837125918,0.981673294660425,0.9786669312931863,0.9769752130588272,0.9760076712651533,0.9754485365158777,0.975122686028438,0.9749312041927353,0.9748176175031246,0.9747494504992907,0.9747079263663859,0.974682138049552,0.9746657239540755,0.9746549577383979,0.9746476462836768,0.9746424930846005,0.9746387269138078,0.9746358855014441,0.9746336900937845,0.9746319699994777,0.9746306204009563,0.9746295758166129,0.9746287951729249,0.9746282526618477,0.9746279327148543,0.9746278270485808,0.9746279329335645,0.9746282535844978,0.9746287960814332,0.974629576951193,0.9746306214527083,0.9746319704138933,0.9746336900078819,0.9746358854905692,0.9746387263555499,0.9746424920789245,0.9746476449137026,0.9746549559862338,0.9746657221107521,0.9746821359726057,0.9747079239980048,0.9747494483178513,0.9748176156525667,0.9749312030667889,0.9751226856452689,0.9754485364413729,0.9760076702300033,0.9769752149011274,0.978666934792568,0.9816732955823128]}