{"bd2":[2,4,4,4,4,8,8,8,16,32,32,32,58,88,88,88,98,128,128,128,112,140,140,140,112,132,132,132,98,88,88,88,58,32,32,32,16,8,8,8,4,4,4,4,2,1,1,1],"taus":[0.1,0.2,0.30000000000000004,0.4,0.5,0.6000000000000001,0.7000000000000001,0.8,0.9,1.0,1.1],"gtau":[0.0014429118048511127,0.0013885749338424604,0.0013739622485410515,0.0013840677023676034,0.0014614290113801217,0.0018063650019521313,0.003291465013508277,0.009766905545553695,0.03880758585707786,0.1776864019850581,0.9985570881951489],"nn2":[0.1779386672419309,0.0379937931896139,0.03342044791794916,0.03239583635510988,0.03208089833291246,0.03200446176032416,0.03208089833290316,0.03239583635518686,0.03342044791807356,0.03799379318942251],"bd1":[1,1,1,1,1,2,2,4,4,8,8,16,16,32,32,64,62,119,109,205,191,367,293,400,400,400,400,400,400,400,256,256,128,128,64,64,32,32,16,16,8,8,4,4,2,2,1,1],"nn":[0.9985570881953224,0.9974294984064084,0.9971891312885739,0.9971351962088205,0.9971229149478457,0.9971206861666476,0.9971229149478815,0.9971351962088087,0.9971891312885899,0.9974294984064503]}