{"bd2":[2,4,4,8,16,32,58,104,114,140,140,140,140,140,140,140,140,140,140,140,140,140,140,140,140,140,140,140,140,140,140,140,140,140,140,140,140,140,140,140,140,140,140,140,140,140,140,140,140,140,140,140,140,140,140,140,140,140,140,140,140,140,140,140,140,140,140,140,140,140,140,140,140,140,140,140,140,140,140,140,140,140,140,140,140,140,140,140,140,140,140,140,140,140,140,140,140,140,140,140,140,140,140,140,140,140,140,140,140,140,140,140,140,140,140,140,140,140,140,140,140,140,140,140,140,140,140,140,140,140,140,140,140,140,140,140,140,140,140,140,140,140,140,140,140,140,140,140,140,140,140,140,140,140,140,140,140,140,140,140,140,140,140,140,140,140,140,140,140,140,140,140,140,140,140,140,140,140,140,140,140,140,140,140,140,140,140,140,140,140,140,140,140,140,140,140,140,140,140,140,140,140,140,140,140,140,140,140,140,140,140,140,140,140,140,140,140,140,140,140,140,140,140,140,140,140,140,140,140,140,140,140,140,140,140,140,140,140,140,140,140,140,140,140,140,140,140,140,140,140,140,140,140,140,140,140,140,140,140,140,140,140,140,140,140,140,140,140,140,140,140,140,140,140,140,140,140,140,140,140,140,140,140,140,140,140,140,140,140,140,140,140,140,140,140,140,140,140,140,140,140,140,140,140,140,140,140,140,140,140,140,140,140,140,140,140,140,140,140,140,140,140,140,140,140,140,140,140,140,140,140,140,140,140,140,140,140,140,140,140,140,140,140,140,140,140,140,140,140,140,140,140,140,140,140,140,140,140,140,140,140,140,140,140,140,140,140,140,140,140,140,140,140,140,140,140,140,140,140,140,140,140,140,140,140,140,140,140,140,140,138,140,138,140,114,104,58,32,16,8,4,4,2,1],"taus":[0.05,0.1,0.15000000000000002,0.2,0.25,0.30000000000000004,0.35000000000000003,0.4,0.45,0.5,0.55,0.6000000000000001,0.65,0.7000000000000001,0.75,0.8,0.8500000000000001,0.9,0.9500000000000001,1.0,1.05,1.1,1.1500000000000001,1.2000000000000002,1.25,1.3,1.35,1.4000000000000001,1.4500000000000002,1.5,1.55,1.6,1.6500000000000001,1.7000000000000002,1.75,1.8,1.85,1.9000000000000001,1.9500000000000002,2.0,2.0500000000000003,2.1,2.15,2.2,2.25,2.3000000000000003,2.35,2.4000000000000004,2.45,2.5,2.5500000000000003,2.6,2.6500000000000004,2.7,2.75,2.8000000000000003,2.85,2.9000000000000004,2.95,3.0,3.0500000000000003,3.1,3.1500000000000004,3.2,3.25,3.3000000000000003,3.35,3.4000000000000004,3.45,3.5,3.5500000000000003,3.6,3.6500000000000004,3.7,3.75,3.8000000000000003,3.85,3.9000000000000004,3.95,4.0,4.05,4.1000000000000005,4.15,4.2,4.25,4.3,4.3500000000000005,4.4,4.45,4.5,4.55,4.6000000000000005,4.65,4.7,4.75,4.800000000000001,4.8500000000000005,4.9,4.95,5.0,5.050000000000001,5.1000000000000005,5.15,5.2,5.25,5.300000000000001,5.3500000000000005,5.4,5.45,5.5,5.550000000000001,5.6000000000000005,5.65,5.7,5.75,5.800000000000001,5.8500000000000005,5.9,5.95,6.0,6.050000000000001,6.1000000000000005,6.15,6.2,6.25,6.300000000000001,6.3500000000000005,6.4,6.45,6.5,6.550000000000001,6.6000000000000005,6.65,6.7,6.75,6.800000000000001,6.8500000000000005,6.9,6.95,7.0,7.050000000000001,7.1000000000000005,7.15,7.2,7.25,7.300000000000001,7.3500000000000005,7.4,7.45,7.5,7.550000000000001,7.6000000000000005,7.65,7.7,7.75,7.800000000000001,7.8500000000000005,7.9,7.95,8.0,8.05,8.1,8.15,8.200000000000001,8.25,8.3,8.35,8.4,8.450000000000001,8.5,8.55,8.6,8.65,8.700000000000001,8.75,8.8,8.85,8.9,8.950000000000001,9.0,9.05,9.1,9.15,9.200000000000001,9.25,9.3,9.35,9.4,9.450000000000001,9.5,9.55,9.600000000000001,9.65,9.700000000000001,9.75,9.8,9.850000000000001,9.9,9.950000000000001,10.0,10.05],"gtau":[0.42392298394417044,0.40484650947782175,0.38733277331165106,0.37106454325898547,0.3558445069661175,0.3415377754434576,0.3280453606525636,0.3152905672507242,0.30321142387100897,0.291756195777233,0.2808805815767098,0.2705458830521534,0.2607177641368583,0.2513653810491155,0.24246075393035849,0.23397830144416282,0.22589448673014528,0.21818754264124507,0.21083725388595914,0.20382478110101274,0.1971325170776324,0.19074396561957893,0.18464364001881556,0.1788169736380127,0.17325024682646406,0.1679306595896079,0.16284658202133626,0.15798626345007136,0.15333883309221283,0.1488940348413679,0.14464217104904836,0.14057406356975444,0.13668102244078123,0.13295481103046217,0.12938762815419064,0.12597207532715177,0.12270113434782362,0.11956814882660705,0.11656680320195564,0.11369110381970288,0.11093536046154784,0.10829416478861925,0.10576239514523315,0.10333517895075395,0.10100788775516055,0.09877612521443757,0.09663571466948369,0.09458268560325772,0.09261326753433538,0.09072387594931222,0.08891110415245966,0.08717171392915744,0.08550262728952687,0.08390091829504114,0.08236380544760206,0.08088864447917841,0.079472921549069,0.07811424081969584,0.07681033653626251,0.07555904862947174,0.07435832400731984,0.07320621091327595,0.07210085459642358,0.07104049127440526,0.07002344851393003,0.06904813426748671,0.06811303652216569,0.06721671928880017,0.06635781861043424,0.06553503992690424,0.0647471548451562,0.06399299817380694,0.0632714650639483,0.06258150844572398,0.0619221363967483,0.061292409993279805,0.06069144105418944,0.06011838989894194,0.05957246367788588,0.05905291444013761,0.05855903729318947,0.0580901689766012,0.057645686324748965,0.0572250048501221,0.056827577467213515,0.05645289328080985,0.05610047655109569,0.05576988572815906,0.055460712494183474,0.05517258112147725,0.05490514767320994,0.05465809939329125,0.05443115340062007,0.05422405568079521,0.05403658117355472,0.053868533704669236,0.053719745987009064,0.053590079344751344,0.053479423399487566,0.05338769610446582,0.05331484372326539,0.053260840924748976,0.053225691013860675,0.05320942608892683,0.05321210754244925,0.053233826250342085,0.05327470319576092,0.05333488998799685,0.05341456968595824,0.053513957266771335,0.05363330085528909,0.053772882457711925,0.05393301915751261,0.05411406436624911,0.05431640902611945,0.05454048310378078,0.054786757202865646,0.055055744081597094,0.0553480006803356,0.05566413006724399,0.05600478346271956,0.056370662679944256,0.056762522523612705,0.057181173326334656,0.057627484194404,0.058102385707044096,0.05860687327203211,0.05914201061785518,0.059708933601332524,0.060308854117631774,0.06094306454093619,0.0616129420351048,0.06231995370437526,0.06306566152351821,0.06385172824416813,0.06467992315413103,0.06555212837021847,0.06647034571760599,0.0674367038457497,0.06845346595594863,0.06952304479050096,0.07064798949652665,0.07183101901384617,0.07307502225574836,0.07438306956506213,0.07575842408415803,0.07720455522852882,0.07872514482808492,0.0803241106444971,0.08200561550904155,0.08377408336530227,0.08563421724336219,0.0875910163659184,0.08964979488591471,0.09181620233074306,0.09409624510736156,0.09649630982668601,0.09902318807021673,0.1016841032035327,0.10448673845186927,0.10743926737631802,0.11055038680141238,0.11382934991844056,0.11728600537000948,0.12093083651041601,0.12477500437835438,0.128830393888496,0.13310966346679848,0.13762629852022207,0.1423946691693861,0.14743009215923433,0.15274889887570273,0.15836850775140138,0.1643075040698594,0.1705857261384878,0.1772243596631558,0.1842460411052008,0.19167497146571366,0.19953704200241335,0.20785997383764834,0.21667347368283446,0.2260094095032621,0.2359020093129002,0.24638808863687095,0.25750731339369,0.2693025075811078,0.28182001805234014,0.29511015405532687,0.3092277260379846,0.3242327194150652,0.3401911566175174,0.35717622748223166,0.37526981359957484,0.3945646097233337,0.41516718295221244,0.4372025627087398,0.4608214616968662,0.48621226580962595,0.5136222998131412,0.5433987958611132,0.5760770160558295],