{"bd2":[2,4,4,8,16,32,60,60,60,60,60,60,60,60,60,60,60,60,60,60,60,60,60,60,60,60,60,60,60,60,60,60,60,60,60,60,60,60,60,60,60,60,60,60,60,60,60,60,60,60,60,60,60,60,60,60,60,60,60,60,60,60,60,60,60,60,60,60,60,60,60,60,60,60,60,60,60,60,60,60,60,60,60,60,60,60,60,60,60,60,60,60,60,60,60,60,60,32,16,8,4,4,2,1],"taus":[0.2,0.4,0.6000000000000001,0.8,1.0,1.2000000000000002,1.4000000000000001,1.6,1.8,2.0,2.2,2.4000000000000004,2.6,2.8000000000000003,3.0,3.2,3.4000000000000004,3.6,3.8000000000000003,4.0,4.2,4.4,4.6000000000000005,4.800000000000001,5.0,5.2,5.4,5.6000000000000005,5.800000000000001,6.0,6.2,6.4,6.6000000000000005,6.800000000000001,7.0,7.2,7.4,7.6000000000000005,7.800000000000001,8.0,8.200000000000001,8.4,8.6,8.8,9.0,9.200000000000001,9.4,9.600000000000001,9.8,10.0,10.200000000000001],"gtau":[0.03681608939217653,0.03180911116859466,0.028759141365728984,0.026400701555584095,0.024438392192316048,0.02275549726402362,0.0212905116569293,0.02000442862682798,0.018869653782223036,0.01786547820543144,0.016975875158785445,0.016187166944845323,0.01548828653691081,0.014869867044691674,0.014323910729807345,0.013843614158785291,0.013423152525349405,0.013057590694479334,0.012742693227193095,0.012474917374155209,0.012251233904136743,0.01206918018150613,0.011926736522614943,0.011822358716514596,0.01175489463048515,0.011723592479739335,0.01172810081652856,0.011768526263424292,0.011845356604095032,0.011959599489724517,0.012112813484909841,0.012307280548286219,0.012546186701112641,0.012834070337465154,0.013177431892329727,0.01358593852072179,0.01407435516808611,0.014666214405813935,0.01540029707547965,0.01634245207761389,0.017607636540926473,0.01940109519885699,0.022096962180890127,0.026391193725253483,0.03360585561489509,0.04631787014117105,0.06971679588805157,0.11475662874259782,0.20637190553585946,0.4098545539007199,0.9631839106078235],"nn2":[0.4214143951632874,0.2075871234343723,0.1889165938183534,0.18341240847573523,0.18110485673566587,0.1799484072528084,0.17929718655095053,0.17889840537128385,0.1786348045545839,0.17844652257873556,0.1783123576535331,0.17821130630671259,0.17813390824470388,0.1780739372726109,0.17802680244250693,0.17798916808535767,0.17795921457076985,0.17793514160038246,0.17791559346413371,0.17789977396526674,0.17788697429666278,0.17787685163527098,0.17786917700753274,0.17786371108195648,0.17786030375887232,0.1778589293820106,0.17785963499005447,0.17786253567031873,0.17786778107608944,0.17787548464876154,0.17788579624124976,0.17789911264184585,0.17791569319903605,0.1779361089091692,0.17796127211230953,0.1779924065885141,0.17803087374962456,0.17807885412782015,0.17813928270640483,0.17821634300258116,0.1783165904502181,0.17845035865609302,0.17863440605860945,0.1788988514331881,0.1792993914959824,0.17995027184706855,0.18110702996680741,0.18342126370325942,0.18894068802025696,0.20761026993302298],"bd1":[1,1,1,2,2,4,4,8,8,16,16,32,32,60,60,60,60,60,60,60,60,60,60,60,60,60,60,60,60,60,60,60,60,60,60,60,60,60,60,60,60,60,60,60,60,60,60,60,60,60,60,60,60,60,60,60,60,60,60,60,60,60,60,60,60,60,60,60,60,60,60,60,60,60,60,60,60,60,60,60,60,60,60,60,60,60,60,60,60,60,60,60,32,32,16,16,8,8,4,4,2,2,1,1],"nn":[0.9631945692041469,0.9449926148257324,0.9366530496194138,0.932607739712962,0.9305580953368591,0.9294759023954237,0.9288790459060565,0.9285334095382037,0.9283223132886886,0.9281862911620882,0.9280934288665927,0.9280267013487835,0.9279766614660037,0.9279378377118613,0.9279070565921244,0.9278822877073851,0.9278621713598443,0.9278456765455415,0.9278324119728674,0.9278217230037628,0.9278115524846269,0.9278050332970624,0.9278002220875288,0.927796851201023,0.9277948799141821,0.9277943206539873,0.9277950464979864,0.9277970638344675,0.9278004193686142,0.9278052775495901,0.9278116598335351,0.9278200246407895,0.9278305273972607,0.927843314199882,0.9278590708134926,0.927878223406737,0.9279018854347645,0.927931425155964,0.927968931421559,0.9280177922336097,0.9280836145046856,0.9281760910208284,0.9283122389325091,0.9285231705141901,0.9288692974681462,0.9294676657986619,0.9305521046340443,0.9326041194239761,0.9366515041082454,0.9449928417342907]}