{"bd2":[2,4,4,4,4,8,8,8,16,32,32,32,64,116,116,116,150,150,150,150,150,150,150,150,148,150,150,150,146,150,150,150,146,150,150,150,146,150,150,150,146,150,150,150,146,150,150,150,146,150,150,150,146,150,150,150,148,150,150,150,148,150,150,150,148,150,150,150,150,150,150,150,150,150,150,150,150,150,150,150,150,150,150,150,150,150,150,150,150,150,150,150,150,150,150,150,150,150,150,150,150,150,150,150,150,150,150,150,150,150,150,150,150,150,150,150,150,150,150,150,150,150,150,150,150,150,150,150,150,150,150,150,150,150,150,150,150,150,150,150,150,150,150,150,150,150,150,150,150,150,150,150,150,150,150,150,150,150,150,150,150,150,150,150,150,150,150,150,150,150,150,150,150,150,150,150,150,150,150,150,150,150,150,150,150,150,150,150,150,150,150,150,150,150,150,150,150,150,150,150,150,150,150,150,150,150,150,150,150,150,150,150,150,150,150,150,150,150,150,150,150,150,150,150,150,150,150,150,150,150,150,150,150,150,150,150,150,150,150,150,150,150,150,150,150,150,150,150,150,150,150,150,150,150,150,150,150,150,150,150,150,150,150,150,150,150,150,150,150,150,150,150,150,150,150,150,150,150,150,150,150,150,150,150,150,150,150,150,150,150,150,150,150,150,150,150,150,150,150,150,150,150,150,150,150,150,150,150,150,150,150,150,150,150,150,150,150,150,150,150,150,150,150,150,150,150,150,150,148,150,150,150,148,150,150,150,148,150,150,150,148,150,150,150,148,150,150,150,148,150,150,150,146,150,150,150,146,150,150,150,146,150,150,150,146,150,150,150,146,150,150,150,146,150,150,150,148,150,150,150,148,150,150,150,150,150,150,150,150,116,116,116,64,32,32,32,16,8,8,8,4,4,4,4,2,1,1,1],"taus":[0.1,0.2,0.30000000000000004,0.4,0.5,0.6000000000000001,0.7000000000000001,0.8,0.9,1.0,1.1,1.2000000000000002,1.3,1.4000000000000001,1.5,1.6,1.7000000000000002,1.8,1.9000000000000001,2.0,2.1,2.2,2.3000000000000003,2.4000000000000004,2.5,2.6,2.7,2.8000000000000003,2.9000000000000004,3.0,3.1,3.2,3.3000000000000003,3.4000000000000004,3.5,3.6,3.7,3.8000000000000003,3.9000000000000004,4.0,4.1000000000000005,4.2,4.3,4.4,4.5,4.6000000000000005,4.7,4.800000000000001,4.9,5.0,5.1000000000000005,5.2,5.300000000000001,5.4,5.5,5.6000000000000005,5.7,5.800000000000001,5.9,6.0,6.1000000000000005,6.2,6.300000000000001,6.4,6.5,6.6000000000000005,6.7,6.800000000000001,6.9,7.0,7.1000000000000005,7.2,7.300000000000001,7.4,7.5,7.6000000000000005,7.7,7.800000000000001,7.9,8.0,8.1,8.200000000000001,8.3,8.4,8.5,8.6,8.700000000000001,8.8,8.9,9.0,9.1,9.200000000000001,9.3,9.4,9.5,9.600000000000001,9.700000000000001,9.8,9.9,10.0,10.100000000000001],"gtau":[0.3754647311675117,0.3446643591419905,0.31819985769541176,0.2948231342163331,0.2738973390814155,0.2550228914397752,0.23791610246654388,0.2223592978281553,0.20817706346827916,0.1952229757568841,0.18337229554156026,0.1725170645347092,0.16256270848304702,0.15342523161355362,0.14503045549226706,0.13731205721997458,0.13020965272595664,0.12366937320251102,0.11764266658351945,0.1120867410465247,0.10696243636804188,0.10223412613660939,0.09786966486574601,0.09383956813326157,0.09011707644400102,0.08667728910746472,0.08349824508181058,0.08056006853167717,0.07784456140254671,0.07533479300874521,0.07301557674764451,0.07087305948056394,0.0688945898361203,0.06706858866790405,0.06538453685396606,0.0638329766339308,0.06240529402798377,0.06109367199666735,0.059891039446977656,0.05879096180599362,0.057787842183035135,0.056876365307339145,0.05605223529267628,0.055311143086999325,0.0546495528697286,0.054064137968239896,0.053552367338782,0.05311210899240538,0.052741568733952957,0.05243937040948876,0.05220441912754153,0.0520364301995585,0.05193541292538384,0.05190179991870386,0.05193648641388444,0.05204086148454707,0.05221672417008293,0.05246667626285667,0.05279374907416267,0.053201812083492075,0.05369524381201189,0.0542792900525254,0.05496002856455797,0.05574464851388606,0.056641363365315556,0.05765970222438451,0.05881054436640669,0.06010631205823674,0.06156133574108524,0.06319171901283115,0.06501579412566733,0.06705453000042658,0.0693317951721448,0.07187476224763764,0.07471454114180984,0.07788625235931218,0.08142994484882793,0.08539142649734699,0.08982267268702021,0.09478302544846338,0.1003400124209122,0.1065708785962111,0.11356382879219333,0.12141968217151394,0.13025404211176686,0.14019900159802604,0.1514058654511228,0.16404846587632282,0.17832680443431403,0.1944715286459032,0.21274946699856442,0.233470433022035,0.2569958051397349,0.28375004411309934,0.314236180283758,0.3490582204632543,0.3889556768975343,0.43486181721818234,0.4880147126441136,0.5502089449357498,0.6245352688324883],"nn2":[0.59042052349354,0.52500962835594,0.49388045429561594,0.46924230088794683,0.4493712930891291,0.43319959147479364,0.4199616229274134,0.409075616526183,0.40008890174762657,0.3926428103072804,0.3864515197854041,0.3812857697400597,0.376962163901713,0.3733297396297879,0.3702677948299066,0.3676854403399739,0.36549053633002015,0.36362229093076,0.3620239680875638,0.3606531991121109,0.3594737774185449,0.35845580716562614,0.35757494907248466,0.35680977806304537,0.3561465980647313,0.3555661996344042,0.35505740940236,0.35461017572452186,0.3542174952216041,0.3538705823361036,0.35356390449409086,0.35329299294704225,0.35305364243295506,0.35284133464163125,0.35265258008990386,0.35248495622841786,0.35233615189707507,0.3522042382653131,0.35208775603258163,0.3519837582174402,0.35189404846039196,0.3518133906744285,0.3517449007385504,0.35168577330290685,0.35163704675120405,0.35159585818635436,0.3515621326506612,0.35153641608547864,0.3515184733531248,0.35150959459492453,0.3515058002722089,0.3515090278830808,0.3515194887520911,0.35153729697318886,0.3515624635544862,0.35159609873129277,0.35163720582956187,0.35168724666851214,0.3517452020289912,0.35181462989987344,0.3518947432740003,0.35198687241745974,0.3520906105284004,0.3522080979264543,0.3523403577651268,0.35248974310742626,0.3526580922641876,0.35284624285915533,0.3530592897585816,0.3533003093321558,0.35357215700556693,0.35387925113345503,0.35422666626886895,0.3546202377246939,0.3550673060949764,0.35557769546176526,0.3561583718466716,0.356824421383287,0.35758916498806675,0.35847075713882465,0.35948782590388195,0.3606655064223326,0.3620278789410984,0.3636215401059874,0.3654895833455937,0.36768505351623726,0.3702731476778655,0.3733334337291924,0.3769649349293103,0.38128794177472214,0.38645205036769875,0.39264267352793064,0.40008733789511647,0.4090729506051723,0.4199584384362746,0.4331971835469161,0.44937101384154426,0.4692463102220657,0.49388998169429266,0.5250075761701063],