{"bd2":[2,4,4,8,16,20,20,20,20,20,20,20,20,20,20,20,20,20,20,20,20,20,20,20,20,20,20,20,20,20,20,20,20,20,20,20,20,20,20,20,20,20,20,20,20,20,20,20,20,20,20,20,20,20,20,20,20,20,20,20,20,20,20,20,20,20,20,20,20,20,20,20,20,20,20,20,20,20,16,8,4,4,2,1],"taus":[0.025,0.05,0.07500000000000001,0.1,0.125,0.15000000000000002,0.17500000000000002,0.2,0.225,0.25,0.275,0.30000000000000004,0.325,0.35000000000000003,0.375,0.4,0.42500000000000004,0.45,0.47500000000000003,0.5,0.525,0.55,0.5750000000000001,0.6000000000000001,0.625,0.65,0.675,0.7000000000000001,0.7250000000000001,0.75,0.775,0.8,0.8250000000000001,0.8500000000000001,0.875,0.9,0.925,0.9500000000000001,0.9750000000000001,1.0,1.0250000000000001],"gtau":[0.01905088518614713,0.018492453146169083,0.018365366527058506,0.018521910893224275,0.01889287258688559,0.0194460298462568,0.02016902652256873,0.021061439730058522,0.022130567604363258,0.023389510694523892,0.024855639427588717,0.02655224855854597,0.02850698232388698,0.0307526277079587,0.03332722952146477,0.03627453211494726,0.039645481531622596,0.043499003745366346,0.04790310666946295,0.052936322135474556,0.058689456768526736,0.06526769203576968,0.07279313294718377,0.08140795667244906,0.09127831692237622,0.10259932633270681,0.11560144654207528,0.1305588166041781,0.14780042598332166,0.16772548723912062,0.19082511039448966,0.21771378028226834,0.24916951739221524,0.2862097861636587,0.3302918834493821,0.3833768981578702,0.44832904908156723,0.5295790018191882,0.6344592397892402,0.7761544098609157,0.9809491148138528],"nn2":[0.7757984563301767,0.6336496360604372,0.626599038270159,0.6222921102261372,0.6195337078869394,0.6177277055315163,0.6162684970451858,0.6150628309981966,0.6141244160032919,0.613433459948601,0.6128263622728255,0.6123723030223269,0.6120786585599047,0.6117301765697405,0.6114147558036302,0.6111429025288924,0.6109168232700303,0.6107375679098939,0.6106038477749371,0.6105132219473388,0.6104630949089286,0.6104517168356155,0.6104780086423888,0.6105457781835125,0.6106577587843874,0.6108191591752932,0.6110371549702802,0.6113201990780263,0.611678110458361,0.6121225720135579,0.6126830194449263,0.6135200888907416,0.6143085707362358,0.6151932681934599,0.6163231943102829,0.6177756773906553,0.6196692529554817,0.6222868351814178,0.6260800549596036,0.6319565905433928],"bd1":[1,1,1,2,2,4,4,8,8,16,16,20,20,20,20,20,20,20,20,20,20,20,20,20,20,20,20,20,20,20,20,20,20,20,20,20,20,20,20,20,20,20,20,20,20,20,20,20,20,20,20,20,20,20,20,20,20,20,20,20,20,20,20,20,20,20,20,20,20,20,20,20,20,20,16,16,8,8,4,4,2,2,1,1],"nn":[0.9646737540960775,0.9571781169760051,0.9570616212367935,0.956709927106054,0.9564198339920819,0.9561289797448955,0.9556921518341763,0.9552716122570222,0.9548445295817729,0.9544275442506119,0.9540394556057031,0.9536845659369908,0.9534473442719944,0.953255412762848,0.953120503031837,0.9530700743321996,0.9530574569717245,0.9530691032133257,0.9530919821810758,0.9531168778462039,0.9531387995131378,0.9531564196905148,0.9531723151843686,0.9531942554232227,0.9532306266893485,0.953292447398597,0.9533908601995998,0.953536157716734,0.9537101103038887,0.9539833503306183,0.9542998838635297,0.9546929804810621,0.9550871867906989,0.9555309515308649,0.9559941232718977,0.9564142760889669,0.956751180955616,0.9569501160917671,0.9572171729474112,0.9572626013263636]}