{"bd2":[2,4,4,4,4,8,8,8,16,32,32,32,54,80,80,80,82,100,100,100,96,100,100,100,96,100,100,100,98,100,100,100,98,100,100,100,98,100,100,100,98,100,100,100,98,100,100,100,98,100,100,100,98,100,100,100,98,100,100,100,96,100,100,100,96,100,100,100,82,80,80,80,54,32,32,32,16,8,8,8,4,4,4,4,2,1,1,1],"taus":[0.05,0.1,0.15000000000000002,0.2,0.25,0.30000000000000004,0.35000000000000003,0.4,0.45,0.5,0.55,0.6000000000000001,0.65,0.7000000000000001,0.75,0.8,0.8500000000000001,0.9,0.9500000000000001,1.0,1.05],"gtau":[0.0016996670613683795,0.001638678662072092,0.0016090504908434272,0.0015925615647295248,0.001583618764529331,0.0015813899602786922,0.001588154798924495,0.0016103779979696315,0.001662243866374027,0.0017735739913007623,0.0020064903506189554,0.0024905315427039246,0.0034966932226753004,0.005594915964912991,0.009992903450845312,0.019278380261316376,0.03909239689096777,0.08208606132438322,0.1780669649543593,0.404012689140518,0.9983003329386316],"nn2":[0.404432672685457,0.17777066908209582,0.17014424773979406,0.16706390642098784,0.1656188471718689,0.16487126801677643,0.1644572274176936,0.16422170001058073,0.16408649719064325,0.16401660614957425,0.16399525552425795,0.16401695034833444,0.16408707319570356,0.16422238695282537,0.1644592009037313,0.16487218616506943,0.16561900423122067,0.16706352147479728,0.17014772621718352,0.17776615317468974],"bd1":[1,1,1,1,1,2,2,4,4,8,8,16,16,32,32,64,64,100,100,100,100,100,100,100,100,100,100,100,100,100,100,100,100,100,100,100,100,100,100,100,100,100,100,100,100,100,100,100,100,100,100,100,100,100,100,100,100,100,100,100,100,100,100,100,100,100,100,100,100,100,100,100,100,100,64,64,32,32,16,16,8,8,4,4,2,2,1,1],"nn":[0.998304966957898,0.997383895788002,0.9969712432737045,0.9967815719534205,0.9966929887141472,0.9966512671317276,0.9966315064044741,0.9966219925988611,0.9966175778744667,0.996615469230808,0.9966149566869893,0.9966155569903467,0.9966174589894895,0.9966216756147479,0.996630895933042,0.9966505563941429,0.9966925872156134,0.9967813069033888,0.9969716477936958,0.9973845751244602]}