{"bd2":[2,4,4,8,16,32,62,80,80,80,80,80,80,80,80,80,78,80,78,80,78,80,78,80,78,80,78,80,78,80,78,80,78,80,78,80,78,80,78,80,78,80,78,80,78,80,78,80,78,80,78,80,78,80,78,80,78,80,78,80,78,80,78,80,78,80,78,80,78,80,78,80,78,80,78,80,78,80,78,80,78,80,78,80,78,80,78,80,80,80,80,80,78,80,80,80,62,32,16,8,4,4,2,1],"taus":[0.1,0.2,0.30000000000000004,0.4,0.5,0.6000000000000001,0.7000000000000001,0.8,0.9,1.0,1.1,1.2000000000000002,1.3,1.4000000000000001,1.5,1.6,1.7000000000000002,1.8,1.9000000000000001,2.0,2.1,2.2,2.3000000000000003,2.4000000000000004,2.5,2.6,2.7,2.8000000000000003,2.9000000000000004,3.0,3.1,3.2,3.3000000000000003,3.4000000000000004,3.5,3.6,3.7,3.8000000000000003,3.9000000000000004,4.0,4.1000000000000005,4.2,4.3,4.4,4.5,4.6000000000000005,4.7,4.800000000000001,4.9,5.0,5.1000000000000005],"gtau":[0.35153093886429493,0.32106440900251004,0.29800097258326336,0.27813864147279593,0.2604152691891291,0.24440474972586804,0.22987113030582365,0.21665296004222726,0.20462519158412212,0.19368457628541208,0.18374263995246173,0.174722439985113,0.16655655525308163,0.15918584803737673,0.15255861737112272,0.1466299949083696,0.14136149671104442,0.13672070654738183,0.13268104097139663,0.1292216103981283,0.12632715698132696,0.12398807049797181,0.12220048402466942,0.12096645105483951,0.1202942099886366,0.12019854205059463,0.12070123106992302,0.12183163490688337,0.1236273817617446,0.12613520563286562,0.12941193833601145,0.1335256784389066,0.13855716155150374,0.1446013597950917,0.1517693454764956,0.1601904586853631,0.17001482940310494,0.18141631388549576,0.19459593137088704,0.20978590244046402,0.2272544541323418,0.2473116373408684,0.2703165846783075,0.2966870234578028,0.32691280515915605,0.3615773541565089,0.4013976933376383,0.4473155445751231,0.5007558775345369,0.5645901395491291,0.6484690611357051],"nn2":[0.6029117216409123,0.535577211467763,0.5014352986849916,0.4778783480537365,0.45947756413799756,0.4446312264001298,0.432507252438099,0.42254558731868513,0.41432849626778223,0.4075305404928258,0.40189320326904815,0.3972091695746172,0.3933112732677152,0.3900642730461145,0.38735854360806155,0.38510512285998694,0.38323178347897996,0.3816799939685049,0.38040242302998417,0.37936095673560466,0.3785251912795141,0.37787117821202687,0.3773804833593831,0.37703946071675487,0.3768387213316153,0.37677276988519987,0.3768397925795013,0.3770415876585068,0.37738363475077086,0.37787530629511035,0.3785302307010159,0.37936682367257685,0.3804090142688437,0.3816871956494512,0.38323944105417834,0.38511306488148545,0.3873666071255265,0.39007224094441023,0.3933189157054171,0.3972162453812764,0.40189946322297204,0.4075357411769128,0.41433240227117046,0.42254800836063006,0.4325080676308329,0.4446304136388834,0.45947527528689946,0.4778749631585896,0.5014315260817931,0.5355742608807668],"bd1":[1,1,1,2,2,4,4,8,8,16,16,32,32,64,62,80,80,80,79,80,80,80,80,80,80,80,79,80,80,80,80,80,80,80,80,80,79,80,80,80,80,80,80,80,80,80,80,80,79,80,80,80,80,80,80,80,80,80,80,80,80,80,80,80,80,80,80,80,80,80,80,80,80,80,80,80,80,80,80,80,80,80,80,80,80,80,80,80,79,80,64,64,32,32,16,16,8,8,4,4,2,2,1,1],"nn":[0.6484706398257224,0.61030809139604,0.5792080686905559,0.5537780803261353,0.5329294858814149,0.5157964545682205,0.5016852016503736,0.49003744574768193,0.48040321257901547,0.472418735996712,0.4657893942013092,0.46027628530576387,0.4556854730892549,0.45185936531614,0.44866982557684754,0.4460126443332281,0.44380312095158486,0.4419724898200665,0.44046510845043935,0.4392361535383691,0.4382498211385607,0.43747793527734063,0.4368987572039978,0.4364962182762781,0.4362592556976614,0.4361813930793119,0.4362604940041097,0.43649867478348664,0.4369023957564055,0.43748270177385173,0.438255648439624,0.43924293294472455,0.4404727258746645,0.4419808039324438,0.44381196031922643,0.4460218227542305,0.4486791238000702,0.45186854152382233,0.45569426307867084,0.46028441102431433,0.46579656059726526,0.4724246619401063,0.48040762867244013,0.4900401348994164,0.5016860262755491,0.5157954038918335,0.5329267587918213,0.5537741535707252,0.5792038075307604,0.6103049059475091]}