{"bd2":[2,4,4,8,16,32,46,64,62,80,66,80,66,80,70,80,70,80,70,80,72,80,76,80,76,80,76,80,76,80,76,80,76,80,76,80,76,80,76,80,76,80,76,80,76,80,76,80,76,80,76,80,76,80,76,80,76,80,76,80,76,80,72,80,70,80,70,80,70,80,66,80,66,80,62,64,46,32,16,8,4,4,2,1],"taus":[0.025,0.05,0.07500000000000001,0.1,0.125,0.15000000000000002,0.17500000000000002,0.2,0.225,0.25,0.275,0.30000000000000004,0.325,0.35000000000000003,0.375,0.4,0.42500000000000004,0.45,0.47500000000000003,0.5,0.525,0.55,0.5750000000000001,0.6000000000000001,0.625,0.65,0.675,0.7000000000000001,0.7250000000000001,0.75,0.775,0.8,0.8250000000000001,0.8500000000000001,0.875,0.9,0.925,0.9500000000000001,0.9750000000000001,1.0,1.0250000000000001],"gtau":[0.10181201350199272,0.10069933481045237,0.10022304532562927,0.1002805262909487,0.10080578423359805,0.10175692058027695,0.10310875778061748,0.10484833835202285,0.10697211171373193,0.10948416092326074,0.11239510034887448,0.1157214272967119,0.11948519316411182,0.12371392527357729,0.12844073886565735,0.13370462387159907,0.13955089175126398,0.14603178186307667,0.15320723968517738,0.1611458837480435,0.1699261905935422,0.17963793691453636,0.1903839513055714,0.2022822448866437,0.21546861179905924,0.2300998197377166,0.24635755024506872,0.2644533031565396,0.28463455634939067,0.3071925816099761,0.33247247688048104,0.3608862104389087,0.39292982938899385,0.4292065361408283,0.47045820315699305,0.5176093284306346,0.5718298384850945,0.6346273387596498,0.7079870906350173,0.7945924953932212,0.8981879864980072],"nn2":[0.7973627316603568,0.7103088768683281,0.707182842081446,0.7045225089594217,0.7022287298122285,0.7002336023139848,0.6984883957109053,0.696956808282852,0.6956109905658802,0.6944290733509393,0.6933934509590038,0.69249015591469,0.6917075074086562,0.691036093256151,0.6904681683865307,0.6899974325997514,0.6896187906670201,0.6893282544785383,0.6891228396009041,0.6890004528611856,0.6889598549142136,0.6890006362907434,0.689123201178376,0.6893287814731115,0.689619464626432,0.6899982441041469,0.6904690961881432,0.6910370861455926,0.6917085177666147,0.6924911303109939,0.693394378725864,0.6944297845380732,0.6956116047875616,0.6969571504561645,0.6984883959885698,0.7002331230993756,0.7022275499597662,0.7045202460293529,0.7071787473602109,0.7103013785027801],"bd1":[1,1,1,2,2,4,4,8,8,16,16,32,32,64,64,80,80,80,80,80,80,80,80,80,80,80,80,80,80,80,80,80,80,80,80,80,80,80,80,80,80,80,80,80,80,80,80,80,80,80,80,80,80,80,80,80,80,80,80,80,80,80,80,80,80,80,80,80,80,80,63,64,32,32,16,16,8,8,4,4,2,2,1,1],"nn":[0.8982301816669592,0.8952825098474652,0.89261118164675,0.8902139527020878,0.8880614126314363,0.8861286909581085,0.8843950077045585,0.8828423141942799,0.8814552572933455,0.8802203145763005,0.879126270843945,0.8781630571630971,0.87732181515031,0.8765949995714292,0.8759772217936831,0.8754628833495159,0.8750476974294472,0.8747282369694618,0.8745018871156869,0.8743668008501152,0.8743218805339529,0.8743667618682162,0.8745018102096838,0.8747281244313975,0.8750475525166641,0.875462717139777,0.8759770518124245,0.8765947726302095,0.8773212847501869,0.8781629776196195,0.8791263216205263,0.8802207141365419,0.8814556898286402,0.8828430221813331,0.884395927631517,0.8861298015656758,0.8880627084632541,0.8902155813776845,0.8926130525890482,0.8952851611768725]}