{"bd2":[2,4,4,8,16,32,64,116,140,140,140,140,140,140,140,140,140,140,140,140,140,140,140,140,138,140,138,140,138,140,138,140,138,140,138,140,138,140,138,140,138,140,138,140,138,140,138,140,138,140,138,140,138,140,138,140,138,140,138,140,138,140,138,140,138,140,138,140,138,140,138,140,138,140,140,140,140,140,140,140,140,140,140,140,140,140,140,140,140,140,140,140,140,140,140,116,64,32,16,8,4,4,2,1],"taus":[0.1,0.2,0.30000000000000004,0.4,0.5,0.6000000000000001,0.7000000000000001,0.8,0.9,1.0,1.1,1.2000000000000002,1.3,1.4000000000000001,1.5,1.6,1.7000000000000002,1.8,1.9000000000000001,2.0,2.1,2.2,2.3000000000000003,2.4000000000000004,2.5,2.6,2.7,2.8000000000000003,2.9000000000000004,3.0,3.1,3.2,3.3000000000000003,3.4000000000000004,3.5,3.6,3.7,3.8000000000000003,3.9000000000000004,4.0,4.1000000000000005,4.2,4.3,4.4,4.5,4.6000000000000005,4.7,4.800000000000001,4.9,5.0,5.1000000000000005],"gtau":[0.012799977603721346,0.011182285739384698,0.010518150156246794,0.010071883107931792,0.009710037725837714,0.00939433209582536,0.009110401094169683,0.008851654395227188,0.008614512125762657,0.008396729720876054,0.00819672848248394,0.00801329971983353,0.007845463037384722,0.007692393440078278,0.007553380627644604,0.007427805705674135,0.007315126275817505,0.007214866790587805,0.007126612903080903,0.007050007179539575,0.006984746882895391,0.006930583553813762,0.006887324624892785,0.006854838073146991,0.00683306154986995,0.006822018713222422,0.006821847217032901,0.006832845853906351,0.006855553363012019,0.006890879799168278,0.006940325436583441,0.007006345418884704,0.007092957539805287,0.007206756080290858,0.007358604409055348,0.00756646359962866,0.00786012438689085,0.008289133749229197,0.008936093762359031,0.009939020387069581,0.01152904161835617,0.014094220244991258,0.0182882792977245,0.02521765907392966,0.03676869715210333,0.05619676215541187,0.08924545007776531,0.1465010160409371,0.24940266717643864,0.45200162396204063,0.9872000223962787],"nn2":[0.4554840522754392,0.24970093160131585,0.21899184086898835,0.21193446435374486,0.20955397092769484,0.20856739909825536,0.2081003745101227,0.20785727665715883,0.20772121919052022,0.2076405089964732,0.20759026508249626,0.20755768431360044,0.20753580583286843,0.207520656823837,0.2075098914506917,0.207502077806175,0.2074963113187294,0.2074919898555736,0.20748872375462998,0.2074862467299357,0.20748437390223046,0.2074829771147584,0.20748196757645537,0.20748128519393763,0.20748089074007056,0.20748076190552184,0.20748089111814927,0.20748128554520334,0.20748196755898607,0.20748297665058596,0.20748437330590547,0.20748624623005235,0.20748872266351037,0.20749198732181046,0.20749630719651477,0.20750207600688356,0.20750988583536356,0.20752064707974274,0.20753579867382985,0.20755768701543872,0.20759027334186622,0.20764051653762758,0.2077212212639124,0.2078572702055516,0.20810036118076355,0.20856738848772308,0.209553974450943,0.2119344874326082,0.21899184809304492,0.2497009227307736],"bd1":[1,1,1,2,2,4,4,8,8,16,16,32,32,64,64,128,128,140,140,140,140,140,140,140,140,140,140,140,140,140,140,140,140,140,140,140,140,140,140,140,140,140,140,140,140,140,140,140,140,140,140,140,140,140,140,140,140,140,140,140,140,140,140,140,140,140,140,140,140,140,140,140,140,140,140,140,140,140,140,140,140,140,140,140,140,140,140,140,128,128,64,64,32,32,16,16,8,8,4,4,2,2,1,1],"nn":[0.9872000831671386,0.9816731805414337,0.9786668215759909,0.9769751098157327,0.9760075663750928,0.975448431960235,0.9751225816644842,0.9749310998828343,0.9748175137276379,0.974749347564716,0.9747078237284075,0.9746820356492146,0.9746656216838883,0.9746548552501251,0.9746475437621805,0.9746423906893673,0.974638624453259,0.9746357832661384,0.9746335877975534,0.9746318678512383,0.9746305183918695,0.9746294738212872,0.9746286930035329,0.9746281502373696,0.97462783002782,0.9746277240419923,0.9746278296784708,0.9746281496606256,0.9746286922424037,0.9746294729415925,0.9746305173937156,0.9746318667516791,0.9746335865376418,0.974635781629662,0.9746386225749971,0.9746423884440231,0.974647541322771,0.9746548524776705,0.9746656186168944,0.9746820324466933,0.9747078203510614,0.9747493443975005,0.9748175112324857,0.9749310982333198,0.9751225806835221,0.9754484315350511,0.9760075659057929,0.9769751086156554,0.9786668199848241,0.9816731776420172]}