{"bd2":[2,4,4,8,16,32,64,80,80,80,80,80,80,80,80,80,80,80,80,80,80,80,80,80,80,80,80,80,80,80,80,80,80,80,80,80,80,80,80,80,80,80,80,80,80,80,80,80,80,80,80,80,80,80,80,80,80,80,80,80,80,80,80,80,80,80,80,80,80,80,80,80,80,80,80,80,80,80,80,80,80,80,80,80,80,80,80,80,80,80,80,80,80,80,80,80,80,80,80,80,80,80,80,80,80,80,80,80,80,80,80,80,80,80,80,80,80,80,80,80,80,80,80,80,80,80,80,80,80,80,80,80,80,80,80,80,80,80,80,80,80,80,80,80,80,80,80,80,80,80,80,80,80,80,80,80,80,80,80,80,80,80,80,80,80,80,80,80,80,80,80,80,80,80,80,80,80,80,80,80,80,80,80,80,80,80,80,80,78,80,78,80,80,80,80,80,64,32,16,8,4,4,2,1],"taus":[0.1,0.2,0.30000000000000004,0.4,0.5,0.6000000000000001,0.7000000000000001,0.8,0.9,1.0,1.1,1.2000000000000002,1.3,1.4000000000000001,1.5,1.6,1.7000000000000002,1.8,1.9000000000000001,2.0,2.1,2.2,2.3000000000000003,2.4000000000000004,2.5,2.6,2.7,2.8000000000000003,2.9000000000000004,3.0,3.1,3.2,3.3000000000000003,3.4000000000000004,3.5,3.6,3.7,3.8000000000000003,3.9000000000000004,4.0,4.1000000000000005,4.2,4.3,4.4,4.5,4.6000000000000005,4.7,4.800000000000001,4.9,5.0,5.1000000000000005,5.2,5.300000000000001,5.4,5.5,5.6000000000000005,5.7,5.800000000000001,5.9,6.0,6.1000000000000005,6.2,6.300000000000001,6.4,6.5,6.6000000000000005,6.7,6.800000000000001,6.9,7.0,7.1000000000000005,7.2,7.300000000000001,7.4,7.5,7.6000000000000005,7.7,7.800000000000001,7.9,8.0,8.1,8.200000000000001,8.3,8.4,8.5,8.6,8.700000000000001,8.8,8.9,9.0,9.1,9.200000000000001,9.3,9.4,9.5,9.600000000000001,9.700000000000001,9.8,9.9,10.0,10.100000000000001],"gtau":[0.012799288972195953,0.01113744442665924,0.010425254157532222,0.009929132416784033,0.009516266636518169,0.009148537617533058,0.008811631570202101,0.008498947795514048,0.00820685316782888,0.007933019874656529,0.00767576473946682,0.007433762921146816,0.007205915455544847,0.006991273111037625,0.006788989007975359,0.006598297392206973,0.006418500509658983,0.006248958646524236,0.006089081505060191,0.0059383231430415705,0.005796177466362344,0.0056621748772311695,0.005535879348667198,0.005416885679319744,0.005304816979168063,0.005199322522238513,0.005100081498419112,0.005006790012334909,0.004919163607078314,0.004836941788948943,0.004759882301101646,0.004687760024119414,0.004620366582684833,0.0045575091595501495,0.00449900957056616,0.00444470384295099,0.00439444084561126,0.004348081870705147,0.004305499909237471,0.004266579274491564,0.004231214979409477,0.004199312391242728,0.0041707863483755065,0.004145561660583306,0.004123571727865585,0.004104759011129135,0.004089074607740131,0.004076477760206456,0.004066936198845187,0.004060425541407395,0.004056929384681936,0.00405643919736452,0.004058954291145034,0.0040644818172460165,0.004073036815578183,0.004084642290448689,0.004099329396924125,0.004117137567518401,0.004138114697962438,0.004162317774627496,0.004189812976773781,0.00422067310993756,0.004254962085688343,0.004292790911834725,0.004334262447407457,0.004379490993612039,0.004428602771165248,0.004481736652433042,0.004539045371262844,0.004600696603774655,0.004666875528186429,0.004737788415958345,0.004813666069024298,0.004894771509118142,0.004981413127041256,0.005073959649960663,0.005172873292427733,0.005278756204461257,0.0053924318724528015,0.005515077585770414,0.005648444207325789,0.005795221687807389,0.0059596480370684496,0.006148523802373544,0.006372904820916219,0.006650931256276413,0.007012560134646962,0.007507493446480198,0.008218478237056282,0.009283669537712771,0.010934336747876002,0.013558700378648526,0.017810682484413174,0.02479700614832967,0.03640443823339479,0.05588901761021361,0.08899535486534657,0.1463111131218286,0.24927694193160727,0.45194297809141404,0.987200711027804],"nn2":[0.4554965350972734,0.24969784178869572,0.21898857287042903,0.2119344173009369,0.20955653896205706,0.20857149391386207,0.2081051426973219,0.20786222077218786,0.20772614968504052,0.20764545734929568,0.20759530274255505,0.2075627516911178,0.20754071519087272,0.20752540003890235,0.20751447268389242,0.20750648884020997,0.20750051637799843,0.20749595400179713,0.2074924282896705,0.20748964807376838,0.20748742537812612,0.2074856336180589,0.20748416710597287,0.20748296892941326,0.20748198936172124,0.20748111448385548,0.20748034498218007,0.2074796997618687,0.20747914921799976,0.20747869877139127,0.20747832653880438,0.20747801318474487,0.20747775129475188,0.20747753175847222,0.20747732665713017,0.2074771341106091,0.20747697717810168,0.20747684825084753,0.20747673295801117,0.20747663313398415,0.20747654525966866,0.2074764697353091,0.20747640397570905,0.2074763471916363,0.2074762983813017,0.20747625684902737,0.20747622246563735,0.20747619542714663,0.2074761757739834,0.207476163542916,0.20747615871653016,0.2074761597544302,0.20747616635786328,0.2074761794802691,0.20747619886766624,0.20747622457687026,0.20747625805136707,0.2074763023845987,0.20747636420314833,0.20747645975465115,0.20747662577205636,0.20747679720953643,0.20747691149965777,0.207477016586283,0.20747713172653284,0.20747726919657014,0.20747744105721028,0.20747763561452176,0.20747785962895357,0.20747811401469773,0.20747843139315672,0.20747879289818172,0.20747922322157947,0.20747971630194756,0.20748031342976503,0.2074810065376393,0.2074818426277205,0.20748283242447263,0.20748402752629455,0.20748548972469036,0.20748729452248182,0.20748951097007443,0.2074923145986659,0.20749585352509303,0.20750043664813314,0.2075064233821206,0.20751442558005762,0.20752535324276813,0.2075406451573678,0.20756264301449454,0.2075952927531731,0.20764553566839017,0.20772612481437142,0.20786187727451472,0.20810437683885794,0.20857038562643196,0.20955537865651325,0.21193373889064057,0.21898899800718988,0.2496974642147174],"bd1":[1,1,1,2,2,4,4,8,8,16,16,32,32,64,64,80,80,80,80,80,80,80,80,80,80,80,80,80,80,80,80,80,80,80,80,80,80,80,80,80,80,80,80,80,80,80,80,80,80,80,80,80,80,80,80,80,80,80,80,80,80,80,80,80,80,80,80,80,80,80,80,80,80,80,80,80,80,80,80,80,80,80,80,80,80,80,80,80,80,80,80,80,80,80,80,80,80,80,80,80,80,80,80,80,80,80,80,80,80,80,80,80,80,80,80,80,80,80,80,80,80,80,80,80,80,80,80,80,80,80,80,80,80,80,80,80,80,80,80,80,80,80,80,80,80,80,80,80,80,80,80,80,80,80,80,80,80,80,80,80,80,80,80,80,80,80,80,80,80,80,80,80,80,80,80,80,80,80,80,80,80,80,80,80,80,80,80,80,80,80,64,64,32,32,16,16,8,8,4,4,2,2,1,1],