{"bd2":[2,4,4,4,4,8,8,8,16,32,32,32,64,128,128,128,216,300,300,300,300,300,300,300,300,300,300,300,298,300,300,300,298,300,300,300,298,300,300,300,298,300,300,300,298,300,300,300,298,300,300,300,298,300,300,300,298,300,300,300,298,300,300,300,298,300,300,300,298,300,300,300,298,300,300,300,298,300,300,300,298,300,300,300,298,300,300,300,298,300,300,300,298,300,300,300,298,300,300,300,298,300,300,300,298,300,300,300,298,300,300,300,298,300,300,300,298,300,300,300,298,300,300,300,298,300,300,300,298,300,300,300,298,300,300,300,298,300,300,300,298,300,300,300,298,300,300,300,298,300,300,300,298,300,300,300,298,300,300,300,298,300,300,300,298,300,300,300,298,300,300,300,298,300,300,300,300,300,300,300,300,300,300,300,300,300,300,300,216,128,128,128,64,32,32,32,16,8,8,8,4,4,4,4,2,1,1,1],"taus":[0.2,0.4,0.6000000000000001,0.8,1.0,1.2000000000000002,1.4000000000000001,1.6,1.8,2.0,2.2,2.4000000000000004,2.6,2.8000000000000003,3.0,3.2,3.4000000000000004,3.6,3.8000000000000003,4.0,4.2,4.4,4.6000000000000005,4.800000000000001,5.0,5.2,5.4,5.6000000000000005,5.800000000000001,6.0,6.2,6.4,6.6000000000000005,6.800000000000001,7.0,7.2,7.4,7.6000000000000005,7.800000000000001,8.0,8.200000000000001,8.4,8.6,8.8,9.0,9.200000000000001,9.4,9.600000000000001,9.8,10.0,10.200000000000001],"gtau":[0.0007821759023630583,0.0007167447036432916,0.0006658701688067587,0.0006213583820340967,0.0005819641859481544,0.0005469978952328664,0.0005159242853195265,0.0004882941506750246,0.00046372240107408406,0.0004418766191177852,0.00042246913020224034,0.00040525078962820685,0.000390005868579929,0.0003765477592676215,0.00036471534400304105,0.00035436991184819466,0.00034539255074947,0.0003376819393728403,0.000331152491525446,0.0003257328056446085,0.0003213643860393004,0.00031800060476144126,0.0003156058802978109,0.0003141550551546995,0.0003136329579577195,0.00031403414045719723,0.0003153627833985241,0.00031763276826631155,0.00032086791891662206,0.00032510241497329283,0.0003303813898399692,0.00033676172352424435,0.0003443130517711983,0.00035311901026080885,0.0003632787467732291,0.0003749087342730603,0.0003881449281968524,0.0004031453216665075,0.00042009296458566547,0.0004391995259512916,0.00046070952162768485,0.00048490538064495164,0.0005121137269947974,0.0005427143277011992,0.0005771652720856606,0.0006162517271378183,0.0006652253677979446,0.0008093802716013584,0.0026398044123067967,0.037846532338344556,0.9992178240976369],"nn2":[0.037893844874083024,0.001950881404595645,0.0015027614808107714,0.001454959495883378,0.0014433963683938144,0.0014394583676043083,0.0014378174323084836,0.001437034331814535,0.0014366220934486547,0.0014363882606010933,0.001436247613412672,0.001436158914488919,0.0014361007510706398,0.0014360613575285488,0.001436033943480783,0.001436014432011005,0.0014360002921651768,0.0014359898711404078,0.001435982143701341,0.001435976368574166,0.00143597206167231,0.0014359688940062524,0.0014359666251056416,0.0014359651002828103,0.0014359642195000384,0.001435963933594166,0.0014359642283694547,0.0014359651124683096,0.0014359666441084464,0.0014359689234150351,0.001435972108849857,0.0014359764270729597,0.0014359822106791281,0.0014359899538344426,0.0014360003667744762,0.0014360145194677765,0.0014360340332843192,0.0014360614444182045,0.0014361008359863657,0.0014361589926873903,0.0014362476930843415,0.0014363883320451896,0.001436622156090091,0.0014370344047219088,0.0014378175232381827,0.0014394585518635993,0.0014433966770674694,0.0014549599163016901,0.0015027618686724218,0.0019508814882895987],"bd1":[1,1,1,1,1,2,2,4,4,8,8,16,16,32,31,57,53,96,77,130,104,173,119,185,138,222,146,224,162,257,168,252,183,287,186,275,204,300,211,300,229,300,234,300,251,300,260,300,273,300,279,300,292,300,299,300,300,300,300,300,300,300,300,300,300,300,300,300,300,300,300,300,300,300,300,300,300,300,300,300,300,300,300,300,300,300,300,300,300,300,300,300,300,300,300,300,300,300,300,300,300,300,300,300,300,300,300,300,300,300,300,300,300,300,300,300,300,300,300,300,300,300,300,300,300,300,300,300,300,300,300,300,300,300,300,300,300,300,300,300,300,300,300,300,300,300,300,300,300,300,300,300,300,300,300,300,300,300,300,300,300,300,300,300,300,300,300,300,300,300,300,300,300,300,300,300,300,300,295,300,276,300,262,300,235,300,217,293,187,254,154,193,115,125,64,64,32,32,16,16,8,8,4,4,2,2,1,1],"nn":[0.9992178267881257,0.9984739256255943,0.9984386811447193,0.9984368279911884,0.9984366690038007,0.9984366121157735,0.9984365700676907,0.9984365356731011,0.9984365070015145,0.9984364829376616,0.998436462634761,0.9984364454327989,0.9984364308334439,0.9984364184282428,0.9984364078771083,0.9984363988964783,0.9984363912983248,0.9984363848798075,0.9984363795117925,0.998436375065306,0.9984363714371445,0.9984363685534158,0.9984363663658289,0.9984363648419244,0.9984363639412384,0.9984363636409462,0.99843636391815,0.9984363648068875,0.9984363663236899,0.9984363684745647,0.9984363713398032,0.9984363749375886,0.9984363793909466,0.998436384764979,0.9984363911878942,0.9984363988117221,0.9984364078131374,0.9984364183990243,0.9984364308441527,0.998436445458961,0.9984364626807279,0.9984364829983589,0.9984365070887046,0.9984365357710161,0.99843657015905,0.9984366121780172,0.9984366690778524,0.9984368281193514,0.9984386811720519,0.9984739255839011]}