{"bd2":[2,4,4,8,16,32,60,60,60,60,60,60,60,60,60,60,60,60,60,60,60,60,60,60,60,60,60,60,60,60,60,60,60,60,60,60,60,60,60,60,60,60,60,60,60,60,60,60,60,60,60,60,60,60,60,60,60,60,60,60,60,60,60,60,60,60,60,60,60,60,60,60,60,60,60,60,60,60,60,60,60,60,60,60,60,60,60,60,60,60,60,60,60,60,60,60,60,32,16,8,4,4,2,1],"taus":[0.1,0.2,0.30000000000000004,0.4,0.5,0.6000000000000001,0.7000000000000001,0.8,0.9,1.0,1.1,1.2000000000000002,1.3,1.4000000000000001,1.5,1.6,1.7000000000000002,1.8,1.9000000000000001,2.0,2.1,2.2,2.3000000000000003,2.4000000000000004,2.5,2.6,2.7,2.8000000000000003,2.9000000000000004,3.0,3.1,3.2,3.3000000000000003,3.4000000000000004,3.5,3.6,3.7,3.8000000000000003,3.9000000000000004,4.0,4.1000000000000005,4.2,4.3,4.4,4.5,4.6000000000000005,4.7,4.800000000000001,4.9,5.0,5.1000000000000005],"gtau":[0.039895569559361264,0.036547608951122516,0.034294127740590895,0.0325437687392277,0.03108321883683819,0.02981660278168444,0.02869406659900624,0.027686607070490213,0.026775584528441348,0.025948087279825883,0.025194833617581274,0.024508645624109503,0.023883976386923036,0.0233163566762035,0.02280221233603343,0.022338442522942065,0.02192251571802887,0.021552500571243614,0.021226995267275114,0.020945149840749393,0.020706652999464926,0.02051173878339361,0.020361349539328277,0.020257302853390356,0.02020250149041895,0.020201224628239048,0.02025954781358246,0.0203858915859222,0.020591788747335384,0.0208929272767612,0.021310580022981813,0.02187357279575954,0.0226210076209778,0.023606044679419465,0.024901182132674997,0.02660565250299575,0.028855945287111936,0.031840688318628296,0.03582219191588183,0.041167812741778824,0.048396198819974916,0.058246946739605406,0.07178654319395304,0.09057564732922964,0.11694013580894279,0.15443203509668588,0.20865531836648796,0.2888730715358213,0.4115003499664453,0.609064989155341,0.9601044304406388],"nn2":[0.6182153941593957,0.4162677678629861,0.401597215225913,0.39456719796567474,0.39061898402637824,0.38819390886281785,0.38661389005230495,0.3855389574630489,0.3847858487327596,0.38424072785375946,0.3838412814998526,0.38353935977050646,0.38330634222461685,0.38312577196548536,0.3829839486245487,0.3828699697023293,0.38277706307695974,0.3827015880756073,0.38264188745568267,0.3825946384374707,0.38255740717802356,0.38252981221775395,0.3825106877779205,0.38249890248286683,0.38249348067004507,0.3824935326657436,0.38249854368275876,0.3825082386966973,0.38252263229536254,0.38254204059537095,0.3825670755762646,0.3825986553302437,0.38263809412512273,0.38268733035710745,0.38274949495893296,0.382828070147535,0.38292852387172205,0.38305672845999605,0.3832223531303291,0.38343776456542034,0.38372637911391666,0.38411537019524405,0.38465391963756157,0.3854012897623092,0.38647232935153053,0.38805020194220496,0.39046029391462594,0.3943501932435086,0.4011987497784691,0.4152319378272365],"bd1":[1,1,1,2,2,4,4,8,8,16,16,32,32,60,60,60,60,60,60,60,60,60,60,60,60,60,60,60,60,60,60,60,60,60,60,60,60,60,60,60,60,60,60,60,60,60,60,60,60,60,60,60,60,60,60,60,60,60,60,60,60,60,60,60,60,60,60,60,60,60,60,60,60,60,60,60,60,60,60,60,60,60,60,60,60,60,60,60,60,60,60,60,32,32,16,16,8,8,4,4,2,2,1,1],"nn":[0.9621278576295441,0.9510514771150039,0.9431640802292253,0.9378138595597099,0.9341437632435499,0.9315734524961508,0.9297550395758122,0.9284580370160235,0.92751857264353,0.9268349761139276,0.9263330046623697,0.9259623954580138,0.925688347470093,0.9254848879916896,0.9253332756010078,0.9252155602602047,0.9251308147778605,0.9250684671964562,0.925024440778326,0.9249975931494533,0.9249753576410158,0.9249580466786499,0.9249445227421107,0.9249353833507798,0.9249292695876764,0.924926351960265,0.9249266807696414,0.924930573008224,0.9249388357231588,0.9249517808701432,0.9249711752292283,0.9249973246662172,0.9250344720281299,0.9250842125732848,0.925150461158419,0.9252366102191594,0.9253541640478952,0.9255106889174007,0.9257188831460501,0.9259970572276026,0.9263706176194711,0.9268752636804077,0.9275612972720152,0.9285013972010021,0.9298018246665791,0.9316193400055387,0.9341888241548038,0.9378685737793142,0.9432029985547993,0.9510980194093387]}