{"bd2":[2,4,4,8,16,32,60,60,60,60,60,60,60,60,60,60,60,60,60,60,60,60,60,60,60,60,60,60,60,60,60,60,60,60,60,60,60,60,60,60,60,60,60,60,60,60,60,60,60,60,60,60,60,60,60,60,60,60,60,60,60,60,60,60,60,60,60,60,60,60,60,60,60,60,60,60,60,60,60,60,60,60,60,60,60,60,60,60,60,60,60,60,60,60,60,60,60,32,16,8,4,4,2,1],"taus":[0.1,0.2,0.30000000000000004,0.4,0.5,0.6000000000000001,0.7000000000000001,0.8,0.9,1.0,1.1,1.2000000000000002,1.3,1.4000000000000001,1.5,1.6,1.7000000000000002,1.8,1.9000000000000001,2.0,2.1,2.2,2.3000000000000003,2.4000000000000004,2.5,2.6,2.7,2.8000000000000003,2.9000000000000004,3.0,3.1,3.2,3.3000000000000003,3.4000000000000004,3.5,3.6,3.7,3.8000000000000003,3.9000000000000004,4.0,4.1000000000000005,4.2,4.3,4.4,4.5,4.6000000000000005,4.7,4.800000000000001,4.9,5.0,5.1000000000000005],"gtau":[0.4267018067587961,0.3906334884575215,0.35969044127963795,0.33246653782273416,0.30824195064662957,0.28655856970998445,0.26708567895568097,0.2495658309285602,0.23378919008939875,0.2195797885582121,0.20678741425078614,0.1952824027841224,0.18495216137048756,0.17569856236961415,0.16743610907215692,0.16009045860007967,0.15359728085799065,0.14790136552664382,0.14295592151084854,0.13872199597332607,0.1351679372598229,0.13226911826067453,0.1300078073679596,0.1283730374457193,0.1273605999652325,0.12697309865450146,0.12722014249397345,0.12811862658024578,0.12969313408897742,0.13197644528048527,0.13501018484462968,0.13884560289817524,0.1435445325462625,0.14918052281343605,0.15584018326918703,0.16362480294071594,0.17265226501720046,0.1830587501050711,0.1950015292605695,0.20866431249075784,0.2242580768942545,0.24202722196455126,0.26225570036569246,0.28527512046302755,0.3114759056450702,0.3413236169425377,0.3753847803030629,0.41437216194816767,0.459235167331402,0.5113745990757637,0.5732981932412039],"nn2":[0.5522777864944534,0.49698201840809747,0.464794089414423,0.43913038305045565,0.41832003847801114,0.40131102937117474,0.38733925589422924,0.37581890549551444,0.36628990535694367,0.3583863827823754,0.35181527913449534,0.34634052455456843,0.3417717073984969,0.33795430176820496,0.3347631561673174,0.33209664739157035,0.3298723839262873,0.32802379736858767,0.3264972051434683,0.3252492949397899,0.3242454127957115,0.32345803698141407,0.32286619122023336,0.3224542027042707,0.322211325494953,0.3221312691076759,0.32221196409757497,0.3224554782955701,0.32286809009245965,0.32346053495129967,0.32424842380894636,0.32525284334866944,0.3265011840098434,0.328028275964378,0.3298776933364174,0.33210376539856146,0.33477179370050314,0.3379636873093606,0.34178103703711676,0.34634974818961833,0.3518242170470577,0.35839469434609533,0.3662972347917888,0.37582489082896725,0.3873435587548691,0.4013134278270585,0.41832051158669015,0.43912920971686076,0.4647919194079157,0.496979608549402],"bd1":[1,1,1,2,2,4,4,8,8,16,16,32,32,60,58,60,60,60,60,60,60,60,60,60,60,60,60,60,60,60,60,60,60,60,60,60,60,60,60,60,60,60,60,60,60,60,60,60,60,60,60,60,60,60,60,60,60,60,60,60,60,60,60,60,60,60,60,60,60,60,60,60,60,60,60,60,60,60,60,60,60,60,60,60,60,60,60,60,60,60,60,60,32,32,16,16,8,8,4,4,2,2,1,1],"nn":[0.5733083638245321,0.5333527566658468,0.5006933780071441,0.47392539869627015,0.4519273605136083,0.4338030681649874,0.41883291982629234,0.406438193924483,0.39615189995576633,0.3875965767055215,0.38046646672595935,0.37451335636450894,0.36953583510999044,0.36536964162735613,0.3618813125449319,0.358962421648493,0.3565244785631998,0.35449590976633955,0.35281893981279094,0.35144685483255395,0.35034213831072525,0.34947516076985397,0.3488230611463236,0.3483688767060713,0.34810104404386366,0.3480127254525048,0.3481016723577692,0.3483701249333601,0.34882489075578277,0.34947760883796525,0.3503451933601453,0.3514504672899676,0.3528230573568778,0.35450053142493093,0.35652996624467287,0.3589698016327434,0.361890292946682,0.3653792745804241,0.36954544495003055,0.37452300705504915,0.38047582266290264,0.38760536471818796,0.3961596603119372,0.40644449977549785,0.4188374586587135,0.43380562118196453,0.4519280358053515,0.4739242160371087,0.500691508396433,0.533351194261009]}