{"bd2":[2,4,4,8,16,32,58,104,114,120,120,120,118,120,118,120,118,120,118,120,118,120,118,120,118,120,118,120,118,120,118,120,118,120,118,120,118,120,118,120,118,120,118,120,120,120,120,120,120,120,120,120,120,120,120,120,120,120,120,120,120,120,120,120,120,120,120,120,120,120,120,120,120,120,120,120,120,120,120,120,120,120,120,120,120,120,120,120,120,120,120,120,120,120,120,120,120,120,120,120,120,120,120,120,120,120,120,120,120,120,120,120,120,120,120,120,120,120,120,120,120,120,120,120,120,120,120,120,120,120,120,120,120,120,120,120,120,120,120,120,120,120,120,120,120,120,120,120,120,120,120,120,120,120,120,120,120,120,120,120,120,120,120,120,120,120,120,120,120,120,120,120,120,120,120,120,120,120,120,120,120,120,120,120,120,120,120,120,120,120,120,120,120,120,120,120,120,120,120,120,120,120,120,120,120,120,120,120,120,120,120,120,120,120,120,120,120,120,120,120,120,120,120,120,120,120,120,120,120,120,120,120,120,120,120,120,120,120,120,120,120,120,120,120,120,120,120,120,120,120,120,120,120,120,120,120,120,120,120,120,120,120,120,120,120,120,120,120,120,120,120,120,120,120,120,120,120,120,120,120,120,120,120,120,120,120,120,120,120,120,120,120,118,120,118,120,118,120,118,120,118,120,118,120,118,120,118,120,118,120,118,120,118,120,118,120,118,120,118,120,118,120,118,120,118,120,118,120,118,120,118,120,118,120,118,120,118,120,118,120,118,120,118,120,118,120,118,120,118,120,118,120,118,120,118,120,118,120,118,120,118,120,118,120,118,120,118,120,118,120,118,120,120,120,120,120,120,120,120,120,120,120,120,120,120,120,120,120,120,120,120,120,120,120,114,104,58,32,16,8,4,4,2,1],"taus":[0.05,0.1,0.15000000000000002,0.2,0.25,0.30000000000000004,0.35000000000000003,0.4,0.45,0.5,0.55,0.6000000000000001,0.65,0.7000000000000001,0.75,0.8,0.8500000000000001,0.9,0.9500000000000001,1.0,1.05,1.1,1.1500000000000001,1.2000000000000002,1.25,1.3,1.35,1.4000000000000001,1.4500000000000002,1.5,1.55,1.6,1.6500000000000001,1.7000000000000002,1.75,1.8,1.85,1.9000000000000001,1.9500000000000002,2.0,2.0500000000000003,2.1,2.15,2.2,2.25,2.3000000000000003,2.35,2.4000000000000004,2.45,2.5,2.5500000000000003,2.6,2.6500000000000004,2.7,2.75,2.8000000000000003,2.85,2.9000000000000004,2.95,3.0,3.0500000000000003,3.1,3.1500000000000004,3.2,3.25,3.3000000000000003,3.35,3.4000000000000004,3.45,3.5,3.5500000000000003,3.6,3.6500000000000004,3.7,3.75,3.8000000000000003,3.85,3.9000000000000004,3.95,4.0,4.05,4.1000000000000005,4.15,4.2,4.25,4.3,4.3500000000000005,4.4,4.45,4.5,4.55,4.6000000000000005,4.65,4.7,4.75,4.800000000000001,4.8500000000000005,4.9,4.95,5.0,5.050000000000001,5.1000000000000005,5.15,5.2,5.25,5.300000000000001,5.3500000000000005,5.4,5.45,5.5,5.550000000000001,5.6000000000000005,5.65,5.7,5.75,5.800000000000001,5.8500000000000005,5.9,5.95,6.0,6.050000000000001,6.1000000000000005,6.15,6.2,6.25,6.300000000000001,6.3500000000000005,6.4,6.45,6.5,6.550000000000001,6.6000000000000005,6.65,6.7,6.75,6.800000000000001,6.8500000000000005,6.9,6.95,7.0,7.050000000000001,7.1000000000000005,7.15,7.2,7.25,7.300000000000001,7.3500000000000005,7.4,7.45,7.5,7.550000000000001,7.6000000000000005,7.65,7.7,7.75,7.800000000000001,7.8500000000000005,7.9,7.95,8.0,8.05,8.1,8.15,8.200000000000001,8.25,8.3,8.35,8.4,8.450000000000001,8.5,8.55,8.6,8.65,8.700000000000001,8.75,8.8,8.85,8.9,8.950000000000001,9.0,9.05,9.1,9.15,9.200000000000001,9.25,9.3,9.35,9.4,9.450000000000001,9.5,9.55,9.600000000000001,9.65,9.700000000000001,9.75,9.8,9.850000000000001,9.9,9.950000000000001,10.0,10.05],"gtau":[0.42330014247504966,0.40425254648907616,0.3867653524726721,0.37052179217318437,0.3553248378398193,0.34103978936685925,0.32756779414981685,0.3148322606886232,0.3027713017142927,0.2913332537031415,0.28047387770909615,0.2701545319546357,0.26034093268881503,0.2510022861848258,0.2421106613902618,0.23364052486876266,0.2255683885541595,0.2178725349851338,0.21053280070091968,0.20353040088583996,0.1968477853195737,0.19046851989804375,0.18437718378168658,0.17855928159169546,0.17300116904970286,0.16768999501358325,0.1626136318757536,0.15776063038271634,0.15312017206579767,0.14868202767739594,0.14443651929160115,0.14037448581119472,0.13648725124740985,0.132766595707016,0.12920472854676585,0.12579426168838673,0.1225281912446793,0.11939987406284057,0.11640300479026672,0.11353150559974898,0.1107797931158283,0.10814240152105863,0.10561420938929421,0.10319035210744769,0.10086620878743963,0.09863738992848907,0.09649972873713311,0.09444926238029963,0.0924822203337989,0.09059501962402429,0.0887842640580364,0.08704672098067943,0.08537931459904036,0.08377912102438508,0.0822433610939325,0.08076939315637222,0.07935470600544363,0.07799691244575632,0.07669374245189245,0.07544303664566526,0.07424275788380715,0.07309093071662146,0.07198572738077794,0.07092538874433756,0.06990824334847504,0.06893270308854564,0.06799725923073255,0.06710047875079375,0.06624100089662348,0.06541753394137631,0.06462885187873571,0.06387379212296453,0.0631512525498983,0.062460188424753905,0.06179961006983566,0.061168580620996386,0.06056621383923123,0.05999167205795213,0.05944416424732902,0.058922944208143924,0.05842730882136824,0.05795659657561417,0.05751018597128051,0.057087494212829146,0.05668797592711205,0.056311121965821956,0.05595645820741262,0.05562354457228682,0.055311974087224304,0.05502137209753102,0.05475139556026733,0.054501732179789035,0.05427210007490464,0.05406224705213466,0.053871950298576714,0.05370101592778865,0.05354927873024919,0.05341660197496158,0.05330287728420491,0.053208024521117545,0.05313199186996057,0.053074755923262364,0.05303632181291294,0.05301672347729645,0.05301602405751975,0.05303431620931665,0.053071722716485845,0.05312839705895634,0.05320452404735795,0.05330032072041601,0.05341603717800122,0.05355195752726362,0.05370840105216408,0.05388572332126841,0.05408431758144623,0.05430461617600077,0.05454709211071309,0.05481226075027177,0.05510068168549454,0.05541296067815821,0.0557497518456144,0.05611175995032312,0.056499742889155075,0.05691451435878542,0.057356946744662914,0.05782797409482376,0.058328595522889215,0.058859878650983896,0.059422963416918766,0.0600190660547302,0.060649483399754976,0.061315597499074975,0.062018880509484106,0.06276089995118067,0.06354332419301752,0.0643679204521767,0.06523659350247824,0.06615133423765927,0.0671142780585235,0.06812769527897843,0.06919399924206168,0.07031575534198624,0.07149569028958484,0.07273670208812402,0.07404187068565148,0.0754144693323833,0.07685797671312536,0.07837608988989511,0.07997273797667315,0.08165209691402751,0.08341860511618425,0.08527698037646132,0.08723223781952992,0.08928970894868965,0.09145506094053188,0.09373431973973761,0.09613389312902582,0.09866059529912909,0.1013216734099406,0.10412483522459538,0.10707828369250107,0.11019074312420822,0.11347149774063163,0.11693042844912294,0.12057805298422047,0.12442556907407284,0.1284849007462188,0.13276874849433698,0.13729064077711453,0.14206499566757322,0.14710717980316104,0.15243357799004473,0.15806166639176283,0.16401033436264978,0.17029913462333318,0.17694954163245566,0.18398423827634644,0.19142747705702975,0.1993052059791557,0.2076452082071243,0.21647725817395003,0.2258332970678017,0.23574763199215445,0.2462571634701633,0.257401648108216,0.2692240069620135,0.2817706900420069,0.2950921155374912,0.30924320838992064,0.32428407362016265,0.3402808588497142,0.35730688046735,0.3754441446353395,0.3947854640730207,0.41543750742720364,0.43752537383587337,0.4611997816694539,0.4866489988079613,0.5141199938457894,0.5439591723640629,0.5766998575249503],