{"bd2":[2,4,4,8,16,32,40,40,38,40,40,40,40,40,40,40,40,40,40,40,40,40,40,40,40,40,40,40,40,40,40,40,40,40,40,40,40,40,40,40,40,40,40,40,40,40,40,40,40,40,40,40,40,40,40,40,40,40,40,40,40,40,40,40,40,40,40,40,40,40,40,40,40,40,40,40,40,40,40,40,40,40,40,40,40,40,40,40,40,40,40,40,40,40,40,40,40,32,16,8,4,4,2,1],"taus":[0.1,0.2,0.30000000000000004,0.4,0.5,0.6000000000000001,0.7000000000000001,0.8,0.9,1.0,1.1,1.2000000000000002,1.3,1.4000000000000001,1.5,1.6,1.7000000000000002,1.8,1.9000000000000001,2.0,2.1,2.2,2.3000000000000003,2.4000000000000004,2.5,2.6,2.7,2.8000000000000003,2.9000000000000004,3.0,3.1,3.2,3.3000000000000003,3.4000000000000004,3.5,3.6,3.7,3.8000000000000003,3.9000000000000004,4.0,4.1000000000000005,4.2,4.3,4.4,4.5,4.6000000000000005,4.7,4.800000000000001,4.9,5.0,5.1000000000000005],"gtau":[0.42427404057008417,0.3893356624817328,0.3593845255402147,0.3330337454787905,0.3095747894800398,0.2885582062153026,0.2696609171562748,0.2526326719314213,0.2372706427873389,0.22340573422143395,0.21089451034436235,0.1996139818202012,0.18945805080933378,0.18033491567247756,0.17216523638986508,0.16488054228006785,0.15842211299899636,0.15274006445362553,0.14779257674407403,0.14354521876694626,0.1399704273807573,0.13704733703830227,0.13476157319043383,0.13310516590261331,0.13207649207865388,0.13168036768462946,0.1319280857373912,0.13283785909920642,0.13443508851003175,0.13675286758858296,0.13983260730739983,0.1437248358705896,0.14849004755748357,0.15419984896454816,0.1609382534859114,0.16880304555761766,0.17790622853435964,0.18838170035347487,0.20038214923047887,0.21408488012118015,0.22969420738712076,0.24744722090756496,0.26761995372417235,0.2905354528408064,0.31657504902519334,0.3461948701631366,0.37995183356075435,0.4185492428893384,0.4629280896673493,0.5144830699479795,0.5757259594299158],"nn2":[0.5545527310282962,0.49990041974526067,0.46817306516126544,0.4427547647720584,0.4220371505284696,0.4050161563921275,0.3909642211526521,0.379322833630455,0.3696521401288755,0.36160040268553556,0.35488425766077214,0.34927408063277815,0.3445833161030353,0.340659365183262,0.33737736206717595,0.3346350764573427,0.3323486472876775,0.3304495982481436,0.328882299168014,0.32760201281461837,0.3265728494292534,0.3257660059580286,0.3251590311403969,0.32473518020844977,0.3244828335487562,0.3243952729830003,0.3244701508878167,0.3247097311062531,0.32512081401383736,0.3257149744430303,0.3265089969826211,0.3275254310575453,0.32879336553468863,0.33034946520372876,0.33223924701279034,0.3345185687955444,0.3372528355401162,0.340525218597984,0.3444395312497658,0.34912106702680956,0.3547227329692528,0.3614315008047764,0.36947775738699906,0.3791456993238756,0.3907877837242159,0.4048450589354108,0.42187739715948175,0.4426139431731038,0.46805968222330785,0.49981983764184945],"bd1":[1,1,1,2,2,4,4,8,8,16,16,32,32,40,40,40,40,40,40,40,40,40,40,40,40,40,40,40,40,40,40,40,40,40,40,40,40,40,40,40,40,40,40,40,40,40,40,40,40,40,40,40,40,40,40,40,40,40,40,40,40,40,40,40,40,40,40,40,40,40,40,40,40,40,40,40,40,40,40,40,40,40,40,40,40,40,40,40,40,40,40,40,32,32,16,16,8,8,4,4,2,2,1,1],"nn":[0.5757337019180632,0.5365733786001475,0.5043975944738889,0.4778891689434941,0.45599056853863007,0.4378540254502779,0.422799035794422,0.41027532419697066,0.39983740275931057,0.3911233971228586,0.38383802675555134,0.37773983794923666,0.37263139590766203,0.36835082853454154,0.36476492408729505,0.36176438478929834,0.3592595166070777,0.35717675704116625,0.3554561539405367,0.35404934465683113,0.3529175300710624,0.3520296619830033,0.35136126166641357,0.35089458433169873,0.3506168114618384,0.35052063732196337,0.3506035027734403,0.35086799835601346,0.35132123356717077,0.35197586982444845,0.3528500777999944,0.35396825025565337,0.35536183510039465,0.3570704324572716,0.35914316554672676,0.36164009611318254,0.3646315181176677,0.36820675620764703,0.3724767932855048,0.3775748323932985,0.3836636279348621,0.39094104275065783,0.3996489609932164,0.4100831688798592,0.4226072698271397,0.43766775816348447,0.4558166383120343,0.47773721449896595,0.5042793860674164,0.5365040482263539]}