{"bd2":[2,4,4,4,4,8,8,8,16,32,32,32,50,50,50,50,50,50,50,50,50,50,50,50,50,50,50,50,50,50,50,50,50,32,32,32,16,8,8,8,4,4,4,4,2,1,1,1],"taus":[0.1,0.2,0.30000000000000004,0.4,0.5,0.6000000000000001,0.7000000000000001,0.8,0.9,1.0,1.1],"gtau":[0.40534760622917104,0.3960031857542402,0.39306581537086444,0.39565184193063013,0.4035869143602753,0.417041989770894,0.4364434975991931,0.4624834334943979,0.49620879787022165,0.5392675085042773,0.594652393770829],"nn2":[0.5577265377412235,0.5097331595747904,0.49568980695520287,0.486522949144443,0.4812834903411748,0.4795771032305798,0.48128336650358733,0.48652236477747673,0.49568943000595783,0.5097317377562366],"bd1":[1,1,1,1,1,2,2,4,4,8,8,16,16,32,32,50,50,50,50,50,50,50,50,50,50,50,50,50,50,50,50,50,50,50,50,50,32,32,16,16,8,8,4,4,2,2,1,1],"nn":[0.5946669662112353,0.5757719147577889,0.5619262810518537,0.5524781283117852,0.5469825559821281,0.5451783151389122,0.546978962806245,0.5524755444959921,0.5619257082383491,0.5757724924215154]}