{"bd2":[2,4,4,8,16,32,54,80,84,112,96,116,96,120,102,120,102,120,102,120,102,120,102,120,102,120,102,120,102,120,96,116,96,112,84,84,54,32,16,8,4,4,2,1],"taus":[0.05,0.1,0.15000000000000002,0.2,0.25,0.30000000000000004,0.35000000000000003,0.4,0.45,0.5,0.55,0.6000000000000001,0.65,0.7000000000000001,0.75,0.8,0.8500000000000001,0.9,0.9500000000000001,1.0,1.05],"gtau":[0.44668318860409506,0.43749615826881966,0.4302944326720801,0.42477912943043555,0.42077820582421904,0.4181879450073665,0.4169459880841904,0.4170176418049993,0.4183884976930356,0.42106037755815834,0.42504922379550936,0.43038428019185604,0.4371082874784679,0.4452786626732979,0.4549698539716918,0.46627735673885756,0.4793243790813166,0.49427314829821206,0.5113450803106989,0.5308595676464857,0.5533168113959049],"nn2":[0.5411163070215262,0.5203903878170247,0.5113887525726505,0.5037810086684101,0.4974060295779877,0.4921559442468914,0.4879527424081898,0.4847386369872986,0.4824714950271076,0.4811224535738239,0.48067462697910956,0.48112245357289724,0.4824714950257565,0.4847386369859669,0.4879527424068778,0.4921559442455762,0.4974060295761098,0.503781008666218,0.5113887525705677,0.5203903878134559],"bd1":[1,1,1,2,2,4,4,8,8,16,16,32,32,64,58,105,81,120,97,120,106,120,109,120,107,120,98,120,79,105,56,64,32,32,16,16,8,8,4,4,2,2,1,1],"nn":[0.5533168113996538,0.5430437782529792,0.5341474461100353,0.5265229326162875,0.5200817258747562,0.51474993642464,0.5104669702444241,0.5071845074012343,0.5048657220897449,0.5034847055702246,0.5030260681398154,0.5034847055695882,0.5048657220886045,0.507184507399788,0.5104669702427189,0.5147499364228656,0.5200817258728365,0.5265229326141693,0.5341474461077903,0.5430437782511867]}