{"bd2":[2,4,4,8,16,32,40,40,40,40,40,40,40,40,40,40,40,40,40,40,40,40,40,40,40,40,40,40,40,40,40,40,40,40,40,40,40,40,40,40,40,40,40,40,40,40,40,40,40,40,40,40,40,40,40,40,40,40,40,40,40,40,40,40,40,40,40,40,40,40,40,40,40,40,40,40,40,40,40,40,40,40,40,40,40,40,40,40,40,40,40,40,40,40,40,40,40,32,16,8,4,4,2,1],"taus":[0.2,0.4,0.6000000000000001,0.8,1.0,1.2000000000000002,1.4000000000000001,1.6,1.8,2.0,2.2,2.4000000000000004,2.6,2.8000000000000003,3.0,3.2,3.4000000000000004,3.6,3.8000000000000003,4.0,4.2,4.4,4.6000000000000005,4.800000000000001,5.0,5.2,5.4,5.6000000000000005,5.800000000000001,6.0,6.2,6.4,6.6000000000000005,6.800000000000001,7.0,7.2,7.4,7.6000000000000005,7.800000000000001,8.0,8.200000000000001,8.4,8.6,8.8,9.0,9.200000000000001,9.4,9.600000000000001,9.8,10.0,10.200000000000001],"gtau":[0.010778991568709895,0.009253528720052539,0.008609455403895794,0.00809461479831567,0.007643292234587963,0.007238796805243786,0.006873584613454716,0.006542803547094613,0.006242882635750263,0.005970934330192524,0.005724325414978782,0.005500550083022394,0.005297526096092058,0.005113570031928823,0.004947269377550791,0.004797417216342941,0.0046630078613966695,0.004543183162799346,0.004437236749774358,0.004344596839281978,0.00426481848792587,0.004197569573031042,0.0041426169632415005,0.004099865901053803,0.00406936672130958,0.0040511624770196,0.004045425530523927,0.004052450497877847,0.004072638939061807,0.004106504891373873,0.0041546759094594375,0.004217915786854371,0.0042971086289937495,0.004393303206626356,0.004507692721781124,0.0046416739824109154,0.004796915202791967,0.004975460468427794,0.005179934785051359,0.00541442290203384,0.00568644066614432,0.006013143509699545,0.0064458958391305915,0.00711128277638498,0.008336991976023451,0.01105687290002142,0.01789782353862425,0.036372091928168454,0.0886998186697547,0.2486738574900587,0.9892210084312901],"nn2":[0.2518641400670397,0.08590974627909702,0.0662759600408602,0.06421725459171637,0.06372291359085355,0.06355438151405828,0.06348389825453807,0.06345004255102345,0.06343219063221124,0.06342201179181844,0.06341587363704489,0.06341202019279055,0.06340950793559633,0.06340781303599116,0.06340664204526329,0.06340583098952797,0.06340527654159174,0.06340489331028605,0.06340466687396598,0.06340454533702851,0.06340444741770528,0.06340438907068267,0.06340433787637098,0.06340429240808079,0.0634042784794065,0.06340425599626287,0.06340424887339244,0.06340423731762473,0.0634042319439758,0.06340424001934071,0.06340427786447639,0.06340440755418697,0.06340456827676677,0.06340472739931909,0.06340496049357253,0.06340564318023388,0.06340663575162166,0.06340781189873881,0.06340936871571695,0.06341180938847889,0.06341579195328277,0.06342212623667663,0.06343277184886212,0.06345031808678811,0.06348351474403753,0.06355351102230317,0.06372149838845159,0.06421517822922294,0.06627256287003871,0.08590606581450778],"bd1":[1,1,1,2,2,4,4,8,8,16,16,32,32,40,40,40,40,40,40,40,40,40,40,40,40,40,40,40,40,40,40,40,40,40,40,40,40,40,40,40,40,40,40,40,40,40,40,40,40,40,40,40,40,40,40,40,40,40,40,40,40,40,40,40,40,40,40,40,40,40,40,40,40,40,40,40,40,40,40,40,40,40,40,40,40,40,40,40,40,40,40,40,32,32,16,16,8,8,4,4,2,2,1,1],"nn":[0.9892262128771613,0.9817275854976362,0.9793450297636913,0.9785448360487716,0.9782633530301915,0.9781581981573709,0.9781151162464433,0.9780951072327221,0.9780841097158963,0.9780768039417331,0.9780712122100771,0.978066864986035,0.9780639845588875,0.9780625199415581,0.9780621566945715,0.978062570066712,0.9780634982828637,0.9780647116991672,0.9780660292882173,0.9780673827549189,0.978068644355618,0.9780697575765605,0.9780706015771344,0.9780710554858594,0.9780714549298956,0.9780713639188865,0.9780710093480726,0.9780702806581894,0.9780692527940902,0.9780678927585909,0.9780661478487103,0.9780643220334475,0.9780623085912448,0.9780602082394341,0.9780579919926273,0.978055853858815,0.978053947722649,0.9780524256823113,0.9780516454013919,0.9780522690565543,0.9780553320466913,0.9780611046789813,0.9780737380025897,0.9780801450170333,0.9780896760130943,0.9781216832076368,0.9782157429107174,0.9784868817564196,0.9792816333114827,0.9816714983147125]}