{"bd2":[2,4,4,8,16,32,64,80,80,80,80,80,80,80,80,80,80,80,80,80,80,80,80,80,80,80,80,80,80,80,80,80,80,80,80,80,80,80,80,80,80,80,80,80,80,80,80,80,80,80,80,80,80,80,80,80,80,80,80,80,80,80,80,80,80,80,80,80,80,80,80,80,80,80,80,80,80,80,80,80,80,80,80,80,80,80,80,80,80,80,80,80,80,80,80,80,64,32,16,8,4,4,2,1],"taus":[0.2,0.4,0.6000000000000001,0.8,1.0,1.2000000000000002,1.4000000000000001,1.6,1.8,2.0,2.2,2.4000000000000004,2.6,2.8000000000000003,3.0,3.2,3.4000000000000004,3.6,3.8000000000000003,4.0,4.2,4.4,4.6000000000000005,4.800000000000001,5.0,5.2,5.4,5.6000000000000005,5.800000000000001,6.0,6.2,6.4,6.6000000000000005,6.800000000000001,7.0,7.2,7.4,7.6000000000000005,7.800000000000001,8.0,8.200000000000001,8.4,8.6,8.8,9.0,9.200000000000001,9.4,9.600000000000001,9.8,10.0,10.200000000000001],"gtau":[0.011312727476876568,0.009605829632879039,0.008834463981792922,0.008215444940204628,0.007678421364654428,0.007204183367600208,0.006783021048732035,0.006408198026489902,0.0060743745153897626,0.0057770824116173914,0.005512476322823397,0.005277262613942343,0.005068544268650306,0.00488385760405212,0.004721055235058703,0.004578267228687715,0.0044538665430445025,0.00434647303718879,0.004254896052898591,0.0041781244580561955,0.004115313977834727,0.0040657730767271584,0.004028951619618934,0.0040044329555186916,0.003991929280865524,0.003991277073535123,0.004002435746724478,0.004025488054167634,0.004060642791311458,0.00410824101777762,0.004168760565368837,0.004242826968949858,0.004331224822258959,0.004434916446463367,0.004555063630566167,0.004693063324247315,0.004850611848246103,0.005029840347560134,0.005233654811525832,0.005466580860923984,0.005737062185950013,0.006063762979848056,0.0064930560221381954,0.007147202469955123,0.008361900430835534,0.0110701765622571,0.01789860737247253,0.03635642015391874,0.08865310817500219,0.24853859869575026,0.9886872725231234],"nn2":[0.2517401966926709,0.08586507413686967,0.06624092943832528,0.06418407798608032,0.06369058669181278,0.06352269063114843,0.06345255861538249,0.06341897794099974,0.06340124376869384,0.06339116494380191,0.06338507381429097,0.06338121349763677,0.06337868412571644,0.06337696615956684,0.0633757684553922,0.06337491127199817,0.06337428979091281,0.06337383125546789,0.0633734877039584,0.0633732303116646,0.06337303878130936,0.06337289781440662,0.06337279715786687,0.0633727291162535,0.06337268916773037,0.06337267636401231,0.06337268838082899,0.06337272641212084,0.0633727943465018,0.06337289557060659,0.06337303431083269,0.0633732277015623,0.06337348532738518,0.06337382767362255,0.0633742872311265,0.06337491252110268,0.06337576886990738,0.06337696961789116,0.0633786868510299,0.06338121323328064,0.06338506318473382,0.06339116464818895,0.06340125175584344,0.06341898497863387,0.06345257951521063,0.06352271953597674,0.06369061458211218,0.0641840979483132,0.06624093010684769,0.08586494087790476],"bd1":[1,1,1,2,2,4,4,8,8,16,16,32,32,64,64,80,80,80,80,80,80,80,80,80,80,80,80,80,80,80,80,80,80,80,79,80,80,80,80,80,80,80,80,80,80,80,80,80,80,80,80,80,80,80,80,80,79,80,80,80,80,80,80,80,80,80,80,80,79,80,80,80,80,80,80,80,80,80,80,80,80,80,80,80,80,80,80,80,80,80,64,64,32,32,16,16,8,8,4,4,2,2,1,1],"nn":[0.9886879033699617,0.9811383691495934,0.9787557732892944,0.9779652938673031,0.9776939306736983,0.9775962127748712,0.977557921651747,0.9775406527264624,0.9775312439710055,0.9775250819855139,0.9775203007826311,0.977516364106607,0.9775132069502357,0.9775105772353642,0.9775083712377026,0.9775065170725201,0.9775049647636418,0.9775036704820202,0.9775026009798329,0.9775017256562746,0.9775010244132009,0.9775004723649636,0.9775000591130824,0.9774997730527263,0.9774996061809529,0.9774995562615826,0.9774996180752735,0.9774997944558359,0.977500086928116,0.9775005082046517,0.9775010659693703,0.9775017743010138,0.9775026512578272,0.9775037194427199,0.9775050050383429,0.9775065407425189,0.977508369073417,0.9775105410902288,0.9775131283748844,0.9775162377984403,0.9775200579388663,0.9775249248335732,0.9775311269374097,0.9775405234112973,0.9775578878972279,0.9775961651030389,0.9776937046607663,0.9779647448111748,0.9787548406095768,0.9811372864056598]}