{"bd2":[2,4,4,8,16,32,60,60,60,60,60,60,60,60,60,60,60,60,60,60,60,60,60,60,60,60,60,60,60,60,60,60,60,60,60,60,60,60,60,60,60,60,60,60,60,60,60,60,60,60,60,60,60,60,60,60,60,60,60,60,60,60,60,60,60,60,60,60,60,60,60,60,60,60,60,60,60,60,60,60,60,60,60,60,60,60,60,60,60,60,60,60,60,60,60,60,60,32,16,8,4,4,2,1],"taus":[0.2,0.4,0.6000000000000001,0.8,1.0,1.2000000000000002,1.4000000000000001,1.6,1.8,2.0,2.2,2.4000000000000004,2.6,2.8000000000000003,3.0,3.2,3.4000000000000004,3.6,3.8000000000000003,4.0,4.2,4.4,4.6000000000000005,4.800000000000001,5.0,5.2,5.4,5.6000000000000005,5.800000000000001,6.0,6.2,6.4,6.6000000000000005,6.800000000000001,7.0,7.2,7.4,7.6000000000000005,7.800000000000001,8.0,8.200000000000001,8.4,8.6,8.8,9.0,9.200000000000001,9.4,9.600000000000001,9.8,10.0,10.200000000000001],"gtau":[0.011301182241187167,0.009598115971687925,0.008829350745526194,0.008212469318627302,0.007677215684878656,0.007204415821354764,0.006784394968440782,0.006410447285794563,0.006077262667888967,0.005780400833418089,0.005516068643487632,0.005280993537489097,0.005072337836176552,0.004887636926274949,0.004724748041112366,0.0045818190680823575,0.004457243486112484,0.004349641129801888,0.004257827335162358,0.004180806138412946,0.00411773460506515,0.004067930038596978,0.004030846735745783,0.0040060768460815,0.003993337284860632,0.0039924622484132505,0.004003410644366239,0.004026279631887917,0.004061265242138726,0.004108719482073732,0.00416911511970718,0.004243078337681779,0.004331391491079889,0.004435015064080804,0.0045551086915709554,0.004693070058515802,0.004850586513831144,0.005029791747744526,0.005233581420803137,0.005466475119841697,0.005736910856882247,0.006063548211771837,0.006492710354244344,0.007147078650344738,0.00836207784954361,0.011070691301396873,0.01789955097280439,0.03635792241178832,0.08865549049821111,0.24854288505374267,0.9886988177588129],"nn2":[0.25174281893773265,0.08586560840050846,0.06624138074062486,0.06418472433810914,0.06369126733141661,0.06352336417679716,0.06345322494717685,0.06341962897434376,0.0634018864070939,0.06339179647930497,0.06338570163361411,0.06338184600377456,0.06337930725019343,0.06337759136155238,0.06337639173108346,0.06337553366584138,0.06337491249120124,0.06337444914406225,0.06337409645711635,0.06337383497760105,0.06337364370468951,0.06337350337036333,0.06337340503205922,0.06337333962728137,0.06337330257543006,0.06337329284390637,0.06337330615404262,0.06337334724684446,0.06337341641480236,0.06337352071323044,0.06337366093897555,0.063373855202498,0.06337411416408567,0.06337446024643116,0.06337492245637096,0.06337554856470208,0.06337641103203287,0.06337760676490897,0.06337933228131455,0.06338186643039447,0.06338571934995092,0.06339181124005128,0.06340191712563008,0.06341966847278091,0.0634532583260624,0.06352338937244316,0.06369125661592079,0.06418468478696665,0.06624152494128377,0.08586589438464182],"bd1":[1,1,1,2,2,4,4,8,8,16,16,32,32,60,60,60,60,60,60,60,60,60,60,60,60,60,60,60,60,60,60,60,60,60,60,60,60,60,60,60,60,60,60,60,60,60,60,60,60,60,60,60,60,60,60,60,60,60,60,60,60,60,60,60,60,60,60,60,60,60,60,60,60,60,60,60,60,60,60,60,60,60,60,60,60,60,60,60,60,60,60,60,32,32,16,16,8,8,4,4,2,2,1,1],"nn":[0.9887002823252382,0.981149510872239,0.978767182635194,0.9779773623337105,0.9777065624265059,0.9776094247414747,0.9775715670138271,0.9775545799163976,0.9775453405927634,0.9775392800191676,0.9775347495589317,0.9775311209887748,0.9775281234241506,0.9775256146207271,0.977523501669224,0.977521717969765,0.9775202230656788,0.9775189626682489,0.9775179198291039,0.9775170586717717,0.9775163712094727,0.9775158012062815,0.9775153554647876,0.9775150284855979,0.9775147930490867,0.9775146751311088,0.9775146314750781,0.9775147295775863,0.9775149140250311,0.9775152254871322,0.9775156232871144,0.9775162088653134,0.9775169616265595,0.9775179096628006,0.977519055322956,0.977520475683821,0.9775222089388277,0.9775242837618338,0.9775267676224385,0.9775297760540258,0.9775334460372354,0.9775380770857951,0.9775442746173728,0.9775536411697637,0.9775708364749152,0.9776090289637364,0.9777066421600419,0.9779781147212904,0.9787686860481452,0.9811513983869047]}