{"bd2":[2,4,4,4,4,8,8,8,16,32,32,32,54,80,80,80,84,112,112,112,96,116,116,116,96,124,124,124,104,124,124,124,104,132,132,132,104,132,132,132,106,132,132,132,106,132,132,132,106,132,132,132,104,124,124,124,104,124,124,124,96,116,116,116,96,112,112,112,84,84,84,84,54,32,32,32,16,8,8,8,4,4,4,4,2,1,1,1],"taus":[0.05,0.1,0.15000000000000002,0.2,0.25,0.30000000000000004,0.35000000000000003,0.4,0.45,0.5,0.55,0.6000000000000001,0.65,0.7000000000000001,0.75,0.8,0.8500000000000001,0.9,0.9500000000000001,1.0,1.05],"gtau":[0.40508741367937035,0.3994946447315283,0.3957312411462133,0.39355112756554606,0.3928209790461855,0.39346901149499497,0.3954614912663751,0.3987909339367622,0.40346989048502646,0.4095277147002577,0.41700911790405876,0.4259739635580171,0.43649809990920346,0.4486752658699959,0.4626203392189098,0.4784745234166513,0.49641364344465966,0.5166618721579748,0.5395157666486669,0.5653898199492761,0.5949125863206297],"nn2":[0.5754114673075916,0.5482496560990923,0.5395160627994606,0.5321507460343817,0.5259887806912932,0.5209204168920685,0.5168666423807036,0.5137691170372429,0.511585401705694,0.5102864688224106,0.5098553529670832,0.5102864687918647,0.5115854016562472,0.5137691170005281,0.5168666423696419,0.5209204169057249,0.5259887807078831,0.5321507460083232,0.5395160626705809,0.5482496556883818],"bd1":[1,1,1,1,1,2,2,4,4,8,8,16,16,32,32,64,64,123,114,208,195,338,256,400,335,400,377,400,400,400,400,400,400,400,400,400,400,400,400,400,400,400,400,400,400,400,400,400,400,400,400,400,400,400,400,400,400,400,400,400,400,400,400,400,400,400,358,400,268,353,202,221,120,126,64,64,32,32,16,16,8,8,4,4,2,2,1,1],"nn":[0.5949125880367816,0.5847760617295577,0.5760085987023323,0.56850266163274,0.5621676525243432,0.5569280550969395,0.552722022357359,0.5495002894265246,0.5472253435066459,0.5458708101228441,0.5454210298869338,0.545870810202512,0.5472253436249203,0.549500289524695,0.5527220224204508,0.5569280551480078,0.562167652667209,0.568502661913955,0.5760085991281313,0.5847760623186342]}