{"bd2":[2,4,4,8,16,32,54,60,60,60,60,60,60,60,60,60,60,60,60,60,60,60,60,60,60,60,60,60,60,60,60,60,60,60,60,60,54,32,16,8,4,4,2,1],"taus":[0.05,0.1,0.15000000000000002,0.2,0.25,0.30000000000000004,0.35000000000000003,0.4,0.45,0.5,0.55,0.6000000000000001,0.65,0.7000000000000001,0.75,0.8,0.8500000000000001,0.9,0.9500000000000001,1.0,1.05],"gtau":[0.018971263370576873,0.018301321137694785,0.01882654893520404,0.020103169011973735,0.022065427182892963,0.024788825058426982,0.028434930841245043,0.03324362140658173,0.03954399949894286,0.04777752542102783,0.05853377722603632,0.07260304014205862,0.0910544610913255,0.11535633985190663,0.14757166763976073,0.19069994379442198,0.24933291236730282,0.33106631321501345,0.45000531087541634,0.6372195338340062,0.9810287366294231],"nn2":[0.6396026361548516,0.4510650125014306,0.4307475154916294,0.42225909379466225,0.4181179447742492,0.41588199470120446,0.414592800839853,0.413825158017659,0.41337344707925944,0.41313461260308015,0.41305995343169727,0.4131347066730579,0.41337349460324957,0.4138250849327336,0.4145927065359902,0.41588184573824183,0.4181177743279517,0.42225825064979977,0.43074775134088067,0.45106410434537825],"bd1":[1,1,1,2,2,4,4,8,8,16,16,32,32,60,60,60,60,60,60,60,60,60,60,60,60,60,60,60,60,60,60,60,32,32,16,16,8,8,4,4,2,2,1,1],"nn":[0.9810289806011845,0.9778894590531637,0.9756024568258002,0.9739109502334607,0.9726537518988474,0.9717223801220366,0.9710414844775579,0.9705583206561543,0.9702365296073594,0.9700523760716245,0.9699924449759224,0.9700523774264027,0.970236532371972,0.9705583197740493,0.9710414854721334,0.9717223770056611,0.9726537475028719,0.973910947642839,0.9756024566831135,0.9778894575970962]}