{"bd":[1,1,1,1,2,4,4,4,8,10,10,10,16,12,12,12,18,12,12,12,18,12,12,12,18,12,12,12,18,12,12,12,16,10,10,10,8,4,4,4,2,1,1,1,1,1,1,1],"gf":[0.5001710350981672,0.4851561327168884,0.47366599840486284,0.46554705976761496,0.4606935806794687,0.45904505860422956,0.4605847512551276,0.4653392639859152,0.47337918751356006,0.48482080942952693,0.4998289649018328],"ts":[0.0,0.1,0.2,0.30000000000000004,0.4,0.5,0.6000000000000001,0.7000000000000001,0.8,0.9,1.0]}