{"S":[-0.0,-0.0,8.926714192522837e-6,1.785341933618871e-5,2.5582841486289378e-5,3.324077285907865e-5,4.039882968599491e-5,4.7460884535749594e-5,5.404805224957349e-5,6.0519198683027266e-5,6.669681323761199e-5,7.275185693458945e-5,7.844884185908119e-5,8.401136303321107e-5,8.93501904564239e-5,9.455274467700918e-5,9.945041271068074e-5,0.00010420317235609975,0.00010876699523997654,0.00011318601947632555,0.00011733072407793512,0.0001213238491900716,0.00012514781570996587,0.00012882129575344197,0.00013223986891722447,0.000135502421520564,0.00013860753076954947,0.00014155836704546435,0.00014426705189504222,0.00014681682049401908,0.00014921583227237964,0.00015145814828139927,0.00015346663180873052,0.0001553144838418326,0.0001570147884121937,0.00015855705342610757,0.0001598705411066154,0.00016102264699491566,0.00016202779640268,0.0001628745274756415,0.00016349486428796314,0.00016395392690842588,0.00016426445288926573,0.00016441704578271863,0.00016434331486967413,0.00016410922048795226,0.00016372303457882885,0.00016318023489275888,0.0001624090054662978,0.00016147911945578084,0.00016039159443615738,0.0001591496287288729,0.00015767490876475302,0.00015604407477731735,0.00015424781879231267,0.00015230022535105782,0.00015011310126036165,0.00014777333730016517,0.00014525758751827723,0.00014259468553234545,0.00013968253146927326,0.0001366223191687573,0.00013337174498206472,0.00012997955648789663,0.0001263245317440224,0.00012252744345772078,0.000118519867168475,0.0001143780481326734,0.00010995421832629652,0.00010539627497684786,0.00010059806559401864,9.56757282551733e-5,9.044306484395891e-5,8.508723044059554e-5,7.944260014856888e-5,7.368868709441454e-5,6.757835633694352e-5,6.136104262921443e-5,5.476030955548112e-5,4.8075011401579296e-5,4.093957190824801e-5,3.3725192675782596e-5,2.580107424945595e-5,1.7853413235818577e-5,8.926710937748037e-6],"time":4.966856421,"ns":[0.00012495696195613352,0.0005002450638860838,0.0011242262607333677,0.0019946913262705924,0.0031085998734606754,0.004462089086923972,0.0060504903224847684,0.007868348317447576,0.009909450103084309,0.012166860619538044,0.014632946130834195,0.017299402639134397,0.020157464709283673,0.023197705094709215,0.026410169749207547,0.029784603565017928,0.033310270660536406,0.03697622900953529,0.040771211491796924,0.0446837158884278],"bd":[1,1,2,4,5,4,6,6,8,6,8,7,9,7,9,8,10,9,11,10,12,10,12,10,12,10,12,11,13,11,13,11,13,12,14,12,14,12,14,12,13,11,13,11,13,11,13,11,13,11,13,11,13,11,13,11,13,11,13,11,13,11,13,11,13,11,13,11,13,11,13,11,13,11,12,10,11,9,11,9,8,7,5,3,2,1],"lt":[{"re":-0.0002499853598163376,"im":-5.363369932391411e-6},{"re":-0.00037445777661464116,"im":-1.6020484622693194e-5},{"re":-0.0004980418542561206,"im":-3.189785970760062e-5},{"re":-0.0006204056583932511,"im":-5.291556753240874e-5},{"re":-0.0007412215556520002,"im":-7.897938289409934e-5},{"re":-0.0008601684310271912,"im":-0.00010997941576772592},{"re":-0.0009769326294426844,"im":-0.00014579128288366036},{"re":-0.001091208729799156,"im":-0.00018627707546436606},{"re":-0.001202700322218614,"im":-0.0002312860478725775},{"re":-0.0013111211130943138,"im":-0.00028065421461330453},{"re":-0.0014161903078097335,"im":-0.00033420798920340316},{"re":-0.0015177192286951085,"im":-0.0003916197679255015},{"re":-0.0016154612756640002,"im":-0.00045268806243091886},{"re":-0.00170917879548059,"im":-0.000517207827839647},{"re":-0.0017987295600044462,"im":-0.0005848476343577217},{"re":-0.0018839057333618092,"im":-0.0006553862782757788},{"re":-0.0019645972859143263,"im":-0.0007284842337029198},{"re":-0.0020406347563347448,"im":-0.0008039013758092037},{"re":-0.0021119446216782004,"im":-0.0008813078922864791},{"re":-0.0021784242088532433,"im":-0.0009604065236659428}],"ts":[0.05,0.1,0.15000000000000002,0.2,0.25,0.30000000000000004,0.35000000000000003,0.4,0.45,0.5,0.55,0.6000000000000001,0.65,0.7000000000000001,0.75,0.8,0.8500000000000001,0.9,0.9500000000000001,1.0],"gt":[{"re":0.9994909051886195,"im":6.125868699213434e-6},{"re":0.9988627031458944,"im":8.87328158663465e-6},{"re":0.9979876060146938,"im":1.1360519948609382e-5},{"re":0.9968680366973214,"im":1.3558700970334467e-5},{"re":0.9955070725593228,"im":1.5442427639240804e-5},{"re":0.9939084319006248,"im":1.699002046199874e-5},{"re":0.9920764584850139,"im":1.818382827010678e-5},{"re":0.990016103033839,"im":1.902684809813086e-5},{"re":0.9877329086288513,"im":1.9521514102102027e-5},{"re":0.9852329924486865,"im":1.9684232382978132e-5},{"re":0.982523044428819,"im":1.9328498248134674e-5},{"re":0.9796099496599437,"im":1.857591583859012e-5},{"re":0.9765013214013967,"im":1.7430454605923937e-5},{"re":0.9732052719109094,"im":1.5913187997355488e-5},{"re":0.969729943681156,"im":1.397827374549274e-5},{"re":0.9660842350923675,"im":1.1687218520216848e-5},{"re":0.9622768991184658,"im":8.977158145227378e-6},{"re":0.9583174297682506,"im":5.871499151748204e-6},{"re":0.9542153691136658,"im":3.6040035880087126e-6},{"re":0.9499801372934846,"im":3.2680171389914533e-7}]}